cohort,opener_position,open_size_bb,depth_band,holecards_str,opportunities,folds,calls,small3bets,jams,other,first_hand_at,last_hand_at
league1,BTN,2.0,25-30,__MISSING__,14375,4170,6909,1183,2113,0,2023-09-01T09:54:15,2026-07-21T21:48:07
league1,BTN,2.0,25-30,22,678,4,139,2,533,0,2023-09-01T19:25:45,2026-07-20T10:21:07
league1,BTN,2.0,25-30,32o,1355,1196,129,30,0,0,2023-09-01T18:18:03,2026-07-20T20:31:36
league1,BTN,2.0,25-30,32s,508,34,465,7,2,0,2023-09-03T23:29:40,2026-07-20T16:40:06
league1,BTN,2.0,25-30,33,685,6,104,1,574,0,2023-09-01T16:42:09,2026-07-20T13:16:30
league1,BTN,2.0,25-30,42o,1411,1236,139,35,1,0,2023-09-01T18:52:48,2026-07-21T09:47:10
league1,BTN,2.0,25-30,42s,453,25,417,8,3,0,2023-09-01T21:53:25,2026-07-18T20:41:16
league1,BTN,2.0,25-30,43o,1388,684,661,40,3,0,2023-09-01T19:07:18,2026-07-21T04:12:30
league1,BTN,2.0,25-30,43s,425,8,411,3,3,0,2023-09-03T07:52:56,2026-07-21T19:47:53
league1,BTN,2.0,25-30,44,691,2,85,5,599,0,2023-09-01T14:09:09,2026-07-20T17:12:28
league1,BTN,2.0,25-30,52o,1269,1098,125,44,2,0,2023-09-01T18:26:46,2026-07-21T23:08:43
league1,BTN,2.0,25-30,52s,427,29,390,7,1,0,2023-09-02T16:22:16,2026-07-19T18:22:17
league1,BTN,2.0,25-30,53o,1323,722,561,39,1,0,2023-09-01T19:41:03,2026-07-21T22:53:51
league1,BTN,2.0,25-30,53s,424,10,406,3,5,0,2023-09-04T17:30:39,2026-07-19T22:18:51
league1,BTN,2.0,25-30,54o,1420,188,1205,24,3,0,2023-09-01T08:55:04,2026-07-21T21:18:23
league1,BTN,2.0,25-30,54s,459,2,430,3,24,0,2023-09-05T21:43:18,2026-07-21T16:40:46
league1,BTN,2.0,25-30,55,721,1,65,3,652,0,2023-09-03T18:53:52,2026-07-21T22:48:58
league1,BTN,2.0,25-30,62o,1381,1262,82,35,2,0,2023-09-01T19:24:15,2026-07-19T15:41:51
league1,BTN,2.0,25-30,62s,460,34,411,13,2,0,2023-09-02T17:12:13,2026-07-21T22:51:01
league1,BTN,2.0,25-30,63o,1340,906,394,39,1,0,2023-09-02T16:09:42,2026-07-21T19:24:18
league1,BTN,2.0,25-30,63s,509,13,484,2,10,0,2023-09-02T17:22:26,2026-07-18T21:40:09
league1,BTN,2.0,25-30,64o,1398,385,972,35,6,0,2023-09-01T18:28:43,2026-07-21T21:06:55
league1,BTN,2.0,25-30,64s,413,10,398,1,4,0,2023-09-03T22:51:52,2026-07-16T17:31:51
league1,BTN,2.0,25-30,65o,1403,84,1291,21,7,0,2023-09-01T21:27:50,2026-07-20T14:10:30
league1,BTN,2.0,25-30,65s,476,0,433,2,41,0,2023-09-06T16:25:46,2026-07-18T19:06:03
league1,BTN,2.0,25-30,66,670,2,53,10,605,0,2023-09-01T22:13:17,2026-07-21T14:54:10
league1,BTN,2.0,25-30,72o,1364,1282,31,49,2,0,2023-09-02T19:24:32,2026-07-20T12:02:34
league1,BTN,2.0,25-30,72s,460,71,376,11,2,0,2023-09-02T10:09:25,2026-07-19T20:25:34
league1,BTN,2.0,25-30,73o,1359,1155,131,72,1,0,2023-09-01T10:51:49,2026-07-21T22:42:02
league1,BTN,2.0,25-30,73s,502,26,468,8,0,0,2023-09-05T07:52:10,2026-07-20T04:28:45
league1,BTN,2.0,25-30,74o,1337,746,547,44,0,0,2023-09-01T22:14:49,2026-07-20T22:07:47
league1,BTN,2.0,25-30,74s,456,4,437,4,11,0,2023-09-07T21:13:20,2026-07-21T21:20:41
league1,BTN,2.0,25-30,75o,1358,216,1106,30,6,0,2023-09-02T17:54:52,2026-07-21T14:52:51
league1,BTN,2.0,25-30,75s,454,4,431,3,16,0,2023-09-03T19:52:56,2026-07-20T20:36:24
league1,BTN,2.0,25-30,76o,1301,55,1230,10,6,0,2023-09-01T15:25:28,2026-07-21T23:44:56
league1,BTN,2.0,25-30,76s,437,0,386,5,46,0,2023-09-01T12:02:16,2026-07-20T17:37:26
league1,BTN,2.0,25-30,77,693,1,26,9,657,0,2023-09-03T17:23:39,2026-07-21T22:54:50
league1,BTN,2.0,25-30,82o,1410,1328,29,52,1,0,2023-09-01T16:23:38,2026-07-21T19:20:48
league1,BTN,2.0,25-30,82s,452,41,392,14,5,0,2023-09-01T20:03:22,2026-07-19T00:17:06
league1,BTN,2.0,25-30,83o,1374,1263,53,57,1,0,2023-09-03T21:25:54,2026-07-21T21:52:35
league1,BTN,2.0,25-30,83s,455,35,412,7,1,0,2023-09-01T17:50:24,2026-07-21T22:04:54
league1,BTN,2.0,25-30,84o,1463,1120,284,57,2,0,2023-09-01T16:04:34,2026-07-20T16:32:49
league1,BTN,2.0,25-30,84s,433,14,415,2,2,0,2023-09-04T02:01:22,2026-07-21T17:38:16
league1,BTN,2.0,25-30,85o,1355,564,747,39,5,0,2023-09-02T19:33:10,2026-07-21T22:53:43
league1,BTN,2.0,25-30,85s,447,1,426,5,15,0,2023-09-02T02:21:16,2026-07-15T03:26:02
league1,BTN,2.0,25-30,86o,1441,112,1308,15,6,0,2023-09-01T18:38:51,2026-07-20T23:15:01
league1,BTN,2.0,25-30,86s,486,3,458,0,25,0,2023-09-10T17:28:58,2026-07-19T17:20:07
league1,BTN,2.0,25-30,87o,1418,32,1368,10,8,0,2023-09-01T11:35:02,2026-07-21T17:34:29
league1,BTN,2.0,25-30,87s,477,1,408,3,65,0,2023-09-04T16:48:25,2026-07-12T07:16:15
league1,BTN,2.0,25-30,88,713,2,13,48,650,0,2023-09-02T21:40:55,2026-07-21T21:44:18
league1,BTN,2.0,25-30,92o,1374,1285,27,61,1,0,2023-09-02T13:51:27,2026-07-21T17:54:29
league1,BTN,2.0,25-30,92s,430,48,370,9,3,0,2023-09-01T05:04:45,2026-07-15T20:47:18
league1,BTN,2.0,25-30,93o,1368,1263,52,51,2,0,2023-09-08T18:49:28,2026-07-21T21:24:33
league1,BTN,2.0,25-30,93s,460,36,407,14,3,0,2023-09-07T22:02:43,2026-07-20T18:37:08
league1,BTN,2.0,25-30,94o,1371,1210,94,65,2,0,2023-09-01T21:20:41,2026-07-21T21:37:44
league1,BTN,2.0,25-30,94s,473,23,437,9,4,0,2023-09-02T17:23:54,2026-07-19T19:01:21
league1,BTN,2.0,25-30,95o,1407,915,411,74,7,0,2023-09-03T03:31:30,2026-07-21T22:09:01
league1,BTN,2.0,25-30,95s,478,11,452,5,10,0,2023-09-01T23:45:40,2026-07-21T10:51:51
league1,BTN,2.0,25-30,96o,1318,361,911,43,3,0,2023-09-02T16:46:10,2026-07-21T23:01:41
league1,BTN,2.0,25-30,96s,473,6,459,1,7,0,2023-09-01T23:50:58,2026-07-20T14:42:12
league1,BTN,2.0,25-30,97o,1438,94,1318,15,11,0,2023-09-02T19:25:55,2026-07-19T23:17:54
league1,BTN,2.0,25-30,97s,483,1,442,5,35,0,2023-09-09T19:49:15,2026-07-19T20:11:06
league1,BTN,2.0,25-30,98o,1411,25,1359,7,20,0,2023-09-03T17:07:39,2026-07-21T20:27:07
league1,BTN,2.0,25-30,98s,517,2,410,1,104,0,2023-09-01T18:37:24,2026-07-17T21:43:53
league1,BTN,2.0,25-30,99,741,1,6,128,606,0,2023-09-01T18:10:54,2026-07-21T20:03:17
league1,BTN,2.0,25-30,A2o,1544,58,697,282,507,0,2023-09-01T22:23:08,2026-07-21T23:03:45
league1,BTN,2.0,25-30,A2s,484,2,231,12,239,0,2023-09-05T20:45:00,2026-07-21T17:38:23
league1,BTN,2.0,25-30,A3o,1494,30,691,211,562,0,2023-09-01T02:05:54,2026-07-21T23:36:41
league1,BTN,2.0,25-30,A3s,484,1,244,5,234,0,2023-09-01T20:46:20,2026-07-21T04:15:21
league1,BTN,2.0,25-30,A4o,1440,28,658,179,575,0,2023-09-01T20:14:15,2026-07-19T00:38:18
league1,BTN,2.0,25-30,A4s,508,0,239,8,261,0,2023-09-01T16:49:28,2026-07-18T23:04:31
league1,BTN,2.0,25-30,A5o,1493,12,683,142,656,0,2023-09-01T23:32:17,2026-07-21T23:37:17
league1,BTN,2.0,25-30,A5s,550,2,211,10,327,0,2023-09-01T13:31:03,2026-07-21T19:15:46
league1,BTN,2.0,25-30,A6o,1504,27,789,141,547,0,2023-09-01T17:05:05,2026-07-21T21:26:41
league1,BTN,2.0,25-30,A6s,482,0,259,2,221,0,2023-09-03T18:48:58,2026-07-13T22:17:56
league1,BTN,2.0,25-30,A7o,1537,23,860,60,594,0,2023-09-03T19:32:37,2026-07-20T11:34:09
league1,BTN,2.0,25-30,A7s,511,3,278,5,225,0,2023-09-02T20:09:27,2026-07-21T17:52:32
league1,BTN,2.0,25-30,A8o,1443,10,736,27,670,0,2023-09-02T00:35:02,2026-07-21T21:45:37
league1,BTN,2.0,25-30,A8s,498,4,233,6,255,0,2023-09-03T19:25:41,2026-07-19T19:52:17
league1,BTN,2.0,25-30,A9o,1444,9,605,25,805,0,2023-09-01T17:45:41,2026-07-21T20:25:25
league1,BTN,2.0,25-30,A9s,489,0,232,12,245,0,2023-09-01T14:48:15,2026-07-20T20:16:23
league1,BTN,2.0,25-30,AA,812,0,135,653,24,0,2023-09-03T19:46:05,2026-07-21T17:48:55
league1,BTN,2.0,25-30,AJo,1537,3,96,170,1268,0,2023-09-02T20:51:17,2026-07-21T11:46:35
league1,BTN,2.0,25-30,AJs,481,1,30,162,288,0,2023-09-01T11:48:38,2026-07-20T21:39:45
league1,BTN,2.0,25-30,AKo,1559,2,3,597,957,0,2023-09-02T15:44:13,2026-07-19T21:10:57
league1,BTN,2.0,25-30,AKs,513,3,0,298,212,0,2023-09-05T21:13:06,2026-07-17T21:42:55
league1,BTN,2.0,25-30,AQo,1547,2,12,404,1129,0,2023-09-02T22:29:20,2026-07-21T19:15:37
league1,BTN,2.0,25-30,AQs,526,1,6,282,237,0,2023-09-01T22:26:54,2026-07-21T17:20:35
league1,BTN,2.0,25-30,ATo,1569,4,359,66,1140,0,2023-09-02T06:22:26,2026-07-19T19:12:02
league1,BTN,2.0,25-30,ATs,523,3,131,82,307,0,2023-09-02T20:48:32,2026-07-19T23:35:00
league1,BTN,2.0,25-30,J2o,1400,1043,213,142,2,0,2023-09-01T14:19:13,2026-07-20T17:05:56
league1,BTN,2.0,25-30,J2s,478,11,447,11,9,0,2023-09-04T19:45:05,2026-07-20T21:34:42
league1,BTN,2.0,25-30,J3o,1404,993,244,164,3,0,2023-09-03T17:28:07,2026-07-21T14:39:29
league1,BTN,2.0,25-30,J3s,426,12,398,3,13,0,2023-09-03T11:20:51,2026-07-15T20:14:44
league1,BTN,2.0,25-30,J4o,1439,917,364,153,5,0,2023-09-04T17:51:32,2026-07-21T19:28:35
league1,BTN,2.0,25-30,J4s,457,8,422,12,15,0,2023-09-02T05:46:45,2026-07-19T21:38:33
league1,BTN,2.0,25-30,J5o,1533,802,557,169,5,0,2023-09-01T19:07:27,2026-07-21T22:42:00
league1,BTN,2.0,25-30,J5s,505,8,478,4,15,0,2023-09-02T21:44:45,2026-07-18T21:46:34
league1,BTN,2.0,25-30,J6o,1370,584,631,153,2,0,2023-09-01T19:23:33,2026-07-20T15:39:20
league1,BTN,2.0,25-30,J6s,435,6,409,3,17,0,2023-09-02T18:47:16,2026-07-21T10:29:56
league1,BTN,2.0,25-30,J7o,1465,208,1182,65,10,0,2023-09-01T17:43:50,2026-07-19T20:44:48
league1,BTN,2.0,25-30,J7s,496,0,452,1,43,0,2023-09-03T23:19:52,2026-07-20T17:43:44
league1,BTN,2.0,25-30,J8o,1472,55,1377,23,17,0,2023-09-01T17:47:42,2026-07-21T09:07:11
league1,BTN,2.0,25-30,J8s,456,2,374,2,78,0,2023-09-01T23:12:41,2026-07-15T01:23:54
league1,BTN,2.0,25-30,J9o,1430,20,1355,19,36,0,2023-09-03T14:12:44,2026-07-20T21:42:00
league1,BTN,2.0,25-30,J9s,499,0,382,1,116,0,2023-09-03T20:33:33,2026-07-21T20:35:35
league1,BTN,2.0,25-30,JJ,732,1,2,464,265,0,2023-09-01T11:16:20,2026-07-19T06:31:28
league1,BTN,2.0,25-30,JTo,1488,7,1307,8,166,0,2023-09-01T01:54:17,2026-07-21T18:21:50
league1,BTN,2.0,25-30,JTs,494,0,259,3,232,0,2023-09-03T03:24:38,2026-07-18T18:53:44
league1,BTN,2.0,25-30,K2o,1413,393,625,379,16,0,2023-09-03T19:32:22,2026-07-20T19:47:56
league1,BTN,2.0,25-30,K2s,517,2,438,15,62,0,2023-09-06T02:08:58,2026-07-16T21:41:45
league1,BTN,2.0,25-30,K3o,1404,295,705,383,21,0,2023-09-02T17:48:18,2026-07-21T21:43:01
league1,BTN,2.0,25-30,K3s,512,5,437,8,62,0,2023-09-01T20:16:51,2026-07-21T21:54:02
league1,BTN,2.0,25-30,K4o,1397,222,797,347,31,0,2023-09-01T21:01:29,2026-07-21T22:46:30
league1,BTN,2.0,25-30,K4s,507,4,420,9,74,0,2023-09-06T19:33:00,2026-07-20T06:18:29
league1,BTN,2.0,25-30,K5o,1476,232,900,319,25,0,2023-09-03T17:43:40,2026-07-21T21:14:30
league1,BTN,2.0,25-30,K5s,476,3,375,5,93,0,2023-09-05T20:11:01,2026-07-19T03:24:29
league1,BTN,2.0,25-30,K6o,1444,131,1029,231,53,0,2023-09-01T18:49:51,2026-07-20T20:27:23
league1,BTN,2.0,25-30,K6s,508,2,416,5,85,0,2023-09-04T19:49:04,2026-07-20T21:14:20
league1,BTN,2.0,25-30,K7o,1456,95,1193,117,51,0,2023-09-01T22:39:14,2026-07-21T21:36:19
league1,BTN,2.0,25-30,K7s,500,1,393,2,104,0,2023-09-09T22:46:18,2026-07-19T21:09:08
league1,BTN,2.0,25-30,K8o,1475,52,1316,53,54,0,2023-09-02T19:19:02,2026-07-21T22:48:07
league1,BTN,2.0,25-30,K8s,487,1,393,3,90,0,2023-09-04T00:27:07,2026-07-16T00:39:07
league1,BTN,2.0,25-30,K9o,1476,19,1318,33,106,0,2023-09-01T14:32:23,2026-07-21T06:10:52
league1,BTN,2.0,25-30,K9s,477,1,337,2,137,0,2023-09-03T03:51:26,2026-07-21T17:28:54
league1,BTN,2.0,25-30,KJo,1473,7,875,22,569,0,2023-09-01T00:48:55,2026-07-21T23:31:04
league1,BTN,2.0,25-30,KJs,485,2,204,19,260,0,2023-09-02T16:33:40,2026-07-16T18:32:42
league1,BTN,2.0,25-30,KK,758,3,37,669,49,0,2023-09-01T18:27:44,2026-07-19T14:48:43
league1,BTN,2.0,25-30,KQo,1497,4,532,44,917,0,2023-09-01T20:27:02,2026-07-21T20:39:48
league1,BTN,2.0,25-30,KQs,541,2,153,70,316,0,2023-09-03T04:24:57,2026-07-20T16:32:42
league1,BTN,2.0,25-30,KTo,1510,7,1213,7,283,0,2023-09-01T15:25:29,2026-07-19T11:37:32
league1,BTN,2.0,25-30,KTs,509,0,262,3,244,0,2023-09-04T19:50:55,2026-07-18T04:41:02
league1,BTN,2.0,25-30,Q2o,1343,692,400,246,5,0,2023-09-01T13:37:09,2026-07-21T20:43:41
league1,BTN,2.0,25-30,Q2s,494,6,461,13,14,0,2023-09-03T17:51:51,2026-07-20T14:52:04
league1,BTN,2.0,25-30,Q3o,1382,637,495,244,6,0,2023-09-02T16:11:08,2026-07-21T09:49:40
league1,BTN,2.0,25-30,Q3s,472,3,440,8,21,0,2023-09-03T21:49:58,2026-07-16T15:52:27
league1,BTN,2.0,25-30,Q4o,1410,550,602,252,6,0,2023-09-03T19:36:24,2026-07-21T21:50:28
league1,BTN,2.0,25-30,Q4s,482,3,440,8,31,0,2023-09-09T16:36:09,2026-07-21T22:49:16
league1,BTN,2.0,25-30,Q5o,1324,395,696,222,11,0,2023-09-02T20:24:43,2026-07-20T23:40:27
league1,BTN,2.0,25-30,Q5s,502,1,462,4,35,0,2023-09-01T09:53:22,2026-07-19T21:02:25
league1,BTN,2.0,25-30,Q6o,1433,321,910,193,9,0,2023-09-01T18:36:16,2026-07-19T22:07:43
league1,BTN,2.0,25-30,Q6s,527,5,490,3,29,0,2023-09-14T20:31:00,2026-07-20T09:21:43
league1,BTN,2.0,25-30,Q7o,1376,185,1061,118,12,0,2023-09-03T01:09:46,2026-07-21T19:16:39
league1,BTN,2.0,25-30,Q7s,523,1,482,0,40,0,2023-09-03T21:14:05,2026-07-19T17:47:09
league1,BTN,2.0,25-30,Q8o,1439,54,1314,42,29,0,2023-09-01T18:07:39,2026-07-21T15:51:21
league1,BTN,2.0,25-30,Q8s,464,0,400,2,62,0,2023-09-02T18:23:50,2026-07-20T19:39:14
league1,BTN,2.0,25-30,Q9o,1421,23,1331,18,49,0,2023-09-01T18:01:03,2026-07-21T19:36:30
league1,BTN,2.0,25-30,Q9s,467,1,353,3,110,0,2023-09-03T18:51:23,2026-07-21T22:32:05
league1,BTN,2.0,25-30,QJo,1450,6,1127,7,310,0,2023-09-01T09:27:03,2026-07-20T22:35:20
league1,BTN,2.0,25-30,QJs,508,0,246,4,258,0,2023-09-01T18:50:11,2026-07-19T19:52:07
league1,BTN,2.0,25-30,QQ,717,1,4,596,116,0,2023-09-02T20:44:14,2026-07-20T21:10:39
league1,BTN,2.0,25-30,QTo,1503,12,1289,9,193,0,2023-09-02T20:23:34,2026-07-21T23:17:36
league1,BTN,2.0,25-30,QTs,493,4,285,3,201,0,2023-09-03T00:48:11,2026-07-19T20:14:11
league1,BTN,2.0,25-30,T2o,1388,1248,69,71,0,0,2023-09-01T12:47:55,2026-07-21T21:48:14
league1,BTN,2.0,25-30,T2s,463,43,399,17,4,0,2023-09-01T04:23:29,2026-07-17T20:31:23
league1,BTN,2.0,25-30,T3o,1388,1220,80,86,2,0,2023-09-01T02:23:38,2026-07-21T18:21:44
league1,BTN,2.0,25-30,T3s,481,23,438,15,5,0,2023-09-04T16:44:11,2026-07-19T18:40:13
league1,BTN,2.0,25-30,T4o,1429,1193,156,79,1,0,2023-09-01T18:01:00,2026-07-21T20:45:57
league1,BTN,2.0,25-30,T4s,490,23,449,13,5,0,2023-09-03T06:44:48,2026-07-21T15:51:21
league1,BTN,2.0,25-30,T5o,1409,1055,289,63,2,0,2023-09-01T15:05:15,2026-07-20T11:47:25
league1,BTN,2.0,25-30,T5s,529,9,506,6,8,0,2023-09-05T18:35:53,2026-07-19T22:38:09
league1,BTN,2.0,25-30,T6o,1440,571,792,76,1,0,2023-09-01T07:04:24,2026-07-21T01:16:01
league1,BTN,2.0,25-30,T6s,455,9,428,3,15,0,2023-09-03T18:04:30,2026-07-20T23:31:14
league1,BTN,2.0,25-30,T7o,1437,183,1213,34,7,0,2023-09-03T16:34:03,2026-07-21T21:41:26
league1,BTN,2.0,25-30,T7s,472,2,436,2,32,0,2023-09-03T21:36:20,2026-07-12T19:12:55
league1,BTN,2.0,25-30,T8o,1470,76,1361,14,19,0,2023-09-02T16:19:26,2026-07-21T20:38:58
league1,BTN,2.0,25-30,T8s,466,1,389,2,74,0,2023-09-03T18:09:11,2026-07-18T16:20:07
league1,BTN,2.0,25-30,T9o,1481,8,1441,7,25,0,2023-09-01T17:03:52,2026-07-21T22:11:08
league1,BTN,2.0,25-30,T9s,476,1,345,1,129,0,2023-09-02T19:46:17,2026-07-20T09:45:45
league1,BTN,2.0,25-30,TT,756,0,2,261,493,0,2023-09-02T22:13:41,2026-07-20T22:44:56
league1,BTN,2.0,30-35,__MISSING__,13168,3514,6697,1563,1394,0,2023-09-01T14:54:55,2026-07-21T22:08:41
league1,BTN,2.0,30-35,22,572,2,204,3,363,0,2023-09-03T21:09:41,2026-07-21T22:21:47
league1,BTN,2.0,30-35,32o,1208,1053,112,43,0,0,2023-09-01T20:25:43,2026-07-21T19:47:10
league1,BTN,2.0,30-35,32s,391,28,356,7,0,0,2023-09-01T08:42:25,2026-07-19T22:38:22
league1,BTN,2.0,30-35,33,599,2,155,1,441,0,2023-09-03T20:39:54,2026-07-19T01:48:56
league1,BTN,2.0,30-35,42o,1194,1015,132,46,1,0,2023-09-02T20:13:23,2026-07-21T20:18:09
league1,BTN,2.0,30-35,42s,399,33,358,8,0,0,2023-09-03T09:38:33,2026-07-19T06:15:55
league1,BTN,2.0,30-35,43o,1171,491,633,47,0,0,2023-09-02T21:35:20,2026-07-21T18:39:06
league1,BTN,2.0,30-35,43s,387,2,377,5,3,0,2023-09-03T21:33:46,2026-07-21T19:24:35
league1,BTN,2.0,30-35,44,598,3,120,4,471,0,2023-09-02T10:10:46,2026-07-21T01:40:33
league1,BTN,2.0,30-35,52o,1207,1055,106,46,0,0,2023-09-01T20:51:05,2026-07-21T22:22:54
league1,BTN,2.0,30-35,52s,410,15,380,14,1,0,2023-09-02T19:27:22,2026-07-18T18:20:47
league1,BTN,2.0,30-35,53o,1190,591,548,49,2,0,2023-09-01T11:11:47,2026-07-21T20:30:22
league1,BTN,2.0,30-35,53s,428,3,413,11,1,0,2023-09-09T18:49:13,2026-07-18T19:16:46
league1,BTN,2.0,30-35,54o,1287,137,1117,29,4,0,2023-09-01T16:19:41,2026-07-19T22:43:02
league1,BTN,2.0,30-35,54s,391,2,374,1,14,0,2023-09-03T01:50:23,2026-07-20T10:07:33
league1,BTN,2.0,30-35,55,601,2,115,7,477,0,2023-09-01T20:31:02,2026-07-21T16:18:51
league1,BTN,2.0,30-35,62o,1296,1165,73,57,1,0,2023-09-01T12:53:38,2026-07-19T18:07:14
league1,BTN,2.0,30-35,62s,389,19,353,13,4,0,2023-09-04T14:50:46,2026-07-21T18:25:16
league1,BTN,2.0,30-35,63o,1211,798,364,47,2,0,2023-09-02T17:32:48,2026-07-20T18:29:52
league1,BTN,2.0,30-35,63s,391,9,373,6,3,0,2023-09-02T16:21:30,2026-07-21T23:13:37
league1,BTN,2.0,30-35,64o,1232,316,871,41,4,0,2023-09-03T15:27:45,2026-07-20T19:39:25
league1,BTN,2.0,30-35,64s,420,4,405,3,8,0,2023-09-03T10:32:40,2026-07-19T18:35:01
league1,BTN,2.0,30-35,65o,1216,49,1147,19,1,0,2023-09-02T21:43:32,2026-07-21T21:21:01
league1,BTN,2.0,30-35,65s,429,1,406,5,17,0,2023-09-01T23:20:58,2026-07-21T17:51:43
league1,BTN,2.0,30-35,66,604,2,84,12,506,0,2023-09-02T17:30:10,2026-07-17T19:16:46
league1,BTN,2.0,30-35,72o,1129,1069,12,47,1,0,2023-09-01T16:22:18,2026-07-21T23:22:34
league1,BTN,2.0,30-35,72s,432,55,357,18,2,0,2023-09-04T13:37:04,2026-07-11T17:39:20
league1,BTN,2.0,30-35,73o,1132,958,114,59,1,0,2023-09-01T15:09:40,2026-07-20T01:08:06
league1,BTN,2.0,30-35,73s,391,12,364,14,1,0,2023-09-02T20:12:40,2026-07-09T03:17:14
league1,BTN,2.0,30-35,74o,1203,640,505,56,2,0,2023-09-03T09:40:00,2026-07-21T19:52:29
league1,BTN,2.0,30-35,74s,388,2,374,6,6,0,2023-09-10T20:16:35,2026-07-20T20:06:19
league1,BTN,2.0,30-35,75o,1225,194,999,31,1,0,2023-09-01T20:10:30,2026-07-21T20:45:32
league1,BTN,2.0,30-35,75s,379,1,369,0,9,0,2023-09-03T17:40:36,2026-07-18T18:52:29
league1,BTN,2.0,30-35,76o,1198,23,1159,14,2,0,2023-09-01T20:04:06,2026-07-21T23:02:13
league1,BTN,2.0,30-35,76s,367,0,334,4,29,0,2023-09-03T21:04:10,2026-07-15T12:25:32
league1,BTN,2.0,30-35,77,622,2,61,37,522,0,2023-09-03T18:43:26,2026-07-18T20:06:46
league1,BTN,2.0,30-35,82o,1164,1085,20,57,2,0,2023-09-02T20:19:42,2026-07-21T00:54:44
league1,BTN,2.0,30-35,82s,435,32,381,22,0,0,2023-09-03T05:15:03,2026-07-20T20:35:36
league1,BTN,2.0,30-35,83o,1221,1129,30,61,1,0,2023-09-01T16:32:24,2026-07-20T15:24:11
league1,BTN,2.0,30-35,83s,399,19,362,18,0,0,2023-09-02T22:04:17,2026-07-21T21:15:54
league1,BTN,2.0,30-35,84o,1197,868,252,77,0,0,2023-09-01T15:41:29,2026-07-18T15:45:56
league1,BTN,2.0,30-35,84s,382,9,363,5,5,0,2023-09-03T21:12:25,2026-07-11T18:06:04
league1,BTN,2.0,30-35,85o,1216,437,720,57,2,0,2023-09-03T19:26:24,2026-07-21T20:16:16
league1,BTN,2.0,30-35,85s,366,0,358,4,4,0,2023-09-02T05:04:28,2026-07-19T18:19:19
league1,BTN,2.0,30-35,86o,1226,99,1094,29,4,0,2023-09-01T17:30:36,2026-07-20T13:38:14
league1,BTN,2.0,30-35,86s,436,0,411,7,18,0,2023-09-02T16:52:28,2026-07-05T14:17:15
league1,BTN,2.0,30-35,87o,1267,18,1229,19,1,0,2023-09-01T23:23:42,2026-07-21T21:33:36
league1,BTN,2.0,30-35,87s,423,4,378,5,36,0,2023-09-07T18:27:21,2026-07-21T18:35:19
league1,BTN,2.0,30-35,88,612,2,34,93,483,0,2023-09-05T19:36:27,2026-07-21T22:02:43
league1,BTN,2.0,30-35,92o,1152,1064,18,70,0,0,2023-09-03T17:29:34,2026-07-20T19:24:56
league1,BTN,2.0,30-35,92s,421,41,356,24,0,0,2023-09-08T17:05:34,2026-07-19T19:37:14
league1,BTN,2.0,30-35,93o,1202,1089,38,74,1,0,2023-09-01T18:29:40,2026-07-21T09:10:46
league1,BTN,2.0,30-35,93s,390,27,348,15,0,0,2023-09-01T14:47:29,2026-07-20T01:32:46
league1,BTN,2.0,30-35,94o,1190,1030,82,77,1,0,2023-09-01T20:54:44,2026-07-15T22:02:09
league1,BTN,2.0,30-35,94s,405,21,372,9,3,0,2023-09-12T20:18:52,2026-07-06T23:49:52
league1,BTN,2.0,30-35,95o,1163,731,341,90,1,0,2023-09-01T20:05:19,2026-07-20T18:04:05
league1,BTN,2.0,30-35,95s,389,6,374,6,3,0,2023-09-04T15:46:24,2026-07-21T15:44:39
league1,BTN,2.0,30-35,96o,1204,288,866,47,3,0,2023-09-01T21:35:26,2026-07-21T20:43:10
league1,BTN,2.0,30-35,96s,434,1,419,5,9,0,2023-09-11T18:04:42,2026-07-16T19:36:48
league1,BTN,2.0,30-35,97o,1203,56,1123,20,4,0,2023-09-01T10:20:06,2026-07-21T19:46:30
league1,BTN,2.0,30-35,97s,426,2,388,4,32,0,2023-09-02T15:31:03,2026-07-18T16:24:05
league1,BTN,2.0,30-35,98o,1223,17,1183,11,12,0,2023-09-01T11:41:44,2026-07-20T06:33:30
league1,BTN,2.0,30-35,98s,445,0,380,3,62,0,2023-09-02T03:41:25,2026-07-19T13:43:02
league1,BTN,2.0,30-35,99,661,2,20,232,407,0,2023-09-01T22:44:04,2026-07-18T20:30:39
league1,BTN,2.0,30-35,A2o,1250,40,634,340,236,0,2023-09-03T01:07:53,2026-07-21T04:52:18
league1,BTN,2.0,30-35,A2s,407,0,258,16,133,0,2023-09-01T21:47:56,2026-07-18T18:12:14
league1,BTN,2.0,30-35,A3o,1310,37,689,334,250,0,2023-09-01T16:49:06,2026-07-21T11:30:52
league1,BTN,2.0,30-35,A3s,475,2,299,12,162,0,2023-09-03T17:36:31,2026-07-17T20:29:22
league1,BTN,2.0,30-35,A4o,1390,25,772,309,284,0,2023-09-01T21:13:30,2026-07-21T18:34:57
league1,BTN,2.0,30-35,A4s,472,1,308,10,153,0,2023-09-03T19:12:49,2026-07-16T00:29:09
league1,BTN,2.0,30-35,A5o,1322,15,751,207,349,0,2023-09-02T17:09:19,2026-07-20T18:37:47
league1,BTN,2.0,30-35,A5s,450,3,254,13,180,0,2023-09-01T21:27:31,2026-07-20T07:19:30
league1,BTN,2.0,30-35,A6o,1347,21,899,177,250,0,2023-09-02T12:21:55,2026-07-19T15:37:13
league1,BTN,2.0,30-35,A6s,447,3,339,11,94,0,2023-09-01T23:02:51,2026-07-19T20:41:22
league1,BTN,2.0,30-35,A7o,1370,13,991,86,280,0,2023-09-01T16:33:40,2026-07-21T21:41:40
league1,BTN,2.0,30-35,A7s,440,2,323,3,112,0,2023-09-02T19:22:16,2026-07-16T21:53:59
league1,BTN,2.0,30-35,A8o,1394,7,1010,58,319,0,2023-09-02T16:11:10,2026-07-20T18:47:08
league1,BTN,2.0,30-35,A8s,429,2,310,7,110,0,2023-09-03T19:38:00,2026-07-19T18:34:10
league1,BTN,2.0,30-35,A9o,1357,6,870,46,435,0,2023-09-02T01:50:05,2026-07-21T23:15:56
league1,BTN,2.0,30-35,A9s,464,1,313,24,126,0,2023-09-03T20:14:22,2026-07-20T11:51:21
league1,BTN,2.0,30-35,AA,730,1,49,674,6,0,2023-09-02T15:44:11,2026-07-20T20:02:44
league1,BTN,2.0,30-35,AJo,1379,1,205,345,828,0,2023-09-01T21:28:32,2026-07-21T18:15:18
league1,BTN,2.0,30-35,AJs,476,0,81,249,146,0,2023-09-06T19:49:19,2026-07-12T17:31:53
league1,BTN,2.0,30-35,AKo,1402,4,2,849,547,0,2023-09-01T16:47:38,2026-07-20T20:49:16
league1,BTN,2.0,30-35,AKs,449,0,2,355,92,0,2023-09-04T09:23:46,2026-07-12T18:19:06
league1,BTN,2.0,30-35,AQo,1381,2,21,621,737,0,2023-09-01T20:03:06,2026-07-21T20:15:44
league1,BTN,2.0,30-35,AQs,429,3,6,290,130,0,2023-09-02T17:48:41,2026-07-19T22:14:40
league1,BTN,2.0,30-35,ATo,1370,1,577,117,675,0,2023-09-01T17:50:29,2026-07-21T18:04:34
league1,BTN,2.0,30-35,ATs,480,0,218,110,152,0,2023-09-02T21:53:14,2026-07-18T22:38:22
league1,BTN,2.0,30-35,J2o,1205,893,160,151,1,0,2023-09-02T07:12:30,2026-07-19T19:26:39
league1,BTN,2.0,30-35,J2s,406,8,372,19,7,0,2023-09-03T19:46:41,2026-07-20T10:21:37
league1,BTN,2.0,30-35,J3o,1242,803,237,201,1,0,2023-09-01T13:51:30,2026-07-20T07:05:50
league1,BTN,2.0,30-35,J3s,433,5,413,12,3,0,2023-09-01T19:10:14,2026-07-20T21:45:52
league1,BTN,2.0,30-35,J4o,1250,765,285,199,1,0,2023-09-03T02:34:48,2026-07-19T22:35:45
league1,BTN,2.0,30-35,J4s,407,1,387,15,4,0,2023-09-08T19:53:00,2026-07-21T22:48:03
league1,BTN,2.0,30-35,J5o,1222,607,423,190,2,0,2023-09-01T18:52:20,2026-07-19T19:52:59
league1,BTN,2.0,30-35,J5s,433,9,411,10,3,0,2023-09-04T18:34:23,2026-07-14T19:51:32
league1,BTN,2.0,30-35,J6o,1254,472,607,173,2,0,2023-09-01T22:27:48,2026-07-21T21:13:46
league1,BTN,2.0,30-35,J6s,409,4,392,5,8,0,2023-09-01T22:35:19,2026-07-17T20:52:35
league1,BTN,2.0,30-35,J7o,1259,154,1012,85,8,0,2023-09-02T19:01:01,2026-07-21T23:35:19
league1,BTN,2.0,30-35,J7s,431,0,400,6,25,0,2023-09-02T16:17:21,2026-07-20T10:31:30
league1,BTN,2.0,30-35,J8o,1226,37,1152,29,8,0,2023-09-01T17:09:44,2026-07-21T19:42:04
league1,BTN,2.0,30-35,J8s,437,0,395,2,40,0,2023-09-03T14:30:57,2026-07-20T16:37:39
league1,BTN,2.0,30-35,J9o,1237,13,1189,19,16,0,2023-09-01T12:29:48,2026-07-21T12:27:46
league1,BTN,2.0,30-35,J9s,430,2,357,0,71,0,2023-09-01T22:14:07,2026-07-20T20:52:33
league1,BTN,2.0,30-35,JJ,679,2,2,540,135,0,2023-09-02T13:16:30,2026-07-19T18:45:17
league1,BTN,2.0,30-35,JTo,1289,2,1188,13,86,0,2023-09-01T20:16:59,2026-07-21T15:17:28
league1,BTN,2.0,30-35,JTs,440,1,282,10,147,0,2023-09-01T22:13:44,2026-07-17T15:19:08
league1,BTN,2.0,30-35,K2o,1284,336,505,432,11,0,2023-09-02T12:01:00,2026-07-19T21:31:34
league1,BTN,2.0,30-35,K2s,439,6,383,24,26,0,2023-09-03T21:18:04,2026-07-12T12:29:22
league1,BTN,2.0,30-35,K3o,1237,242,574,406,15,0,2023-09-01T19:50:46,2026-07-21T22:20:07
league1,BTN,2.0,30-35,K3s,456,1,410,13,32,0,2023-09-02T16:34:41,2026-07-21T19:29:19
league1,BTN,2.0,30-35,K4o,1193,198,599,378,18,0,2023-09-02T13:42:09,2026-07-21T19:46:10
league1,BTN,2.0,30-35,K4s,392,2,323,25,42,0,2023-09-01T21:52:12,2026-07-17T20:53:58
league1,BTN,2.0,30-35,K5o,1257,152,719,374,12,0,2023-09-02T18:24:54,2026-07-20T21:36:50
league1,BTN,2.0,30-35,K5s,417,3,344,14,56,0,2023-09-04T16:10:48,2026-07-20T20:34:29
league1,BTN,2.0,30-35,K6o,1331,97,920,297,17,0,2023-09-01T16:16:32,2026-07-20T22:21:35
league1,BTN,2.0,30-35,K6s,398,1,340,12,45,0,2023-09-03T00:41:51,2026-07-20T14:08:40
league1,BTN,2.0,30-35,K7o,1361,58,1108,174,21,0,2023-09-01T15:54:52,2026-07-20T07:07:29
league1,BTN,2.0,30-35,K7s,444,3,386,5,50,0,2023-09-02T17:18:44,2026-07-19T17:13:19
league1,BTN,2.0,30-35,K8o,1291,26,1165,79,21,0,2023-09-02T03:05:37,2026-07-20T20:37:00
league1,BTN,2.0,30-35,K8s,415,1,352,1,61,0,2023-09-03T21:40:06,2026-07-20T22:29:10
league1,BTN,2.0,30-35,K9o,1216,13,1128,30,45,0,2023-09-01T22:25:01,2026-07-18T20:20:25
league1,BTN,2.0,30-35,K9s,431,3,345,5,78,0,2023-09-01T20:37:19,2026-07-16T23:39:44
league1,BTN,2.0,30-35,KJo,1380,2,1016,39,323,0,2023-09-01T21:27:03,2026-07-21T14:44:45
league1,BTN,2.0,30-35,KJs,447,0,270,24,153,0,2023-09-02T17:43:52,2026-07-21T14:49:06
league1,BTN,2.0,30-35,KK,712,2,16,684,10,0,2023-09-02T05:49:43,2026-07-19T22:46:56
league1,BTN,2.0,30-35,KQo,1371,4,787,79,501,0,2023-09-01T23:20:16,2026-07-21T18:46:54
league1,BTN,2.0,30-35,KQs,464,2,210,78,174,0,2023-09-01T17:15:21,2026-07-21T23:02:02
league1,BTN,2.0,30-35,KTo,1343,6,1152,24,161,0,2023-09-02T17:28:32,2026-07-21T22:18:22
league1,BTN,2.0,30-35,KTs,436,0,292,10,134,0,2023-09-03T15:13:09,2026-07-12T17:26:02
league1,BTN,2.0,30-35,Q2o,1298,623,346,327,2,0,2023-09-02T15:01:35,2026-07-21T15:19:47
league1,BTN,2.0,30-35,Q2s,436,7,397,22,10,0,2023-09-03T17:49:24,2026-07-20T18:35:37
league1,BTN,2.0,30-35,Q3o,1221,550,378,289,4,0,2023-09-02T13:37:54,2026-07-21T06:48:05
league1,BTN,2.0,30-35,Q3s,430,4,407,9,10,0,2023-09-03T21:14:33,2026-07-21T21:21:57
league1,BTN,2.0,30-35,Q4o,1264,414,538,309,3,0,2023-09-03T05:46:11,2026-07-21T10:38:57
league1,BTN,2.0,30-35,Q4s,390,3,369,9,9,0,2023-09-03T09:38:11,2026-07-19T05:51:30
league1,BTN,2.0,30-35,Q5o,1276,360,624,287,5,0,2023-09-01T23:30:29,2026-07-21T20:47:57
league1,BTN,2.0,30-35,Q5s,443,4,415,8,16,0,2023-09-01T19:48:17,2026-07-18T15:20:34
league1,BTN,2.0,30-35,Q6o,1336,266,818,241,11,0,2023-09-02T19:37:14,2026-07-21T18:11:45
league1,BTN,2.0,30-35,Q6s,416,2,388,7,19,0,2023-09-03T17:08:08,2026-07-19T20:33:36
league1,BTN,2.0,30-35,Q7o,1280,143,963,168,6,0,2023-09-03T20:51:30,2026-07-21T17:46:24
league1,BTN,2.0,30-35,Q7s,433,4,395,13,21,0,2023-09-02T15:49:04,2026-07-19T00:19:20
league1,BTN,2.0,30-35,Q8o,1316,35,1210,52,19,0,2023-09-02T11:49:01,2026-07-20T16:32:41
league1,BTN,2.0,30-35,Q8s,445,1,406,2,36,0,2023-09-02T17:06:34,2026-07-20T19:15:07
league1,BTN,2.0,30-35,Q9o,1326,18,1269,25,14,0,2023-09-01T13:39:48,2026-07-20T21:34:31
league1,BTN,2.0,30-35,Q9s,423,1,349,4,69,0,2023-09-02T19:39:01,2026-07-06T16:39:43
league1,BTN,2.0,30-35,QJo,1356,5,1173,17,161,0,2023-09-02T02:10:27,2026-07-21T20:44:04
league1,BTN,2.0,30-35,QJs,412,1,256,7,148,0,2023-09-03T20:18:52,2026-07-19T20:40:56
league1,BTN,2.0,30-35,QQ,690,2,3,648,37,0,2023-09-04T17:45:12,2026-07-20T18:28:23
league1,BTN,2.0,30-35,QTo,1301,4,1181,26,90,0,2023-09-04T18:33:50,2026-07-21T20:41:44
league1,BTN,2.0,30-35,QTs,431,3,289,7,132,0,2023-09-03T18:31:41,2026-07-21T01:11:38
league1,BTN,2.0,30-35,T2o,1218,1079,51,87,1,0,2023-09-01T03:15:28,2026-07-21T01:02:42
league1,BTN,2.0,30-35,T2s,401,22,362,16,1,0,2023-09-03T22:01:01,2026-07-20T20:54:54
league1,BTN,2.0,30-35,T3o,1226,1056,63,106,1,0,2023-09-01T19:06:40,2026-07-20T20:33:12
league1,BTN,2.0,30-35,T3s,444,18,406,17,3,0,2023-09-02T18:26:00,2026-07-21T17:50:05
league1,BTN,2.0,30-35,T4o,1196,985,114,97,0,0,2023-09-01T20:24:06,2026-07-21T23:08:06
league1,BTN,2.0,30-35,T4s,412,11,394,7,0,0,2023-09-02T01:07:40,2026-07-17T23:16:41
league1,BTN,2.0,30-35,T5o,1208,868,238,101,1,0,2023-09-01T17:30:31,2026-07-21T20:29:42
league1,BTN,2.0,30-35,T5s,437,9,419,6,3,0,2023-09-04T17:49:09,2026-07-16T08:53:57
league1,BTN,2.0,30-35,T6o,1259,427,750,79,3,0,2023-09-01T22:31:28,2026-07-20T00:35:05
league1,BTN,2.0,30-35,T6s,411,2,392,8,9,0,2023-09-02T03:35:59,2026-07-13T21:29:39
league1,BTN,2.0,30-35,T7o,1296,155,1078,57,6,0,2023-09-02T06:20:45,2026-07-21T16:27:18
league1,BTN,2.0,30-35,T7s,411,1,385,4,21,0,2023-09-01T16:48:45,2026-07-19T08:46:35
league1,BTN,2.0,30-35,T8o,1287,34,1217,28,8,0,2023-09-01T16:24:43,2026-07-21T16:14:09
league1,BTN,2.0,30-35,T8s,407,0,350,4,53,0,2023-09-03T17:22:59,2026-07-20T06:45:35
league1,BTN,2.0,30-35,T9o,1284,14,1251,7,12,0,2023-09-02T04:09:29,2026-07-19T04:06:57
league1,BTN,2.0,30-35,T9s,434,0,347,7,80,0,2023-09-01T20:01:20,2026-07-17T21:44:34
league1,BTN,2.0,30-35,TT,669,1,7,381,280,0,2023-09-02T20:21:17,2026-07-17T03:00:54
league1,BTN,2.0,35-40,__MISSING__,12066,3174,6325,1801,766,0,2023-09-01T16:34:55,2026-07-21T22:18:26
league1,BTN,2.0,35-40,22,536,1,279,4,252,0,2023-09-02T19:30:00,2026-07-18T22:47:28
league1,BTN,2.0,35-40,32o,1026,904,87,34,1,0,2023-09-01T22:16:00,2026-07-19T18:34:29
league1,BTN,2.0,35-40,32s,366,22,335,8,1,0,2023-09-06T15:47:16,2026-07-19T07:43:46
league1,BTN,2.0,35-40,33,503,3,245,6,249,0,2023-09-02T14:35:32,2026-07-21T22:42:45
league1,BTN,2.0,35-40,42o,1034,842,133,59,0,0,2023-09-01T17:36:01,2026-07-19T00:53:20
league1,BTN,2.0,35-40,42s,326,7,305,13,1,0,2023-09-05T18:45:15,2026-07-16T18:39:40
league1,BTN,2.0,35-40,43o,994,407,544,43,0,0,2023-09-02T14:14:37,2026-07-21T19:08:20
league1,BTN,2.0,35-40,43s,346,1,337,8,0,0,2023-09-02T17:41:58,2026-07-21T11:36:52
league1,BTN,2.0,35-40,44,519,1,216,3,299,0,2023-09-04T12:18:01,2026-07-20T20:15:01
league1,BTN,2.0,35-40,52o,986,830,110,45,1,0,2023-09-02T16:36:54,2026-07-21T15:31:02
league1,BTN,2.0,35-40,52s,380,14,352,13,1,0,2023-09-02T00:37:56,2026-07-19T21:35:54
league1,BTN,2.0,35-40,53o,1116,554,506,56,0,0,2023-09-03T16:30:55,2026-07-20T01:20:48
league1,BTN,2.0,35-40,53s,343,1,336,6,0,0,2023-09-01T17:27:58,2026-07-19T20:20:16
league1,BTN,2.0,35-40,54o,1032,74,934,23,1,0,2023-09-01T20:32:26,2026-07-20T21:04:34
league1,BTN,2.0,35-40,54s,361,0,348,9,4,0,2023-09-01T22:02:35,2026-07-17T18:20:06
league1,BTN,2.0,35-40,55,485,2,160,9,314,0,2023-09-07T14:08:59,2026-07-20T13:00:30
league1,BTN,2.0,35-40,62o,1010,896,53,61,0,0,2023-09-02T10:30:21,2026-07-20T23:32:05
league1,BTN,2.0,35-40,62s,318,8,300,10,0,0,2023-09-05T10:47:26,2026-07-16T23:26:48
league1,BTN,2.0,35-40,63o,1050,656,338,56,0,0,2023-09-02T23:53:26,2026-07-20T23:22:43
league1,BTN,2.0,35-40,63s,337,6,318,10,3,0,2023-09-04T16:28:44,2026-07-21T22:34:54
league1,BTN,2.0,35-40,64o,1090,245,801,44,0,0,2023-09-01T22:26:56,2026-07-19T16:14:44
league1,BTN,2.0,35-40,64s,325,1,315,6,3,0,2023-09-02T22:20:54,2026-07-14T15:50:31
league1,BTN,2.0,35-40,65o,1050,43,988,19,0,0,2023-09-01T19:42:05,2026-07-20T16:12:24
league1,BTN,2.0,35-40,65s,361,0,337,14,10,0,2023-09-01T17:24:13,2026-07-21T15:38:00
league1,BTN,2.0,35-40,66,547,2,168,16,361,0,2023-09-02T16:47:48,2026-07-18T12:24:16
league1,BTN,2.0,35-40,72o,1037,960,23,53,1,0,2023-09-02T18:38:03,2026-07-21T09:11:26
league1,BTN,2.0,35-40,72s,377,41,313,22,1,0,2023-09-02T20:35:17,2026-07-21T23:24:42
league1,BTN,2.0,35-40,73o,1054,860,126,68,0,0,2023-09-03T15:08:44,2026-07-20T17:54:38
league1,BTN,2.0,35-40,73s,364,18,329,16,1,0,2023-09-04T17:14:26,2026-07-20T21:24:24
league1,BTN,2.0,35-40,74o,1045,525,448,72,0,0,2023-09-01T17:14:24,2026-07-21T17:51:30
league1,BTN,2.0,35-40,74s,365,4,353,5,3,0,2023-09-02T21:26:12,2026-07-20T16:52:30
league1,BTN,2.0,35-40,75o,1025,131,858,36,0,0,2023-09-01T10:33:02,2026-07-19T00:26:26
league1,BTN,2.0,35-40,75s,375,1,365,2,7,0,2023-09-05T07:26:34,2026-07-21T16:53:01
league1,BTN,2.0,35-40,76o,1061,11,1023,26,1,0,2023-09-02T03:30:35,2026-07-20T18:21:13
league1,BTN,2.0,35-40,76s,301,1,278,9,13,0,2023-09-09T20:50:26,2026-07-20T23:30:38
league1,BTN,2.0,35-40,77,518,2,125,46,345,0,2023-09-03T18:36:35,2026-07-21T16:03:44
league1,BTN,2.0,35-40,82o,1012,928,16,67,1,0,2023-09-04T17:30:07,2026-07-20T13:54:31
league1,BTN,2.0,35-40,82s,365,28,303,32,2,0,2023-09-04T17:21:29,2026-07-21T15:27:06
league1,BTN,2.0,35-40,83o,1095,978,44,73,0,0,2023-09-01T17:43:47,2026-07-18T00:23:56
league1,BTN,2.0,35-40,83s,371,21,331,18,1,0,2023-09-08T21:26:13,2026-07-20T06:20:03
league1,BTN,2.0,35-40,84o,1030,725,238,67,0,0,2023-09-02T10:32:34,2026-07-18T20:10:19
league1,BTN,2.0,35-40,84s,348,9,329,10,0,0,2023-09-03T18:26:05,2026-07-19T18:49:54
league1,BTN,2.0,35-40,85o,1065,370,652,42,1,0,2023-09-01T15:54:29,2026-07-20T22:07:39
league1,BTN,2.0,35-40,85s,372,5,357,4,6,0,2023-09-04T19:12:26,2026-07-20T21:35:24
league1,BTN,2.0,35-40,86o,1116,59,1022,35,0,0,2023-09-03T03:14:28,2026-07-19T19:41:05
league1,BTN,2.0,35-40,86s,367,4,353,5,5,0,2023-09-01T13:47:16,2026-07-19T17:41:27
league1,BTN,2.0,35-40,87o,1046,17,1016,11,2,0,2023-09-03T18:41:23,2026-07-20T22:19:42
league1,BTN,2.0,35-40,87s,339,0,311,6,22,0,2023-09-04T20:15:57,2026-07-19T11:05:12
league1,BTN,2.0,35-40,88,513,4,64,144,301,0,2023-09-01T21:13:46,2026-07-18T20:17:40
league1,BTN,2.0,35-40,92o,979,911,12,56,0,0,2023-09-02T15:45:13,2026-07-19T17:30:17
league1,BTN,2.0,35-40,92s,357,23,313,20,1,0,2023-09-10T23:06:46,2026-07-21T20:16:37
league1,BTN,2.0,35-40,93o,1071,953,40,78,0,0,2023-09-01T20:38:56,2026-07-21T21:03:02
league1,BTN,2.0,35-40,93s,378,21,340,17,0,0,2023-09-03T19:37:39,2026-07-19T21:31:28
league1,BTN,2.0,35-40,94o,1010,860,68,82,0,0,2023-09-01T15:11:26,2026-07-21T16:48:49
league1,BTN,2.0,35-40,94s,361,14,334,12,1,0,2023-09-02T20:35:26,2026-07-05T18:40:39
league1,BTN,2.0,35-40,95o,1065,655,324,86,0,0,2023-09-02T21:02:29,2026-07-19T22:05:40
league1,BTN,2.0,35-40,95s,350,10,336,2,2,0,2023-09-06T20:24:56,2026-07-20T23:03:58
league1,BTN,2.0,35-40,96o,1078,249,776,53,0,0,2023-09-03T17:19:29,2026-07-20T06:38:04
league1,BTN,2.0,35-40,96s,352,3,337,4,8,0,2023-09-01T18:39:03,2026-07-12T06:45:28
league1,BTN,2.0,35-40,97o,1042,54,966,22,0,0,2023-09-01T21:10:53,2026-07-20T19:53:52
league1,BTN,2.0,35-40,97s,354,1,335,8,10,0,2023-09-03T19:46:41,2026-07-18T19:26:05
league1,BTN,2.0,35-40,98o,1114,18,1076,18,2,0,2023-09-01T21:04:22,2026-07-21T21:36:41
league1,BTN,2.0,35-40,98s,344,1,312,5,26,0,2023-09-01T20:13:48,2026-07-16T20:11:06
league1,BTN,2.0,35-40,99,585,1,32,280,272,0,2023-09-04T19:37:10,2026-07-21T20:47:08
league1,BTN,2.0,35-40,A2o,1171,39,571,471,90,0,2023-09-02T20:13:57,2026-07-21T18:27:51
league1,BTN,2.0,35-40,A2s,367,2,284,18,63,0,2023-09-03T16:17:25,2026-07-20T15:39:38
league1,BTN,2.0,35-40,A3o,1157,20,673,376,88,0,2023-09-01T22:09:07,2026-07-19T00:29:29
league1,BTN,2.0,35-40,A3s,369,1,289,25,54,0,2023-09-02T19:35:10,2026-07-03T15:17:59
league1,BTN,2.0,35-40,A4o,1164,21,735,300,108,0,2023-09-02T21:34:53,2026-07-21T11:50:39
league1,BTN,2.0,35-40,A4s,416,0,322,25,69,0,2023-09-03T14:34:53,2026-07-21T18:32:30
league1,BTN,2.0,35-40,A5o,1186,21,754,280,131,0,2023-09-02T21:35:43,2026-07-20T22:52:29
league1,BTN,2.0,35-40,A5s,400,3,273,27,97,0,2023-09-01T18:30:15,2026-07-14T15:08:38
league1,BTN,2.0,35-40,A6o,1182,19,865,202,96,0,2023-09-02T15:44:44,2026-07-21T17:23:20
league1,BTN,2.0,35-40,A6s,401,1,343,12,45,0,2023-09-02T00:33:32,2026-07-21T19:11:31
league1,BTN,2.0,35-40,A7o,1166,11,959,110,86,0,2023-09-01T21:48:51,2026-07-20T21:24:33
league1,BTN,2.0,35-40,A7s,380,0,332,14,34,0,2023-09-03T06:53:19,2026-07-05T19:04:32
league1,BTN,2.0,35-40,A8o,1214,7,1035,65,107,0,2023-09-03T17:07:30,2026-07-21T12:44:44
league1,BTN,2.0,35-40,A8s,398,0,330,15,53,0,2023-09-03T14:37:07,2026-07-19T08:48:02
league1,BTN,2.0,35-40,A9o,1180,8,940,65,167,0,2023-09-01T08:02:48,2026-07-20T15:02:05
league1,BTN,2.0,35-40,A9s,398,1,320,30,47,0,2023-09-03T00:41:20,2026-07-12T19:18:23
league1,BTN,2.0,35-40,AA,666,2,13,650,1,0,2023-09-01T19:33:34,2026-07-16T07:14:04
league1,BTN,2.0,35-40,AJo,1155,2,282,501,370,0,2023-09-04T18:17:04,2026-07-21T19:46:56
league1,BTN,2.0,35-40,AJs,386,3,79,243,61,0,2023-09-03T19:17:11,2026-07-11T20:01:00
league1,BTN,2.0,35-40,AKo,1197,4,7,922,264,0,2023-09-01T00:12:58,2026-07-21T17:54:18
league1,BTN,2.0,35-40,AKs,423,0,1,378,44,0,2023-09-10T17:03:40,2026-07-20T17:28:22
league1,BTN,2.0,35-40,AQo,1193,1,40,758,394,0,2023-09-01T21:43:46,2026-07-20T20:32:51
league1,BTN,2.0,35-40,AQs,401,2,19,341,39,0,2023-09-05T17:32:13,2026-07-12T17:33:38
league1,BTN,2.0,35-40,ATo,1204,2,777,185,240,0,2023-09-02T10:26:40,2026-07-20T17:06:01
league1,BTN,2.0,35-40,ATs,438,1,227,135,75,0,2023-09-09T19:07:40,2026-07-12T19:37:45
league1,BTN,2.0,35-40,J2o,1093,782,150,161,0,0,2023-09-03T19:35:13,2026-07-18T14:48:43
league1,BTN,2.0,35-40,J2s,324,9,296,18,1,0,2023-09-05T08:50:03,2026-07-13T18:27:13
league1,BTN,2.0,35-40,J3o,1091,736,207,148,0,0,2023-09-01T21:21:37,2026-07-20T23:35:25
league1,BTN,2.0,35-40,J3s,371,4,341,24,2,0,2023-09-04T20:01:54,2026-07-10T16:03:15
league1,BTN,2.0,35-40,J4o,1061,625,247,188,1,0,2023-09-02T19:25:09,2026-07-18T15:20:23
league1,BTN,2.0,35-40,J4s,372,5,353,10,4,0,2023-09-03T23:29:25,2026-07-18T16:10:12
league1,BTN,2.0,35-40,J5o,1027,481,348,197,1,0,2023-09-03T16:45:13,2026-07-20T16:26:40
league1,BTN,2.0,35-40,J5s,375,8,354,8,5,0,2023-09-02T10:15:06,2026-07-21T20:12:32
league1,BTN,2.0,35-40,J6o,1047,364,516,167,0,0,2023-09-02T17:53:27,2026-07-20T22:04:30
league1,BTN,2.0,35-40,J6s,376,2,364,6,4,0,2023-09-02T02:52:40,2026-07-17T21:03:39
league1,BTN,2.0,35-40,J7o,1084,104,881,98,1,0,2023-09-01T21:07:58,2026-07-21T22:30:16
league1,BTN,2.0,35-40,J7s,350,3,341,3,3,0,2023-09-06T18:24:30,2026-07-21T18:29:39
league1,BTN,2.0,35-40,J8o,1078,29,1012,28,9,0,2023-09-02T14:04:05,2026-07-21T22:54:51
league1,BTN,2.0,35-40,J8s,391,3,354,9,25,0,2023-09-05T16:26:01,2026-07-21T14:15:36
league1,BTN,2.0,35-40,J9o,1154,10,1114,22,8,0,2023-09-01T12:06:49,2026-07-17T13:28:36
league1,BTN,2.0,35-40,J9s,365,0,328,4,33,0,2023-09-06T19:36:13,2026-07-19T01:03:59
league1,BTN,2.0,35-40,JJ,535,0,5,493,37,0,2023-09-01T19:09:03,2026-07-20T19:11:22
league1,BTN,2.0,35-40,JTo,1132,7,1057,22,46,0,2023-09-04T19:20:23,2026-07-20T12:31:35
league1,BTN,2.0,35-40,JTs,415,2,315,6,92,0,2023-09-04T18:48:47,2026-07-18T19:42:42
league1,BTN,2.0,35-40,K2o,1093,266,430,393,4,0,2023-09-02T01:12:35,2026-07-19T17:09:26
league1,BTN,2.0,35-40,K2s,375,1,345,19,10,0,2023-09-09T16:23:38,2026-07-16T20:53:15
league1,BTN,2.0,35-40,K3o,1101,187,467,444,3,0,2023-09-03T00:10:40,2026-07-18T18:46:58
league1,BTN,2.0,35-40,K3s,367,1,327,20,19,0,2023-09-06T21:06:21,2026-07-18T18:48:27
league1,BTN,2.0,35-40,K4o,1118,156,577,381,4,0,2023-09-03T16:24:10,2026-07-20T20:12:13
league1,BTN,2.0,35-40,K4s,363,2,321,24,16,0,2023-09-02T17:48:44,2026-07-20T15:25:10
league1,BTN,2.0,35-40,K5o,1111,121,631,352,7,0,2023-09-01T15:05:51,2026-07-21T19:29:17
league1,BTN,2.0,35-40,K5s,374,1,322,19,32,0,2023-09-04T19:53:44,2026-07-21T20:33:04
league1,BTN,2.0,35-40,K6o,1121,84,740,287,10,0,2023-09-01T15:00:50,2026-07-21T11:49:32
league1,BTN,2.0,35-40,K6s,347,1,319,11,16,0,2023-10-01T05:36:41,2026-07-18T16:14:04
league1,BTN,2.0,35-40,K7o,1125,63,898,160,4,0,2023-09-01T20:07:13,2026-07-21T06:04:30
league1,BTN,2.0,35-40,K7s,353,1,330,8,14,0,2023-09-01T16:24:27,2026-07-18T20:52:23
league1,BTN,2.0,35-40,K8o,1146,22,1035,81,8,0,2023-09-03T17:02:06,2026-07-18T17:42:32
league1,BTN,2.0,35-40,K8s,365,2,332,8,23,0,2023-09-01T12:08:42,2026-07-18T20:30:42
league1,BTN,2.0,35-40,K9o,1175,13,1101,39,22,0,2023-09-01T22:10:38,2026-07-21T01:35:26
league1,BTN,2.0,35-40,K9s,364,0,337,3,24,0,2023-09-01T14:50:24,2026-07-16T14:19:19
league1,BTN,2.0,35-40,KJo,1119,7,936,60,116,0,2023-09-01T20:45:56,2026-07-21T21:23:34
league1,BTN,2.0,35-40,KJs,413,1,300,36,76,0,2023-09-02T21:03:35,2026-07-21T21:54:29
league1,BTN,2.0,35-40,KK,614,2,6,602,4,0,2023-09-01T21:38:34,2026-07-16T09:47:30
league1,BTN,2.0,35-40,KQo,1150,2,792,137,219,0,2023-09-01T21:34:16,2026-07-21T12:02:37
league1,BTN,2.0,35-40,KQs,387,1,206,114,66,0,2023-09-03T23:21:08,2026-07-19T18:11:49
league1,BTN,2.0,35-40,KTo,1120,10,1009,33,68,0,2023-09-01T13:30:58,2026-07-18T16:54:01
league1,BTN,2.0,35-40,KTs,372,3,299,10,60,0,2023-09-03T20:52:07,2026-07-17T01:18:49
league1,BTN,2.0,35-40,Q2o,1062,504,282,274,2,0,2023-09-02T03:03:13,2026-07-21T17:17:00
league1,BTN,2.0,35-40,Q2s,367,1,335,23,8,0,2023-09-01T18:15:06,2026-07-21T18:54:00
league1,BTN,2.0,35-40,Q3o,1133,461,373,297,2,0,2023-09-03T19:30:52,2026-07-19T18:41:37
league1,BTN,2.0,35-40,Q3s,369,1,351,15,2,0,2023-09-11T18:48:14,2026-07-21T23:12:35
league1,BTN,2.0,35-40,Q4o,1090,345,450,293,2,0,2023-09-01T15:01:00,2026-07-18T05:54:20
league1,BTN,2.0,35-40,Q4s,357,1,342,11,3,0,2023-09-05T15:44:39,2026-07-19T04:25:24
league1,BTN,2.0,35-40,Q5o,1027,277,475,273,2,0,2023-09-03T06:05:50,2026-07-21T19:29:06
league1,BTN,2.0,35-40,Q5s,351,1,333,15,2,0,2023-09-02T03:31:51,2026-07-19T16:44:35
league1,BTN,2.0,35-40,Q6o,1084,191,670,220,3,0,2023-09-01T19:02:19,2026-07-21T22:07:21
league1,BTN,2.0,35-40,Q6s,355,4,341,6,4,0,2023-09-02T19:40:20,2026-07-14T12:34:59
league1,BTN,2.0,35-40,Q7o,1101,112,826,161,2,0,2023-09-02T19:20:45,2026-07-21T22:27:10
league1,BTN,2.0,35-40,Q7s,401,1,387,8,5,0,2023-09-01T21:13:23,2026-07-20T07:15:55
league1,BTN,2.0,35-40,Q8o,1180,27,1084,64,5,0,2023-09-01T12:02:15,2026-07-21T12:53:10
league1,BTN,2.0,35-40,Q8s,354,0,338,4,12,0,2023-09-03T17:41:39,2026-07-18T22:35:32
league1,BTN,2.0,35-40,Q9o,1118,14,1070,26,8,0,2023-09-01T21:39:25,2026-07-21T19:10:45
league1,BTN,2.0,35-40,Q9s,362,2,330,4,26,0,2023-09-04T17:28:13,2026-07-18T17:36:14
league1,BTN,2.0,35-40,QJo,1167,4,1070,31,62,0,2023-09-02T00:40:57,2026-07-20T23:36:34
league1,BTN,2.0,35-40,QJs,414,0,330,6,78,0,2023-09-01T22:44:04,2026-07-16T23:27:23
league1,BTN,2.0,35-40,QQ,557,1,1,544,11,0,2023-09-03T20:10:10,2026-07-11T21:33:13
league1,BTN,2.0,35-40,QTo,1169,4,1079,37,49,0,2023-09-01T13:32:30,2026-07-21T21:09:21
league1,BTN,2.0,35-40,QTs,387,1,324,10,52,0,2023-09-04T19:53:27,2026-07-19T09:31:55
league1,BTN,2.0,35-40,T2o,1028,904,48,76,0,0,2023-09-01T20:03:52,2026-07-21T20:14:03
league1,BTN,2.0,35-40,T2s,366,16,329,18,3,0,2023-09-01T18:24:58,2026-07-19T19:53:20
league1,BTN,2.0,35-40,T3o,1098,929,76,91,2,0,2023-09-02T12:33:13,2026-07-20T19:33:22
league1,BTN,2.0,35-40,T3s,372,12,342,17,1,0,2023-09-03T20:14:45,2026-07-16T20:10:47
league1,BTN,2.0,35-40,T4o,1112,898,117,97,0,0,2023-09-02T19:16:02,2026-07-19T22:49:56
league1,BTN,2.0,35-40,T4s,351,8,325,16,2,0,2023-09-01T18:14:35,2026-07-17T20:02:45
league1,BTN,2.0,35-40,T5o,1084,789,196,98,1,0,2023-09-03T15:42:37,2026-07-21T20:27:32
league1,BTN,2.0,35-40,T5s,387,14,366,7,0,0,2023-09-01T18:01:00,2026-07-12T10:34:01
league1,BTN,2.0,35-40,T6o,1195,393,720,80,2,0,2023-09-02T14:49:59,2026-07-20T18:44:13
league1,BTN,2.0,35-40,T6s,369,3,359,4,3,0,2023-09-03T16:43:23,2026-07-18T21:27:28
league1,BTN,2.0,35-40,T7o,1150,113,991,46,0,0,2023-09-01T19:25:58,2026-07-18T01:50:40
league1,BTN,2.0,35-40,T7s,390,3,375,5,7,0,2023-09-01T20:29:16,2026-07-13T22:18:59
league1,BTN,2.0,35-40,T8o,1108,25,1061,21,1,0,2023-09-01T16:27:31,2026-07-20T20:50:08
league1,BTN,2.0,35-40,T8s,380,2,350,11,17,0,2023-09-01T22:13:44,2026-07-16T19:25:35
league1,BTN,2.0,35-40,T9o,1099,6,1075,11,7,0,2023-09-03T00:48:32,2026-07-19T19:47:04
league1,BTN,2.0,35-40,T9s,369,1,316,6,46,0,2023-09-02T15:09:40,2026-07-12T21:31:15
league1,BTN,2.0,35-40,TT,557,1,13,416,127,0,2023-09-02T01:22:22,2026-07-13T21:48:05
league1,BTN,2.5,25-30,__MISSING__,965,538,323,24,80,0,2023-09-01T21:21:25,2026-07-20T23:15:15
league1,BTN,2.5,25-30,22,53,1,23,0,29,0,2023-09-15T22:34:05,2026-07-13T08:40:54
league1,BTN,2.5,25-30,32o,110,107,3,0,0,0,2023-09-05T15:50:03,2026-07-13T07:19:09
league1,BTN,2.5,25-30,32s,29,18,10,0,1,0,2023-09-04T18:07:01,2026-06-26T20:01:00
league1,BTN,2.5,25-30,33,61,2,17,1,41,0,2023-09-06T21:35:49,2026-07-16T13:50:07
league1,BTN,2.5,25-30,42o,106,101,3,2,0,0,2023-09-06T20:15:53,2026-07-16T11:06:57
league1,BTN,2.5,25-30,42s,35,20,15,0,0,0,2023-09-06T21:18:59,2026-07-19T16:28:16
league1,BTN,2.5,25-30,43o,105,95,10,0,0,0,2023-09-03T17:39:07,2026-06-27T06:11:15
league1,BTN,2.5,25-30,43s,41,5,35,0,1,0,2023-09-04T17:49:13,2026-04-21T13:09:53
league1,BTN,2.5,25-30,44,63,1,14,0,48,0,2023-10-06T15:24:48,2026-07-21T19:07:10
league1,BTN,2.5,25-30,52o,130,127,3,0,0,0,2023-10-15T18:51:05,2026-07-21T18:19:00
league1,BTN,2.5,25-30,52s,38,18,20,0,0,0,2023-10-06T17:38:05,2026-02-28T03:03:56
league1,BTN,2.5,25-30,53o,97,88,8,1,0,0,2023-09-10T20:34:52,2026-07-08T12:01:00
league1,BTN,2.5,25-30,53s,50,7,43,0,0,0,2023-09-05T18:36:53,2026-06-29T19:52:06
league1,BTN,2.5,25-30,54o,97,63,33,1,0,0,2023-09-14T06:22:22,2026-07-05T11:46:53
league1,BTN,2.5,25-30,54s,37,3,34,0,0,0,2024-01-09T15:44:03,2026-07-09T19:08:05
league1,BTN,2.5,25-30,55,61,1,8,0,52,0,2023-09-06T22:18:00,2026-07-14T18:22:17
league1,BTN,2.5,25-30,62o,101,101,0,0,0,0,2023-09-03T12:01:01,2026-07-05T19:16:03
league1,BTN,2.5,25-30,62s,33,20,13,0,0,0,2024-01-06T23:12:12,2026-07-18T21:01:01
league1,BTN,2.5,25-30,63o,113,111,2,0,0,0,2023-09-03T20:46:14,2026-07-03T22:38:30
league1,BTN,2.5,25-30,63s,36,14,22,0,0,0,2023-10-17T14:26:24,2026-07-10T20:07:16
league1,BTN,2.5,25-30,64o,102,84,17,1,0,0,2023-09-13T17:53:17,2026-07-05T13:52:44
league1,BTN,2.5,25-30,64s,40,5,33,0,2,0,2023-09-13T21:09:19,2026-06-01T17:34:14
league1,BTN,2.5,25-30,65o,82,35,47,0,0,0,2023-10-11T17:24:50,2026-06-24T23:04:11
league1,BTN,2.5,25-30,65s,36,0,36,0,0,0,2023-09-02T14:18:58,2026-07-03T19:33:54
league1,BTN,2.5,25-30,66,57,0,13,1,43,0,2023-10-06T03:14:41,2026-07-13T19:12:11
league1,BTN,2.5,25-30,72o,123,123,0,0,0,0,2023-09-01T17:06:43,2026-07-04T21:45:13
league1,BTN,2.5,25-30,72s,33,25,7,1,0,0,2023-09-02T08:04:13,2026-06-20T01:05:04
league1,BTN,2.5,25-30,73o,126,124,1,1,0,0,2023-09-06T14:20:03,2026-07-21T17:31:14
league1,BTN,2.5,25-30,73s,32,14,18,0,0,0,2023-11-04T02:01:55,2026-06-24T15:46:21
league1,BTN,2.5,25-30,74o,100,91,8,1,0,0,2023-09-10T14:31:52,2026-06-27T23:04:43
league1,BTN,2.5,25-30,74s,30,3,27,0,0,0,2023-09-13T13:50:59,2026-07-05T21:13:53
league1,BTN,2.5,25-30,75o,133,105,24,3,1,0,2023-09-06T19:20:10,2026-07-13T01:04:29
league1,BTN,2.5,25-30,75s,32,1,31,0,0,0,2023-09-05T03:54:17,2026-07-17T08:50:18
league1,BTN,2.5,25-30,76o,97,34,63,0,0,0,2023-09-10T20:40:44,2026-07-12T21:51:16
league1,BTN,2.5,25-30,76s,36,1,33,0,2,0,2023-10-16T21:21:29,2026-06-28T19:07:29
league1,BTN,2.5,25-30,77,51,0,7,0,44,0,2023-09-16T17:21:24,2026-07-21T19:50:29
league1,BTN,2.5,25-30,82o,110,109,0,1,0,0,2023-09-06T16:44:34,2026-07-11T09:54:35
league1,BTN,2.5,25-30,82s,33,20,13,0,0,0,2023-09-24T18:51:47,2026-04-10T22:35:59
league1,BTN,2.5,25-30,83o,132,132,0,0,0,0,2023-09-05T15:22:32,2026-07-03T22:47:18
league1,BTN,2.5,25-30,83s,35,23,12,0,0,0,2023-10-17T17:31:40,2026-04-30T20:28:59
league1,BTN,2.5,25-30,84o,98,97,1,0,0,0,2023-09-04T20:51:44,2026-07-11T12:17:56
league1,BTN,2.5,25-30,84s,31,13,18,0,0,0,2023-09-08T19:19:17,2026-07-21T18:01:30
league1,BTN,2.5,25-30,85o,118,103,13,2,0,0,2023-09-06T20:15:37,2026-07-02T01:30:10
league1,BTN,2.5,25-30,85s,28,4,24,0,0,0,2023-10-17T16:48:41,2026-07-11T19:43:11
league1,BTN,2.5,25-30,86o,125,73,52,0,0,0,2023-09-02T18:11:28,2026-07-02T22:35:11
league1,BTN,2.5,25-30,86s,38,2,35,0,1,0,2023-10-21T18:53:33,2026-07-12T17:35:04
league1,BTN,2.5,25-30,87o,115,34,80,1,0,0,2023-09-05T14:04:00,2026-07-11T13:24:52
league1,BTN,2.5,25-30,87s,30,0,29,0,1,0,2023-09-13T19:45:12,2026-06-22T15:15:02
league1,BTN,2.5,25-30,88,50,0,3,1,46,0,2023-09-08T23:25:48,2026-07-08T18:29:41
league1,BTN,2.5,25-30,92o,115,113,1,1,0,0,2023-09-04T21:40:16,2026-07-19T18:16:46
league1,BTN,2.5,25-30,92s,35,23,12,0,0,0,2023-09-12T19:49:57,2026-06-05T19:54:00
league1,BTN,2.5,25-30,93o,105,104,0,1,0,0,2023-09-13T14:02:46,2026-07-16T11:16:06
league1,BTN,2.5,25-30,93s,31,14,17,0,0,0,2023-10-18T17:14:15,2026-06-12T16:14:43
league1,BTN,2.5,25-30,94o,113,109,2,2,0,0,2023-09-03T17:17:39,2026-07-19T21:38:44
league1,BTN,2.5,25-30,94s,37,16,21,0,0,0,2023-09-23T22:07:36,2026-06-13T07:50:39
league1,BTN,2.5,25-30,95o,117,109,8,0,0,0,2023-09-13T19:34:08,2026-07-14T04:47:17
league1,BTN,2.5,25-30,95s,35,7,28,0,0,0,2023-10-29T00:27:38,2026-07-09T21:28:59
league1,BTN,2.5,25-30,96o,101,87,14,0,0,0,2023-09-03T17:47:13,2026-07-18T17:34:02
league1,BTN,2.5,25-30,96s,37,1,34,0,2,0,2023-09-27T22:36:49,2026-06-19T23:54:28
league1,BTN,2.5,25-30,97o,126,71,55,0,0,0,2023-09-03T07:36:49,2026-07-12T16:38:58
league1,BTN,2.5,25-30,97s,46,2,42,0,2,0,2023-10-01T22:06:50,2026-05-29T15:51:23
league1,BTN,2.5,25-30,98o,108,19,89,0,0,0,2023-09-04T19:23:09,2026-07-20T15:35:37
league1,BTN,2.5,25-30,98s,35,1,30,0,4,0,2023-09-04T21:21:49,2026-06-18T23:06:01
league1,BTN,2.5,25-30,99,62,1,1,2,58,0,2023-09-09T16:52:44,2026-07-08T20:37:19
league1,BTN,2.5,25-30,A2o,94,25,47,5,17,0,2023-09-01T22:36:08,2026-07-16T15:35:50
league1,BTN,2.5,25-30,A2s,33,0,24,0,9,0,2023-09-09T17:07:52,2026-05-01T08:04:57
league1,BTN,2.5,25-30,A3o,122,39,59,5,19,0,2023-09-20T18:11:32,2026-07-19T09:43:55
league1,BTN,2.5,25-30,A3s,34,0,27,0,7,0,2023-09-13T18:40:10,2026-07-02T16:22:52
league1,BTN,2.5,25-30,A4o,118,29,61,4,24,0,2023-09-03T21:14:01,2026-07-19T18:10:25
league1,BTN,2.5,25-30,A4s,30,0,23,0,7,0,2023-09-07T20:19:47,2026-07-12T00:47:22
league1,BTN,2.5,25-30,A5o,117,26,65,0,26,0,2023-09-13T20:19:23,2026-07-19T19:07:53
league1,BTN,2.5,25-30,A5s,45,1,26,0,18,0,2023-09-09T19:12:38,2026-07-08T21:53:51
league1,BTN,2.5,25-30,A6o,118,20,66,4,28,0,2023-09-04T01:42:29,2026-07-20T22:46:59
league1,BTN,2.5,25-30,A6s,28,1,16,1,10,0,2023-11-15T15:51:48,2026-06-28T21:16:47
league1,BTN,2.5,25-30,A7o,109,12,71,1,25,0,2023-09-11T19:25:48,2026-07-19T01:37:15
league1,BTN,2.5,25-30,A7s,43,0,25,0,18,0,2023-10-10T13:02:33,2026-06-06T11:29:56
league1,BTN,2.5,25-30,A8o,112,10,69,1,32,0,2023-09-09T17:21:35,2026-07-09T20:28:47
league1,BTN,2.5,25-30,A8s,37,2,21,0,14,0,2023-09-09T08:28:59,2026-07-17T21:45:59
league1,BTN,2.5,25-30,A9o,121,7,54,1,59,0,2023-09-17T11:12:43,2026-07-16T21:23:45
league1,BTN,2.5,25-30,A9s,39,0,21,0,18,0,2023-09-05T23:50:22,2026-06-30T02:26:53
league1,BTN,2.5,25-30,AA,58,0,10,42,6,0,2023-09-04T17:42:07,2026-06-29T20:19:55
league1,BTN,2.5,25-30,AJo,138,0,16,5,117,0,2023-09-04T15:21:59,2026-07-04T23:20:11
league1,BTN,2.5,25-30,AJs,37,0,8,1,28,0,2023-09-17T20:09:55,2026-07-09T23:04:13
league1,BTN,2.5,25-30,AKo,130,0,0,23,107,0,2023-09-02T10:07:21,2026-07-08T19:47:53
league1,BTN,2.5,25-30,AKs,55,0,0,18,37,0,2023-11-12T06:34:41,2026-07-03T16:06:21
league1,BTN,2.5,25-30,AQo,112,0,0,12,100,0,2023-09-08T14:53:33,2026-07-12T10:11:11
league1,BTN,2.5,25-30,AQs,37,0,0,5,32,0,2023-09-13T19:42:24,2026-06-02T20:46:47
league1,BTN,2.5,25-30,ATo,109,0,48,2,59,0,2023-09-13T18:41:04,2026-07-20T12:22:10
league1,BTN,2.5,25-30,ATs,41,0,15,1,25,0,2023-09-08T18:52:52,2026-05-11T19:31:25
league1,BTN,2.5,25-30,J2o,97,96,0,1,0,0,2023-09-01T15:19:01,2026-06-06T15:51:46
league1,BTN,2.5,25-30,J2s,38,14,24,0,0,0,2023-09-20T12:36:30,2026-05-21T21:04:43
league1,BTN,2.5,25-30,J3o,101,99,2,0,0,0,2023-09-03T14:38:18,2026-07-17T18:19:51
league1,BTN,2.5,25-30,J3s,33,9,24,0,0,0,2023-10-01T12:47:51,2026-07-13T20:15:34
league1,BTN,2.5,25-30,J4o,108,105,2,1,0,0,2023-09-11T18:04:35,2026-06-27T13:48:35
league1,BTN,2.5,25-30,J4s,29,8,21,0,0,0,2023-09-25T20:51:17,2026-06-26T18:32:13
league1,BTN,2.5,25-30,J5o,101,94,4,2,1,0,2023-09-17T20:40:10,2026-07-16T17:13:05
league1,BTN,2.5,25-30,J5s,50,12,38,0,0,0,2023-11-24T20:43:18,2026-06-03T19:27:33
league1,BTN,2.5,25-30,J6o,103,95,6,2,0,0,2023-09-08T19:46:07,2026-07-13T18:14:11
league1,BTN,2.5,25-30,J6s,43,7,35,1,0,0,2023-10-25T20:15:15,2026-07-05T22:23:37
league1,BTN,2.5,25-30,J7o,143,103,39,1,0,0,2023-09-04T17:42:18,2026-07-17T02:50:51
league1,BTN,2.5,25-30,J7s,39,1,36,0,2,0,2023-09-17T10:11:27,2026-06-03T21:47:44
league1,BTN,2.5,25-30,J8o,107,39,68,0,0,0,2023-09-03T12:25:10,2026-07-12T22:45:27
league1,BTN,2.5,25-30,J8s,55,0,52,0,3,0,2023-10-11T19:32:35,2026-06-01T22:52:05
league1,BTN,2.5,25-30,J9o,126,28,96,0,2,0,2023-09-02T22:12:37,2026-07-19T21:01:55
league1,BTN,2.5,25-30,J9s,36,0,34,0,2,0,2023-09-09T02:14:37,2026-07-06T15:34:51
league1,BTN,2.5,25-30,JJ,60,0,0,21,39,0,2023-09-09T09:40:45,2026-06-28T13:32:45
league1,BTN,2.5,25-30,JTo,136,10,121,1,4,0,2023-09-03T01:23:38,2026-07-14T10:31:37
league1,BTN,2.5,25-30,JTs,45,0,32,0,13,0,2023-09-06T18:48:10,2026-07-07T19:31:37
league1,BTN,2.5,25-30,K2o,115,107,4,4,0,0,2023-09-01T18:47:53,2026-07-16T19:44:24
league1,BTN,2.5,25-30,K2s,38,3,32,1,2,0,2023-10-02T09:32:01,2026-07-06T17:09:07
league1,BTN,2.5,25-30,K3o,113,97,10,3,3,0,2023-09-01T20:53:55,2026-07-20T18:44:42
league1,BTN,2.5,25-30,K3s,39,2,35,0,2,0,2023-09-18T15:26:03,2026-06-21T00:29:17
league1,BTN,2.5,25-30,K4o,97,68,20,7,2,0,2023-09-04T19:17:02,2026-07-18T16:01:17
league1,BTN,2.5,25-30,K4s,46,3,41,1,1,0,2023-09-12T17:23:53,2026-05-31T01:22:49
league1,BTN,2.5,25-30,K5o,101,73,23,2,3,0,2023-10-17T20:34:10,2026-07-14T23:09:39
league1,BTN,2.5,25-30,K5s,40,0,39,0,1,0,2023-09-02T21:42:17,2026-07-17T18:45:48
league1,BTN,2.5,25-30,K6o,127,84,35,6,2,0,2023-09-11T20:05:29,2026-07-16T23:51:22
league1,BTN,2.5,25-30,K6s,35,1,31,0,3,0,2023-09-13T20:47:25,2026-05-31T20:19:53
league1,BTN,2.5,25-30,K7o,112,63,43,4,2,0,2023-09-04T21:06:52,2026-07-13T22:50:54
league1,BTN,2.5,25-30,K7s,36,1,32,0,3,0,2023-09-05T14:30:28,2026-07-17T03:00:13
league1,BTN,2.5,25-30,K8o,104,36,64,2,2,0,2023-09-03T21:36:00,2026-07-19T16:49:34
league1,BTN,2.5,25-30,K8s,39,3,35,0,1,0,2023-12-15T14:50:04,2026-07-17T16:26:02
league1,BTN,2.5,25-30,K9o,111,17,90,1,3,0,2023-09-13T19:23:08,2026-07-11T17:26:03
league1,BTN,2.5,25-30,K9s,32,0,31,0,1,0,2023-10-21T20:14:54,2026-07-20T14:43:06
league1,BTN,2.5,25-30,KJo,107,2,81,0,24,0,2023-09-07T21:39:51,2026-07-10T20:27:32
league1,BTN,2.5,25-30,KJs,41,0,20,0,21,0,2023-09-10T20:50:44,2026-07-13T20:36:32
league1,BTN,2.5,25-30,KK,63,0,3,42,18,0,2023-09-05T22:02:47,2026-07-17T21:49:09
league1,BTN,2.5,25-30,KQo,116,0,64,1,51,0,2023-09-09T19:09:06,2026-07-16T22:06:50
league1,BTN,2.5,25-30,KQs,29,0,15,3,11,0,2023-10-10T21:48:39,2026-07-05T20:24:02
league1,BTN,2.5,25-30,KTo,102,4,86,1,11,0,2023-09-03T19:30:25,2026-07-16T22:45:42
league1,BTN,2.5,25-30,KTs,46,0,31,0,15,0,2023-09-05T00:29:35,2026-07-14T22:03:33
league1,BTN,2.5,25-30,Q2o,123,115,4,4,0,0,2023-09-12T22:20:48,2026-07-12T00:52:00
league1,BTN,2.5,25-30,Q2s,38,9,29,0,0,0,2023-09-25T08:12:24,2026-07-10T18:24:03
league1,BTN,2.5,25-30,Q3o,126,117,5,3,1,0,2023-09-06T16:45:58,2026-07-19T20:04:23
league1,BTN,2.5,25-30,Q3s,37,5,31,0,1,0,2023-09-12T19:35:00,2026-06-18T19:00:36
league1,BTN,2.5,25-30,Q4o,112,105,2,4,1,0,2023-09-01T17:12:44,2026-07-17T16:10:29
league1,BTN,2.5,25-30,Q4s,34,4,28,0,2,0,2023-11-05T14:54:48,2026-05-28T17:16:31
league1,BTN,2.5,25-30,Q5o,113,96,11,5,1,0,2023-09-06T15:14:33,2026-07-15T20:07:52
league1,BTN,2.5,25-30,Q5s,33,3,30,0,0,0,2023-09-22T16:49:42,2026-07-12T21:47:05
league1,BTN,2.5,25-30,Q6o,118,94,21,3,0,0,2023-09-04T19:32:22,2026-06-21T22:34:04
league1,BTN,2.5,25-30,Q6s,25,2,23,0,0,0,2023-09-17T20:08:53,2026-05-19T20:10:56
league1,BTN,2.5,25-30,Q7o,114,89,24,1,0,0,2023-09-02T15:53:11,2026-07-19T18:29:34
league1,BTN,2.5,25-30,Q7s,39,1,38,0,0,0,2023-09-04T19:22:00,2026-07-12T20:06:37
league1,BTN,2.5,25-30,Q8o,117,53,63,0,1,0,2023-09-02T21:44:12,2026-07-11T17:51:32
league1,BTN,2.5,25-30,Q8s,35,0,33,0,2,0,2023-09-05T13:27:45,2026-07-09T23:02:39
league1,BTN,2.5,25-30,Q9o,124,20,101,1,2,0,2023-09-11T15:52:38,2026-07-06T17:27:50
league1,BTN,2.5,25-30,Q9s,28,0,27,0,1,0,2023-09-03T20:42:08,2026-07-05T18:20:57
league1,BTN,2.5,25-30,QJo,128,2,119,1,6,0,2023-09-03T19:49:10,2026-07-17T16:29:13
league1,BTN,2.5,25-30,QJs,35,1,25,0,9,0,2023-09-05T20:10:41,2026-02-07T19:26:41
league1,BTN,2.5,25-30,QQ,71,0,1,40,30,0,2023-09-23T16:19:03,2026-07-10T17:12:18
league1,BTN,2.5,25-30,QTo,108,4,101,0,3,0,2023-09-04T05:46:45,2026-07-08T01:48:43
league1,BTN,2.5,25-30,QTs,53,0,39,0,14,0,2023-10-07T18:15:49,2026-06-12T22:45:42
league1,BTN,2.5,25-30,T2o,115,115,0,0,0,0,2023-09-04T19:22:21,2026-07-21T02:27:46
league1,BTN,2.5,25-30,T2s,38,23,15,0,0,0,2023-10-23T22:23:03,2026-07-13T14:50:05
league1,BTN,2.5,25-30,T3o,102,99,0,2,1,0,2023-09-04T00:33:18,2026-07-21T17:11:41
league1,BTN,2.5,25-30,T3s,38,16,22,0,0,0,2023-09-02T16:37:41,2026-07-01T23:45:28
league1,BTN,2.5,25-30,T4o,118,116,2,0,0,0,2023-09-05T20:37:21,2026-07-15T11:37:18
league1,BTN,2.5,25-30,T4s,35,19,16,0,0,0,2023-09-05T22:15:10,2026-06-24T21:40:43
league1,BTN,2.5,25-30,T5o,119,115,1,2,1,0,2023-09-02T20:07:17,2026-07-11T13:23:46
league1,BTN,2.5,25-30,T5s,39,15,24,0,0,0,2023-09-12T19:22:12,2026-07-01T22:46:05
league1,BTN,2.5,25-30,T6o,122,109,13,0,0,0,2023-09-10T19:24:13,2026-07-21T22:48:08
league1,BTN,2.5,25-30,T6s,35,7,27,1,0,0,2023-09-01T14:40:53,2026-06-17T21:06:55
league1,BTN,2.5,25-30,T7o,108,83,24,1,0,0,2023-09-03T15:32:44,2026-07-20T21:41:30
league1,BTN,2.5,25-30,T7s,39,0,37,0,2,0,2023-09-10T21:24:02,2026-06-30T15:44:53
league1,BTN,2.5,25-30,T8o,114,34,80,0,0,0,2023-09-02T13:53:40,2026-05-16T18:17:35
league1,BTN,2.5,25-30,T8s,32,0,31,0,1,0,2023-10-02T01:34:38,2026-07-08T18:49:14
league1,BTN,2.5,25-30,T9o,106,21,85,0,0,0,2023-09-03T21:19:10,2026-07-21T19:54:20
league1,BTN,2.5,25-30,T9s,44,0,41,0,3,0,2023-09-04T18:42:16,2026-06-22T07:32:04
league1,BTN,2.5,25-30,TT,55,0,1,12,42,0,2023-09-10T01:25:44,2026-07-20T10:51:40
league1,BTN,2.5,30-35,__MISSING__,926,493,347,34,52,0,2023-09-03T03:37:38,2026-07-19T20:29:28
league1,BTN,2.5,30-35,22,44,1,22,0,21,0,2023-09-16T23:36:13,2026-06-12T20:22:52
league1,BTN,2.5,30-35,32o,105,105,0,0,0,0,2023-09-11T13:17:12,2026-07-17T22:50:38
league1,BTN,2.5,30-35,32s,40,18,22,0,0,0,2023-09-05T17:22:05,2026-06-01T13:34:06
league1,BTN,2.5,30-35,33,49,2,21,0,26,0,2023-09-01T17:45:23,2026-06-29T16:14:29
league1,BTN,2.5,30-35,42o,92,91,1,0,0,0,2023-10-07T23:01:53,2026-07-21T15:42:48
league1,BTN,2.5,30-35,42s,40,20,20,0,0,0,2023-10-15T23:14:25,2026-07-05T19:30:06
league1,BTN,2.5,30-35,43o,100,90,10,0,0,0,2023-09-03T11:05:06,2026-06-23T18:12:05
league1,BTN,2.5,30-35,43s,40,8,32,0,0,0,2023-09-05T19:19:30,2026-06-29T01:16:13
league1,BTN,2.5,30-35,44,52,1,19,0,32,0,2023-12-25T19:47:10,2026-06-16T20:44:45
league1,BTN,2.5,30-35,52o,82,80,1,1,0,0,2023-09-03T22:49:16,2026-06-23T22:52:11
league1,BTN,2.5,30-35,52s,35,13,22,0,0,0,2023-09-03T23:29:02,2026-06-21T22:18:04
league1,BTN,2.5,30-35,53o,101,91,7,3,0,0,2023-09-03T19:30:44,2026-07-16T15:28:09
league1,BTN,2.5,30-35,53s,36,7,29,0,0,0,2023-09-13T15:27:17,2026-07-02T23:07:21
league1,BTN,2.5,30-35,54o,112,69,42,1,0,0,2023-09-04T17:33:09,2026-07-03T12:53:57
league1,BTN,2.5,30-35,54s,28,3,25,0,0,0,2023-09-09T19:04:25,2026-03-21T18:14:08
league1,BTN,2.5,30-35,55,63,0,15,0,48,0,2023-09-10T20:02:10,2026-06-16T15:20:56
league1,BTN,2.5,30-35,62o,94,93,0,1,0,0,2023-09-20T01:41:42,2026-06-01T20:14:47
league1,BTN,2.5,30-35,62s,33,12,20,1,0,0,2023-10-06T15:06:35,2026-07-06T17:25:29
league1,BTN,2.5,30-35,63o,101,99,2,0,0,0,2023-09-01T17:04:17,2026-07-08T02:27:16
league1,BTN,2.5,30-35,63s,31,9,22,0,0,0,2023-09-05T21:07:29,2026-07-11T19:06:21
league1,BTN,2.5,30-35,64o,96,73,20,3,0,0,2023-09-03T18:29:44,2026-07-20T17:03:01
league1,BTN,2.5,30-35,64s,35,3,31,0,1,0,2023-09-21T02:03:21,2026-05-18T06:21:01
league1,BTN,2.5,30-35,65o,101,43,56,2,0,0,2023-09-02T09:28:16,2026-06-22T19:04:47
league1,BTN,2.5,30-35,65s,22,1,20,0,1,0,2023-09-02T15:40:52,2026-05-21T07:46:28
league1,BTN,2.5,30-35,66,44,0,8,1,35,0,2023-09-04T17:20:55,2026-06-16T05:43:11
league1,BTN,2.5,30-35,72o,99,99,0,0,0,0,2023-09-09T14:47:12,2026-07-13T20:11:48
league1,BTN,2.5,30-35,72s,49,29,20,0,0,0,2023-09-17T21:54:31,2026-06-28T23:47:43
league1,BTN,2.5,30-35,73o,102,100,1,1,0,0,2023-09-04T15:20:00,2026-07-18T22:17:51
league1,BTN,2.5,30-35,73s,26,13,13,0,0,0,2023-09-04T20:28:01,2026-05-19T14:45:19
league1,BTN,2.5,30-35,74o,109,96,13,0,0,0,2023-09-09T03:07:43,2026-07-05T18:40:07
league1,BTN,2.5,30-35,74s,22,2,20,0,0,0,2023-09-10T20:03:53,2026-07-03T19:24:33
league1,BTN,2.5,30-35,75o,116,76,39,1,0,0,2023-09-05T19:31:48,2026-07-16T18:19:09
league1,BTN,2.5,30-35,75s,31,4,26,0,1,0,2023-09-22T18:03:28,2026-06-25T19:21:29
league1,BTN,2.5,30-35,76o,101,25,76,0,0,0,2023-09-10T18:19:08,2026-06-28T20:17:08
league1,BTN,2.5,30-35,76s,39,1,38,0,0,0,2023-09-13T19:31:21,2026-07-05T18:22:33
league1,BTN,2.5,30-35,77,48,0,12,1,35,0,2023-09-03T19:34:02,2026-07-20T21:34:29
league1,BTN,2.5,30-35,82o,103,103,0,0,0,0,2023-10-01T05:35:10,2026-07-12T05:24:31
league1,BTN,2.5,30-35,82s,37,20,17,0,0,0,2023-09-04T16:49:33,2026-06-04T18:24:57
league1,BTN,2.5,30-35,83o,99,96,2,1,0,0,2023-09-03T21:24:39,2026-07-21T17:38:35
league1,BTN,2.5,30-35,83s,32,16,16,0,0,0,2023-09-09T20:07:41,2026-06-27T18:04:06
league1,BTN,2.5,30-35,84o,101,97,2,2,0,0,2023-09-09T22:01:41,2026-07-11T20:17:55
league1,BTN,2.5,30-35,84s,33,13,20,0,0,0,2023-10-07T12:02:52,2026-06-29T19:40:50
league1,BTN,2.5,30-35,85o,96,88,7,1,0,0,2023-10-21T21:39:14,2026-07-09T22:07:46
league1,BTN,2.5,30-35,85s,37,5,32,0,0,0,2023-09-24T16:48:02,2026-06-01T23:14:05
league1,BTN,2.5,30-35,86o,103,48,55,0,0,0,2023-10-19T14:22:41,2026-07-20T20:02:00
league1,BTN,2.5,30-35,86s,31,0,31,0,0,0,2023-09-13T17:22:27,2026-06-26T18:30:30
league1,BTN,2.5,30-35,87o,112,26,85,1,0,0,2023-09-03T18:24:02,2026-07-20T20:34:56
league1,BTN,2.5,30-35,87s,25,0,24,0,1,0,2023-10-30T20:03:43,2026-02-11T23:28:53
league1,BTN,2.5,30-35,88,39,0,5,3,31,0,2023-09-30T19:38:24,2026-05-15T17:29:44
league1,BTN,2.5,30-35,92o,111,110,0,1,0,0,2023-09-03T16:12:28,2026-07-17T10:05:25
league1,BTN,2.5,30-35,92s,41,24,17,0,0,0,2023-12-07T19:28:49,2026-06-25T11:22:01
league1,BTN,2.5,30-35,93o,102,98,3,1,0,0,2023-09-02T18:25:47,2026-07-16T19:05:49
league1,BTN,2.5,30-35,93s,38,17,21,0,0,0,2023-09-03T18:30:12,2026-07-18T07:31:31
league1,BTN,2.5,30-35,94o,113,111,1,1,0,0,2023-09-02T14:19:39,2026-06-28T22:43:41
league1,BTN,2.5,30-35,94s,41,17,24,0,0,0,2023-09-08T20:14:45,2026-06-21T22:27:04
league1,BTN,2.5,30-35,95o,123,119,1,3,0,0,2023-09-04T20:15:44,2026-07-14T15:17:36
league1,BTN,2.5,30-35,95s,29,7,22,0,0,0,2024-01-17T10:51:52,2026-07-10T19:44:54
league1,BTN,2.5,30-35,96o,116,86,27,3,0,0,2023-09-06T19:34:12,2026-06-21T19:35:31
league1,BTN,2.5,30-35,96s,34,1,33,0,0,0,2023-09-23T04:53:50,2026-05-31T09:34:49
league1,BTN,2.5,30-35,97o,110,38,71,1,0,0,2023-09-10T09:42:27,2026-06-01T16:02:19
league1,BTN,2.5,30-35,97s,39,1,38,0,0,0,2023-09-10T19:21:54,2026-06-26T08:05:08
league1,BTN,2.5,30-35,98o,118,24,94,0,0,0,2023-09-05T20:13:27,2026-07-04T09:33:12
league1,BTN,2.5,30-35,98s,40,0,39,0,1,0,2023-09-14T19:30:58,2026-07-01T16:53:18
league1,BTN,2.5,30-35,99,53,0,1,6,46,0,2023-09-30T01:05:27,2026-07-09T20:03:04
league1,BTN,2.5,30-35,A2o,102,39,45,13,5,0,2023-09-04T17:37:15,2026-07-05T19:16:50
league1,BTN,2.5,30-35,A2s,30,0,26,0,4,0,2023-10-06T20:20:15,2026-07-16T19:03:02
league1,BTN,2.5,30-35,A3o,106,25,62,6,13,0,2023-09-15T18:38:16,2026-06-08T07:46:18
league1,BTN,2.5,30-35,A3s,35,0,27,0,8,0,2023-09-30T22:21:00,2026-07-17T22:25:38
league1,BTN,2.5,30-35,A4o,119,24,73,7,15,0,2023-09-08T18:04:21,2026-07-13T01:42:14
league1,BTN,2.5,30-35,A4s,42,2,26,0,14,0,2023-09-17T09:33:37,2026-07-20T02:24:21
league1,BTN,2.5,30-35,A5o,123,18,89,5,11,0,2023-09-01T18:12:37,2026-07-18T08:23:18
league1,BTN,2.5,30-35,A5s,29,1,20,0,8,0,2023-11-11T10:17:24,2026-05-18T20:45:31
league1,BTN,2.5,30-35,A6o,115,17,81,5,12,0,2023-09-03T21:23:46,2026-06-22T22:53:17
league1,BTN,2.5,30-35,A6s,33,0,29,0,4,0,2023-12-10T20:14:57,2026-06-12T23:10:37
league1,BTN,2.5,30-35,A7o,88,6,66,1,15,0,2023-09-01T22:51:38,2026-07-09T18:34:58
league1,BTN,2.5,30-35,A7s,31,0,25,0,6,0,2023-09-22T13:53:44,2026-07-14T15:12:46
league1,BTN,2.5,30-35,A8o,115,9,89,1,16,0,2023-09-04T13:36:48,2026-07-18T22:19:23
league1,BTN,2.5,30-35,A8s,40,0,32,1,7,0,2023-09-26T19:28:00,2026-05-08T22:24:25
league1,BTN,2.5,30-35,A9o,119,2,84,1,32,0,2023-09-10T20:25:32,2026-07-15T02:00:59
league1,BTN,2.5,30-35,A9s,39,0,31,0,8,0,2023-10-11T18:54:20,2026-05-30T17:51:49
league1,BTN,2.5,30-35,AA,52,0,4,48,0,0,2023-10-01T21:26:14,2026-07-18T19:07:05
league1,BTN,2.5,30-35,AJo,101,0,29,5,67,0,2023-09-14T19:20:02,2026-07-14T08:30:06
league1,BTN,2.5,30-35,AJs,38,0,11,10,17,0,2023-09-04T17:25:05,2026-06-08T23:24:29
league1,BTN,2.5,30-35,AKo,112,1,1,46,64,0,2023-09-04T18:02:44,2026-07-18T15:41:02
league1,BTN,2.5,30-35,AKs,32,1,0,17,14,0,2023-11-12T21:33:42,2026-05-31T18:22:21
league1,BTN,2.5,30-35,AQo,98,0,4,12,82,0,2023-09-02T14:10:00,2026-06-28T21:06:00
league1,BTN,2.5,30-35,AQs,43,0,2,18,23,0,2023-09-13T18:21:06,2026-04-15T16:05:18
league1,BTN,2.5,30-35,ATo,121,2,68,2,49,0,2023-10-09T20:05:07,2026-07-11T13:27:22
league1,BTN,2.5,30-35,ATs,41,0,24,4,13,0,2023-09-10T20:28:30,2026-07-10T18:19:24
league1,BTN,2.5,30-35,J2o,97,92,1,3,1,0,2023-09-11T17:51:57,2026-06-15T20:46:07
league1,BTN,2.5,30-35,J2s,41,9,29,2,1,0,2023-09-03T21:05:58,2026-07-08T19:46:51
league1,BTN,2.5,30-35,J3o,110,108,2,0,0,0,2023-09-02T21:41:31,2026-07-08T00:41:59
league1,BTN,2.5,30-35,J3s,43,6,37,0,0,0,2023-09-04T19:01:03,2026-07-16T13:49:54
league1,BTN,2.5,30-35,J4o,107,103,2,2,0,0,2023-09-09T05:40:06,2026-07-16T17:12:22
league1,BTN,2.5,30-35,J4s,28,8,18,1,1,0,2023-09-03T00:14:48,2026-06-21T12:38:34
league1,BTN,2.5,30-35,J5o,105,98,3,4,0,0,2023-09-04T17:54:26,2026-07-21T23:17:04
league1,BTN,2.5,30-35,J5s,41,5,36,0,0,0,2023-09-25T22:37:11,2026-06-29T22:22:43
league1,BTN,2.5,30-35,J6o,122,112,7,3,0,0,2023-09-05T20:16:17,2026-07-16T17:50:44
league1,BTN,2.5,30-35,J6s,41,6,33,1,1,0,2023-09-17T20:22:30,2026-07-09T19:05:52
league1,BTN,2.5,30-35,J7o,91,58,31,2,0,0,2023-09-08T19:17:22,2026-07-18T21:01:01
league1,BTN,2.5,30-35,J7s,29,2,27,0,0,0,2023-09-24T21:40:53,2026-06-01T13:30:56
league1,BTN,2.5,30-35,J8o,116,42,74,0,0,0,2023-09-02T08:01:27,2026-07-03T19:28:13
league1,BTN,2.5,30-35,J8s,36,0,34,0,2,0,2023-09-05T20:36:22,2026-06-30T12:44:31
league1,BTN,2.5,30-35,J9o,109,26,82,1,0,0,2023-09-04T17:35:13,2026-06-21T13:48:15
league1,BTN,2.5,30-35,J9s,37,1,33,0,3,0,2023-09-02T09:34:01,2026-07-15T21:27:44
league1,BTN,2.5,30-35,JJ,70,0,1,47,22,0,2023-09-06T20:20:18,2026-04-17T23:11:05
league1,BTN,2.5,30-35,JTo,115,7,107,0,1,0,2023-09-02T19:39:49,2026-07-12T18:44:07
league1,BTN,2.5,30-35,JTs,42,0,34,0,8,0,2023-09-15T21:06:42,2026-07-18T05:36:58
league1,BTN,2.5,30-35,K2o,106,92,7,7,0,0,2023-09-13T12:51:10,2026-07-14T21:45:55
league1,BTN,2.5,30-35,K2s,38,1,37,0,0,0,2023-09-03T21:39:40,2026-07-10T20:02:49
league1,BTN,2.5,30-35,K3o,95,78,11,6,0,0,2023-09-08T12:52:37,2026-07-17T20:18:56
league1,BTN,2.5,30-35,K3s,34,2,32,0,0,0,2023-10-15T18:12:17,2026-05-20T17:14:05
league1,BTN,2.5,30-35,K4o,106,81,21,3,1,0,2023-09-05T21:16:09,2026-07-16T07:20:55
league1,BTN,2.5,30-35,K4s,35,0,33,1,1,0,2023-09-05T17:48:29,2026-04-30T16:09:34
league1,BTN,2.5,30-35,K5o,136,101,25,8,2,0,2023-09-02T21:53:36,2026-07-19T22:13:52
league1,BTN,2.5,30-35,K5s,35,0,34,0,1,0,2023-09-05T17:10:56,2026-07-10T18:10:08
league1,BTN,2.5,30-35,K6o,107,67,31,8,1,0,2023-09-01T20:15:49,2026-07-11T15:37:11
league1,BTN,2.5,30-35,K6s,37,1,33,0,3,0,2023-09-09T12:31:08,2026-06-21T21:44:32
league1,BTN,2.5,30-35,K7o,120,52,60,7,1,0,2023-09-03T21:28:00,2026-06-28T20:54:30
league1,BTN,2.5,30-35,K7s,33,1,31,0,1,0,2023-11-13T18:33:30,2026-07-16T16:46:05
league1,BTN,2.5,30-35,K8o,109,36,68,5,0,0,2023-09-09T16:40:25,2026-07-16T17:14:36
league1,BTN,2.5,30-35,K8s,32,0,29,0,3,0,2023-09-02T16:25:44,2026-07-05T09:22:00
league1,BTN,2.5,30-35,K9o,119,18,98,2,1,0,2023-09-03T19:34:58,2026-07-02T15:03:52
league1,BTN,2.5,30-35,K9s,40,0,39,1,0,0,2023-11-15T20:21:30,2026-07-13T23:28:32
league1,BTN,2.5,30-35,KJo,126,1,106,2,17,0,2023-09-01T12:48:51,2026-07-20T20:27:07
league1,BTN,2.5,30-35,KJs,35,0,23,1,11,0,2023-09-09T09:05:04,2026-06-06T01:02:29
league1,BTN,2.5,30-35,KK,63,0,2,59,2,0,2023-09-06T20:54:12,2026-07-16T13:43:53
league1,BTN,2.5,30-35,KQo,128,0,88,1,39,0,2023-09-03T05:34:49,2026-07-19T16:36:42
league1,BTN,2.5,30-35,KQs,42,0,20,1,21,0,2023-09-02T20:16:00,2026-07-09T18:37:54
league1,BTN,2.5,30-35,KTo,107,2,101,0,4,0,2023-09-13T19:36:18,2026-06-14T02:46:11
league1,BTN,2.5,30-35,KTs,26,0,19,0,7,0,2023-12-11T21:11:45,2026-07-18T04:27:59
league1,BTN,2.5,30-35,Q2o,98,91,5,2,0,0,2023-09-04T14:38:14,2026-07-04T21:17:57
league1,BTN,2.5,30-35,Q2s,30,7,22,1,0,0,2023-09-01T21:07:10,2026-06-06T21:20:36
league1,BTN,2.5,30-35,Q3o,99,92,3,4,0,0,2023-09-03T19:15:47,2026-07-13T20:05:09
league1,BTN,2.5,30-35,Q3s,34,4,30,0,0,0,2023-09-05T21:42:19,2026-07-16T19:03:59
league1,BTN,2.5,30-35,Q4o,114,99,7,8,0,0,2023-09-28T04:25:31,2026-07-11T15:13:20
league1,BTN,2.5,30-35,Q4s,34,3,31,0,0,0,2023-09-14T19:16:42,2026-06-21T20:51:58
league1,BTN,2.5,30-35,Q5o,107,95,7,4,1,0,2023-09-12T15:14:45,2026-07-17T17:29:51
league1,BTN,2.5,30-35,Q5s,36,2,32,2,0,0,2023-11-12T05:35:26,2026-06-30T22:10:32
league1,BTN,2.5,30-35,Q6o,112,87,21,4,0,0,2023-09-10T16:29:32,2026-07-15T00:35:35
league1,BTN,2.5,30-35,Q6s,35,6,29,0,0,0,2023-10-29T15:12:25,2026-07-11T21:18:54
league1,BTN,2.5,30-35,Q7o,127,96,26,5,0,0,2023-09-17T21:36:05,2026-07-19T22:24:25
league1,BTN,2.5,30-35,Q7s,45,3,42,0,0,0,2023-09-10T17:51:46,2026-07-20T11:38:31
league1,BTN,2.5,30-35,Q8o,119,42,73,3,1,0,2023-09-02T04:46:29,2026-07-16T15:27:42
league1,BTN,2.5,30-35,Q8s,48,1,45,0,2,0,2023-10-01T18:43:01,2026-05-18T13:38:19
league1,BTN,2.5,30-35,Q9o,114,21,89,3,1,0,2023-09-03T20:21:54,2026-07-21T02:22:56
league1,BTN,2.5,30-35,Q9s,35,0,33,0,2,0,2023-09-03T19:42:10,2026-06-30T21:53:52
league1,BTN,2.5,30-35,QJo,109,2,100,1,6,0,2023-09-02T21:40:33,2026-06-17T21:54:46
league1,BTN,2.5,30-35,QJs,41,0,31,0,10,0,2023-09-13T17:38:55,2026-07-08T18:21:21
league1,BTN,2.5,30-35,QQ,72,0,0,55,17,0,2023-09-03T17:34:23,2026-06-21T03:01:20
league1,BTN,2.5,30-35,QTo,107,0,105,1,1,0,2023-09-06T16:06:40,2026-07-05T09:08:27
league1,BTN,2.5,30-35,QTs,43,0,33,0,10,0,2023-09-20T16:06:21,2026-06-06T21:14:43
league1,BTN,2.5,30-35,T2o,100,97,2,1,0,0,2023-09-13T20:21:12,2026-07-18T22:09:30
league1,BTN,2.5,30-35,T2s,27,15,10,1,1,0,2023-11-21T04:46:42,2026-06-22T00:17:22
league1,BTN,2.5,30-35,T3o,88,88,0,0,0,0,2023-09-05T17:13:20,2026-07-21T12:35:56
league1,BTN,2.5,30-35,T3s,40,20,19,1,0,0,2023-09-20T18:27:28,2026-07-14T21:51:55
league1,BTN,2.5,30-35,T4o,85,82,1,2,0,0,2023-09-09T06:24:56,2026-07-12T18:32:07
league1,BTN,2.5,30-35,T4s,21,6,14,0,1,0,2023-09-03T21:50:10,2026-04-22T00:41:38
league1,BTN,2.5,30-35,T5o,125,122,3,0,0,0,2023-09-02T20:54:43,2026-07-15T05:22:52
league1,BTN,2.5,30-35,T5s,23,6,17,0,0,0,2023-09-02T14:41:11,2026-01-02T17:45:07
league1,BTN,2.5,30-35,T6o,113,98,12,3,0,0,2023-09-06T19:14:07,2026-07-12T21:51:32
league1,BTN,2.5,30-35,T6s,46,3,43,0,0,0,2023-09-30T07:39:33,2026-06-05T17:15:37
league1,BTN,2.5,30-35,T7o,107,75,30,1,1,0,2023-09-06T15:04:24,2026-07-13T21:34:51
league1,BTN,2.5,30-35,T7s,35,2,33,0,0,0,2023-09-21T22:41:37,2026-07-03T16:47:20
league1,BTN,2.5,30-35,T8o,111,44,64,2,1,0,2023-09-13T22:29:02,2026-07-21T22:50:11
league1,BTN,2.5,30-35,T8s,40,0,39,0,1,0,2023-09-01T23:26:10,2026-07-17T17:28:46
league1,BTN,2.5,30-35,T9o,104,14,89,1,0,0,2023-09-25T17:52:13,2026-07-09T15:19:19
league1,BTN,2.5,30-35,T9s,48,0,43,0,5,0,2023-10-29T18:26:37,2026-07-13T19:34:44
league1,BTN,2.5,30-35,TT,54,0,2,16,36,0,2023-09-04T20:53:25,2026-05-08T19:06:43
league1,BTN,2.5,35-40,__MISSING__,962,490,383,43,46,0,2023-09-01T19:38:53,2026-07-20T21:21:01
league1,BTN,2.5,35-40,22,57,1,37,0,19,0,2023-09-03T17:07:44,2026-07-14T22:35:03
league1,BTN,2.5,35-40,32o,92,89,3,0,0,0,2023-09-03T21:27:28,2026-07-13T22:33:02
league1,BTN,2.5,35-40,32s,31,13,18,0,0,0,2023-09-16T10:29:42,2026-07-18T12:31:33
league1,BTN,2.5,35-40,33,52,1,29,0,22,0,2023-09-02T08:12:39,2026-07-19T19:26:14
league1,BTN,2.5,35-40,42o,102,99,1,2,0,0,2023-09-01T20:31:47,2026-06-13T16:29:08
league1,BTN,2.5,35-40,42s,40,10,30,0,0,0,2023-09-23T21:27:33,2026-07-07T17:20:30
league1,BTN,2.5,35-40,43o,120,105,15,0,0,0,2023-09-07T07:36:35,2026-06-15T19:11:00
league1,BTN,2.5,35-40,43s,44,2,41,1,0,0,2023-09-17T21:37:27,2026-07-03T05:20:30
league1,BTN,2.5,35-40,44,53,1,28,0,24,0,2023-09-05T21:41:08,2026-07-09T19:10:43
league1,BTN,2.5,35-40,52o,99,96,2,1,0,0,2023-09-09T17:08:08,2026-06-15T12:34:22
league1,BTN,2.5,35-40,52s,34,13,21,0,0,0,2023-09-06T16:46:20,2026-06-12T14:54:57
league1,BTN,2.5,35-40,53o,100,93,6,1,0,0,2023-09-04T21:18:39,2026-07-05T21:01:00
league1,BTN,2.5,35-40,53s,33,2,31,0,0,0,2023-12-07T22:42:23,2026-07-17T16:37:56
league1,BTN,2.5,35-40,54o,96,52,43,1,0,0,2023-09-06T20:46:57,2026-07-13T16:21:24
league1,BTN,2.5,35-40,54s,32,0,32,0,0,0,2023-10-05T20:39:08,2026-04-28T15:16:10
league1,BTN,2.5,35-40,55,49,0,23,0,26,0,2023-09-04T23:06:44,2026-06-28T16:09:17
league1,BTN,2.5,35-40,62o,94,94,0,0,0,0,2023-09-04T00:29:38,2026-05-31T19:04:58
league1,BTN,2.5,35-40,62s,29,15,13,1,0,0,2023-09-30T18:18:32,2026-05-25T14:06:42
league1,BTN,2.5,35-40,63o,118,115,3,0,0,0,2023-09-03T17:19:17,2026-07-11T22:42:27
league1,BTN,2.5,35-40,63s,29,6,23,0,0,0,2023-09-23T21:47:23,2026-07-05T16:21:41
league1,BTN,2.5,35-40,64o,96,74,20,2,0,0,2023-09-06T22:02:58,2026-07-20T15:24:52
league1,BTN,2.5,35-40,64s,30,1,29,0,0,0,2023-09-25T17:52:55,2026-06-07T20:13:44
league1,BTN,2.5,35-40,65o,101,37,63,0,1,0,2023-09-03T18:11:32,2026-07-16T17:02:56
league1,BTN,2.5,35-40,65s,20,0,19,0,1,0,2023-11-09T19:48:34,2026-06-24T16:05:23
league1,BTN,2.5,35-40,66,46,0,22,0,24,0,2023-09-12T20:25:12,2026-07-21T15:02:36
league1,BTN,2.5,35-40,72o,93,92,0,1,0,0,2023-09-04T10:40:29,2026-07-20T13:36:34
league1,BTN,2.5,35-40,72s,40,27,13,0,0,0,2023-09-02T14:17:47,2026-07-03T16:13:35
league1,BTN,2.5,35-40,73o,108,105,3,0,0,0,2023-09-02T19:27:44,2026-07-12T10:40:27
league1,BTN,2.5,35-40,73s,30,11,18,1,0,0,2023-10-08T10:08:40,2026-06-23T21:15:20
league1,BTN,2.5,35-40,74o,100,94,5,1,0,0,2023-09-02T17:20:26,2026-07-19T18:43:24
league1,BTN,2.5,35-40,74s,44,3,40,1,0,0,2023-09-08T21:10:22,2026-06-21T21:54:28
league1,BTN,2.5,35-40,75o,78,46,32,0,0,0,2023-09-07T17:51:22,2026-07-13T22:49:04
league1,BTN,2.5,35-40,75s,29,0,28,1,0,0,2023-09-06T22:23:47,2026-07-05T18:38:01
league1,BTN,2.5,35-40,76o,98,34,63,0,1,0,2023-09-03T16:39:16,2026-07-02T12:48:53
league1,BTN,2.5,35-40,76s,37,1,36,0,0,0,2023-09-09T23:35:32,2026-06-21T18:48:41
league1,BTN,2.5,35-40,77,56,0,20,3,33,0,2023-09-08T17:49:37,2026-07-12T20:31:21
league1,BTN,2.5,35-40,82o,99,96,2,1,0,0,2023-09-15T17:54:06,2026-07-12T19:10:09
league1,BTN,2.5,35-40,82s,31,18,12,1,0,0,2023-09-20T12:34:05,2026-05-30T05:49:54
league1,BTN,2.5,35-40,83o,105,104,0,1,0,0,2023-09-11T20:20:28,2026-06-22T07:25:43
league1,BTN,2.5,35-40,83s,27,12,13,2,0,0,2023-09-02T21:44:06,2026-05-12T09:19:01
league1,BTN,2.5,35-40,84o,105,98,5,2,0,0,2023-09-25T11:25:08,2026-07-10T20:01:46
league1,BTN,2.5,35-40,84s,30,8,22,0,0,0,2023-10-21T16:52:17,2026-07-16T17:01:00
league1,BTN,2.5,35-40,85o,84,69,15,0,0,0,2023-09-11T16:09:11,2026-07-03T19:47:26
league1,BTN,2.5,35-40,85s,26,2,24,0,0,0,2023-10-18T11:25:53,2026-07-16T13:43:49
league1,BTN,2.5,35-40,86o,107,55,49,3,0,0,2023-09-17T19:28:34,2026-07-11T20:37:11
league1,BTN,2.5,35-40,86s,38,2,35,1,0,0,2023-09-07T15:46:28,2026-05-11T18:04:36
league1,BTN,2.5,35-40,87o,91,12,79,0,0,0,2023-09-06T19:32:32,2026-06-25T22:24:41
league1,BTN,2.5,35-40,87s,34,0,32,0,2,0,2023-09-13T19:46:04,2026-05-24T19:39:47
league1,BTN,2.5,35-40,88,50,0,7,5,38,0,2023-09-09T07:10:17,2026-07-19T20:16:15
league1,BTN,2.5,35-40,92o,100,99,1,0,0,0,2023-09-05T21:21:12,2026-07-14T11:47:54
league1,BTN,2.5,35-40,92s,28,14,14,0,0,0,2023-11-08T19:05:16,2026-05-29T18:33:08
league1,BTN,2.5,35-40,93o,99,99,0,0,0,0,2023-09-03T17:04:10,2026-07-18T08:34:51
league1,BTN,2.5,35-40,93s,33,14,19,0,0,0,2023-10-23T22:48:52,2026-06-29T11:47:11
league1,BTN,2.5,35-40,94o,91,89,1,1,0,0,2023-09-03T20:39:15,2026-06-25T18:48:19
league1,BTN,2.5,35-40,94s,29,18,10,1,0,0,2024-01-15T22:34:38,2026-04-07T08:11:18
league1,BTN,2.5,35-40,95o,106,100,6,0,0,0,2023-09-05T17:37:05,2026-07-16T13:39:54
league1,BTN,2.5,35-40,95s,34,2,31,0,1,0,2023-09-10T14:42:13,2026-06-15T17:50:21
league1,BTN,2.5,35-40,96o,102,81,20,1,0,0,2023-09-03T18:39:31,2026-07-13T16:42:30
league1,BTN,2.5,35-40,96s,51,4,47,0,0,0,2023-09-02T23:07:08,2026-06-20T22:25:44
league1,BTN,2.5,35-40,97o,98,48,48,2,0,0,2023-10-16T19:08:17,2026-07-10T20:03:03
league1,BTN,2.5,35-40,97s,34,1,33,0,0,0,2023-09-26T17:03:58,2026-07-10T17:00:56
league1,BTN,2.5,35-40,98o,106,20,86,0,0,0,2023-09-04T16:27:26,2026-07-14T16:48:33
league1,BTN,2.5,35-40,98s,35,0,34,0,1,0,2023-11-18T00:08:37,2026-06-28T20:13:02
league1,BTN,2.5,35-40,99,50,0,6,14,30,0,2023-09-06T17:13:38,2026-06-12T23:11:15
league1,BTN,2.5,35-40,A2o,84,27,41,15,1,0,2023-09-04T17:47:23,2026-05-23T19:25:56
league1,BTN,2.5,35-40,A2s,30,0,28,0,2,0,2023-12-06T16:25:13,2026-07-04T23:20:15
league1,BTN,2.5,35-40,A3o,105,23,67,12,3,0,2023-09-02T19:33:04,2026-07-17T15:42:35
league1,BTN,2.5,35-40,A3s,39,0,34,1,4,0,2023-09-04T00:34:22,2026-07-07T09:41:27
league1,BTN,2.5,35-40,A4o,107,33,59,12,3,0,2023-09-03T23:43:44,2026-07-20T11:43:41
league1,BTN,2.5,35-40,A4s,35,0,30,0,5,0,2023-09-05T16:40:32,2026-06-13T19:17:46
league1,BTN,2.5,35-40,A5o,93,14,67,5,7,0,2023-09-08T06:16:00,2026-07-19T20:36:31
league1,BTN,2.5,35-40,A5s,35,1,28,0,6,0,2023-11-26T04:21:48,2026-07-15T17:42:01
league1,BTN,2.5,35-40,A6o,104,20,72,5,7,0,2023-09-09T19:26:11,2026-06-25T19:52:44
league1,BTN,2.5,35-40,A6s,29,0,23,0,6,0,2023-09-05T20:12:34,2026-06-20T20:03:57
league1,BTN,2.5,35-40,A7o,99,19,72,3,5,0,2023-09-10T20:19:24,2026-06-16T21:30:04
league1,BTN,2.5,35-40,A7s,35,1,31,1,2,0,2023-09-21T17:44:27,2026-06-13T12:02:31
league1,BTN,2.5,35-40,A8o,110,7,94,1,8,0,2023-09-06T15:09:59,2026-07-21T16:49:47
league1,BTN,2.5,35-40,A8s,29,0,24,0,5,0,2023-10-29T22:23:34,2026-05-22T20:12:43
league1,BTN,2.5,35-40,A9o,95,2,82,1,10,0,2023-09-09T20:06:10,2026-07-20T16:41:40
league1,BTN,2.5,35-40,A9s,30,0,23,1,6,0,2023-09-10T23:16:22,2026-07-11T23:16:41
league1,BTN,2.5,35-40,AA,59,0,6,52,1,0,2023-09-09T07:45:10,2026-07-16T22:09:49
league1,BTN,2.5,35-40,AJo,96,0,45,9,42,0,2023-09-07T18:12:44,2026-06-17T22:39:17
league1,BTN,2.5,35-40,AJs,44,0,20,13,11,0,2023-09-26T20:46:43,2026-06-14T16:26:59
league1,BTN,2.5,35-40,AKo,111,1,2,64,44,0,2023-09-06T07:10:39,2026-07-15T15:09:22
league1,BTN,2.5,35-40,AKs,33,0,1,20,12,0,2023-09-23T11:33:05,2026-04-24T02:43:41
league1,BTN,2.5,35-40,AQo,104,0,9,39,56,0,2023-09-01T20:43:37,2026-07-04T22:02:05
league1,BTN,2.5,35-40,AQs,39,0,1,24,14,0,2023-09-01T20:37:24,2026-07-18T22:46:37
league1,BTN,2.5,35-40,ATo,107,1,86,4,16,0,2023-09-03T13:34:45,2026-07-03T13:02:50
league1,BTN,2.5,35-40,ATs,38,0,31,2,5,0,2023-11-08T18:47:51,2026-07-14T22:20:56
league1,BTN,2.5,35-40,J2o,99,96,3,0,0,0,2023-09-04T20:37:57,2026-06-29T20:29:56
league1,BTN,2.5,35-40,J2s,32,7,24,1,0,0,2024-01-02T10:39:19,2026-07-12T08:36:43
league1,BTN,2.5,35-40,J3o,102,99,2,1,0,0,2023-09-02T20:12:07,2026-06-28T20:02:37
league1,BTN,2.5,35-40,J3s,39,11,28,0,0,0,2023-09-01T19:20:54,2026-07-04T23:03:39
league1,BTN,2.5,35-40,J4o,117,108,3,6,0,0,2023-09-03T20:42:38,2026-07-17T19:33:37
league1,BTN,2.5,35-40,J4s,38,3,33,2,0,0,2023-09-26T09:18:45,2026-06-07T20:01:01
league1,BTN,2.5,35-40,J5o,94,89,1,4,0,0,2023-09-04T19:08:44,2026-07-06T14:10:36
league1,BTN,2.5,35-40,J5s,33,8,24,1,0,0,2023-09-10T15:18:07,2026-05-12T10:44:51
league1,BTN,2.5,35-40,J6o,91,87,4,0,0,0,2023-09-11T22:45:00,2026-07-17T15:54:14
league1,BTN,2.5,35-40,J6s,30,5,25,0,0,0,2023-11-13T18:31:07,2026-06-19T19:24:51
league1,BTN,2.5,35-40,J7o,105,69,32,3,1,0,2023-10-01T18:22:47,2026-07-17T11:21:05
league1,BTN,2.5,35-40,J7s,36,0,34,0,2,0,2023-09-03T19:18:53,2026-06-04T11:09:28
league1,BTN,2.5,35-40,J8o,130,43,84,3,0,0,2023-09-02T20:34:38,2026-06-30T16:29:33
league1,BTN,2.5,35-40,J8s,35,1,32,1,1,0,2023-11-09T21:34:06,2026-07-15T21:41:03
league1,BTN,2.5,35-40,J9o,98,15,82,0,1,0,2023-09-10T17:46:10,2026-07-20T18:48:01
league1,BTN,2.5,35-40,J9s,37,1,35,0,1,0,2023-09-02T16:30:29,2026-07-05T17:20:07
league1,BTN,2.5,35-40,JJ,60,0,0,46,14,0,2023-09-02T01:45:20,2026-07-19T07:19:52
league1,BTN,2.5,35-40,JTo,105,3,99,2,1,0,2023-09-03T22:52:57,2026-07-04T18:34:47
league1,BTN,2.5,35-40,JTs,43,0,35,0,8,0,2023-09-18T17:22:31,2026-05-31T20:43:53
league1,BTN,2.5,35-40,K2o,110,88,15,7,0,0,2023-09-01T20:46:34,2026-07-19T18:31:35
league1,BTN,2.5,35-40,K2s,34,1,32,0,1,0,2023-10-15T11:38:02,2026-04-11T20:45:05
league1,BTN,2.5,35-40,K3o,104,87,11,6,0,0,2023-09-11T17:43:27,2026-07-17T10:34:14
league1,BTN,2.5,35-40,K3s,37,2,35,0,0,0,2023-11-18T01:42:05,2026-05-18T18:46:20
league1,BTN,2.5,35-40,K4o,116,91,18,6,1,0,2023-09-03T04:43:42,2026-07-18T18:21:56
league1,BTN,2.5,35-40,K4s,38,0,37,0,1,0,2023-09-04T20:31:02,2026-04-08T12:30:55
league1,BTN,2.5,35-40,K5o,108,59,40,9,0,0,2023-09-01T22:17:38,2026-07-13T17:16:26
league1,BTN,2.5,35-40,K5s,32,1,31,0,0,0,2024-01-24T18:33:23,2026-06-17T14:46:12
league1,BTN,2.5,35-40,K6o,95,52,36,5,2,0,2023-09-02T21:36:35,2026-07-20T22:54:07
league1,BTN,2.5,35-40,K6s,44,1,42,0,1,0,2023-10-01T15:21:38,2026-04-15T07:46:40
league1,BTN,2.5,35-40,K7o,117,47,65,4,1,0,2023-09-26T19:39:21,2026-07-02T20:05:35
league1,BTN,2.5,35-40,K7s,36,0,35,0,1,0,2024-01-02T19:45:49,2026-07-12T22:44:01
league1,BTN,2.5,35-40,K8o,98,32,62,4,0,0,2023-09-06T18:04:44,2026-07-05T12:33:09
league1,BTN,2.5,35-40,K8s,27,0,26,1,0,0,2023-12-26T10:33:09,2026-06-29T10:40:48
league1,BTN,2.5,35-40,K9o,91,9,80,2,0,0,2023-09-07T05:33:35,2026-07-04T17:54:05
league1,BTN,2.5,35-40,K9s,40,0,39,0,1,0,2023-10-03T21:34:22,2026-05-04T16:14:58
league1,BTN,2.5,35-40,KJo,112,0,111,0,1,0,2023-09-12T09:14:53,2026-07-14T11:47:17
league1,BTN,2.5,35-40,KJs,37,0,27,2,8,0,2023-09-25T19:51:21,2026-07-05T17:24:48
league1,BTN,2.5,35-40,KK,59,0,2,56,1,0,2023-09-21T22:05:20,2026-05-03T21:49:28
league1,BTN,2.5,35-40,KQo,82,1,67,3,11,0,2023-09-03T19:52:28,2026-06-28T16:44:45
league1,BTN,2.5,35-40,KQs,41,0,25,4,12,0,2023-09-12T17:13:47,2026-03-29T05:01:47
league1,BTN,2.5,35-40,KTo,108,3,102,0,3,0,2023-09-02T08:00:21,2026-07-10T22:51:04
league1,BTN,2.5,35-40,KTs,37,0,33,0,4,0,2023-09-02T21:53:51,2026-05-09T21:48:33
league1,BTN,2.5,35-40,Q2o,98,87,7,4,0,0,2023-09-09T18:06:03,2026-06-22T18:50:21
league1,BTN,2.5,35-40,Q2s,39,2,36,0,1,0,2023-10-26T15:54:50,2026-06-20T03:09:36
league1,BTN,2.5,35-40,Q3o,110,95,4,11,0,0,2023-09-04T01:37:00,2026-07-10T20:04:20
league1,BTN,2.5,35-40,Q3s,40,4,35,0,1,0,2023-09-13T19:29:15,2026-07-15T07:39:09
league1,BTN,2.5,35-40,Q4o,89,82,5,2,0,0,2023-09-05T18:34:11,2026-06-06T15:21:02
league1,BTN,2.5,35-40,Q4s,28,1,27,0,0,0,2023-11-06T22:15:18,2026-07-06T16:15:34
league1,BTN,2.5,35-40,Q5o,109,96,12,1,0,0,2023-09-09T18:28:35,2026-07-15T10:50:54
league1,BTN,2.5,35-40,Q5s,37,2,35,0,0,0,2023-12-28T14:44:45,2026-06-06T17:18:57
league1,BTN,2.5,35-40,Q6o,88,72,11,5,0,0,2023-09-04T19:38:41,2026-07-20T00:47:15
league1,BTN,2.5,35-40,Q6s,27,1,25,1,0,0,2023-09-02T22:43:47,2026-07-17T20:22:33
league1,BTN,2.5,35-40,Q7o,98,61,32,5,0,0,2023-09-13T14:18:07,2026-07-07T17:15:25
league1,BTN,2.5,35-40,Q7s,38,4,34,0,0,0,2023-11-12T19:26:45,2026-07-12T21:48:23
league1,BTN,2.5,35-40,Q8o,93,37,55,0,1,0,2023-09-10T18:34:30,2026-07-11T10:08:03
league1,BTN,2.5,35-40,Q8s,34,0,33,0,1,0,2023-11-19T00:47:17,2026-05-23T21:32:47
league1,BTN,2.5,35-40,Q9o,106,14,90,2,0,0,2023-09-04T20:34:49,2026-06-29T20:38:32
league1,BTN,2.5,35-40,Q9s,31,0,31,0,0,0,2023-09-07T18:33:31,2026-06-19T17:38:00
league1,BTN,2.5,35-40,QJo,103,2,96,1,4,0,2023-09-01T20:09:18,2026-07-16T13:30:42
league1,BTN,2.5,35-40,QJs,45,0,42,0,3,0,2023-12-04T20:50:37,2026-07-05T19:18:58
league1,BTN,2.5,35-40,QQ,60,1,0,56,3,0,2023-09-05T22:45:08,2026-07-12T20:07:18
league1,BTN,2.5,35-40,QTo,98,1,94,1,2,0,2023-09-02T15:19:38,2026-07-18T20:33:35
league1,BTN,2.5,35-40,QTs,45,1,40,0,4,0,2023-11-13T01:01:00,2026-07-09T09:08:12
league1,BTN,2.5,35-40,T2o,98,97,0,1,0,0,2023-09-10T17:25:31,2026-07-20T12:20:54
league1,BTN,2.5,35-40,T2s,39,15,23,1,0,0,2023-10-21T18:25:53,2026-07-16T15:26:14
league1,BTN,2.5,35-40,T3o,90,87,1,2,0,0,2023-09-04T10:02:03,2026-07-02T12:45:37
league1,BTN,2.5,35-40,T3s,36,10,24,2,0,0,2023-09-04T18:15:43,2026-07-08T13:52:34
league1,BTN,2.5,35-40,T4o,97,96,1,0,0,0,2023-10-27T20:51:50,2026-06-14T17:33:20
league1,BTN,2.5,35-40,T4s,37,12,23,1,1,0,2023-09-05T17:51:22,2026-06-08T10:41:18
league1,BTN,2.5,35-40,T5o,114,110,1,3,0,0,2023-09-09T06:48:08,2026-06-07T16:21:40
league1,BTN,2.5,35-40,T5s,32,9,23,0,0,0,2023-10-02T18:41:44,2026-03-10T06:15:50
league1,BTN,2.5,35-40,T6o,100,84,15,1,0,0,2023-09-06T22:17:17,2026-07-19T23:54:29
league1,BTN,2.5,35-40,T6s,34,3,31,0,0,0,2023-09-10T05:25:22,2026-06-30T18:23:44
league1,BTN,2.5,35-40,T7o,107,68,35,4,0,0,2023-09-06T18:36:05,2026-07-01T23:15:28
league1,BTN,2.5,35-40,T7s,36,0,36,0,0,0,2023-10-30T20:50:23,2026-07-09T15:46:04
league1,BTN,2.5,35-40,T8o,112,39,72,1,0,0,2023-09-06T19:02:52,2026-07-18T21:53:51
league1,BTN,2.5,35-40,T8s,38,0,38,0,0,0,2023-09-15T13:28:45,2026-07-20T03:04:17
league1,BTN,2.5,35-40,T9o,128,10,116,2,0,0,2023-09-05T20:18:57,2026-07-16T04:05:28
league1,BTN,2.5,35-40,T9s,46,1,40,1,4,0,2023-09-11T18:06:24,2026-07-21T16:04:35
league1,BTN,2.5,35-40,TT,65,0,2,27,36,0,2023-09-22T20:05:05,2026-07-14T08:22:32
league1,BTN,3.0,25-30,__MISSING__,733,568,114,8,43,0,2023-09-02T22:13:39,2026-07-19T22:27:46
league1,BTN,3.0,25-30,22,38,9,19,1,9,0,2023-10-25T23:47:32,2026-07-10T12:35:03
league1,BTN,3.0,25-30,32o,77,75,1,1,0,0,2023-09-12T22:38:30,2026-06-25T01:28:46
league1,BTN,3.0,25-30,32s,31,29,2,0,0,0,2023-10-18T17:47:04,2026-07-16T22:05:20
league1,BTN,3.0,25-30,33,44,7,13,0,24,0,2023-09-28T07:45:00,2026-06-15T19:32:20
league1,BTN,3.0,25-30,42o,104,103,1,0,0,0,2023-09-13T09:16:14,2026-06-26T00:49:16
league1,BTN,3.0,25-30,42s,28,23,5,0,0,0,2023-09-08T21:19:30,2026-06-11T20:35:24
league1,BTN,3.0,25-30,43o,84,83,1,0,0,0,2023-09-22T06:40:50,2026-06-14T09:51:35
league1,BTN,3.0,25-30,43s,27,18,9,0,0,0,2023-10-29T19:10:16,2026-06-06T19:08:07
league1,BTN,3.0,25-30,44,46,7,19,1,19,0,2023-10-22T20:14:25,2026-07-08T22:23:18
league1,BTN,3.0,25-30,52o,110,110,0,0,0,0,2023-09-09T18:52:07,2026-07-18T22:51:37
league1,BTN,3.0,25-30,52s,26,23,3,0,0,0,2023-09-30T21:44:47,2026-07-07T09:41:53
league1,BTN,3.0,25-30,53o,93,92,0,1,0,0,2023-10-22T23:10:44,2026-07-12T23:03:45
league1,BTN,3.0,25-30,53s,25,10,15,0,0,0,2023-09-23T20:44:08,2026-06-07T20:33:08
league1,BTN,3.0,25-30,54o,74,70,4,0,0,0,2023-09-04T21:08:15,2026-07-17T21:42:43
league1,BTN,3.0,25-30,54s,27,9,18,0,0,0,2023-10-29T02:16:04,2026-07-19T21:35:32
league1,BTN,3.0,25-30,55,41,3,14,0,24,0,2023-11-02T06:52:47,2026-06-24T23:48:29
league1,BTN,3.0,25-30,62o,85,85,0,0,0,0,2023-09-30T17:14:37,2026-07-21T08:50:02
league1,BTN,3.0,25-30,62s,34,29,5,0,0,0,2023-09-29T16:27:55,2026-05-16T22:49:53
league1,BTN,3.0,25-30,63o,96,94,2,0,0,0,2023-09-02T22:26:32,2026-07-13T07:30:13
league1,BTN,3.0,25-30,63s,33,25,7,0,1,0,2023-09-17T18:50:16,2026-06-27T13:16:55
league1,BTN,3.0,25-30,64o,96,91,5,0,0,0,2023-09-04T19:38:44,2026-07-14T04:09:42
league1,BTN,3.0,25-30,64s,32,13,18,1,0,0,2023-11-13T23:52:47,2026-06-27T17:31:21
league1,BTN,3.0,25-30,65o,89,75,13,1,0,0,2023-09-04T22:35:09,2026-07-09T21:43:02
league1,BTN,3.0,25-30,65s,36,12,22,0,2,0,2023-10-20T20:46:21,2026-05-28T22:46:16
league1,BTN,3.0,25-30,66,45,0,9,1,35,0,2023-09-01T20:42:05,2026-07-05T21:16:23
league1,BTN,3.0,25-30,72o,97,97,0,0,0,0,2023-09-10T22:04:07,2026-06-28T22:29:40
league1,BTN,3.0,25-30,72s,27,25,2,0,0,0,2023-10-17T07:43:20,2026-04-19T02:29:13
league1,BTN,3.0,25-30,73o,89,89,0,0,0,0,2023-09-02T18:40:17,2026-06-26T21:29:42
league1,BTN,3.0,25-30,73s,27,23,4,0,0,0,2023-12-12T16:27:38,2025-11-26T18:26:52
league1,BTN,3.0,25-30,74o,75,74,0,0,1,0,2023-09-17T18:27:50,2026-07-04T20:28:01
league1,BTN,3.0,25-30,74s,32,17,15,0,0,0,2023-09-09T18:33:16,2026-07-16T21:04:28
league1,BTN,3.0,25-30,75o,98,91,6,1,0,0,2023-09-07T18:36:53,2026-07-12T19:03:18
league1,BTN,3.0,25-30,75s,36,15,20,0,1,0,2023-09-29T20:14:17,2026-06-15T18:40:46
league1,BTN,3.0,25-30,76o,91,71,20,0,0,0,2023-09-14T21:36:00,2026-06-27T21:07:57
league1,BTN,3.0,25-30,76s,28,5,23,0,0,0,2023-09-11T22:51:38,2026-06-19T20:50:54
league1,BTN,3.0,25-30,77,54,2,11,0,41,0,2023-09-16T19:21:52,2026-07-03T21:29:33
league1,BTN,3.0,25-30,82o,90,90,0,0,0,0,2023-09-02T19:29:56,2026-07-21T20:35:30
league1,BTN,3.0,25-30,82s,28,25,3,0,0,0,2023-09-13T20:37:29,2026-06-27T15:16:18
league1,BTN,3.0,25-30,83o,81,79,0,1,1,0,2023-09-05T14:18:15,2026-07-18T17:30:53
league1,BTN,3.0,25-30,83s,27,22,5,0,0,0,2023-10-21T05:03:46,2026-06-20T22:30:08
league1,BTN,3.0,25-30,84o,97,96,0,1,0,0,2023-09-17T19:09:04,2026-07-12T21:38:05
league1,BTN,3.0,25-30,84s,31,19,12,0,0,0,2024-01-07T22:01:55,2026-05-23T22:18:25
league1,BTN,3.0,25-30,85o,83,80,3,0,0,0,2023-09-03T08:29:32,2026-07-20T19:16:11
league1,BTN,3.0,25-30,85s,24,12,12,0,0,0,2023-09-18T13:32:26,2026-04-09T00:02:04
league1,BTN,3.0,25-30,86o,73,68,4,1,0,0,2023-10-22T15:39:04,2026-05-21T07:15:11
league1,BTN,3.0,25-30,86s,29,10,19,0,0,0,2023-09-21T17:24:19,2026-07-17T18:31:12
league1,BTN,3.0,25-30,87o,89,70,18,1,0,0,2023-09-09T19:13:36,2026-06-09T20:10:25
league1,BTN,3.0,25-30,87s,31,4,26,0,1,0,2023-09-03T21:04:03,2026-07-03T21:51:45
league1,BTN,3.0,25-30,88,40,1,2,0,37,0,2023-09-29T12:40:20,2026-06-22T22:33:03
league1,BTN,3.0,25-30,92o,88,88,0,0,0,0,2023-10-13T21:13:15,2026-07-17T00:25:33
league1,BTN,3.0,25-30,92s,34,33,1,0,0,0,2023-09-01T21:45:29,2026-06-12T22:06:07
league1,BTN,3.0,25-30,93o,86,86,0,0,0,0,2023-09-05T19:22:40,2026-07-14T17:02:27
league1,BTN,3.0,25-30,93s,33,28,5,0,0,0,2023-11-04T21:52:24,2026-06-16T21:54:10
league1,BTN,3.0,25-30,94o,76,76,0,0,0,0,2023-09-24T21:36:59,2026-07-19T20:05:58
league1,BTN,3.0,25-30,94s,37,32,5,0,0,0,2023-09-30T20:13:07,2026-07-04T23:15:14
league1,BTN,3.0,25-30,95o,102,101,0,0,1,0,2023-09-20T20:54:45,2026-07-04T20:44:20
league1,BTN,3.0,25-30,95s,33,22,11,0,0,0,2023-09-02T23:09:42,2026-07-12T20:04:31
league1,BTN,3.0,25-30,96o,87,84,3,0,0,0,2023-09-04T19:42:17,2026-07-07T15:19:45
league1,BTN,3.0,25-30,96s,29,12,17,0,0,0,2023-09-14T12:16:26,2026-07-12T13:39:05
league1,BTN,3.0,25-30,97o,88,80,8,0,0,0,2023-09-02T11:12:45,2026-06-20T14:40:21
league1,BTN,3.0,25-30,97s,29,6,23,0,0,0,2023-10-02T23:10:24,2026-06-15T22:24:42
league1,BTN,3.0,25-30,98o,88,68,19,0,1,0,2023-09-06T21:26:44,2026-07-19T14:27:14
league1,BTN,3.0,25-30,98s,37,3,31,0,3,0,2023-09-13T18:39:33,2026-06-02T03:22:38
league1,BTN,3.0,25-30,99,56,0,0,0,56,0,2023-10-08T20:03:59,2026-06-22T22:47:39
league1,BTN,3.0,25-30,A2o,90,73,12,2,3,0,2023-09-10T19:26:20,2026-07-02T07:54:21
league1,BTN,3.0,25-30,A2s,31,6,21,0,4,0,2023-09-19T20:44:45,2026-05-28T21:26:09
league1,BTN,3.0,25-30,A3o,103,76,18,0,9,0,2023-09-12T22:40:57,2026-06-06T10:30:25
league1,BTN,3.0,25-30,A3s,23,2,17,0,4,0,2023-10-23T12:41:37,2026-06-21T18:09:32
league1,BTN,3.0,25-30,A4o,97,69,13,0,15,0,2023-09-03T21:44:23,2026-06-24T23:13:54
league1,BTN,3.0,25-30,A4s,32,3,27,0,2,0,2023-09-11T06:26:42,2026-05-28T14:27:47
league1,BTN,3.0,25-30,A5o,92,52,22,0,18,0,2023-09-04T17:35:34,2026-07-18T19:30:19
league1,BTN,3.0,25-30,A5s,32,2,26,0,4,0,2023-09-09T13:35:17,2026-06-05T23:16:54
league1,BTN,3.0,25-30,A6o,92,58,24,0,10,0,2023-09-01T21:34:53,2026-07-15T07:25:57
league1,BTN,3.0,25-30,A6s,29,5,21,0,3,0,2023-11-12T20:30:55,2026-06-16T23:05:56
league1,BTN,3.0,25-30,A7o,80,43,26,1,10,0,2023-09-10T23:37:43,2026-07-03T04:52:44
league1,BTN,3.0,25-30,A7s,24,1,20,0,3,0,2023-12-31T02:26:56,2026-03-30T21:03:47
league1,BTN,3.0,25-30,A8o,80,32,32,0,16,0,2023-09-02T01:10:49,2026-06-27T18:07:21
league1,BTN,3.0,25-30,A8s,33,0,26,0,7,0,2023-09-16T09:29:46,2026-06-30T02:34:19
league1,BTN,3.0,25-30,A9o,68,13,30,0,25,0,2023-09-01T16:29:00,2026-07-13T11:39:51
league1,BTN,3.0,25-30,A9s,28,0,22,0,6,0,2023-09-30T15:11:36,2026-05-26T17:36:17
league1,BTN,3.0,25-30,AA,40,0,6,26,8,0,2023-09-01T18:42:34,2026-05-25T22:49:06
league1,BTN,3.0,25-30,AJo,89,1,22,2,64,0,2023-09-11T17:30:06,2026-07-16T19:02:43
league1,BTN,3.0,25-30,AJs,28,0,8,0,20,0,2023-12-14T22:50:08,2026-06-21T20:18:58
league1,BTN,3.0,25-30,AKo,85,0,0,6,79,0,2023-09-01T20:44:53,2026-07-10T20:34:41
league1,BTN,3.0,25-30,AKs,22,0,0,5,17,0,2023-09-20T19:50:31,2026-07-14T03:49:29
league1,BTN,3.0,25-30,AQo,103,1,1,2,99,0,2023-09-24T21:14:49,2026-07-13T23:45:04
league1,BTN,3.0,25-30,AQs,23,0,1,1,21,0,2023-10-04T16:31:33,2026-07-09T23:14:51
league1,BTN,3.0,25-30,ATo,82,7,34,0,41,0,2023-09-02T18:05:53,2026-07-07T15:48:19
league1,BTN,3.0,25-30,ATs,41,1,18,1,21,0,2023-09-21T15:17:13,2026-07-19T07:06:38
league1,BTN,3.0,25-30,J2o,89,89,0,0,0,0,2023-10-14T01:51:41,2026-07-19T22:36:30
league1,BTN,3.0,25-30,J2s,32,27,5,0,0,0,2023-09-04T22:48:15,2026-07-14T21:34:19
league1,BTN,3.0,25-30,J3o,85,85,0,0,0,0,2023-09-01T22:18:32,2026-06-05T21:13:14
league1,BTN,3.0,25-30,J3s,29,21,8,0,0,0,2023-11-18T21:42:16,2026-07-19T19:36:51
league1,BTN,3.0,25-30,J4o,80,79,0,1,0,0,2023-09-13T04:26:21,2026-06-30T06:37:05
league1,BTN,3.0,25-30,J4s,38,22,16,0,0,0,2023-11-24T17:22:17,2026-07-03T17:03:41
league1,BTN,3.0,25-30,J5o,93,91,1,0,1,0,2023-09-09T21:05:03,2026-07-05T20:16:16
league1,BTN,3.0,25-30,J5s,25,16,8,0,1,0,2023-10-09T22:10:57,2026-07-14T02:44:00
league1,BTN,3.0,25-30,J6o,106,106,0,0,0,0,2023-09-14T03:14:19,2026-07-19T01:53:10
league1,BTN,3.0,25-30,J6s,35,23,12,0,0,0,2023-10-04T19:53:49,2026-04-29T15:10:01
league1,BTN,3.0,25-30,J7o,81,77,4,0,0,0,2023-09-02T13:40:08,2026-07-10T21:17:34
league1,BTN,3.0,25-30,J7s,33,12,21,0,0,0,2023-09-29T13:21:40,2026-05-15T01:13:54
league1,BTN,3.0,25-30,J8o,94,82,12,0,0,0,2023-09-03T16:23:29,2026-07-10T22:53:13
league1,BTN,3.0,25-30,J8s,26,7,19,0,0,0,2023-09-04T21:05:54,2026-04-04T22:45:34
league1,BTN,3.0,25-30,J9o,92,62,30,0,0,0,2023-09-10T16:03:58,2026-07-11T00:47:25
league1,BTN,3.0,25-30,J9s,27,2,25,0,0,0,2023-09-16T21:41:38,2026-01-23T22:30:38
league1,BTN,3.0,25-30,JJ,59,0,1,10,48,0,2023-10-28T14:42:17,2026-05-16T14:35:32
league1,BTN,3.0,25-30,JTo,85,27,56,0,2,0,2023-09-03T20:29:03,2026-06-25T02:45:11
league1,BTN,3.0,25-30,JTs,25,0,22,0,3,0,2023-10-20T20:18:19,2026-06-24T16:36:09
league1,BTN,3.0,25-30,K2o,84,81,1,1,1,0,2023-09-07T19:33:14,2026-06-24T18:54:51
league1,BTN,3.0,25-30,K2s,38,18,20,0,0,0,2023-09-15T14:49:41,2026-06-02T12:31:23
league1,BTN,3.0,25-30,K3o,99,92,5,1,1,0,2023-09-20T12:05:55,2026-07-09T21:41:50
league1,BTN,3.0,25-30,K3s,37,14,20,0,3,0,2023-09-14T18:45:34,2026-06-23T12:06:42
league1,BTN,3.0,25-30,K4o,82,78,4,0,0,0,2023-09-30T04:14:19,2026-07-17T23:34:56
league1,BTN,3.0,25-30,K4s,35,9,26,0,0,0,2023-09-23T17:39:50,2026-07-18T21:45:53
league1,BTN,3.0,25-30,K5o,102,98,4,0,0,0,2023-09-22T21:51:45,2026-07-04T17:25:03
league1,BTN,3.0,25-30,K5s,40,11,29,0,0,0,2023-10-28T17:27:18,2026-06-18T08:44:18
league1,BTN,3.0,25-30,K6o,82,79,3,0,0,0,2023-09-14T02:40:43,2026-07-10T03:48:07
league1,BTN,3.0,25-30,K6s,27,7,17,1,2,0,2023-09-10T14:38:49,2026-07-08T19:18:57
league1,BTN,3.0,25-30,K7o,73,68,5,0,0,0,2023-09-30T19:54:46,2026-07-19T17:11:31
league1,BTN,3.0,25-30,K7s,26,8,18,0,0,0,2023-10-16T07:08:09,2026-03-22T20:52:42
league1,BTN,3.0,25-30,K8o,98,83,13,0,2,0,2023-09-06T18:06:43,2026-07-05T06:17:03
league1,BTN,3.0,25-30,K8s,34,7,27,0,0,0,2023-09-08T09:42:32,2026-07-13T11:38:24
league1,BTN,3.0,25-30,K9o,101,61,39,0,1,0,2023-09-14T14:36:36,2026-07-05T03:08:36
league1,BTN,3.0,25-30,K9s,26,4,20,0,2,0,2023-09-06T20:28:23,2026-07-20T20:04:04
league1,BTN,3.0,25-30,KJo,87,10,63,0,14,0,2023-09-23T21:16:26,2026-07-12T04:53:57
league1,BTN,3.0,25-30,KJs,40,0,23,0,17,0,2023-09-01T22:22:20,2026-07-04T03:24:40
league1,BTN,3.0,25-30,KK,50,0,3,33,14,0,2023-10-05T00:12:47,2026-05-23T15:49:45
league1,BTN,3.0,25-30,KQo,90,2,51,0,37,0,2023-09-19T02:43:05,2026-07-15T16:54:44
league1,BTN,3.0,25-30,KQs,30,0,12,2,16,0,2023-09-05T14:15:33,2026-06-28T15:23:00
league1,BTN,3.0,25-30,KTo,85,23,58,0,4,0,2023-09-08T20:13:10,2026-07-10T23:20:05
league1,BTN,3.0,25-30,KTs,41,1,30,2,8,0,2023-09-12T18:39:00,2026-07-15T07:27:35
league1,BTN,3.0,25-30,Q2o,80,79,0,0,1,0,2023-09-18T10:02:41,2026-07-05T11:50:13
league1,BTN,3.0,25-30,Q2s,32,15,16,0,1,0,2023-09-07T17:06:08,2026-02-25T23:10:27
league1,BTN,3.0,25-30,Q3o,95,92,2,1,0,0,2023-09-06T23:51:26,2026-06-27T18:16:22
league1,BTN,3.0,25-30,Q3s,29,16,10,1,2,0,2023-09-06T20:33:49,2026-04-07T21:51:56
league1,BTN,3.0,25-30,Q4o,85,82,3,0,0,0,2023-09-30T00:19:24,2026-07-10T16:48:49
league1,BTN,3.0,25-30,Q4s,38,17,21,0,0,0,2023-09-08T21:22:32,2026-06-29T20:39:03
league1,BTN,3.0,25-30,Q5o,65,62,0,3,0,0,2023-09-09T23:33:59,2026-06-21T18:14:00
league1,BTN,3.0,25-30,Q5s,28,12,16,0,0,0,2023-09-13T20:07:28,2026-05-23T11:06:06
league1,BTN,3.0,25-30,Q6o,82,80,2,0,0,0,2023-09-18T00:14:05,2026-07-12T20:34:12
league1,BTN,3.0,25-30,Q6s,34,20,14,0,0,0,2023-10-15T13:09:39,2026-07-17T15:38:08
league1,BTN,3.0,25-30,Q7o,80,74,6,0,0,0,2023-09-02T14:21:13,2026-07-10T23:35:20
league1,BTN,3.0,25-30,Q7s,22,7,14,0,1,0,2023-09-19T20:27:33,2026-06-20T19:19:31
league1,BTN,3.0,25-30,Q8o,86,66,18,1,1,0,2023-09-01T18:29:11,2026-07-17T14:50:48
league1,BTN,3.0,25-30,Q8s,28,7,21,0,0,0,2023-10-13T18:21:39,2026-07-02T22:12:09
league1,BTN,3.0,25-30,Q9o,89,63,25,1,0,0,2023-09-13T14:08:54,2026-07-08T21:24:45
league1,BTN,3.0,25-30,Q9s,25,3,21,0,1,0,2023-10-31T20:19:46,2026-06-30T23:32:29
league1,BTN,3.0,25-30,QJo,95,22,69,0,4,0,2023-09-17T21:44:53,2026-07-18T01:05:57
league1,BTN,3.0,25-30,QJs,30,0,24,0,6,0,2023-09-30T17:18:05,2026-07-18T01:48:58
league1,BTN,3.0,25-30,QQ,56,0,0,17,39,0,2023-09-02T18:38:29,2026-07-13T17:25:48
league1,BTN,3.0,25-30,QTo,99,34,64,1,0,0,2023-09-03T18:29:27,2026-07-17T00:34:18
league1,BTN,3.0,25-30,QTs,30,0,26,0,4,0,2023-10-08T20:34:01,2026-05-02T23:39:39
league1,BTN,3.0,25-30,T2o,84,81,1,2,0,0,2023-09-17T13:19:37,2026-07-17T19:22:55
league1,BTN,3.0,25-30,T2s,22,19,3,0,0,0,2023-09-07T21:46:09,2026-06-10T21:50:32
league1,BTN,3.0,25-30,T3o,73,72,0,1,0,0,2023-10-07T04:04:33,2026-07-20T19:21:56
league1,BTN,3.0,25-30,T3s,31,29,2,0,0,0,2023-09-10T20:37:36,2026-06-13T06:28:53
league1,BTN,3.0,25-30,T4o,87,87,0,0,0,0,2023-09-06T20:12:09,2026-07-20T18:21:48
league1,BTN,3.0,25-30,T4s,25,20,5,0,0,0,2023-09-23T18:43:23,2026-07-05T20:10:06
league1,BTN,3.0,25-30,T5o,84,83,0,1,0,0,2023-09-03T18:14:08,2026-07-08T00:48:05
league1,BTN,3.0,25-30,T5s,27,23,4,0,0,0,2023-09-11T22:41:06,2026-06-23T22:28:30
league1,BTN,3.0,25-30,T6o,64,64,0,0,0,0,2023-09-15T18:36:18,2026-06-11T10:04:35
league1,BTN,3.0,25-30,T6s,35,25,10,0,0,0,2023-10-18T09:25:05,2026-06-25T18:26:07
league1,BTN,3.0,25-30,T7o,81,77,4,0,0,0,2023-09-08T17:22:17,2026-07-06T14:19:00
league1,BTN,3.0,25-30,T7s,39,13,26,0,0,0,2023-09-14T01:04:15,2026-07-08T21:53:26
league1,BTN,3.0,25-30,T8o,92,75,16,1,0,0,2023-09-03T21:51:32,2026-07-17T09:42:16
league1,BTN,3.0,25-30,T8s,21,1,18,0,2,0,2023-09-02T04:53:57,2026-06-09T20:24:58
league1,BTN,3.0,25-30,T9o,79,48,30,0,1,0,2023-09-02T21:37:08,2026-07-10T20:10:03
league1,BTN,3.0,25-30,T9s,24,2,19,0,3,0,2023-09-04T19:16:57,2026-07-15T22:39:11
league1,BTN,3.0,25-30,TT,60,1,0,4,55,0,2023-09-20T08:31:05,2026-06-26T18:37:06
league1,BTN,3.0,30-35,__MISSING__,757,557,138,21,41,0,2023-09-01T18:16:36,2026-07-19T01:05:29
league1,BTN,3.0,30-35,22,34,5,17,0,12,0,2023-09-22T11:36:54,2026-07-19T17:42:31
league1,BTN,3.0,30-35,32o,81,79,1,1,0,0,2023-09-27T12:44:43,2026-06-22T23:17:44
league1,BTN,3.0,30-35,32s,30,22,8,0,0,0,2023-09-02T15:11:08,2026-04-29T00:53:20
league1,BTN,3.0,30-35,33,41,3,21,0,17,0,2023-10-13T16:36:16,2026-07-01T16:51:57
league1,BTN,3.0,30-35,42o,73,72,0,1,0,0,2023-09-05T19:04:14,2026-07-07T04:34:29
league1,BTN,3.0,30-35,42s,33,29,4,0,0,0,2023-10-18T17:50:37,2026-03-08T23:27:41
league1,BTN,3.0,30-35,43o,77,72,4,1,0,0,2023-09-13T18:39:03,2026-07-19T13:46:53
league1,BTN,3.0,30-35,43s,19,6,13,0,0,0,2024-01-23T20:54:06,2026-06-21T01:12:43
league1,BTN,3.0,30-35,44,42,6,23,0,13,0,2023-09-05T17:52:32,2026-07-11T14:45:26
league1,BTN,3.0,30-35,52o,98,97,1,0,0,0,2023-09-20T13:45:52,2026-07-17T22:53:59
league1,BTN,3.0,30-35,52s,32,25,7,0,0,0,2023-10-05T20:19:33,2026-06-14T16:23:02
league1,BTN,3.0,30-35,53o,68,68,0,0,0,0,2023-09-04T21:29:33,2026-07-12T19:52:21
league1,BTN,3.0,30-35,53s,28,16,11,1,0,0,2023-09-03T11:43:24,2026-05-27T19:10:05
league1,BTN,3.0,30-35,54o,97,89,8,0,0,0,2023-09-01T20:46:48,2026-07-06T17:06:24
league1,BTN,3.0,30-35,54s,25,5,20,0,0,0,2023-09-14T11:46:16,2026-05-07T16:38:29
league1,BTN,3.0,30-35,55,40,5,17,0,18,0,2023-11-05T20:48:36,2026-07-20T20:53:05
league1,BTN,3.0,30-35,62o,85,85,0,0,0,0,2023-09-27T11:39:40,2026-07-20T04:51:42
league1,BTN,3.0,30-35,62s,31,26,5,0,0,0,2023-09-14T22:06:57,2026-06-13T18:51:24
league1,BTN,3.0,30-35,63o,76,75,1,0,0,0,2023-09-06T21:22:57,2026-07-12T20:12:10
league1,BTN,3.0,30-35,63s,34,17,17,0,0,0,2023-09-16T10:12:46,2026-06-27T22:27:38
league1,BTN,3.0,30-35,64o,92,89,3,0,0,0,2023-09-02T10:08:52,2026-06-27T16:46:56
league1,BTN,3.0,30-35,64s,19,11,8,0,0,0,2023-09-10T17:32:22,2026-04-12T21:17:28
league1,BTN,3.0,30-35,65o,102,86,13,3,0,0,2023-09-09T02:10:48,2026-07-20T11:25:26
league1,BTN,3.0,30-35,65s,35,5,30,0,0,0,2023-11-03T07:27:13,2026-05-20T20:37:45
league1,BTN,3.0,30-35,66,48,1,17,0,30,0,2023-09-09T00:36:20,2026-07-17T20:50:00
league1,BTN,3.0,30-35,72o,76,76,0,0,0,0,2023-09-01T15:08:41,2026-07-16T19:31:16
league1,BTN,3.0,30-35,72s,35,31,4,0,0,0,2023-09-15T23:48:40,2026-07-19T20:16:44
league1,BTN,3.0,30-35,73o,81,81,0,0,0,0,2023-09-29T19:50:36,2026-07-02T14:37:02
league1,BTN,3.0,30-35,73s,20,13,6,1,0,0,2024-02-03T00:39:06,2026-05-24T11:15:35
league1,BTN,3.0,30-35,74o,86,86,0,0,0,0,2023-09-14T21:12:47,2026-07-11T20:36:32
league1,BTN,3.0,30-35,74s,26,13,13,0,0,0,2023-12-20T20:52:02,2026-06-21T00:53:59
league1,BTN,3.0,30-35,75o,91,86,5,0,0,0,2023-09-03T23:09:11,2026-07-12T22:23:02
league1,BTN,3.0,30-35,75s,26,7,18,1,0,0,2023-09-30T21:39:56,2026-07-03T21:38:45
league1,BTN,3.0,30-35,76o,82,65,17,0,0,0,2023-09-24T23:32:59,2026-05-01T18:50:24
league1,BTN,3.0,30-35,76s,22,4,17,0,1,0,2023-10-03T21:20:54,2026-06-16T22:22:54
league1,BTN,3.0,30-35,77,45,2,10,0,33,0,2023-09-10T20:38:05,2026-07-11T18:22:32
league1,BTN,3.0,30-35,82o,70,70,0,0,0,0,2023-10-15T09:50:31,2026-06-18T22:16:26
league1,BTN,3.0,30-35,82s,26,23,3,0,0,0,2023-09-19T03:39:31,2026-07-11T18:33:44
league1,BTN,3.0,30-35,83o,75,75,0,0,0,0,2023-10-05T04:42:37,2026-06-19T23:54:18
league1,BTN,3.0,30-35,83s,20,14,5,0,1,0,2023-09-09T05:31:33,2026-05-15T22:30:06
league1,BTN,3.0,30-35,84o,84,84,0,0,0,0,2023-09-13T19:49:58,2026-07-17T10:54:09
league1,BTN,3.0,30-35,84s,30,25,5,0,0,0,2023-09-05T17:04:43,2026-05-08T19:48:48
league1,BTN,3.0,30-35,85o,74,73,1,0,0,0,2023-09-01T21:06:12,2026-07-11T19:42:53
league1,BTN,3.0,30-35,85s,29,16,13,0,0,0,2023-09-29T22:21:48,2026-04-05T18:09:14
league1,BTN,3.0,30-35,86o,86,81,5,0,0,0,2023-09-14T19:26:25,2026-07-20T14:08:49
league1,BTN,3.0,30-35,86s,34,9,25,0,0,0,2023-09-26T09:15:47,2026-07-02T13:25:56
league1,BTN,3.0,30-35,87o,82,60,22,0,0,0,2023-09-10T20:09:32,2026-06-29T00:25:22
league1,BTN,3.0,30-35,87s,18,4,14,0,0,0,2023-12-24T23:14:04,2026-06-07T18:01:50
league1,BTN,3.0,30-35,88,41,0,5,0,36,0,2023-09-15T15:06:15,2026-07-05T17:04:43
league1,BTN,3.0,30-35,92o,76,75,1,0,0,0,2023-09-12T17:50:41,2026-07-15T21:41:50
league1,BTN,3.0,30-35,92s,34,27,7,0,0,0,2023-09-04T14:01:00,2026-06-09T21:35:06
league1,BTN,3.0,30-35,93o,80,80,0,0,0,0,2023-09-14T18:40:11,2026-07-09T08:31:05
league1,BTN,3.0,30-35,93s,19,16,3,0,0,0,2023-12-15T16:17:39,2026-07-14T05:50:49
league1,BTN,3.0,30-35,94o,86,86,0,0,0,0,2023-09-03T19:19:33,2026-07-03T22:14:31
league1,BTN,3.0,30-35,94s,38,29,9,0,0,0,2023-09-02T00:11:43,2026-03-17T16:18:13
league1,BTN,3.0,30-35,95o,71,68,3,0,0,0,2023-09-16T21:05:42,2026-07-06T22:09:42
league1,BTN,3.0,30-35,95s,28,17,11,0,0,0,2023-09-09T02:09:34,2026-06-04T22:01:00
league1,BTN,3.0,30-35,96o,87,83,4,0,0,0,2023-09-23T16:09:39,2026-07-10T20:37:12
league1,BTN,3.0,30-35,96s,34,19,15,0,0,0,2024-01-12T23:50:49,2026-07-20T14:09:07
league1,BTN,3.0,30-35,97o,78,70,8,0,0,0,2023-09-08T19:21:32,2026-07-01T16:46:09
league1,BTN,3.0,30-35,97s,28,4,23,0,1,0,2023-09-01T21:47:57,2026-04-01T14:53:29
league1,BTN,3.0,30-35,98o,87,59,28,0,0,0,2023-10-16T22:01:42,2026-07-18T22:04:49
league1,BTN,3.0,30-35,98s,34,2,29,0,3,0,2023-09-06T05:37:42,2026-07-17T21:19:41
league1,BTN,3.0,30-35,99,46,0,7,0,39,0,2023-09-19T17:25:43,2026-07-06T00:28:33
league1,BTN,3.0,30-35,A2o,70,53,15,1,1,0,2023-09-11T19:42:27,2026-07-20T11:06:45
league1,BTN,3.0,30-35,A2s,23,0,23,0,0,0,2024-02-05T20:33:06,2026-06-17T22:01:00
league1,BTN,3.0,30-35,A3o,70,47,15,4,4,0,2023-09-09T20:09:35,2026-06-19T23:10:01
league1,BTN,3.0,30-35,A3s,29,3,21,0,5,0,2023-09-13T08:03:57,2026-05-31T18:10:14
league1,BTN,3.0,30-35,A4o,72,51,16,3,2,0,2023-09-06T17:36:37,2026-06-05T16:29:08
league1,BTN,3.0,30-35,A4s,17,1,14,0,2,0,2023-10-06T19:54:07,2026-04-26T20:42:44
league1,BTN,3.0,30-35,A5o,77,48,21,2,6,0,2023-09-17T14:51:21,2026-07-11T04:13:13
league1,BTN,3.0,30-35,A5s,25,0,19,1,5,0,2023-09-07T18:52:48,2026-05-28T06:07:50
league1,BTN,3.0,30-35,A6o,84,51,28,2,3,0,2023-10-02T21:14:11,2026-06-12T23:25:34
league1,BTN,3.0,30-35,A6s,34,1,29,0,4,0,2023-09-26T14:50:49,2026-07-04T19:50:32
league1,BTN,3.0,30-35,A7o,74,44,22,0,8,0,2023-09-07T16:08:26,2026-06-08T02:32:52
league1,BTN,3.0,30-35,A7s,24,1,19,0,4,0,2023-09-16T17:04:21,2026-02-10T19:53:12
league1,BTN,3.0,30-35,A8o,71,33,30,1,7,0,2023-09-01T21:35:52,2026-07-04T19:52:03
league1,BTN,3.0,30-35,A8s,28,1,20,1,6,0,2023-09-03T18:11:36,2026-06-30T04:40:31
league1,BTN,3.0,30-35,A9o,94,19,59,2,14,0,2023-09-24T21:18:03,2026-06-27T02:25:07
league1,BTN,3.0,30-35,A9s,31,0,25,1,5,0,2023-10-19T12:37:46,2026-07-11T21:45:45
league1,BTN,3.0,30-35,AA,56,0,6,47,3,0,2023-09-15T18:47:33,2026-05-18T19:19:20
league1,BTN,3.0,30-35,AJo,73,1,24,3,45,0,2023-09-21T23:49:14,2026-07-10T18:12:10
league1,BTN,3.0,30-35,AJs,31,0,10,5,16,0,2023-10-08T00:43:52,2026-07-03T16:31:32
league1,BTN,3.0,30-35,AKo,89,1,1,16,71,0,2023-09-19T17:42:54,2026-07-12T18:23:51
league1,BTN,3.0,30-35,AKs,26,0,0,14,12,0,2023-10-26T16:18:22,2026-03-16T10:37:32
league1,BTN,3.0,30-35,AQo,86,0,6,5,75,0,2023-09-08T20:05:20,2026-07-17T18:48:35
league1,BTN,3.0,30-35,AQs,27,0,3,1,23,0,2023-12-15T20:34:28,2026-07-17T19:07:18
league1,BTN,3.0,30-35,ATo,72,5,41,2,24,0,2023-09-10T19:35:25,2026-07-14T04:13:21
league1,BTN,3.0,30-35,ATs,25,1,12,0,12,0,2023-10-31T20:32:53,2026-06-23T00:03:08
league1,BTN,3.0,30-35,J2o,80,80,0,0,0,0,2023-09-09T15:48:03,2026-07-20T06:37:54
league1,BTN,3.0,30-35,J2s,19,12,7,0,0,0,2023-10-13T02:04:18,2026-07-08T20:47:28
league1,BTN,3.0,30-35,J3o,81,80,1,0,0,0,2023-10-10T19:22:57,2026-07-16T13:53:56
league1,BTN,3.0,30-35,J3s,20,16,4,0,0,0,2024-01-02T04:30:04,2026-04-04T12:51:00
league1,BTN,3.0,30-35,J4o,79,78,0,1,0,0,2023-09-01T16:23:12,2026-07-14T22:03:34
league1,BTN,3.0,30-35,J4s,17,13,3,0,1,0,2023-10-29T17:32:34,2026-05-23T05:37:36
league1,BTN,3.0,30-35,J5o,79,78,0,0,1,0,2023-09-05T00:35:29,2026-04-25T23:09:37
league1,BTN,3.0,30-35,J5s,31,19,9,1,2,0,2023-11-20T04:14:30,2026-07-14T12:32:07
league1,BTN,3.0,30-35,J6o,77,77,0,0,0,0,2023-09-20T09:21:40,2026-07-05T22:32:06
league1,BTN,3.0,30-35,J6s,34,19,15,0,0,0,2023-09-24T16:12:06,2026-03-17T02:09:37
league1,BTN,3.0,30-35,J7o,82,77,5,0,0,0,2023-09-18T12:33:12,2026-06-26T14:09:39
league1,BTN,3.0,30-35,J7s,25,7,18,0,0,0,2023-09-02T19:35:16,2026-06-18T21:43:24
league1,BTN,3.0,30-35,J8o,86,75,11,0,0,0,2023-09-12T19:48:10,2026-07-10T05:19:47
league1,BTN,3.0,30-35,J8s,29,6,22,0,1,0,2023-09-20T08:25:47,2026-04-17T21:45:36
league1,BTN,3.0,30-35,J9o,90,61,29,0,0,0,2023-09-02T16:45:13,2026-07-08T23:05:58
league1,BTN,3.0,30-35,J9s,27,3,23,0,1,0,2023-12-22T15:46:07,2026-05-01T19:09:17
league1,BTN,3.0,30-35,JJ,35,0,0,9,26,0,2023-09-07T15:42:49,2026-07-01T20:02:12
league1,BTN,3.0,30-35,JTo,81,22,58,0,1,0,2023-09-10T20:33:02,2026-06-28T14:25:05
league1,BTN,3.0,30-35,JTs,19,1,15,0,3,0,2023-09-16T21:02:48,2026-04-08T21:29:34
league1,BTN,3.0,30-35,K2o,82,78,2,2,0,0,2023-09-09T18:45:27,2026-07-13T19:36:55
league1,BTN,3.0,30-35,K2s,28,11,16,1,0,0,2023-09-02T21:30:27,2026-04-05T18:06:09
league1,BTN,3.0,30-35,K3o,88,84,2,1,1,0,2023-09-03T20:51:05,2026-07-11T18:31:36
league1,BTN,3.0,30-35,K3s,20,10,9,0,1,0,2023-09-28T13:09:51,2026-05-09T08:06:54
league1,BTN,3.0,30-35,K4o,81,78,2,1,0,0,2023-09-15T19:15:35,2026-06-30T16:46:49
league1,BTN,3.0,30-35,K4s,33,11,22,0,0,0,2023-09-03T22:33:45,2026-07-02T22:25:20
league1,BTN,3.0,30-35,K5o,92,82,8,2,0,0,2023-09-23T16:15:02,2026-07-08T23:09:16
league1,BTN,3.0,30-35,K5s,29,9,19,0,1,0,2023-11-25T11:07:04,2026-06-16T21:42:07
league1,BTN,3.0,30-35,K6o,84,81,2,1,0,0,2023-09-12T09:45:55,2026-06-29T16:18:04
league1,BTN,3.0,30-35,K6s,18,4,12,0,2,0,2024-03-16T22:05:08,2026-02-15T02:15:58
league1,BTN,3.0,30-35,K7o,77,66,9,1,1,0,2023-09-16T17:45:20,2026-07-01T19:09:45
league1,BTN,3.0,30-35,K7s,35,4,30,0,1,0,2023-09-22T10:36:15,2026-06-27T06:50:50
league1,BTN,3.0,30-35,K8o,84,65,18,1,0,0,2023-09-10T18:03:43,2026-06-03T20:21:27
league1,BTN,3.0,30-35,K8s,31,2,28,0,1,0,2023-09-26T18:32:06,2026-07-05T16:19:06
league1,BTN,3.0,30-35,K9o,78,47,29,1,1,0,2023-09-16T14:05:16,2026-06-21T19:44:56
league1,BTN,3.0,30-35,K9s,20,0,18,0,2,0,2023-09-10T03:16:02,2026-04-14T12:03:27
league1,BTN,3.0,30-35,KJo,68,4,57,2,5,0,2023-09-17T20:10:47,2026-05-07T04:43:40
league1,BTN,3.0,30-35,KJs,27,0,23,0,4,0,2023-09-15T12:06:35,2026-07-04T02:11:53
league1,BTN,3.0,30-35,KK,37,0,2,28,7,0,2023-09-02T04:09:50,2026-06-03T21:46:13
league1,BTN,3.0,30-35,KQo,73,2,51,1,19,0,2023-11-12T21:51:54,2026-07-19T10:22:58
league1,BTN,3.0,30-35,KQs,28,0,21,0,7,0,2023-09-24T04:18:29,2026-05-16T17:46:17
league1,BTN,3.0,30-35,KTo,87,27,59,0,1,0,2023-09-10T07:43:53,2026-07-10T20:13:12
league1,BTN,3.0,30-35,KTs,31,0,28,0,3,0,2023-09-09T19:14:06,2026-05-14T15:06:31
league1,BTN,3.0,30-35,Q2o,90,88,1,1,0,0,2023-09-05T11:10:20,2026-06-10T14:47:49
league1,BTN,3.0,30-35,Q2s,31,22,8,0,1,0,2023-10-17T10:14:13,2026-06-20T09:40:39
league1,BTN,3.0,30-35,Q3o,63,61,0,2,0,0,2023-11-11T19:24:43,2026-07-20T06:09:39
league1,BTN,3.0,30-35,Q3s,25,15,8,1,1,0,2023-09-08T17:35:17,2026-05-23T13:35:24
league1,BTN,3.0,30-35,Q4o,66,65,1,0,0,0,2023-10-03T21:06:47,2026-07-11T00:21:57
league1,BTN,3.0,30-35,Q4s,32,12,19,1,0,0,2023-09-25T14:24:30,2026-07-20T09:13:41
league1,BTN,3.0,30-35,Q5o,81,79,1,1,0,0,2023-09-09T09:23:38,2026-07-21T19:51:24
league1,BTN,3.0,30-35,Q5s,29,16,13,0,0,0,2023-09-23T20:24:12,2026-07-09T19:08:42
league1,BTN,3.0,30-35,Q6o,76,72,4,0,0,0,2023-09-01T20:08:30,2026-06-12T16:33:17
league1,BTN,3.0,30-35,Q6s,25,11,13,1,0,0,2023-10-15T19:52:14,2026-05-19T20:31:43
league1,BTN,3.0,30-35,Q7o,70,65,5,0,0,0,2023-09-10T15:28:17,2026-05-26T20:03:23
league1,BTN,3.0,30-35,Q7s,21,6,15,0,0,0,2023-11-05T06:16:06,2026-03-06T18:06:18
league1,BTN,3.0,30-35,Q8o,78,65,11,2,0,0,2023-09-01T14:19:56,2026-07-19T05:47:03
league1,BTN,3.0,30-35,Q8s,22,3,18,0,1,0,2023-11-21T21:06:54,2026-06-12T16:05:54
league1,BTN,3.0,30-35,Q9o,72,44,24,2,2,0,2023-09-16T02:20:07,2026-07-03T15:44:53
league1,BTN,3.0,30-35,Q9s,23,4,18,0,1,0,2023-09-25T15:03:12,2026-07-18T21:13:06
league1,BTN,3.0,30-35,QJo,94,20,70,1,3,0,2023-09-03T18:07:15,2026-07-07T00:51:21
league1,BTN,3.0,30-35,QJs,31,0,23,1,7,0,2023-09-03T21:51:07,2026-06-14T14:33:31
league1,BTN,3.0,30-35,QQ,31,0,1,19,11,0,2023-09-24T20:51:14,2026-05-30T11:10:04
league1,BTN,3.0,30-35,QTo,66,18,44,0,4,0,2023-09-01T12:15:13,2026-07-07T16:29:54
league1,BTN,3.0,30-35,QTs,28,1,26,0,1,0,2024-02-19T20:51:29,2026-05-06T17:36:24
league1,BTN,3.0,30-35,T2o,97,96,1,0,0,0,2023-09-27T23:37:53,2026-07-06T09:21:06
league1,BTN,3.0,30-35,T2s,24,22,2,0,0,0,2023-09-09T22:51:03,2026-02-21T14:22:37
league1,BTN,3.0,30-35,T3o,75,75,0,0,0,0,2023-09-12T20:06:11,2026-07-12T22:44:58
league1,BTN,3.0,30-35,T3s,37,30,7,0,0,0,2023-09-28T04:48:45,2026-06-21T14:39:05
league1,BTN,3.0,30-35,T4o,96,95,0,1,0,0,2023-09-02T20:13:57,2026-06-30T07:39:34
league1,BTN,3.0,30-35,T4s,30,21,8,1,0,0,2023-10-24T20:53:40,2026-07-18T03:33:16
league1,BTN,3.0,30-35,T5o,90,90,0,0,0,0,2023-09-05T15:10:47,2026-07-02T00:17:08
league1,BTN,3.0,30-35,T5s,29,21,8,0,0,0,2023-10-02T20:11:42,2026-06-13T17:03:43
league1,BTN,3.0,30-35,T6o,70,68,0,1,1,0,2023-09-14T10:31:53,2026-06-18T23:29:57
league1,BTN,3.0,30-35,T6s,28,19,9,0,0,0,2023-09-07T21:17:45,2026-06-30T20:01:38
league1,BTN,3.0,30-35,T7o,73,68,5,0,0,0,2023-09-02T16:46:47,2026-07-12T23:18:27
league1,BTN,3.0,30-35,T7s,46,10,36,0,0,0,2023-10-08T20:24:51,2026-06-21T21:50:29
league1,BTN,3.0,30-35,T8o,74,60,14,0,0,0,2023-09-18T18:09:28,2026-07-17T22:43:26
league1,BTN,3.0,30-35,T8s,28,2,26,0,0,0,2023-09-03T00:25:53,2026-07-03T21:38:37
league1,BTN,3.0,30-35,T9o,79,45,32,1,1,0,2023-10-17T21:36:21,2026-07-20T09:08:45
league1,BTN,3.0,30-35,T9s,26,2,23,0,1,0,2023-12-09T04:17:36,2026-06-10T22:50:38
league1,BTN,3.0,30-35,TT,38,1,0,3,34,0,2023-10-06T18:36:07,2026-06-25T05:51:26
league1,BTN,3.0,35-40,__MISSING__,703,497,159,13,34,0,2023-09-01T20:48:22,2026-07-21T04:27:39
league1,BTN,3.0,35-40,22,35,2,23,0,10,0,2023-09-14T10:05:46,2026-04-27T10:42:54
league1,BTN,3.0,35-40,32o,65,65,0,0,0,0,2023-09-04T22:10:08,2026-07-15T09:30:02
league1,BTN,3.0,35-40,32s,24,20,4,0,0,0,2023-10-10T15:14:50,2026-01-10T10:39:32
league1,BTN,3.0,35-40,33,41,4,25,0,12,0,2023-10-12T04:00:16,2026-07-16T19:52:44
league1,BTN,3.0,35-40,42o,78,76,1,1,0,0,2023-09-09T14:30:39,2026-07-09T00:28:42
league1,BTN,3.0,35-40,42s,32,23,9,0,0,0,2023-09-29T13:21:47,2026-07-06T00:24:30
league1,BTN,3.0,35-40,43o,99,97,2,0,0,0,2023-09-04T00:49:16,2026-07-18T23:41:47
league1,BTN,3.0,35-40,43s,29,16,13,0,0,0,2023-10-01T17:42:30,2026-06-30T22:10:09
league1,BTN,3.0,35-40,44,32,2,22,0,8,0,2023-09-22T19:16:22,2026-06-19T19:25:37
league1,BTN,3.0,35-40,52o,78,77,0,1,0,0,2023-09-09T10:36:42,2026-07-04T15:03:28
league1,BTN,3.0,35-40,52s,21,15,6,0,0,0,2023-10-23T17:37:18,2026-07-18T14:21:18
league1,BTN,3.0,35-40,53o,67,65,2,0,0,0,2023-10-15T19:23:39,2026-07-12T17:44:37
league1,BTN,3.0,35-40,53s,28,17,11,0,0,0,2023-10-14T09:24:04,2026-07-11T02:47:52
league1,BTN,3.0,35-40,54o,83,74,8,1,0,0,2023-09-02T14:52:40,2026-06-18T17:46:48
league1,BTN,3.0,35-40,54s,26,4,21,1,0,0,2023-10-20T11:35:04,2026-07-18T16:28:54
league1,BTN,3.0,35-40,55,39,1,25,0,13,0,2023-09-11T22:29:45,2026-04-27T21:32:46
league1,BTN,3.0,35-40,62o,57,57,0,0,0,0,2023-09-10T04:03:32,2026-07-09T12:28:19
league1,BTN,3.0,35-40,62s,30,23,7,0,0,0,2023-10-20T09:38:19,2026-07-11T22:10:16
league1,BTN,3.0,35-40,63o,66,66,0,0,0,0,2023-09-04T01:39:14,2026-07-10T16:46:48
league1,BTN,3.0,35-40,63s,25,17,8,0,0,0,2023-10-08T03:37:20,2026-04-18T21:26:24
league1,BTN,3.0,35-40,64o,74,72,2,0,0,0,2023-09-08T21:19:34,2026-06-23T22:40:16
league1,BTN,3.0,35-40,64s,21,7,14,0,0,0,2023-11-12T14:06:16,2026-05-29T11:12:49
league1,BTN,3.0,35-40,65o,61,50,11,0,0,0,2023-09-12T20:30:28,2026-05-08T17:15:44
league1,BTN,3.0,35-40,65s,22,2,20,0,0,0,2023-10-08T16:39:00,2026-06-29T15:48:48
league1,BTN,3.0,35-40,66,35,0,19,0,16,0,2023-09-05T20:19:50,2026-06-14T00:16:12
league1,BTN,3.0,35-40,72o,83,83,0,0,0,0,2023-09-02T15:45:58,2026-07-16T22:37:50
league1,BTN,3.0,35-40,72s,26,24,2,0,0,0,2023-10-23T02:48:49,2026-07-20T05:28:32
league1,BTN,3.0,35-40,73o,70,69,0,1,0,0,2023-09-15T08:52:30,2026-07-02T16:54:39
league1,BTN,3.0,35-40,73s,26,22,4,0,0,0,2023-09-10T19:21:18,2026-07-12T21:52:11
league1,BTN,3.0,35-40,74o,74,72,2,0,0,0,2023-09-17T18:19:06,2026-07-02T18:26:49
league1,BTN,3.0,35-40,74s,13,8,5,0,0,0,2023-10-12T11:18:54,2026-06-01T21:19:44
league1,BTN,3.0,35-40,75o,69,64,4,0,1,0,2023-09-10T22:05:23,2026-07-17T22:18:47
league1,BTN,3.0,35-40,75s,28,7,20,0,1,0,2023-09-02T20:18:38,2026-05-29T13:27:34
league1,BTN,3.0,35-40,76o,91,69,22,0,0,0,2023-09-01T21:51:06,2026-07-11T14:32:54
league1,BTN,3.0,35-40,76s,26,4,22,0,0,0,2023-10-05T03:35:38,2026-06-01T19:47:31
league1,BTN,3.0,35-40,77,46,1,18,0,27,0,2023-11-10T23:24:12,2026-07-11T22:49:57
league1,BTN,3.0,35-40,82o,71,71,0,0,0,0,2023-09-18T12:29:05,2026-07-03T19:06:16
league1,BTN,3.0,35-40,82s,19,18,1,0,0,0,2024-01-17T15:22:20,2026-06-25T05:37:21
league1,BTN,3.0,35-40,83o,64,64,0,0,0,0,2023-09-12T10:17:52,2026-07-17T00:16:10
league1,BTN,3.0,35-40,83s,27,23,4,0,0,0,2023-11-03T15:04:25,2026-05-08T08:49:14
league1,BTN,3.0,35-40,84o,66,66,0,0,0,0,2023-09-05T19:30:52,2026-07-12T13:21:31
league1,BTN,3.0,35-40,84s,26,20,6,0,0,0,2023-09-15T04:18:26,2026-06-28T23:27:59
league1,BTN,3.0,35-40,85o,66,64,1,1,0,0,2023-09-24T17:31:03,2026-07-14T22:42:37
league1,BTN,3.0,35-40,85s,35,11,23,1,0,0,2023-09-02T17:50:15,2026-07-05T19:37:45
league1,BTN,3.0,35-40,86o,77,66,11,0,0,0,2023-09-01T20:15:04,2026-07-16T16:49:57
league1,BTN,3.0,35-40,86s,27,6,20,0,1,0,2023-11-03T22:47:41,2026-05-17T11:34:20
league1,BTN,3.0,35-40,87o,72,47,25,0,0,0,2023-10-22T17:10:06,2026-06-10T17:11:18
league1,BTN,3.0,35-40,87s,29,3,26,0,0,0,2023-09-10T17:37:48,2026-03-28T15:47:05
league1,BTN,3.0,35-40,88,49,1,16,1,31,0,2023-09-20T12:45:43,2026-06-28T15:05:06
league1,BTN,3.0,35-40,92o,79,79,0,0,0,0,2023-09-20T12:11:45,2026-07-05T21:28:16
league1,BTN,3.0,35-40,92s,26,22,3,1,0,0,2023-10-04T23:07:26,2026-06-06T23:24:10
league1,BTN,3.0,35-40,93o,61,61,0,0,0,0,2023-09-01T21:33:41,2026-06-21T23:15:59
league1,BTN,3.0,35-40,93s,22,18,4,0,0,0,2023-10-30T16:42:46,2026-05-27T01:39:52
league1,BTN,3.0,35-40,94o,68,68,0,0,0,0,2023-09-06T22:11:27,2026-07-18T20:29:06
league1,BTN,3.0,35-40,94s,29,26,3,0,0,0,2023-10-01T03:39:18,2026-07-01T16:39:34
league1,BTN,3.0,35-40,95o,69,69,0,0,0,0,2023-09-17T21:30:44,2026-07-11T04:22:43
league1,BTN,3.0,35-40,95s,23,12,10,1,0,0,2023-09-03T22:24:17,2026-07-06T12:24:35
league1,BTN,3.0,35-40,96o,81,80,1,0,0,0,2023-09-12T19:38:24,2026-06-28T15:06:14
league1,BTN,3.0,35-40,96s,24,11,13,0,0,0,2023-11-26T12:25:10,2026-06-23T15:23:48
league1,BTN,3.0,35-40,97o,78,73,5,0,0,0,2023-09-04T10:49:56,2026-07-19T17:37:50
league1,BTN,3.0,35-40,97s,27,3,24,0,0,0,2023-09-10T00:45:15,2026-05-05T15:10:44
league1,BTN,3.0,35-40,98o,82,55,27,0,0,0,2023-09-03T01:00:55,2026-07-20T19:45:12
league1,BTN,3.0,35-40,98s,28,1,27,0,0,0,2023-10-29T00:27:58,2026-07-08T19:41:13
league1,BTN,3.0,35-40,99,48,0,6,4,38,0,2023-10-02T09:36:37,2026-05-02T12:47:54
league1,BTN,3.0,35-40,A2o,68,51,14,1,2,0,2023-09-08T18:35:32,2026-05-30T16:38:27
league1,BTN,3.0,35-40,A2s,33,3,30,0,0,0,2023-09-19T18:10:25,2026-07-11T06:16:16
league1,BTN,3.0,35-40,A3o,68,51,12,3,2,0,2023-09-09T16:09:58,2026-07-07T23:50:09
league1,BTN,3.0,35-40,A3s,25,0,22,0,3,0,2023-10-14T17:10:52,2026-06-13T18:13:27
league1,BTN,3.0,35-40,A4o,57,37,15,3,2,0,2023-09-17T00:49:42,2026-06-26T11:01:44
league1,BTN,3.0,35-40,A4s,21,1,18,1,1,0,2023-10-22T17:24:47,2026-05-05T20:20:21
league1,BTN,3.0,35-40,A5o,88,47,38,2,1,0,2023-09-09T19:07:50,2026-07-14T21:39:12
league1,BTN,3.0,35-40,A5s,19,0,17,0,2,0,2023-09-03T16:31:53,2026-06-04T13:48:02
league1,BTN,3.0,35-40,A6o,83,47,26,8,2,0,2023-10-01T17:49:24,2026-07-12T21:44:12
league1,BTN,3.0,35-40,A6s,22,0,21,1,0,0,2023-11-03T20:46:27,2026-05-16T09:10:41
league1,BTN,3.0,35-40,A7o,96,42,43,3,8,0,2023-09-04T08:16:26,2026-06-19T18:06:10
league1,BTN,3.0,35-40,A7s,25,1,24,0,0,0,2023-09-08T17:49:55,2026-06-13T20:20:01
league1,BTN,3.0,35-40,A8o,77,16,50,2,9,0,2023-09-22T21:45:24,2026-07-03T17:11:49
league1,BTN,3.0,35-40,A8s,30,1,27,0,2,0,2023-12-09T09:35:42,2026-06-03T18:23:20
league1,BTN,3.0,35-40,A9o,78,25,41,2,10,0,2023-09-08T21:13:08,2026-07-03T20:35:37
league1,BTN,3.0,35-40,A9s,22,0,19,1,2,0,2024-01-10T21:12:50,2026-07-21T17:45:09
league1,BTN,3.0,35-40,AA,41,0,1,40,0,0,2023-09-30T20:01:48,2026-06-30T07:30:37
league1,BTN,3.0,35-40,AJo,68,0,34,3,31,0,2023-09-02T21:06:41,2026-06-21T18:19:41
league1,BTN,3.0,35-40,AJs,23,0,13,6,4,0,2023-09-22T19:10:22,2026-05-13T23:06:18
league1,BTN,3.0,35-40,AKo,79,0,0,17,62,0,2023-09-13T20:28:57,2026-07-03T18:17:46
league1,BTN,3.0,35-40,AKs,30,0,0,14,16,0,2023-11-12T20:27:13,2026-07-21T15:25:31
league1,BTN,3.0,35-40,AQo,56,0,10,8,38,0,2023-11-04T22:38:40,2026-05-09T21:35:36
league1,BTN,3.0,35-40,AQs,21,0,2,6,13,0,2023-09-24T18:53:16,2026-04-28T18:54:59
league1,BTN,3.0,35-40,ATo,74,6,52,2,14,0,2023-09-20T11:49:14,2026-07-13T18:43:41
league1,BTN,3.0,35-40,ATs,19,0,14,1,4,0,2023-10-14T15:44:02,2026-07-17T13:43:15
league1,BTN,3.0,35-40,J2o,79,78,1,0,0,0,2023-09-01T14:38:16,2026-07-11T16:06:33
league1,BTN,3.0,35-40,J2s,17,13,4,0,0,0,2023-09-11T19:39:13,2026-05-29T23:00:44
league1,BTN,3.0,35-40,J3o,78,78,0,0,0,0,2023-09-05T22:23:53,2026-07-18T04:42:07
league1,BTN,3.0,35-40,J3s,20,9,11,0,0,0,2023-10-01T20:50:17,2026-01-18T20:16:41
league1,BTN,3.0,35-40,J4o,79,78,0,1,0,0,2023-09-01T23:20:25,2026-07-12T20:50:24
league1,BTN,3.0,35-40,J4s,12,10,2,0,0,0,2023-09-05T05:10:46,2026-03-14T19:05:34
league1,BTN,3.0,35-40,J5o,82,82,0,0,0,0,2023-09-02T11:05:52,2026-07-17T09:23:03
league1,BTN,3.0,35-40,J5s,30,20,9,1,0,0,2023-09-04T10:29:58,2026-06-04T15:44:24
league1,BTN,3.0,35-40,J6o,76,74,1,1,0,0,2023-09-27T01:11:30,2026-07-06T22:30:36
league1,BTN,3.0,35-40,J6s,24,10,14,0,0,0,2023-09-02T07:41:30,2026-06-01T03:25:38
league1,BTN,3.0,35-40,J7o,64,58,5,1,0,0,2023-09-03T13:06:23,2026-06-16T21:22:15
league1,BTN,3.0,35-40,J7s,21,6,14,1,0,0,2023-09-09T17:38:02,2026-06-21T23:33:22
league1,BTN,3.0,35-40,J8o,72,64,8,0,0,0,2023-09-05T17:12:35,2026-07-11T06:23:11
league1,BTN,3.0,35-40,J8s,27,3,24,0,0,0,2023-12-04T08:19:34,2026-07-10T05:24:29
league1,BTN,3.0,35-40,J9o,86,60,25,1,0,0,2023-09-02T18:47:54,2026-07-16T05:23:16
league1,BTN,3.0,35-40,J9s,34,1,32,0,1,0,2023-09-03T12:25:30,2026-03-07T15:53:37
league1,BTN,3.0,35-40,JJ,39,1,0,15,23,0,2023-09-03T12:46:12,2026-06-17T19:40:27
league1,BTN,3.0,35-40,JTo,86,24,62,0,0,0,2023-09-11T15:01:00,2026-07-08T20:06:52
league1,BTN,3.0,35-40,JTs,32,0,29,0,3,0,2023-09-03T02:30:56,2026-06-24T13:40:06
league1,BTN,3.0,35-40,K2o,84,82,1,1,0,0,2023-09-02T09:54:32,2026-07-11T10:21:11
league1,BTN,3.0,35-40,K2s,24,9,15,0,0,0,2023-11-28T22:06:27,2026-05-16T14:55:08
league1,BTN,3.0,35-40,K3o,78,75,2,1,0,0,2023-09-08T19:43:47,2026-06-04T17:18:55
league1,BTN,3.0,35-40,K3s,27,12,15,0,0,0,2023-09-10T22:17:50,2026-05-22T10:28:41
league1,BTN,3.0,35-40,K4o,71,67,2,2,0,0,2023-09-08T20:42:48,2026-06-28T01:10:51
league1,BTN,3.0,35-40,K4s,33,7,26,0,0,0,2023-09-20T14:41:17,2026-06-16T19:17:34
league1,BTN,3.0,35-40,K5o,75,72,3,0,0,0,2023-09-11T23:28:02,2026-07-19T20:49:01
league1,BTN,3.0,35-40,K5s,20,7,13,0,0,0,2024-01-22T13:17:00,2026-06-16T18:50:55
league1,BTN,3.0,35-40,K6o,84,82,2,0,0,0,2023-09-04T09:50:59,2026-07-13T19:02:28
league1,BTN,3.0,35-40,K6s,20,6,14,0,0,0,2023-10-24T18:06:37,2026-06-23T00:50:07
league1,BTN,3.0,35-40,K7o,73,62,10,1,0,0,2023-09-13T17:04:18,2026-06-28T18:38:44
league1,BTN,3.0,35-40,K7s,31,4,26,0,1,0,2023-10-09T19:47:30,2026-06-06T18:12:20
league1,BTN,3.0,35-40,K8o,76,56,18,1,1,0,2023-09-02T15:28:18,2026-07-19T21:42:20
league1,BTN,3.0,35-40,K8s,30,5,23,0,2,0,2023-10-05T20:09:37,2026-05-16T08:16:31
league1,BTN,3.0,35-40,K9o,78,41,35,1,1,0,2023-09-08T17:38:05,2026-07-21T16:07:00
league1,BTN,3.0,35-40,K9s,26,3,21,1,1,0,2023-09-17T22:08:50,2026-04-20T06:25:08
league1,BTN,3.0,35-40,KJo,77,4,69,0,4,0,2023-09-23T23:18:48,2026-07-18T01:50:19
league1,BTN,3.0,35-40,KJs,24,0,22,0,2,0,2023-09-10T15:12:40,2026-06-16T19:48:27
league1,BTN,3.0,35-40,KK,24,0,1,21,2,0,2023-11-08T19:42:42,2026-06-25T15:22:57
league1,BTN,3.0,35-40,KQo,93,1,68,4,20,0,2023-09-05T07:25:39,2026-07-10T20:22:36
league1,BTN,3.0,35-40,KQs,29,0,24,1,4,0,2023-12-30T22:24:07,2026-07-04T23:52:16
league1,BTN,3.0,35-40,KTo,92,19,71,1,1,0,2023-09-07T17:47:41,2026-07-17T20:20:56
league1,BTN,3.0,35-40,KTs,27,1,25,1,0,0,2023-09-03T22:26:34,2026-06-01T23:21:35
league1,BTN,3.0,35-40,Q2o,78,76,0,2,0,0,2023-09-01T20:35:26,2026-07-12T21:39:09
league1,BTN,3.0,35-40,Q2s,21,13,8,0,0,0,2023-09-15T23:33:22,2026-01-05T00:53:46
league1,BTN,3.0,35-40,Q3o,76,74,1,1,0,0,2023-09-13T21:04:50,2026-07-14T16:30:34
league1,BTN,3.0,35-40,Q3s,16,7,9,0,0,0,2024-01-30T19:30:57,2026-05-12T06:35:37
league1,BTN,3.0,35-40,Q4o,75,73,1,1,0,0,2023-09-07T20:09:44,2026-07-01T19:42:17
league1,BTN,3.0,35-40,Q4s,28,17,10,1,0,0,2023-09-14T16:15:13,2026-06-13T19:46:47
league1,BTN,3.0,35-40,Q5o,82,81,1,0,0,0,2023-09-08T18:45:42,2026-06-27T17:02:08
league1,BTN,3.0,35-40,Q5s,32,15,16,0,1,0,2023-09-05T20:51:48,2026-04-13T20:09:18
league1,BTN,3.0,35-40,Q6o,84,83,1,0,0,0,2023-09-20T14:23:03,2026-07-19T14:21:06
league1,BTN,3.0,35-40,Q6s,17,7,9,0,1,0,2023-12-22T15:15:20,2026-07-19T01:07:07
league1,BTN,3.0,35-40,Q7o,74,67,7,0,0,0,2023-09-03T20:16:29,2026-06-25T21:21:58
league1,BTN,3.0,35-40,Q7s,28,5,23,0,0,0,2023-12-22T18:19:47,2026-04-10T17:27:41
league1,BTN,3.0,35-40,Q8o,66,55,10,0,1,0,2023-09-08T20:44:42,2026-07-12T22:22:25
league1,BTN,3.0,35-40,Q8s,26,6,20,0,0,0,2023-09-11T19:08:34,2026-06-12T19:13:43
league1,BTN,3.0,35-40,Q9o,70,47,23,0,0,0,2023-09-02T16:24:15,2026-07-10T21:50:28
league1,BTN,3.0,35-40,Q9s,25,2,23,0,0,0,2024-03-03T21:35:27,2026-05-12T21:39:43
league1,BTN,3.0,35-40,QJo,83,15,66,1,1,0,2023-09-06T19:24:43,2026-06-29T17:15:05
league1,BTN,3.0,35-40,QJs,23,0,23,0,0,0,2023-09-10T11:27:42,2026-05-21T19:26:40
league1,BTN,3.0,35-40,QQ,52,0,0,38,14,0,2023-09-22T14:45:45,2026-07-02T19:32:49
league1,BTN,3.0,35-40,QTo,65,14,48,1,2,0,2023-09-13T04:23:43,2026-07-13T18:45:29
league1,BTN,3.0,35-40,QTs,35,0,35,0,0,0,2023-09-03T20:52:29,2026-07-09T18:23:31
league1,BTN,3.0,35-40,T2o,74,73,0,1,0,0,2023-09-05T23:06:24,2026-07-18T21:14:16
league1,BTN,3.0,35-40,T2s,26,22,4,0,0,0,2023-09-30T10:41:15,2026-07-04T09:01:00
league1,BTN,3.0,35-40,T3o,77,77,0,0,0,0,2023-09-02T22:22:50,2026-06-30T03:17:38
league1,BTN,3.0,35-40,T3s,17,16,1,0,0,0,2023-09-16T18:13:46,2026-07-14T21:37:29
league1,BTN,3.0,35-40,T4o,59,59,0,0,0,0,2023-09-11T16:11:51,2026-06-20T20:09:40
league1,BTN,3.0,35-40,T4s,36,28,8,0,0,0,2023-09-13T16:50:06,2026-07-02T20:54:47
league1,BTN,3.0,35-40,T5o,64,63,0,1,0,0,2023-09-09T20:05:28,2026-07-16T00:10:15
league1,BTN,3.0,35-40,T5s,26,19,6,1,0,0,2023-11-12T02:05:03,2026-07-13T20:09:45
league1,BTN,3.0,35-40,T6o,88,87,1,0,0,0,2023-09-10T18:05:37,2026-07-11T18:12:35
league1,BTN,3.0,35-40,T6s,19,8,11,0,0,0,2023-09-19T14:19:45,2026-02-27T16:26:58
league1,BTN,3.0,35-40,T7o,87,83,4,0,0,0,2023-09-17T02:27:46,2026-07-09T21:22:36
league1,BTN,3.0,35-40,T7s,25,6,19,0,0,0,2023-10-18T19:09:46,2026-03-09T00:46:49
league1,BTN,3.0,35-40,T8o,82,57,24,0,1,0,2023-09-01T20:02:47,2026-07-04T00:01:29
league1,BTN,3.0,35-40,T8s,30,1,29,0,0,0,2023-09-06T20:16:04,2026-07-08T05:44:29
league1,BTN,3.0,35-40,T9o,64,40,24,0,0,0,2023-09-02T16:20:04,2026-06-24T01:14:25
league1,BTN,3.0,35-40,T9s,35,2,29,0,4,0,2023-09-12T22:15:17,2026-06-28T09:30:02
league1,BTN,3.0,35-40,TT,36,1,2,7,26,0,2023-09-10T03:08:22,2026-03-06T19:32:26
league1,CO,2.0,25-30,__MISSING__,12167,4237,6020,656,1254,0,2023-09-01T16:46:48,2026-07-21T21:41:39
league1,CO,2.0,25-30,22,575,3,266,0,306,0,2023-09-02T22:19:44,2026-07-20T06:41:55
league1,CO,2.0,25-30,32o,1197,1095,89,12,1,0,2023-09-01T22:16:12,2026-07-21T19:34:17
league1,CO,2.0,25-30,32s,385,43,338,3,1,0,2023-09-06T22:31:46,2026-07-20T17:05:57
league1,CO,2.0,25-30,33,579,3,183,0,393,0,2023-09-01T15:42:07,2026-07-17T22:49:40
league1,CO,2.0,25-30,42o,1083,986,90,6,1,0,2023-09-02T19:28:32,2026-07-21T21:29:35
league1,CO,2.0,25-30,42s,369,26,339,4,0,0,2023-09-04T19:38:12,2026-06-24T18:34:57
league1,CO,2.0,25-30,43o,1155,633,516,6,0,0,2023-09-02T18:21:41,2026-07-21T20:07:18
league1,CO,2.0,25-30,43s,363,9,351,1,2,0,2023-09-02T16:44:35,2026-07-19T22:52:02
league1,CO,2.0,25-30,44,580,2,135,3,440,0,2023-09-02T19:14:20,2026-07-19T20:49:35
league1,CO,2.0,25-30,52o,1127,1048,67,12,0,0,2023-09-03T16:26:48,2026-07-19T21:11:12
league1,CO,2.0,25-30,52s,352,33,315,4,0,0,2023-09-03T20:39:41,2026-07-21T16:03:33
league1,CO,2.0,25-30,53o,1147,729,409,8,1,0,2023-09-01T18:51:31,2026-07-18T04:23:20
league1,CO,2.0,25-30,53s,393,8,382,2,1,0,2023-09-02T10:18:29,2026-07-19T19:48:45
league1,CO,2.0,25-30,54o,1124,168,949,6,1,0,2023-09-01T21:43:29,2026-07-21T23:12:01
league1,CO,2.0,25-30,54s,390,4,376,1,9,0,2023-09-04T20:40:44,2026-07-21T17:54:21
league1,CO,2.0,25-30,55,633,1,130,2,500,0,2023-09-03T09:01:54,2026-07-21T06:05:50
league1,CO,2.0,25-30,62o,1130,1071,43,16,0,0,2023-09-03T02:34:44,2026-07-21T22:25:16
league1,CO,2.0,25-30,62s,384,42,339,3,0,0,2023-09-05T19:01:00,2026-07-21T21:20:16
league1,CO,2.0,25-30,63o,1126,882,229,15,0,0,2023-09-01T03:11:35,2026-07-21T20:36:09
league1,CO,2.0,25-30,63s,412,24,384,2,2,0,2023-09-01T02:41:23,2026-07-19T21:07:43
league1,CO,2.0,25-30,64o,1148,438,699,9,2,0,2023-09-01T16:06:53,2026-07-21T20:04:08
league1,CO,2.0,25-30,64s,414,5,407,0,2,0,2023-09-04T20:44:19,2026-07-17T20:10:46
league1,CO,2.0,25-30,65o,1186,83,1094,7,2,0,2023-09-01T19:26:24,2026-07-21T18:05:38
league1,CO,2.0,25-30,65s,432,2,420,1,9,0,2023-09-02T15:30:46,2026-07-18T23:49:26
league1,CO,2.0,25-30,66,573,2,86,8,477,0,2023-09-01T23:27:16,2026-07-21T05:16:37
league1,CO,2.0,25-30,72o,1148,1128,12,8,0,0,2023-09-01T17:35:34,2026-07-19T20:11:51
league1,CO,2.0,25-30,72s,372,64,302,6,0,0,2023-09-05T15:18:24,2026-07-16T18:11:28
league1,CO,2.0,25-30,73o,1078,981,78,19,0,0,2023-09-02T18:51:35,2026-07-19T19:14:11
league1,CO,2.0,25-30,73s,389,22,359,6,2,0,2023-09-01T17:21:27,2026-07-21T18:34:25
league1,CO,2.0,25-30,74o,1111,725,372,14,0,0,2023-09-01T12:05:37,2026-07-21T18:42:44
league1,CO,2.0,25-30,74s,399,4,394,0,1,0,2023-09-03T22:19:50,2026-07-10T23:37:20
league1,CO,2.0,25-30,75o,1129,282,838,8,1,0,2023-09-01T17:35:30,2026-07-12T22:25:31
league1,CO,2.0,25-30,75s,383,2,373,2,6,0,2023-09-02T17:41:53,2026-07-18T18:30:12
league1,CO,2.0,25-30,76o,1188,58,1125,4,1,0,2023-09-02T16:46:58,2026-07-19T15:38:52
league1,CO,2.0,25-30,76s,375,1,351,1,22,0,2023-09-02T17:09:51,2026-07-21T19:50:59
league1,CO,2.0,25-30,77,580,3,55,7,515,0,2023-09-01T17:43:30,2026-07-19T13:17:15
league1,CO,2.0,25-30,82o,1182,1146,18,18,0,0,2023-09-02T00:03:49,2026-07-18T13:28:55
league1,CO,2.0,25-30,82s,380,49,323,5,3,0,2023-09-08T08:17:24,2026-07-21T15:28:53
league1,CO,2.0,25-30,83o,1126,1079,34,13,0,0,2023-09-01T13:48:47,2026-07-21T09:43:57
league1,CO,2.0,25-30,83s,422,60,355,6,1,0,2023-09-02T15:24:03,2026-07-17T11:45:33
league1,CO,2.0,25-30,84o,1221,1030,160,30,1,0,2023-09-01T14:21:45,2026-07-21T01:52:53
league1,CO,2.0,25-30,84s,372,12,357,0,3,0,2023-09-01T18:34:52,2026-07-03T13:48:04
league1,CO,2.0,25-30,85o,1097,584,500,12,1,0,2023-09-01T18:34:27,2026-07-20T18:09:53
league1,CO,2.0,25-30,85s,387,4,377,1,5,0,2023-09-06T18:34:32,2026-07-18T19:10:01
league1,CO,2.0,25-30,86o,1122,128,988,5,1,0,2023-09-02T20:21:24,2026-07-21T19:12:45
league1,CO,2.0,25-30,86s,364,3,345,0,16,0,2023-09-05T18:15:56,2026-07-21T22:15:40
league1,CO,2.0,25-30,87o,1098,38,1056,1,3,0,2023-09-02T17:49:01,2026-07-20T19:15:31
league1,CO,2.0,25-30,87s,368,1,329,0,38,0,2023-09-03T18:01:01,2026-07-19T19:50:46
league1,CO,2.0,25-30,88,605,3,38,29,535,0,2023-09-02T14:10:32,2026-07-20T03:26:00
league1,CO,2.0,25-30,92o,1149,1117,14,18,0,0,2023-09-02T22:32:46,2026-07-20T21:42:54
league1,CO,2.0,25-30,92s,393,71,313,9,0,0,2023-09-02T18:32:37,2026-07-18T09:17:13
league1,CO,2.0,25-30,93o,1138,1104,23,11,0,0,2023-09-02T19:02:26,2026-07-16T18:33:05
league1,CO,2.0,25-30,93s,396,41,348,7,0,0,2023-09-02T13:29:29,2026-07-21T23:29:05
league1,CO,2.0,25-30,94o,1104,1043,44,17,0,0,2023-09-01T03:20:36,2026-07-18T00:04:51
league1,CO,2.0,25-30,94s,401,35,363,2,1,0,2023-09-03T22:08:00,2026-07-11T17:32:24
league1,CO,2.0,25-30,95o,1091,844,219,26,2,0,2023-09-01T09:32:49,2026-07-19T22:41:56
league1,CO,2.0,25-30,95s,375,13,357,3,2,0,2023-09-02T20:10:48,2026-07-19T20:28:55
league1,CO,2.0,25-30,96o,1215,445,756,13,1,0,2023-09-01T19:08:50,2026-07-20T18:22:23
league1,CO,2.0,25-30,96s,379,3,372,1,3,0,2023-09-10T03:48:48,2026-07-13T16:05:14
league1,CO,2.0,25-30,97o,1177,109,1059,8,1,0,2023-09-01T20:44:17,2026-07-19T22:11:58
league1,CO,2.0,25-30,97s,388,2,365,7,14,0,2023-09-04T16:41:17,2026-07-19T02:32:19
league1,CO,2.0,25-30,98o,1186,29,1150,3,4,0,2023-09-01T19:12:20,2026-07-21T01:39:13
league1,CO,2.0,25-30,98s,404,0,354,3,47,0,2023-09-03T21:19:23,2026-07-20T19:33:45
league1,CO,2.0,25-30,99,606,0,17,89,500,0,2023-09-03T18:47:37,2026-07-19T20:41:23
league1,CO,2.0,25-30,A2o,1195,83,713,236,163,0,2023-09-01T22:27:59,2026-07-19T20:19:02
league1,CO,2.0,25-30,A2s,439,2,299,6,132,0,2023-09-01T22:25:15,2026-07-21T23:50:34
league1,CO,2.0,25-30,A3o,1151,45,714,194,198,0,2023-09-02T17:09:41,2026-07-17T19:22:47
league1,CO,2.0,25-30,A3s,394,1,250,5,138,0,2023-09-01T20:53:03,2026-07-21T19:54:52
league1,CO,2.0,25-30,A4o,1181,46,777,149,209,0,2023-09-01T21:41:44,2026-07-20T13:25:27
league1,CO,2.0,25-30,A4s,402,2,260,2,138,0,2023-09-03T09:32:58,2026-07-21T17:38:03
league1,CO,2.0,25-30,A5o,1241,33,787,139,282,0,2023-09-01T19:26:58,2026-07-21T18:45:30
league1,CO,2.0,25-30,A5s,416,2,263,3,148,0,2023-09-02T19:16:08,2026-07-19T18:28:03
league1,CO,2.0,25-30,A6o,1201,53,850,100,198,0,2023-09-04T20:20:11,2026-07-21T18:17:35
league1,CO,2.0,25-30,A6s,407,3,307,1,96,0,2023-09-03T20:36:50,2026-07-19T19:23:28
league1,CO,2.0,25-30,A7o,1244,24,941,48,231,0,2023-09-01T17:05:44,2026-07-20T11:22:46
league1,CO,2.0,25-30,A7s,422,1,287,0,134,0,2023-09-02T21:47:42,2026-07-19T20:43:33
league1,CO,2.0,25-30,A8o,1209,17,883,18,291,0,2023-09-01T11:37:41,2026-07-21T14:16:43
league1,CO,2.0,25-30,A8s,405,0,288,5,112,0,2023-09-02T17:03:55,2026-07-10T22:07:40
league1,CO,2.0,25-30,A9o,1201,8,774,16,403,0,2023-09-01T21:45:03,2026-07-20T18:42:11
league1,CO,2.0,25-30,A9s,396,0,257,8,131,0,2023-09-02T11:32:36,2026-07-21T18:20:28
league1,CO,2.0,25-30,AA,635,2,107,505,21,0,2023-09-01T19:17:15,2026-07-16T20:33:18
league1,CO,2.0,25-30,AJo,1210,6,206,77,921,0,2023-09-01T13:40:58,2026-07-20T22:30:52
league1,CO,2.0,25-30,AJs,421,2,83,94,242,0,2023-09-01T21:54:07,2026-07-17T16:21:49
league1,CO,2.0,25-30,AKo,1272,3,2,408,859,0,2023-09-02T01:48:05,2026-07-21T19:49:17
league1,CO,2.0,25-30,AKs,422,1,1,246,174,0,2023-09-10T20:18:57,2026-07-20T23:22:55
league1,CO,2.0,25-30,AQo,1226,1,27,211,987,0,2023-09-02T23:54:09,2026-07-21T19:36:15
league1,CO,2.0,25-30,AQs,389,0,11,166,212,0,2023-09-03T20:45:54,2026-07-21T15:45:07
league1,CO,2.0,25-30,ATo,1220,6,542,23,649,0,2023-09-03T19:34:44,2026-07-21T15:32:26
league1,CO,2.0,25-30,ATs,397,1,168,30,198,0,2023-09-02T19:33:20,2026-07-19T20:05:31
league1,CO,2.0,25-30,J2o,1131,975,93,63,0,0,2023-09-01T17:13:41,2026-07-15T18:16:51
league1,CO,2.0,25-30,J2s,401,19,371,5,6,0,2023-09-03T17:01:00,2026-07-20T19:46:18
league1,CO,2.0,25-30,J3o,1181,996,124,60,1,0,2023-09-02T20:12:21,2026-07-21T22:53:48
league1,CO,2.0,25-30,J3s,400,16,375,5,4,0,2023-09-02T21:48:25,2026-07-12T19:43:09
league1,CO,2.0,25-30,J4o,1142,900,188,51,3,0,2023-09-01T14:29:04,2026-07-21T10:33:58
league1,CO,2.0,25-30,J4s,405,13,380,4,8,0,2023-09-02T19:25:05,2026-07-21T21:52:34
league1,CO,2.0,25-30,J5o,1175,826,276,73,0,0,2023-09-01T19:36:23,2026-07-20T21:49:15
league1,CO,2.0,25-30,J5s,367,10,353,2,2,0,2023-09-02T19:42:12,2026-07-02T18:49:03
league1,CO,2.0,25-30,J6o,1160,711,391,56,2,0,2023-09-01T21:30:40,2026-07-20T15:43:45
league1,CO,2.0,25-30,J6s,393,3,385,2,3,0,2023-09-03T21:29:13,2026-07-21T20:46:11
league1,CO,2.0,25-30,J7o,1195,270,896,25,4,0,2023-09-01T18:32:19,2026-07-21T22:05:30
league1,CO,2.0,25-30,J7s,367,3,357,0,7,0,2023-09-03T13:42:21,2026-07-19T16:09:20
league1,CO,2.0,25-30,J8o,1176,70,1093,12,1,0,2023-09-02T11:52:17,2026-07-21T21:42:14
league1,CO,2.0,25-30,J8s,365,3,341,1,20,0,2023-09-10T19:50:09,2026-07-09T23:42:53
league1,CO,2.0,25-30,J9o,1141,26,1103,4,8,0,2023-09-01T21:14:03,2026-07-20T19:24:54
league1,CO,2.0,25-30,J9s,387,1,323,0,63,0,2023-09-02T08:31:59,2026-07-20T16:13:28
league1,CO,2.0,25-30,JJ,616,5,3,332,276,0,2023-09-02T16:11:31,2026-07-19T09:52:49
league1,CO,2.0,25-30,JTo,1212,9,1134,6,63,0,2023-09-03T05:20:07,2026-07-20T20:40:49
league1,CO,2.0,25-30,JTs,388,2,249,1,136,0,2023-09-07T17:23:20,2026-07-21T22:08:11
league1,CO,2.0,25-30,K2o,1207,561,442,198,6,0,2023-09-02T03:49:00,2026-07-21T19:54:49
league1,CO,2.0,25-30,K2s,375,1,352,3,19,0,2023-09-02T11:11:31,2026-07-15T23:22:22
league1,CO,2.0,25-30,K3o,1144,437,519,185,3,0,2023-09-01T18:02:41,2026-07-21T18:41:55
league1,CO,2.0,25-30,K3s,412,2,381,5,24,0,2023-09-02T07:09:58,2026-07-20T18:52:42
league1,CO,2.0,25-30,K4o,1156,375,582,190,9,0,2023-09-02T13:48:10,2026-07-21T23:32:20
league1,CO,2.0,25-30,K4s,396,3,372,1,20,0,2023-09-03T13:53:07,2026-07-15T16:36:04
league1,CO,2.0,25-30,K5o,1151,302,655,182,12,0,2023-09-01T09:52:13,2026-07-18T21:35:09
league1,CO,2.0,25-30,K5s,393,2,347,9,35,0,2023-09-01T19:45:07,2026-07-19T21:05:34
league1,CO,2.0,25-30,K6o,1167,225,795,136,11,0,2023-09-01T16:22:19,2026-07-18T21:43:05
league1,CO,2.0,25-30,K6s,417,1,381,4,31,0,2023-09-01T17:29:23,2026-07-21T18:08:05
league1,CO,2.0,25-30,K7o,1210,132,991,75,12,0,2023-09-01T19:48:50,2026-07-20T11:44:33
league1,CO,2.0,25-30,K7s,365,2,325,1,37,0,2023-09-01T17:06:49,2026-07-14T20:48:32
league1,CO,2.0,25-30,K8o,1230,74,1109,41,6,0,2023-09-02T10:19:24,2026-07-19T20:39:38
league1,CO,2.0,25-30,K8s,415,3,376,2,34,0,2023-09-01T20:14:50,2026-07-18T19:06:58
league1,CO,2.0,25-30,K9o,1207,24,1141,14,28,0,2023-09-03T05:17:04,2026-07-21T19:30:13
league1,CO,2.0,25-30,K9s,404,3,326,1,74,0,2023-09-02T20:49:32,2026-07-21T21:28:06
league1,CO,2.0,25-30,KJo,1240,7,944,12,277,0,2023-09-01T21:13:34,2026-07-21T19:49:45
league1,CO,2.0,25-30,KJs,417,1,225,3,188,0,2023-09-03T19:02:04,2026-07-20T17:21:43
league1,CO,2.0,25-30,KK,667,1,31,573,62,0,2023-09-01T12:17:13,2026-07-20T20:17:49
league1,CO,2.0,25-30,KQo,1239,4,645,19,571,0,2023-09-02T12:51:05,2026-07-17T23:19:39
league1,CO,2.0,25-30,KQs,422,1,179,17,225,0,2023-09-04T21:53:38,2026-07-20T22:13:53
league1,CO,2.0,25-30,KTo,1243,7,1118,7,111,0,2023-09-01T16:28:22,2026-07-19T15:38:33
league1,CO,2.0,25-30,KTs,392,4,261,5,122,0,2023-09-01T19:16:44,2026-07-13T19:03:07
league1,CO,2.0,25-30,Q2o,1202,877,213,110,2,0,2023-09-01T18:09:24,2026-07-20T21:24:00
league1,CO,2.0,25-30,Q2s,400,6,387,4,3,0,2023-09-02T05:29:52,2026-07-20T09:43:44
league1,CO,2.0,25-30,Q3o,1182,815,275,90,2,0,2023-09-02T16:18:04,2026-07-20T19:11:18
league1,CO,2.0,25-30,Q3s,389,6,370,4,9,0,2023-09-06T20:45:56,2026-07-21T19:24:49
league1,CO,2.0,25-30,Q4o,1187,693,363,128,3,0,2023-09-03T19:24:20,2026-07-20T18:11:29
league1,CO,2.0,25-30,Q4s,397,5,382,2,8,0,2023-09-02T16:22:54,2026-07-13T00:09:51
league1,CO,2.0,25-30,Q5o,1133,584,444,102,3,0,2023-09-01T10:07:11,2026-07-17T21:27:23
league1,CO,2.0,25-30,Q5s,401,5,382,3,11,0,2023-09-02T17:45:06,2026-07-06T16:23:20
league1,CO,2.0,25-30,Q6o,1175,455,619,97,4,0,2023-09-01T23:22:40,2026-07-21T20:43:24
league1,CO,2.0,25-30,Q6s,414,4,397,2,11,0,2023-09-04T11:27:08,2026-07-16T11:30:53
league1,CO,2.0,25-30,Q7o,1201,295,835,64,7,0,2023-09-02T23:24:26,2026-07-18T07:29:13
league1,CO,2.0,25-30,Q7s,397,3,375,4,15,0,2023-09-05T22:05:49,2026-07-20T06:54:49
league1,CO,2.0,25-30,Q8o,1145,76,1043,20,6,0,2023-09-02T23:23:58,2026-07-21T22:35:48
league1,CO,2.0,25-30,Q8s,410,3,368,0,39,0,2023-09-04T19:39:37,2026-07-20T17:30:42
league1,CO,2.0,25-30,Q9o,1211,33,1153,13,12,0,2023-09-03T18:17:42,2026-07-21T18:04:40
league1,CO,2.0,25-30,Q9s,407,2,334,0,71,0,2023-09-01T18:45:20,2026-07-18T10:21:04
league1,CO,2.0,25-30,QJo,1214,9,1081,7,117,0,2023-09-03T18:20:10,2026-07-18T21:32:32
league1,CO,2.0,25-30,QJs,397,2,264,0,131,0,2023-09-01T16:52:11,2026-07-17T06:11:41
league1,CO,2.0,25-30,QQ,658,2,4,522,130,0,2023-09-01T19:49:24,2026-07-21T15:02:05
league1,CO,2.0,25-30,QTo,1188,9,1106,5,68,0,2023-09-03T20:08:50,2026-07-20T20:38:59
league1,CO,2.0,25-30,QTs,436,1,312,2,121,0,2023-09-03T21:22:33,2026-07-20T21:06:24
league1,CO,2.0,25-30,T2o,1115,1060,34,21,0,0,2023-09-02T13:05:31,2026-07-21T19:46:51
league1,CO,2.0,25-30,T2s,373,43,324,3,3,0,2023-09-09T20:43:44,2026-07-16T19:20:01
league1,CO,2.0,25-30,T3o,1156,1105,27,24,0,0,2023-09-01T10:32:21,2026-07-18T17:54:23
league1,CO,2.0,25-30,T3s,372,32,337,2,1,0,2023-09-02T16:15:38,2026-07-14T16:48:41
league1,CO,2.0,25-30,T4o,1215,1136,51,27,1,0,2023-09-03T17:19:26,2026-07-21T01:25:14
league1,CO,2.0,25-30,T4s,382,29,350,3,0,0,2023-09-05T20:07:33,2026-07-20T15:19:54
league1,CO,2.0,25-30,T5o,1170,1038,113,19,0,0,2023-09-01T15:50:50,2026-07-21T20:33:52
league1,CO,2.0,25-30,T5s,382,11,368,1,2,0,2023-09-05T17:54:58,2026-07-20T19:11:59
league1,CO,2.0,25-30,T6o,1191,609,570,10,2,0,2023-09-03T18:22:04,2026-07-21T22:30:14
league1,CO,2.0,25-30,T6s,394,7,380,0,7,0,2023-09-02T21:11:46,2026-07-18T21:44:54
league1,CO,2.0,25-30,T7o,1148,268,869,9,2,0,2023-09-02T23:36:23,2026-07-21T21:44:16
league1,CO,2.0,25-30,T7s,390,4,380,0,6,0,2023-09-02T18:05:22,2026-07-20T00:19:22
league1,CO,2.0,25-30,T8o,1185,71,1105,7,2,0,2023-09-03T19:04:09,2026-07-20T20:09:39
league1,CO,2.0,25-30,T8s,385,2,359,0,24,0,2023-09-04T21:46:17,2026-07-19T07:19:39
league1,CO,2.0,25-30,T9o,1178,16,1148,1,13,0,2023-09-02T03:06:48,2026-07-20T17:07:47
league1,CO,2.0,25-30,T9s,428,2,338,1,87,0,2023-09-03T19:12:52,2026-07-18T16:54:39
league1,CO,2.0,25-30,TT,603,1,3,151,448,0,2023-09-02T16:16:44,2026-07-18T21:21:55
league1,CO,2.0,30-35,__MISSING__,11041,3727,5651,877,786,0,2023-09-01T17:06:23,2026-07-21T21:48:10
league1,CO,2.0,30-35,22,466,2,236,1,227,0,2023-09-05T18:55:00,2026-07-17T21:47:09
league1,CO,2.0,30-35,32o,1047,963,73,11,0,0,2023-09-01T17:37:51,2026-07-20T22:11:05
league1,CO,2.0,30-35,32s,315,24,290,1,0,0,2023-09-01T15:12:43,2026-07-21T18:52:38
league1,CO,2.0,30-35,33,534,1,248,2,283,0,2023-09-01T17:08:07,2026-07-18T17:45:45
league1,CO,2.0,30-35,42o,1050,938,92,20,0,0,2023-09-01T17:18:21,2026-07-21T00:01:01
league1,CO,2.0,30-35,42s,313,18,291,4,0,0,2023-09-01T14:49:21,2026-07-20T07:05:04
league1,CO,2.0,30-35,43o,1015,507,494,13,1,0,2023-09-02T15:30:23,2026-07-19T02:37:44
league1,CO,2.0,30-35,43s,356,6,347,2,1,0,2023-09-02T22:06:48,2026-07-19T18:05:43
league1,CO,2.0,30-35,44,486,3,190,1,292,0,2023-09-02T20:38:49,2026-07-18T13:30:33
league1,CO,2.0,30-35,52o,1017,940,65,12,0,0,2023-09-04T12:39:37,2026-07-21T21:43:21
league1,CO,2.0,30-35,52s,329,12,312,5,0,0,2023-09-01T15:47:15,2026-07-19T20:47:36
league1,CO,2.0,30-35,53o,1014,599,396,19,0,0,2023-09-01T09:18:48,2026-07-17T17:51:41
league1,CO,2.0,30-35,53s,351,11,338,2,0,0,2023-09-03T00:18:15,2026-07-11T22:21:09
league1,CO,2.0,30-35,54o,1012,127,879,6,0,0,2023-09-02T16:48:12,2026-07-20T21:31:31
league1,CO,2.0,30-35,54s,317,0,308,2,7,0,2023-09-07T18:01:01,2026-07-18T22:39:42
league1,CO,2.0,30-35,55,517,1,182,1,333,0,2023-09-03T20:36:43,2026-07-17T18:25:57
league1,CO,2.0,30-35,62o,1012,964,32,16,0,0,2023-09-01T18:29:17,2026-07-18T18:23:37
league1,CO,2.0,30-35,62s,332,28,300,3,1,0,2023-09-05T22:04:37,2026-07-18T12:02:47
league1,CO,2.0,30-35,63o,1004,763,230,11,0,0,2023-09-02T20:41:36,2026-07-20T23:42:10
league1,CO,2.0,30-35,63s,377,13,360,4,0,0,2023-09-01T22:07:06,2026-07-11T10:41:27
league1,CO,2.0,30-35,64o,1051,339,696,16,0,0,2023-09-01T14:38:59,2026-07-21T20:15:46
league1,CO,2.0,30-35,64s,330,3,323,1,3,0,2023-09-04T19:20:58,2026-07-18T18:48:54
league1,CO,2.0,30-35,65o,949,50,890,9,0,0,2023-09-01T19:11:33,2026-07-21T21:42:30
league1,CO,2.0,30-35,65s,366,1,353,2,10,0,2023-09-02T19:44:22,2026-07-19T12:05:37
league1,CO,2.0,30-35,66,462,0,130,4,328,0,2023-09-06T00:13:26,2026-07-21T19:06:48
league1,CO,2.0,30-35,72o,1010,987,6,17,0,0,2023-09-02T06:21:00,2026-07-20T23:54:00
league1,CO,2.0,30-35,72s,366,47,308,11,0,0,2023-09-02T20:47:33,2026-07-20T02:53:42
league1,CO,2.0,30-35,73o,987,894,73,20,0,0,2023-09-02T05:26:55,2026-07-21T18:44:24
league1,CO,2.0,30-35,73s,325,18,301,5,1,0,2023-09-16T19:09:06,2026-07-18T17:02:03
league1,CO,2.0,30-35,74o,1021,643,360,18,0,0,2023-09-03T18:02:16,2026-07-19T17:20:31
league1,CO,2.0,30-35,74s,338,9,327,2,0,0,2023-09-03T09:22:11,2026-07-15T05:49:42
league1,CO,2.0,30-35,75o,1097,241,841,14,1,0,2023-09-01T19:03:44,2026-07-21T23:16:35
league1,CO,2.0,30-35,75s,352,1,344,1,6,0,2023-09-03T18:44:31,2026-07-19T15:30:27
league1,CO,2.0,30-35,76o,1044,38,1001,4,1,0,2023-09-02T17:25:12,2026-07-18T19:44:24
league1,CO,2.0,30-35,76s,378,2,355,3,18,0,2023-09-03T12:53:34,2026-07-17T22:06:54
league1,CO,2.0,30-35,77,551,1,110,15,425,0,2023-09-01T16:51:27,2026-07-18T01:35:45
league1,CO,2.0,30-35,82o,1047,1019,7,21,0,0,2023-09-03T06:04:45,2026-07-21T07:35:26
league1,CO,2.0,30-35,82s,324,37,278,8,1,0,2023-09-02T19:04:28,2026-07-12T20:17:28
league1,CO,2.0,30-35,83o,1004,968,9,27,0,0,2023-09-01T10:47:51,2026-07-20T20:35:36
league1,CO,2.0,30-35,83s,349,33,307,9,0,0,2023-09-02T10:15:23,2026-07-19T17:23:24
league1,CO,2.0,30-35,84o,1001,839,132,30,0,0,2023-09-02T20:23:34,2026-07-20T22:35:15
league1,CO,2.0,30-35,84s,375,11,359,3,2,0,2023-09-06T19:54:05,2026-07-09T20:47:53
league1,CO,2.0,30-35,85o,1021,531,471,18,1,0,2023-09-01T18:36:38,2026-07-19T00:42:43
league1,CO,2.0,30-35,85s,360,4,353,3,0,0,2023-09-01T18:22:04,2026-07-18T09:16:15
league1,CO,2.0,30-35,86o,1037,107,921,9,0,0,2023-09-02T19:02:41,2026-07-21T19:04:13
league1,CO,2.0,30-35,86s,367,1,356,2,8,0,2023-09-02T19:28:22,2026-07-18T19:47:41
league1,CO,2.0,30-35,87o,982,13,959,8,2,0,2023-09-01T15:36:49,2026-07-19T23:17:54
league1,CO,2.0,30-35,87s,323,1,300,5,17,0,2023-09-01T16:22:38,2026-07-16T17:39:49
league1,CO,2.0,30-35,88,543,1,66,54,422,0,2023-09-03T14:24:28,2026-07-19T16:53:26
league1,CO,2.0,30-35,92o,1014,982,7,25,0,0,2023-09-02T19:39:14,2026-07-19T21:52:32
league1,CO,2.0,30-35,92s,341,38,298,5,0,0,2023-09-01T16:32:52,2026-07-13T20:53:45
league1,CO,2.0,30-35,93o,1033,985,20,28,0,0,2023-09-02T12:18:49,2026-07-21T16:06:27
league1,CO,2.0,30-35,93s,348,32,307,9,0,0,2023-09-03T17:20:23,2026-07-19T21:03:26
league1,CO,2.0,30-35,94o,1003,938,40,25,0,0,2023-09-03T19:24:12,2026-07-20T19:01:46
league1,CO,2.0,30-35,94s,319,23,294,2,0,0,2023-09-04T18:34:24,2026-07-16T20:54:19
league1,CO,2.0,30-35,95o,1017,768,221,28,0,0,2023-09-02T21:33:59,2026-07-21T13:21:29
league1,CO,2.0,30-35,95s,356,5,347,3,1,0,2023-09-05T19:24:30,2026-07-16T17:26:22
league1,CO,2.0,30-35,96o,1066,328,721,17,0,0,2023-09-01T17:39:39,2026-07-21T21:49:31
league1,CO,2.0,30-35,96s,366,2,359,3,2,0,2023-09-02T22:26:01,2026-07-21T08:31:09
league1,CO,2.0,30-35,97o,1019,84,924,11,0,0,2023-09-01T19:52:35,2026-07-21T22:18:46
league1,CO,2.0,30-35,97s,328,4,309,3,12,0,2023-09-01T16:45:49,2026-07-20T12:29:00
league1,CO,2.0,30-35,98o,1068,26,1033,5,4,0,2023-09-03T16:45:03,2026-07-19T18:36:00
league1,CO,2.0,30-35,98s,383,1,355,0,27,0,2023-09-03T19:43:21,2026-07-10T22:51:22
league1,CO,2.0,30-35,99,541,0,37,137,367,0,2023-09-02T20:43:40,2026-07-19T16:52:23
league1,CO,2.0,30-35,A2o,1147,80,696,295,76,0,2023-09-01T12:24:13,2026-07-19T22:23:30
league1,CO,2.0,30-35,A2s,417,1,318,10,88,0,2023-09-02T22:40:15,2026-07-21T17:22:39
league1,CO,2.0,30-35,A3o,1062,45,675,264,78,0,2023-09-03T07:19:39,2026-07-21T14:42:57
league1,CO,2.0,30-35,A3s,384,3,304,7,70,0,2023-09-02T18:53:56,2026-07-02T21:26:47
league1,CO,2.0,30-35,A4o,1079,46,709,225,99,0,2023-09-02T04:07:30,2026-07-18T18:37:09
league1,CO,2.0,30-35,A4s,353,1,267,8,77,0,2023-09-03T20:35:31,2026-07-19T15:34:54
league1,CO,2.0,30-35,A5o,1050,18,752,175,105,0,2023-09-01T18:43:56,2026-07-21T12:51:50
league1,CO,2.0,30-35,A5s,380,2,276,10,92,0,2023-09-04T14:10:24,2026-07-12T21:37:15
league1,CO,2.0,30-35,A6o,1085,29,831,143,82,0,2023-09-01T17:36:40,2026-07-16T23:47:18
league1,CO,2.0,30-35,A6s,383,1,346,3,33,0,2023-09-02T12:16:03,2026-07-14T06:44:54
league1,CO,2.0,30-35,A7o,1030,15,874,59,82,0,2023-09-05T19:07:37,2026-07-21T20:24:30
league1,CO,2.0,30-35,A7s,331,2,288,0,41,0,2023-09-03T19:07:25,2026-07-21T20:05:58
league1,CO,2.0,30-35,A8o,1118,11,943,32,132,0,2023-09-05T22:36:36,2026-07-21T17:07:30
league1,CO,2.0,30-35,A8s,392,0,327,3,62,0,2023-09-08T18:20:31,2026-07-18T18:29:58
league1,CO,2.0,30-35,A9o,1130,12,904,21,193,0,2023-09-01T15:22:02,2026-07-19T03:29:06
league1,CO,2.0,30-35,A9s,380,1,307,6,66,0,2023-09-08T21:36:50,2026-07-20T17:19:02
league1,CO,2.0,30-35,AA,603,1,36,564,2,0,2023-09-04T21:08:16,2026-07-18T14:17:06
league1,CO,2.0,30-35,AJo,1080,4,327,158,591,0,2023-09-02T16:09:46,2026-07-20T18:09:33
league1,CO,2.0,30-35,AJs,409,0,126,152,131,0,2023-09-02T12:22:58,2026-07-19T12:13:47
league1,CO,2.0,30-35,AKo,1158,4,5,617,532,0,2023-09-01T10:29:13,2026-07-19T20:33:19
league1,CO,2.0,30-35,AKs,369,2,2,284,81,0,2023-09-01T22:48:02,2026-07-19T03:14:45
league1,CO,2.0,30-35,AQo,1116,5,45,400,666,0,2023-09-01T23:27:31,2026-07-19T03:40:19
league1,CO,2.0,30-35,AQs,368,3,17,230,118,0,2023-09-03T17:40:31,2026-07-19T01:50:26
league1,CO,2.0,30-35,ATo,1164,3,779,52,330,0,2023-09-02T06:24:25,2026-07-20T00:46:15
league1,CO,2.0,30-35,ATs,360,0,211,50,99,0,2023-09-05T18:17:54,2026-07-17T11:12:45
league1,CO,2.0,30-35,J2o,1031,867,89,74,1,0,2023-09-03T18:02:41,2026-07-20T18:09:24
league1,CO,2.0,30-35,J2s,353,13,331,5,4,0,2023-09-01T20:24:27,2026-07-20T17:54:25
league1,CO,2.0,30-35,J3o,972,806,87,79,0,0,2023-09-03T09:50:17,2026-07-18T22:40:10
league1,CO,2.0,30-35,J3s,359,8,343,7,1,0,2023-09-08T18:08:31,2026-07-20T19:49:49
league1,CO,2.0,30-35,J4o,986,769,149,68,0,0,2023-09-03T20:38:48,2026-07-20T08:38:46
league1,CO,2.0,30-35,J4s,342,4,332,5,1,0,2023-09-05T23:45:35,2026-07-04T19:08:34
league1,CO,2.0,30-35,J5o,1066,735,248,83,0,0,2023-09-01T14:32:17,2026-07-21T21:30:50
league1,CO,2.0,30-35,J5s,381,5,369,3,4,0,2023-09-05T20:02:42,2026-07-16T20:09:37
league1,CO,2.0,30-35,J6o,1081,626,362,93,0,0,2023-09-01T17:38:03,2026-07-21T21:39:53
league1,CO,2.0,30-35,J6s,353,0,349,1,3,0,2023-09-03T16:52:33,2026-07-19T18:44:20
league1,CO,2.0,30-35,J7o,1129,229,842,55,3,0,2023-09-04T19:05:45,2026-07-21T19:37:21
league1,CO,2.0,30-35,J7s,330,0,320,2,8,0,2023-09-03T09:19:31,2026-07-19T17:46:50
league1,CO,2.0,30-35,J8o,1115,50,1044,21,0,0,2023-09-01T01:31:45,2026-07-21T23:25:37
league1,CO,2.0,30-35,J8s,376,1,355,3,17,0,2023-09-03T22:06:04,2026-07-08T22:42:23
league1,CO,2.0,30-35,J9o,1046,27,1002,14,3,0,2023-09-01T19:21:49,2026-07-21T21:26:12
league1,CO,2.0,30-35,J9s,376,2,336,1,37,0,2023-09-03T19:49:56,2026-07-07T15:07:51
league1,CO,2.0,30-35,JJ,563,1,7,425,130,0,2023-09-02T22:13:47,2026-07-21T18:31:00
league1,CO,2.0,30-35,JTo,1043,4,1003,6,30,0,2023-09-03T21:04:01,2026-07-21T12:40:22
league1,CO,2.0,30-35,JTs,345,0,265,1,79,0,2023-09-03T18:54:44,2026-07-17T20:40:08
league1,CO,2.0,30-35,K2o,1065,472,359,234,0,0,2023-09-02T21:14:21,2026-07-21T21:18:35
league1,CO,2.0,30-35,K2s,343,2,324,12,5,0,2023-09-05T16:34:44,2026-07-10T13:17:51
league1,CO,2.0,30-35,K3o,1041,376,439,225,1,0,2023-09-01T20:43:04,2026-07-19T00:12:15
league1,CO,2.0,30-35,K3s,370,0,349,10,11,0,2023-09-01T17:04:23,2026-07-19T17:20:36
league1,CO,2.0,30-35,K4o,1060,296,521,238,5,0,2023-09-04T18:47:53,2026-07-19T20:48:06
league1,CO,2.0,30-35,K4s,358,1,325,9,23,0,2023-09-01T19:21:37,2026-07-19T22:01:23
league1,CO,2.0,30-35,K5o,1050,246,586,215,3,0,2023-09-01T18:40:16,2026-07-21T23:01:22
league1,CO,2.0,30-35,K5s,349,2,322,9,16,0,2023-09-06T21:24:45,2026-07-11T05:49:26
league1,CO,2.0,30-35,K6o,1062,159,735,166,2,0,2023-09-01T12:02:18,2026-07-19T20:33:30
league1,CO,2.0,30-35,K6s,333,1,306,6,20,0,2023-09-03T21:04:42,2026-07-19T20:31:46
league1,CO,2.0,30-35,K7o,1050,98,854,93,5,0,2023-09-01T17:37:23,2026-07-20T21:18:51
league1,CO,2.0,30-35,K7s,367,0,349,4,14,0,2023-09-02T14:51:24,2026-07-18T04:02:05
league1,CO,2.0,30-35,K8o,1054,57,952,42,3,0,2023-09-01T18:21:50,2026-07-21T19:42:53
league1,CO,2.0,30-35,K8s,376,3,350,0,23,0,2023-09-07T20:04:39,2026-07-17T12:27:19
league1,CO,2.0,30-35,K9o,1068,21,1006,28,13,0,2023-09-01T20:17:17,2026-07-21T09:01:00
league1,CO,2.0,30-35,K9s,335,0,296,1,38,0,2023-09-03T22:04:32,2026-07-19T21:47:46
league1,CO,2.0,30-35,KJo,1135,7,985,21,122,0,2023-09-03T22:54:05,2026-07-21T22:13:39
league1,CO,2.0,30-35,KJs,381,2,273,15,91,0,2023-09-01T17:24:12,2026-07-07T07:15:20
league1,CO,2.0,30-35,KK,523,1,5,506,11,0,2023-09-03T20:23:58,2026-07-19T17:51:01
league1,CO,2.0,30-35,KQo,1085,6,752,40,287,0,2023-09-01T23:33:31,2026-07-21T20:09:31
league1,CO,2.0,30-35,KQs,360,1,213,35,111,0,2023-09-05T19:15:57,2026-07-20T08:04:05
league1,CO,2.0,30-35,KTo,1104,4,1042,11,47,0,2023-09-01T19:49:17,2026-07-21T17:10:28
league1,CO,2.0,30-35,KTs,329,1,266,2,60,0,2023-09-07T20:35:48,2026-07-19T07:06:13
league1,CO,2.0,30-35,Q2o,1068,731,204,132,1,0,2023-09-01T23:16:59,2026-07-19T21:41:30
league1,CO,2.0,30-35,Q2s,360,3,347,8,2,0,2023-09-01T20:10:07,2026-07-19T17:18:28
league1,CO,2.0,30-35,Q3o,1042,681,228,132,1,0,2023-09-02T08:48:40,2026-07-21T21:41:00
league1,CO,2.0,30-35,Q3s,369,5,350,10,4,0,2023-09-04T19:40:23,2026-07-19T19:46:46
league1,CO,2.0,30-35,Q4o,1118,622,361,135,0,0,2023-09-02T04:25:54,2026-07-20T22:41:27
league1,CO,2.0,30-35,Q4s,327,3,314,7,3,0,2023-09-07T20:23:36,2026-07-21T16:34:04
league1,CO,2.0,30-35,Q5o,1019,462,411,144,2,0,2023-09-01T20:17:02,2026-07-21T21:07:39
league1,CO,2.0,30-35,Q5s,374,3,367,3,1,0,2023-09-04T12:32:09,2026-07-21T01:48:40
league1,CO,2.0,30-35,Q6o,1048,369,560,118,1,0,2023-09-02T04:03:57,2026-07-21T16:31:22
league1,CO,2.0,30-35,Q6s,314,2,306,1,5,0,2023-09-05T14:31:03,2026-07-17T20:47:39
league1,CO,2.0,30-35,Q7o,1081,252,745,83,1,0,2023-09-01T21:45:56,2026-07-18T23:42:19
league1,CO,2.0,30-35,Q7s,333,2,321,3,7,0,2023-09-01T20:51:03,2026-07-14T16:21:44
league1,CO,2.0,30-35,Q8o,1034,70,939,24,1,0,2023-09-01T08:05:07,2026-07-20T19:51:24
league1,CO,2.0,30-35,Q8s,348,2,334,2,10,0,2023-09-02T13:51:36,2026-07-21T21:12:31
league1,CO,2.0,30-35,Q9o,1020,16,980,17,7,0,2023-09-01T16:26:46,2026-07-20T10:04:12
league1,CO,2.0,30-35,Q9s,367,4,316,2,45,0,2023-09-03T21:53:33,2026-07-18T19:27:09
league1,CO,2.0,30-35,QJo,1102,7,1022,16,57,0,2023-09-02T09:15:33,2026-07-21T18:27:04
league1,CO,2.0,30-35,QJs,384,1,270,3,110,0,2023-09-02T20:31:34,2026-07-13T19:04:07
league1,CO,2.0,30-35,QQ,571,0,4,505,62,0,2023-09-02T00:29:14,2026-07-16T08:30:17
league1,CO,2.0,30-35,QTo,1155,5,1094,14,42,0,2023-09-02T15:25:01,2026-07-21T23:45:17
league1,CO,2.0,30-35,QTs,371,1,269,2,99,0,2023-09-05T17:35:59,2026-07-21T18:11:23
league1,CO,2.0,30-35,T2o,958,913,25,20,0,0,2023-09-01T22:23:18,2026-07-21T00:45:38
league1,CO,2.0,30-35,T2s,366,25,328,12,1,0,2023-09-02T20:42:49,2026-07-21T16:14:31
league1,CO,2.0,30-35,T3o,1052,980,44,27,1,0,2023-09-03T10:36:06,2026-07-20T14:18:22
league1,CO,2.0,30-35,T3s,317,19,293,4,1,0,2023-09-01T21:14:58,2026-07-19T20:32:15
league1,CO,2.0,30-35,T4o,957,868,54,35,0,0,2023-09-04T22:29:44,2026-07-18T00:49:44
league1,CO,2.0,30-35,T4s,331,15,310,6,0,0,2023-09-02T08:23:33,2026-07-10T21:07:26
league1,CO,2.0,30-35,T5o,1032,894,107,31,0,0,2023-09-01T21:04:42,2026-07-17T17:37:17
league1,CO,2.0,30-35,T5s,353,11,336,4,2,0,2023-09-01T22:09:16,2026-07-18T18:49:59
league1,CO,2.0,30-35,T6o,1003,486,481,35,1,0,2023-09-02T15:07:21,2026-07-19T16:45:05
league1,CO,2.0,30-35,T6s,316,4,307,3,2,0,2023-09-05T18:08:59,2026-07-19T18:24:43
league1,CO,2.0,30-35,T7o,991,187,790,12,2,0,2023-09-01T23:50:05,2026-07-21T22:52:18
league1,CO,2.0,30-35,T7s,324,1,315,2,6,0,2023-09-03T18:19:59,2026-07-18T21:39:06
league1,CO,2.0,30-35,T8o,1103,44,1046,9,4,0,2023-09-02T19:33:17,2026-07-21T05:38:55
league1,CO,2.0,30-35,T8s,392,4,365,1,22,0,2023-09-05T21:22:44,2026-07-19T21:38:07
league1,CO,2.0,30-35,T9o,1025,13,1009,0,3,0,2023-09-01T20:30:02,2026-07-21T23:08:05
league1,CO,2.0,30-35,T9s,349,1,304,2,42,0,2023-09-05T17:37:44,2026-07-21T16:49:24
league1,CO,2.0,30-35,TT,510,0,15,248,247,0,2023-09-06T18:48:48,2026-07-20T16:42:48
league1,CO,2.0,35-40,__MISSING__,10359,3382,5514,1036,427,0,2023-09-01T14:33:49,2026-07-21T21:53:57
league1,CO,2.0,35-40,22,461,2,327,0,132,0,2023-09-01T16:28:25,2026-07-18T16:29:59
league1,CO,2.0,35-40,32o,873,788,71,14,0,0,2023-09-03T17:21:56,2026-07-20T13:49:52
league1,CO,2.0,35-40,32s,316,16,296,4,0,0,2023-09-04T18:40:08,2026-07-08T17:13:16
league1,CO,2.0,35-40,33,424,1,272,2,149,0,2023-09-01T16:11:51,2026-07-20T16:35:47
league1,CO,2.0,35-40,42o,863,771,77,15,0,0,2023-09-03T17:27:45,2026-07-21T22:14:45
league1,CO,2.0,35-40,42s,300,16,279,5,0,0,2023-09-03T18:29:26,2026-07-19T22:12:47
league1,CO,2.0,35-40,43o,883,433,435,14,1,0,2023-09-01T20:52:25,2026-07-21T19:06:13
league1,CO,2.0,35-40,43s,307,2,301,4,0,0,2023-09-01T19:45:18,2026-07-19T21:39:19
league1,CO,2.0,35-40,44,425,1,247,3,174,0,2023-09-03T20:25:47,2026-07-21T22:06:34
league1,CO,2.0,35-40,52o,859,783,60,16,0,0,2023-09-02T19:19:41,2026-07-19T12:54:25
league1,CO,2.0,35-40,52s,280,13,262,5,0,0,2023-09-05T22:39:27,2026-07-12T20:11:17
league1,CO,2.0,35-40,53o,848,522,314,12,0,0,2023-09-05T19:31:00,2026-07-18T20:02:22
league1,CO,2.0,35-40,53s,291,6,280,5,0,0,2023-09-03T20:51:05,2026-07-19T09:28:59
league1,CO,2.0,35-40,54o,898,97,790,11,0,0,2023-09-01T13:31:01,2026-07-21T23:36:47
league1,CO,2.0,35-40,54s,300,3,291,5,1,0,2023-09-03T21:25:07,2026-07-13T18:24:26
league1,CO,2.0,35-40,55,441,4,253,3,181,0,2023-09-03T14:44:31,2026-07-20T17:06:59
league1,CO,2.0,35-40,62o,855,817,26,12,0,0,2023-09-04T19:11:58,2026-07-21T04:09:16
league1,CO,2.0,35-40,62s,294,22,267,5,0,0,2023-09-10T23:11:53,2026-07-18T21:12:08
league1,CO,2.0,35-40,63o,877,660,198,19,0,0,2023-09-01T23:31:08,2026-07-18T22:14:12
league1,CO,2.0,35-40,63s,329,3,324,2,0,0,2023-09-03T20:31:17,2026-07-21T23:23:41
league1,CO,2.0,35-40,64o,912,265,638,9,0,0,2023-09-01T14:49:41,2026-07-17T19:16:09
league1,CO,2.0,35-40,64s,284,0,284,0,0,0,2023-09-04T02:39:01,2026-07-11T20:02:47
league1,CO,2.0,35-40,65o,893,49,835,8,1,0,2023-09-03T08:14:46,2026-07-19T20:22:55
league1,CO,2.0,35-40,65s,293,1,284,6,2,0,2023-09-12T21:29:06,2026-07-21T22:39:39
league1,CO,2.0,35-40,66,454,1,228,8,217,0,2023-09-01T18:39:32,2026-07-17T17:54:57
league1,CO,2.0,35-40,72o,926,901,6,19,0,0,2023-09-03T20:11:48,2026-07-20T05:46:41
league1,CO,2.0,35-40,72s,309,45,256,8,0,0,2023-09-05T23:36:06,2026-07-13T19:29:36
league1,CO,2.0,35-40,73o,898,799,78,20,1,0,2023-09-01T14:18:31,2026-07-19T18:53:29
league1,CO,2.0,35-40,73s,295,14,277,4,0,0,2023-09-05T19:03:38,2026-07-18T09:11:29
league1,CO,2.0,35-40,74o,866,537,302,27,0,0,2023-09-01T15:14:26,2026-07-20T22:26:21
league1,CO,2.0,35-40,74s,297,4,288,5,0,0,2023-09-04T19:38:05,2026-07-18T14:12:04
league1,CO,2.0,35-40,75o,841,175,652,14,0,0,2023-09-01T09:12:26,2026-07-16T18:35:18
league1,CO,2.0,35-40,75s,297,1,290,4,2,0,2023-09-01T14:26:43,2026-07-20T19:30:07
league1,CO,2.0,35-40,76o,881,25,848,8,0,0,2023-09-01T17:12:49,2026-07-19T19:31:37
league1,CO,2.0,35-40,76s,294,1,277,10,6,0,2023-09-02T21:37:44,2026-07-14T22:01:52
league1,CO,2.0,35-40,77,462,2,197,22,241,0,2023-09-04T18:11:08,2026-07-15T12:03:00
league1,CO,2.0,35-40,82o,874,843,10,21,0,0,2023-09-04T18:23:35,2026-07-21T22:38:24
league1,CO,2.0,35-40,82s,288,34,247,6,1,0,2023-09-10T20:54:13,2026-07-18T14:33:23
league1,CO,2.0,35-40,83o,840,803,21,16,0,0,2023-09-01T14:19:09,2026-07-18T19:53:57
league1,CO,2.0,35-40,83s,285,20,256,9,0,0,2023-09-06T22:02:30,2026-07-16T20:15:58
league1,CO,2.0,35-40,84o,906,748,140,18,0,0,2023-09-02T16:19:53,2026-07-20T11:51:30
league1,CO,2.0,35-40,84s,301,10,287,4,0,0,2023-09-01T23:21:42,2026-07-17T21:25:00
league1,CO,2.0,35-40,85o,908,447,433,26,2,0,2023-09-02T16:28:11,2026-07-19T18:42:39
league1,CO,2.0,35-40,85s,296,1,291,2,2,0,2023-09-01T16:36:06,2026-07-16T19:41:59
league1,CO,2.0,35-40,86o,894,67,810,16,1,0,2023-09-02T21:37:00,2026-07-19T18:39:04
league1,CO,2.0,35-40,86s,310,5,300,2,3,0,2023-09-03T19:24:30,2026-07-18T19:32:12
league1,CO,2.0,35-40,87o,884,25,850,9,0,0,2023-09-02T03:24:32,2026-07-20T22:42:30
league1,CO,2.0,35-40,87s,296,1,285,5,5,0,2023-09-02T14:24:32,2026-07-19T19:36:25
league1,CO,2.0,35-40,88,487,1,138,88,260,0,2023-09-04T10:10:13,2026-07-17T20:41:29
league1,CO,2.0,35-40,92o,942,905,8,29,0,0,2023-09-04T18:41:07,2026-07-21T18:48:54
league1,CO,2.0,35-40,92s,304,30,262,12,0,0,2023-09-04T21:27:45,2026-07-13T18:26:54
league1,CO,2.0,35-40,93o,916,879,17,20,0,0,2023-09-01T17:45:44,2026-07-21T15:25:30
league1,CO,2.0,35-40,93s,316,17,286,13,0,0,2023-09-02T10:38:28,2026-07-19T05:32:26
league1,CO,2.0,35-40,94o,897,821,43,33,0,0,2023-09-02T11:01:00,2026-07-18T12:01:14
league1,CO,2.0,35-40,94s,283,18,259,6,0,0,2023-09-06T22:01:01,2026-07-15T17:24:18
league1,CO,2.0,35-40,95o,863,671,173,19,0,0,2023-09-02T14:01:00,2026-07-19T18:26:26
league1,CO,2.0,35-40,95s,338,4,329,5,0,0,2023-09-01T15:41:43,2026-07-17T17:51:30
league1,CO,2.0,35-40,96o,862,284,555,22,1,0,2023-09-01T18:03:58,2026-07-21T04:43:20
league1,CO,2.0,35-40,96s,333,2,328,3,0,0,2023-09-04T18:41:53,2026-07-17T17:08:06
league1,CO,2.0,35-40,97o,895,44,840,11,0,0,2023-09-02T10:53:17,2026-07-17T17:06:21
league1,CO,2.0,35-40,97s,306,1,297,3,5,0,2023-09-03T23:16:04,2026-07-15T22:43:24
league1,CO,2.0,35-40,98o,892,16,870,5,1,0,2023-09-03T16:39:20,2026-07-18T22:48:42
league1,CO,2.0,35-40,98s,301,1,288,4,8,0,2023-09-01T22:17:30,2026-07-18T11:52:36
league1,CO,2.0,35-40,99,503,1,51,222,229,0,2023-09-03T18:33:39,2026-07-17T18:46:05
league1,CO,2.0,35-40,A2o,927,57,540,294,36,0,2023-09-02T03:21:24,2026-07-20T19:06:26
league1,CO,2.0,35-40,A2s,314,1,280,15,18,0,2023-09-01T21:20:39,2026-07-17T08:05:40
league1,CO,2.0,35-40,A3o,973,38,648,261,26,0,2023-09-04T00:17:23,2026-07-19T10:35:35
league1,CO,2.0,35-40,A3s,320,0,264,19,37,0,2023-09-01T17:31:00,2026-07-18T15:41:02
league1,CO,2.0,35-40,A4o,940,20,654,232,34,0,2023-09-03T18:36:19,2026-07-18T05:39:58
league1,CO,2.0,35-40,A4s,313,1,278,8,26,0,2023-09-01T21:17:39,2026-07-19T23:11:08
league1,CO,2.0,35-40,A5o,931,22,707,158,44,0,2023-09-01T03:08:44,2026-07-19T20:03:44
league1,CO,2.0,35-40,A5s,336,1,280,15,40,0,2023-09-03T21:18:11,2026-07-17T19:44:00
league1,CO,2.0,35-40,A6o,1019,25,800,152,42,0,2023-09-02T21:16:47,2026-07-20T21:12:07
league1,CO,2.0,35-40,A6s,321,0,289,6,26,0,2023-09-03T14:18:00,2026-07-19T22:50:20
league1,CO,2.0,35-40,A7o,1008,24,880,73,31,0,2023-09-02T03:29:11,2026-07-21T22:40:10
league1,CO,2.0,35-40,A7s,338,0,313,6,19,0,2023-09-05T17:27:23,2026-07-21T18:23:31
league1,CO,2.0,35-40,A8o,919,7,844,31,37,0,2023-09-01T14:18:31,2026-07-21T01:13:12
league1,CO,2.0,35-40,A8s,328,1,308,3,16,0,2023-09-03T17:26:43,2026-07-18T20:31:29
league1,CO,2.0,35-40,A9o,994,11,893,35,55,0,2023-09-01T19:05:57,2026-07-18T12:50:40
league1,CO,2.0,35-40,A9s,326,0,281,11,34,0,2023-09-04T22:20:29,2026-07-17T17:47:22
league1,CO,2.0,35-40,AA,485,2,15,466,2,0,2023-09-03T17:36:10,2026-07-15T17:03:07
league1,CO,2.0,35-40,AJo,989,4,489,260,236,0,2023-09-01T15:35:44,2026-07-21T18:35:14
league1,CO,2.0,35-40,AJs,312,1,125,142,44,0,2023-09-02T09:08:16,2026-07-19T17:10:53
league1,CO,2.0,35-40,AKo,1001,3,2,763,233,0,2023-09-02T15:23:40,2026-07-20T01:18:08
league1,CO,2.0,35-40,AKs,316,0,2,286,28,0,2023-09-01T17:39:29,2026-07-13T17:40:07
league1,CO,2.0,35-40,AQo,980,5,84,591,300,0,2023-09-02T11:40:01,2026-07-20T20:39:42
league1,CO,2.0,35-40,AQs,318,0,16,245,57,0,2023-09-03T12:34:16,2026-07-18T12:41:19
league1,CO,2.0,35-40,ATo,944,3,753,83,105,0,2023-09-01T00:42:34,2026-07-18T21:35:54
league1,CO,2.0,35-40,ATs,338,1,248,51,38,0,2023-09-03T19:05:12,2026-07-21T09:44:09
league1,CO,2.0,35-40,J2o,895,761,79,54,1,0,2023-09-03T21:02:23,2026-07-16T19:44:30
league1,CO,2.0,35-40,J2s,276,10,258,8,0,0,2023-09-06T23:38:25,2026-07-19T14:54:41
league1,CO,2.0,35-40,J3o,912,734,118,60,0,0,2023-09-05T17:02:20,2026-07-21T21:41:10
league1,CO,2.0,35-40,J3s,310,7,299,3,1,0,2023-09-06T19:12:07,2026-07-13T18:37:29
league1,CO,2.0,35-40,J4o,852,648,125,79,0,0,2023-09-01T19:49:39,2026-07-20T07:47:09
league1,CO,2.0,35-40,J4s,314,6,305,2,1,0,2023-09-03T17:31:41,2026-07-13T12:39:58
league1,CO,2.0,35-40,J5o,921,630,200,91,0,0,2023-09-01T16:36:15,2026-07-17T02:36:24
league1,CO,2.0,35-40,J5s,304,2,298,4,0,0,2023-09-13T19:45:25,2026-07-09T19:38:30
league1,CO,2.0,35-40,J6o,888,503,293,92,0,0,2023-09-02T16:07:38,2026-07-21T20:22:27
league1,CO,2.0,35-40,J6s,326,8,313,4,1,0,2023-09-02T09:11:54,2026-07-18T19:16:41
league1,CO,2.0,35-40,J7o,916,154,708,54,0,0,2023-09-04T17:28:44,2026-07-21T21:42:35
league1,CO,2.0,35-40,J7s,293,1,280,4,8,0,2023-09-01T22:38:07,2026-07-12T18:46:52
league1,CO,2.0,35-40,J8o,869,41,804,23,1,0,2023-09-06T03:22:22,2026-07-17T12:13:47
league1,CO,2.0,35-40,J8s,315,2,303,1,9,0,2023-09-04T20:23:51,2026-07-17T09:54:26
league1,CO,2.0,35-40,J9o,932,13,899,18,2,0,2023-09-03T16:44:54,2026-07-20T18:07:08
league1,CO,2.0,35-40,J9s,290,1,272,4,13,0,2023-09-01T21:15:00,2026-07-16T18:23:23
league1,CO,2.0,35-40,JJ,469,0,4,408,57,0,2023-09-01T23:15:31,2026-07-17T22:42:40
league1,CO,2.0,35-40,JTo,929,10,904,7,8,0,2023-09-01T20:15:19,2026-07-21T18:49:15
league1,CO,2.0,35-40,JTs,319,0,262,6,51,0,2023-09-05T01:07:35,2026-06-19T15:54:07
league1,CO,2.0,35-40,K2o,931,379,322,230,0,0,2023-09-02T00:05:27,2026-07-20T19:23:56
league1,CO,2.0,35-40,K2s,292,1,272,15,4,0,2023-09-04T18:03:28,2026-07-21T02:07:22
league1,CO,2.0,35-40,K3o,927,337,370,220,0,0,2023-09-03T18:42:03,2026-07-18T13:39:22
league1,CO,2.0,35-40,K3s,300,1,284,11,4,0,2023-09-12T18:11:35,2026-07-12T21:46:20
league1,CO,2.0,35-40,K4o,948,251,472,223,2,0,2023-09-02T12:31:31,2026-07-21T22:07:55
league1,CO,2.0,35-40,K4s,305,1,295,7,2,0,2023-09-13T12:23:46,2026-07-11T04:38:16
league1,CO,2.0,35-40,K5o,920,194,501,220,5,0,2023-09-01T20:38:27,2026-07-21T20:45:02
league1,CO,2.0,35-40,K5s,327,0,311,9,7,0,2023-09-01T19:07:41,2026-07-21T00:52:14
league1,CO,2.0,35-40,K6o,904,123,619,161,1,0,2023-09-02T17:41:45,2026-07-21T17:05:15
league1,CO,2.0,35-40,K6s,300,3,281,10,6,0,2023-09-04T20:12:34,2026-07-19T16:31:55
league1,CO,2.0,35-40,K7o,957,89,779,87,2,0,2023-09-02T03:16:18,2026-07-18T20:23:00
league1,CO,2.0,35-40,K7s,333,3,313,5,12,0,2023-09-02T15:40:57,2026-07-03T22:12:00
league1,CO,2.0,35-40,K8o,925,41,830,52,2,0,2023-09-01T18:42:06,2026-07-20T17:47:13
league1,CO,2.0,35-40,K8s,304,1,289,4,10,0,2023-09-06T18:16:44,2026-07-20T13:26:23
league1,CO,2.0,35-40,K9o,958,23,907,25,3,0,2023-09-01T19:37:40,2026-07-21T20:33:49
league1,CO,2.0,35-40,K9s,289,0,272,2,15,0,2023-09-17T17:44:29,2026-07-18T07:20:17
league1,CO,2.0,35-40,KJo,946,4,863,29,50,0,2023-09-01T19:31:10,2026-07-21T18:18:04
league1,CO,2.0,35-40,KJs,329,1,271,24,33,0,2023-09-06T18:51:49,2026-07-19T20:44:09
league1,CO,2.0,35-40,KK,509,0,10,494,5,0,2023-09-05T18:01:46,2026-07-20T15:13:32
league1,CO,2.0,35-40,KQo,936,1,777,62,96,0,2023-09-01T20:48:04,2026-07-21T19:35:08
league1,CO,2.0,35-40,KQs,306,0,188,69,49,0,2023-09-04T18:16:11,2026-07-17T07:27:55
league1,CO,2.0,35-40,KTo,1013,10,969,15,19,0,2023-09-01T17:27:34,2026-07-21T23:05:34
league1,CO,2.0,35-40,KTs,310,1,265,4,40,0,2023-09-01T22:05:37,2026-07-21T18:47:38
league1,CO,2.0,35-40,Q2o,898,604,169,125,0,0,2023-09-02T20:21:32,2026-07-20T12:23:26
league1,CO,2.0,35-40,Q2s,305,6,285,11,3,0,2023-09-08T19:52:32,2026-07-20T22:08:47
league1,CO,2.0,35-40,Q3o,906,562,225,119,0,0,2023-09-03T17:27:18,2026-07-21T15:47:53
league1,CO,2.0,35-40,Q3s,294,5,279,6,4,0,2023-09-23T16:21:17,2026-07-21T00:23:08
league1,CO,2.0,35-40,Q4o,911,479,285,146,1,0,2023-09-03T13:20:28,2026-07-20T05:02:38
league1,CO,2.0,35-40,Q4s,301,2,294,5,0,0,2023-09-01T23:07:40,2026-07-21T21:04:51
league1,CO,2.0,35-40,Q5o,927,405,364,157,1,0,2023-09-01T23:20:20,2026-07-21T01:29:15
league1,CO,2.0,35-40,Q5s,324,2,315,3,4,0,2023-09-22T21:34:20,2026-07-17T23:14:35
league1,CO,2.0,35-40,Q6o,936,295,515,125,1,0,2023-09-01T20:55:07,2026-07-19T15:36:52
league1,CO,2.0,35-40,Q6s,303,0,295,6,2,0,2023-09-03T16:41:13,2026-07-18T05:28:13
league1,CO,2.0,35-40,Q7o,898,179,639,79,1,0,2023-09-01T17:34:42,2026-07-21T19:37:15
league1,CO,2.0,35-40,Q7s,305,2,302,0,1,0,2023-09-02T18:32:06,2026-07-18T04:15:03
league1,CO,2.0,35-40,Q8o,930,45,859,25,1,0,2023-09-02T20:26:28,2026-07-20T05:03:08
league1,CO,2.0,35-40,Q8s,324,0,318,0,6,0,2023-09-01T22:23:03,2026-07-21T07:03:39
league1,CO,2.0,35-40,Q9o,965,21,931,9,4,0,2023-09-03T17:34:23,2026-07-21T20:22:20
league1,CO,2.0,35-40,Q9s,324,1,307,2,14,0,2023-09-02T14:32:49,2026-07-17T21:13:12
league1,CO,2.0,35-40,QJo,950,3,902,19,26,0,2023-09-03T20:50:30,2026-07-17T17:29:52
league1,CO,2.0,35-40,QJs,339,1,295,12,31,0,2023-09-03T14:43:06,2026-07-20T20:38:26
league1,CO,2.0,35-40,QQ,487,0,2,466,19,0,2023-09-03T18:27:53,2026-07-19T18:28:15
league1,CO,2.0,35-40,QTo,910,8,878,13,11,0,2023-09-02T20:36:49,2026-07-19T00:25:35
league1,CO,2.0,35-40,QTs,344,0,307,4,33,0,2023-09-02T19:53:57,2026-07-19T15:08:35
league1,CO,2.0,35-40,T2o,914,874,20,20,0,0,2023-09-01T16:44:17,2026-07-21T23:05:28
league1,CO,2.0,35-40,T2s,277,19,250,8,0,0,2023-09-06T22:25:21,2026-07-14T15:08:51
league1,CO,2.0,35-40,T3o,900,842,29,29,0,0,2023-09-04T18:42:10,2026-07-20T03:52:01
league1,CO,2.0,35-40,T3s,289,17,264,8,0,0,2023-09-03T18:44:43,2026-07-18T15:32:13
league1,CO,2.0,35-40,T4o,897,818,42,36,1,0,2023-09-02T07:33:57,2026-07-21T21:42:32
league1,CO,2.0,35-40,T4s,298,10,283,5,0,0,2023-09-03T18:02:51,2026-07-20T16:39:19
league1,CO,2.0,35-40,T5o,869,727,105,37,0,0,2023-09-01T20:23:11,2026-07-19T19:17:05
league1,CO,2.0,35-40,T5s,290,4,280,6,0,0,2023-09-03T18:28:54,2026-07-19T04:24:26
league1,CO,2.0,35-40,T6o,880,439,408,33,0,0,2023-09-03T23:28:07,2026-07-20T13:40:37
league1,CO,2.0,35-40,T6s,319,2,315,1,1,0,2023-09-10T19:40:30,2026-07-19T16:05:30
league1,CO,2.0,35-40,T7o,947,158,765,24,0,0,2023-09-01T19:29:34,2026-07-20T20:53:54
league1,CO,2.0,35-40,T7s,314,1,306,1,6,0,2023-09-08T15:41:42,2026-07-20T04:34:09
league1,CO,2.0,35-40,T8o,922,39,873,10,0,0,2023-09-01T18:15:25,2026-07-19T22:54:18
league1,CO,2.0,35-40,T8s,322,1,306,6,9,0,2023-09-07T13:15:33,2026-07-21T23:23:33
league1,CO,2.0,35-40,T9o,947,17,921,7,2,0,2023-09-03T17:22:18,2026-07-21T20:40:07
league1,CO,2.0,35-40,T9s,301,0,284,0,17,0,2023-09-03T20:54:09,2026-07-15T19:38:48
league1,CO,2.0,35-40,TT,464,0,16,312,136,0,2023-09-02T18:33:47,2026-07-21T22:14:58
league1,CO,2.5,25-30,__MISSING__,879,522,296,12,49,0,2023-09-01T10:20:01,2026-07-20T21:14:09
league1,CO,2.5,25-30,22,44,0,32,0,12,0,2023-09-07T19:32:58,2026-07-13T20:11:28
league1,CO,2.5,25-30,32o,75,74,1,0,0,0,2023-09-17T01:25:57,2026-06-19T18:33:52
league1,CO,2.5,25-30,32s,32,14,18,0,0,0,2023-11-04T06:05:08,2026-07-15T02:23:06
league1,CO,2.5,25-30,33,40,0,20,0,20,0,2023-11-10T06:13:40,2026-07-21T00:52:54
league1,CO,2.5,25-30,42o,66,64,2,0,0,0,2023-09-10T16:47:05,2026-07-21T08:53:47
league1,CO,2.5,25-30,42s,33,14,19,0,0,0,2023-09-02T22:31:39,2026-06-01T13:49:18
league1,CO,2.5,25-30,43o,84,80,4,0,0,0,2023-09-03T11:27:31,2026-06-26T18:28:43
league1,CO,2.5,25-30,43s,35,8,26,0,1,0,2023-09-04T21:17:08,2026-07-13T23:02:16
league1,CO,2.5,25-30,44,39,0,19,0,20,0,2023-11-28T22:03:09,2026-07-21T16:07:08
league1,CO,2.5,25-30,52o,86,85,1,0,0,0,2023-09-05T16:52:33,2026-07-08T19:38:10
league1,CO,2.5,25-30,52s,23,8,15,0,0,0,2023-10-14T00:50:10,2026-05-24T14:37:28
league1,CO,2.5,25-30,53o,84,76,8,0,0,0,2023-09-07T20:17:55,2026-07-12T00:11:12
league1,CO,2.5,25-30,53s,25,4,21,0,0,0,2023-09-29T20:05:50,2026-06-24T18:43:12
league1,CO,2.5,25-30,54o,76,53,23,0,0,0,2023-09-07T19:28:57,2026-06-12T10:10:27
league1,CO,2.5,25-30,54s,30,3,27,0,0,0,2023-09-28T21:20:36,2026-03-30T07:27:56
league1,CO,2.5,25-30,55,41,2,13,0,26,0,2023-09-17T19:23:00,2026-06-15T09:17:53
league1,CO,2.5,25-30,62o,82,80,0,2,0,0,2023-09-05T23:07:38,2026-06-01T21:39:32
league1,CO,2.5,25-30,62s,28,12,15,1,0,0,2023-09-09T12:49:03,2026-05-07T20:40:12
league1,CO,2.5,25-30,63o,90,87,3,0,0,0,2023-09-01T08:46:23,2026-07-15T03:33:28
league1,CO,2.5,25-30,63s,30,11,19,0,0,0,2023-10-07T15:14:09,2026-07-13T03:37:11
league1,CO,2.5,25-30,64o,82,69,13,0,0,0,2023-09-14T17:05:37,2026-07-12T17:11:18
league1,CO,2.5,25-30,64s,27,5,22,0,0,0,2024-01-08T18:43:49,2026-06-17T21:36:36
league1,CO,2.5,25-30,65o,93,54,39,0,0,0,2023-09-05T18:10:04,2026-07-18T00:41:09
league1,CO,2.5,25-30,65s,29,0,29,0,0,0,2023-09-17T21:36:39,2025-12-10T21:36:51
league1,CO,2.5,25-30,66,28,1,3,0,24,0,2023-09-04T16:25:56,2026-07-11T17:20:54
league1,CO,2.5,25-30,72o,85,85,0,0,0,0,2023-10-08T00:14:56,2026-06-21T22:38:22
league1,CO,2.5,25-30,72s,22,19,3,0,0,0,2023-11-26T10:54:16,2025-12-19T00:08:41
league1,CO,2.5,25-30,73o,84,84,0,0,0,0,2023-09-11T18:03:17,2026-07-19T10:47:03
league1,CO,2.5,25-30,73s,17,7,10,0,0,0,2023-11-30T19:22:37,2026-02-22T21:17:48
league1,CO,2.5,25-30,74o,93,92,1,0,0,0,2023-09-03T16:24:50,2026-07-21T22:25:44
league1,CO,2.5,25-30,74s,36,7,29,0,0,0,2023-12-27T09:38:42,2026-06-12T22:54:49
league1,CO,2.5,25-30,75o,80,61,19,0,0,0,2023-09-13T19:38:21,2026-06-23T19:19:22
league1,CO,2.5,25-30,75s,37,3,34,0,0,0,2023-09-28T21:54:06,2026-06-15T20:18:29
league1,CO,2.5,25-30,76o,73,33,40,0,0,0,2023-09-08T20:19:10,2026-07-03T20:27:06
league1,CO,2.5,25-30,76s,20,2,17,0,1,0,2023-11-17T08:23:42,2026-07-09T20:01:00
league1,CO,2.5,25-30,77,45,0,8,0,37,0,2023-09-18T21:47:48,2026-07-09T05:38:57
league1,CO,2.5,25-30,82o,77,77,0,0,0,0,2023-09-05T22:44:08,2026-06-14T18:09:25
league1,CO,2.5,25-30,82s,32,23,9,0,0,0,2023-09-18T21:33:10,2026-06-06T21:24:20
league1,CO,2.5,25-30,83o,89,89,0,0,0,0,2023-09-13T22:37:30,2026-05-20T19:20:36
league1,CO,2.5,25-30,83s,24,15,9,0,0,0,2023-09-04T18:35:37,2026-05-16T09:43:37
league1,CO,2.5,25-30,84o,83,81,2,0,0,0,2023-09-03T17:24:10,2026-07-10T18:50:49
league1,CO,2.5,25-30,84s,28,7,21,0,0,0,2023-09-03T21:20:21,2026-07-16T18:39:44
league1,CO,2.5,25-30,85o,91,85,6,0,0,0,2023-09-16T04:43:29,2026-06-17T11:02:22
league1,CO,2.5,25-30,85s,23,4,19,0,0,0,2023-10-22T09:32:56,2026-06-23T14:17:14
league1,CO,2.5,25-30,86o,87,53,34,0,0,0,2023-09-13T16:20:01,2026-07-03T23:18:21
league1,CO,2.5,25-30,86s,32,3,28,0,1,0,2023-10-30T17:38:02,2026-07-21T09:31:04
league1,CO,2.5,25-30,87o,85,28,57,0,0,0,2023-09-20T20:10:12,2026-06-06T22:49:08
league1,CO,2.5,25-30,87s,31,1,29,0,1,0,2023-09-05T02:25:07,2026-06-20T19:28:17
league1,CO,2.5,25-30,88,41,0,2,0,39,0,2023-09-11T13:39:02,2026-05-09T00:35:54
league1,CO,2.5,25-30,92o,98,98,0,0,0,0,2023-09-02T19:12:44,2026-06-13T14:11:11
league1,CO,2.5,25-30,92s,23,17,6,0,0,0,2023-09-08T08:33:51,2026-05-18T21:30:46
league1,CO,2.5,25-30,93o,89,88,1,0,0,0,2023-09-13T18:41:00,2026-05-18T22:12:36
league1,CO,2.5,25-30,93s,23,13,10,0,0,0,2023-09-04T20:54:43,2026-05-17T18:22:24
league1,CO,2.5,25-30,94o,80,80,0,0,0,0,2023-09-01T16:31:42,2026-06-08T19:22:21
league1,CO,2.5,25-30,94s,20,11,9,0,0,0,2023-11-29T16:02:19,2026-01-26T21:41:53
league1,CO,2.5,25-30,95o,55,52,3,0,0,0,2023-09-14T20:14:09,2026-06-06T19:53:21
league1,CO,2.5,25-30,95s,30,10,19,1,0,0,2023-09-07T15:48:15,2026-06-27T19:01:02
league1,CO,2.5,25-30,96o,100,84,13,1,2,0,2023-09-22T10:51:25,2026-07-13T20:00:48
league1,CO,2.5,25-30,96s,27,2,25,0,0,0,2023-10-06T20:36:55,2026-06-15T17:53:38
league1,CO,2.5,25-30,97o,80,48,32,0,0,0,2023-09-13T21:05:19,2026-06-08T18:31:43
league1,CO,2.5,25-30,97s,18,0,18,0,0,0,2023-09-03T21:49:36,2025-12-13T21:08:48
league1,CO,2.5,25-30,98o,99,26,73,0,0,0,2023-09-16T21:42:10,2026-07-17T16:01:00
league1,CO,2.5,25-30,98s,26,0,26,0,0,0,2023-09-03T17:39:34,2026-07-17T00:36:51
league1,CO,2.5,25-30,99,37,0,2,2,33,0,2023-09-11T17:16:40,2026-05-23T01:12:22
league1,CO,2.5,25-30,A2o,84,49,30,4,1,0,2023-09-13T15:19:58,2026-06-18T19:25:01
league1,CO,2.5,25-30,A2s,26,0,23,0,3,0,2023-09-08T20:32:37,2026-06-30T17:40:58
league1,CO,2.5,25-30,A3o,79,39,32,4,4,0,2023-09-05T21:01:46,2026-07-17T20:54:00
league1,CO,2.5,25-30,A3s,35,1,26,0,8,0,2023-10-25T02:46:31,2026-06-27T15:28:11
league1,CO,2.5,25-30,A4o,81,31,44,1,5,0,2023-09-05T19:24:58,2026-07-18T06:33:24
league1,CO,2.5,25-30,A4s,26,1,19,0,6,0,2023-09-29T20:51:20,2026-07-21T00:25:26
league1,CO,2.5,25-30,A5o,82,21,52,0,9,0,2023-09-01T15:21:15,2026-06-26T08:36:18
league1,CO,2.5,25-30,A5s,34,0,27,0,7,0,2023-09-11T22:33:37,2026-05-11T21:21:32
league1,CO,2.5,25-30,A6o,89,36,42,5,6,0,2023-09-02T20:07:01,2026-06-18T03:26:07
league1,CO,2.5,25-30,A6s,23,0,20,0,3,0,2023-09-04T15:24:40,2025-12-22T21:10:13
league1,CO,2.5,25-30,A7o,87,14,60,0,13,0,2023-09-05T05:51:56,2026-06-28T17:23:11
league1,CO,2.5,25-30,A7s,38,1,32,0,5,0,2023-09-01T20:26:41,2026-06-26T20:41:41
league1,CO,2.5,25-30,A8o,80,11,60,1,8,0,2023-09-09T14:21:27,2026-07-17T17:38:43
league1,CO,2.5,25-30,A8s,25,0,20,0,5,0,2023-09-10T18:40:54,2026-04-19T22:54:20
league1,CO,2.5,25-30,A9o,100,3,70,3,24,0,2023-09-17T20:27:38,2026-07-05T01:10:19
league1,CO,2.5,25-30,A9s,33,2,22,0,9,0,2023-10-29T15:53:57,2026-06-28T19:38:33
league1,CO,2.5,25-30,AA,43,0,8,32,3,0,2023-09-01T22:23:03,2026-05-19T22:42:04
league1,CO,2.5,25-30,AJo,109,0,27,0,82,0,2023-09-01T18:34:17,2026-07-16T18:11:33
league1,CO,2.5,25-30,AJs,30,1,4,3,22,0,2023-09-08T19:21:34,2026-05-17T17:51:46
league1,CO,2.5,25-30,AKo,83,0,1,7,75,0,2023-09-08T17:10:54,2026-06-27T16:03:57
league1,CO,2.5,25-30,AKs,28,0,0,13,15,0,2023-09-08T19:13:09,2026-07-12T17:45:10
league1,CO,2.5,25-30,AQo,88,0,4,1,83,0,2023-09-04T18:41:47,2026-07-13T18:17:03
league1,CO,2.5,25-30,AQs,32,0,2,5,25,0,2023-09-03T20:07:42,2026-06-13T20:07:56
league1,CO,2.5,25-30,ATo,84,1,46,0,37,0,2023-09-13T14:36:33,2026-07-12T02:51:56
league1,CO,2.5,25-30,ATs,31,0,16,0,15,0,2023-10-13T15:21:16,2026-07-10T21:07:24
league1,CO,2.5,25-30,J2o,80,79,1,0,0,0,2023-10-12T18:45:50,2026-07-20T19:35:21
league1,CO,2.5,25-30,J2s,26,8,18,0,0,0,2023-10-14T19:20:36,2026-07-20T09:35:23
league1,CO,2.5,25-30,J3o,83,82,1,0,0,0,2023-09-17T16:53:29,2026-07-21T22:18:06
league1,CO,2.5,25-30,J3s,28,8,20,0,0,0,2023-10-07T04:04:47,2026-06-06T05:34:17
league1,CO,2.5,25-30,J4o,79,76,2,1,0,0,2023-09-03T17:10:49,2026-06-25T22:42:13
league1,CO,2.5,25-30,J4s,22,5,16,0,1,0,2023-09-03T21:24:18,2026-07-02T04:04:15
league1,CO,2.5,25-30,J5o,85,84,1,0,0,0,2023-09-10T20:50:04,2026-06-16T11:47:13
league1,CO,2.5,25-30,J5s,30,5,25,0,0,0,2023-11-10T18:40:07,2026-06-28T17:18:12
league1,CO,2.5,25-30,J6o,71,66,4,1,0,0,2023-10-25T15:01:53,2026-06-25T07:18:20
league1,CO,2.5,25-30,J6s,24,3,21,0,0,0,2023-11-11T19:46:03,2026-06-14T00:18:10
league1,CO,2.5,25-30,J7o,87,63,24,0,0,0,2023-09-16T05:10:38,2026-05-28T07:53:18
league1,CO,2.5,25-30,J7s,26,1,25,0,0,0,2023-09-08T19:26:02,2026-06-09T19:09:14
league1,CO,2.5,25-30,J8o,84,39,45,0,0,0,2023-10-04T01:11:00,2026-07-07T09:38:38
league1,CO,2.5,25-30,J8s,32,2,30,0,0,0,2023-09-06T21:45:37,2026-07-18T18:29:56
league1,CO,2.5,25-30,J9o,82,19,63,0,0,0,2023-09-10T23:42:38,2026-06-22T20:24:24
league1,CO,2.5,25-30,J9s,34,3,31,0,0,0,2023-09-29T21:15:22,2026-06-05T21:49:01
league1,CO,2.5,25-30,JJ,35,0,0,7,28,0,2023-11-25T19:50:23,2026-06-16T19:54:58
league1,CO,2.5,25-30,JTo,82,5,76,0,1,0,2023-09-02T21:31:52,2026-07-18T22:43:07
league1,CO,2.5,25-30,JTs,38,1,34,0,3,0,2023-09-02T15:52:23,2026-03-16T19:42:09
league1,CO,2.5,25-30,K2o,100,95,5,0,0,0,2023-09-17T20:46:10,2026-07-21T17:20:02
league1,CO,2.5,25-30,K2s,26,3,22,1,0,0,2023-09-12T17:31:43,2026-07-20T09:22:42
league1,CO,2.5,25-30,K3o,75,66,6,3,0,0,2023-09-07T18:12:09,2026-06-26T06:20:21
league1,CO,2.5,25-30,K3s,23,2,21,0,0,0,2023-09-04T14:19:50,2026-07-05T20:33:20
league1,CO,2.5,25-30,K4o,94,84,7,3,0,0,2023-09-07T20:28:18,2026-07-18T04:37:57
league1,CO,2.5,25-30,K4s,38,1,33,0,4,0,2023-09-10T18:14:24,2026-05-15T17:51:44
league1,CO,2.5,25-30,K5o,88,77,11,0,0,0,2023-09-11T16:02:18,2026-06-28T19:41:26
league1,CO,2.5,25-30,K5s,29,1,28,0,0,0,2023-09-05T19:35:16,2026-06-22T11:54:51
league1,CO,2.5,25-30,K6o,97,74,21,2,0,0,2023-09-08T18:41:51,2026-07-19T01:12:57
league1,CO,2.5,25-30,K6s,33,0,33,0,0,0,2023-10-11T19:16:19,2026-06-12T23:07:34
league1,CO,2.5,25-30,K7o,86,59,27,0,0,0,2023-09-01T21:30:38,2026-06-14T17:05:19
league1,CO,2.5,25-30,K7s,34,0,32,0,2,0,2023-09-30T19:47:17,2026-03-29T12:15:50
league1,CO,2.5,25-30,K8o,96,59,37,0,0,0,2023-09-18T09:09:41,2026-07-03T15:19:24
league1,CO,2.5,25-30,K8s,28,0,27,0,1,0,2023-10-16T10:48:56,2026-06-05T17:44:31
league1,CO,2.5,25-30,K9o,85,21,63,1,0,0,2023-09-13T21:17:10,2026-07-11T19:26:03
league1,CO,2.5,25-30,K9s,26,0,23,0,3,0,2023-10-26T11:29:22,2026-07-15T22:40:07
league1,CO,2.5,25-30,KJo,100,2,89,0,9,0,2023-09-02T14:41:56,2026-07-14T21:01:49
league1,CO,2.5,25-30,KJs,26,0,16,0,10,0,2023-11-12T14:45:43,2026-04-18T08:23:34
league1,CO,2.5,25-30,KK,40,0,1,32,7,0,2023-09-08T19:23:10,2026-06-09T19:28:24
league1,CO,2.5,25-30,KQo,94,2,59,2,31,0,2023-09-12T18:14:30,2026-06-27T20:01:00
league1,CO,2.5,25-30,KQs,32,0,14,0,18,0,2023-09-24T15:19:56,2026-07-02T16:22:37
league1,CO,2.5,25-30,KTo,83,3,76,0,4,0,2023-09-09T19:25:41,2026-06-19T16:37:25
league1,CO,2.5,25-30,KTs,32,0,27,0,5,0,2023-09-05T07:18:31,2026-06-08T19:20:14
league1,CO,2.5,25-30,Q2o,84,84,0,0,0,0,2023-09-07T20:05:37,2026-07-10T14:28:29
league1,CO,2.5,25-30,Q2s,29,10,19,0,0,0,2023-09-12T17:27:16,2026-07-04T21:22:02
league1,CO,2.5,25-30,Q3o,92,91,1,0,0,0,2023-09-04T18:32:28,2026-06-28T21:24:17
league1,CO,2.5,25-30,Q3s,33,9,24,0,0,0,2023-10-12T20:49:37,2026-05-09T14:39:17
league1,CO,2.5,25-30,Q4o,78,73,4,1,0,0,2023-09-19T20:32:50,2026-06-13T12:02:25
league1,CO,2.5,25-30,Q4s,23,3,20,0,0,0,2024-01-29T22:35:41,2026-06-24T22:42:23
league1,CO,2.5,25-30,Q5o,100,89,10,1,0,0,2023-09-03T22:07:05,2026-07-11T13:10:54
league1,CO,2.5,25-30,Q5s,28,2,24,1,1,0,2023-09-04T20:42:41,2026-01-09T21:02:10
league1,CO,2.5,25-30,Q6o,82,80,2,0,0,0,2023-09-02T14:47:55,2026-06-28T17:41:50
league1,CO,2.5,25-30,Q6s,23,3,20,0,0,0,2023-10-23T00:42:23,2026-07-02T15:52:49
league1,CO,2.5,25-30,Q7o,83,72,11,0,0,0,2023-09-10T22:15:12,2026-06-07T20:14:01
league1,CO,2.5,25-30,Q7s,27,2,25,0,0,0,2023-09-23T18:01:00,2026-05-30T21:29:47
league1,CO,2.5,25-30,Q8o,79,43,35,1,0,0,2023-09-24T20:37:23,2026-06-14T13:33:41
league1,CO,2.5,25-30,Q8s,33,1,29,0,3,0,2023-09-05T17:09:27,2026-07-17T21:44:31
league1,CO,2.5,25-30,Q9o,71,19,50,2,0,0,2023-09-05T19:39:08,2026-07-08T21:40:18
league1,CO,2.5,25-30,Q9s,25,1,22,0,2,0,2023-10-28T14:31:02,2026-03-30T10:48:22
league1,CO,2.5,25-30,QJo,86,0,81,0,5,0,2023-09-04T17:42:43,2026-06-28T17:40:08
league1,CO,2.5,25-30,QJs,34,1,24,0,9,0,2023-10-14T18:45:02,2026-01-21T18:42:56
league1,CO,2.5,25-30,QQ,49,0,0,25,24,0,2023-09-04T23:18:02,2026-06-18T09:26:06
league1,CO,2.5,25-30,QTo,100,6,94,0,0,0,2023-09-30T17:18:29,2026-06-29T01:11:45
league1,CO,2.5,25-30,QTs,43,0,37,0,6,0,2023-09-08T21:39:18,2026-04-27T20:44:41
league1,CO,2.5,25-30,T2o,92,92,0,0,0,0,2023-09-13T19:54:36,2026-06-23T17:16:52
league1,CO,2.5,25-30,T2s,24,17,7,0,0,0,2024-02-13T13:53:22,2026-06-02T10:05:52
league1,CO,2.5,25-30,T3o,91,90,1,0,0,0,2023-09-03T16:02:37,2026-06-05T18:13:57
league1,CO,2.5,25-30,T3s,30,17,13,0,0,0,2023-10-11T18:49:36,2026-04-06T21:06:29
league1,CO,2.5,25-30,T4o,69,68,0,1,0,0,2023-10-01T07:53:24,2026-06-02T08:21:02
league1,CO,2.5,25-30,T4s,39,18,21,0,0,0,2023-09-06T23:07:28,2026-06-17T18:08:14
league1,CO,2.5,25-30,T5o,86,86,0,0,0,0,2023-09-02T17:50:46,2026-07-19T21:45:57
league1,CO,2.5,25-30,T5s,33,11,22,0,0,0,2023-09-24T21:46:35,2026-04-11T22:02:13
league1,CO,2.5,25-30,T6o,89,86,3,0,0,0,2023-09-03T20:23:15,2026-07-20T03:22:08
league1,CO,2.5,25-30,T6s,28,6,22,0,0,0,2023-11-16T20:08:21,2026-05-25T13:08:13
league1,CO,2.5,25-30,T7o,79,64,15,0,0,0,2023-09-19T14:37:21,2026-07-09T21:16:09
league1,CO,2.5,25-30,T7s,21,1,20,0,0,0,2023-10-14T11:42:49,2026-03-30T03:29:19
league1,CO,2.5,25-30,T8o,87,41,45,0,1,0,2023-10-21T02:11:31,2026-07-11T18:11:53
league1,CO,2.5,25-30,T8s,27,1,26,0,0,0,2023-10-05T05:03:11,2026-04-26T02:19:41
league1,CO,2.5,25-30,T9o,89,7,82,0,0,0,2023-10-08T12:39:26,2026-07-11T13:15:39
league1,CO,2.5,25-30,T9s,26,0,23,0,3,0,2023-10-19T12:40:22,2026-07-05T22:18:14
league1,CO,2.5,25-30,TT,39,1,0,1,37,0,2023-09-03T20:14:27,2026-07-10T00:07:19
league1,CO,2.5,30-35,__MISSING__,888,515,313,27,33,0,2023-09-01T21:07:33,2026-07-21T08:15:10
league1,CO,2.5,30-35,22,40,3,28,0,9,0,2023-09-12T17:37:41,2026-05-25T00:16:12
league1,CO,2.5,30-35,32o,95,94,1,0,0,0,2023-09-02T21:13:37,2026-07-16T20:19:46
league1,CO,2.5,30-35,32s,21,14,7,0,0,0,2023-09-25T12:53:12,2026-01-10T22:23:08
league1,CO,2.5,30-35,33,30,1,17,0,12,0,2023-11-04T07:18:54,2026-06-29T19:13:55
league1,CO,2.5,30-35,42o,96,96,0,0,0,0,2023-09-02T05:25:50,2026-07-17T11:08:08
league1,CO,2.5,30-35,42s,30,13,17,0,0,0,2023-09-19T00:34:22,2026-03-05T21:21:44
league1,CO,2.5,30-35,43o,70,62,8,0,0,0,2023-09-16T17:01:01,2026-05-23T17:02:36
league1,CO,2.5,30-35,43s,23,2,21,0,0,0,2023-09-06T19:09:41,2026-03-16T22:22:23
league1,CO,2.5,30-35,44,55,0,29,1,25,0,2023-09-08T22:15:19,2026-07-16T18:15:07
league1,CO,2.5,30-35,52o,73,72,0,1,0,0,2023-09-02T13:48:58,2026-07-21T20:20:58
league1,CO,2.5,30-35,52s,28,11,17,0,0,0,2023-09-30T20:31:09,2026-04-27T18:19:56
league1,CO,2.5,30-35,53o,90,83,7,0,0,0,2023-10-26T17:26:44,2026-07-12T22:33:03
league1,CO,2.5,30-35,53s,25,3,22,0,0,0,2023-10-07T21:30:58,2026-04-06T20:35:48
league1,CO,2.5,30-35,54o,93,71,22,0,0,0,2023-09-02T07:40:04,2026-07-16T19:24:02
league1,CO,2.5,30-35,54s,29,0,29,0,0,0,2023-09-04T19:47:41,2026-07-06T18:13:06
league1,CO,2.5,30-35,55,41,0,20,0,21,0,2023-09-09T21:42:54,2026-07-07T15:43:25
league1,CO,2.5,30-35,62o,82,82,0,0,0,0,2023-09-29T19:25:01,2026-07-18T19:24:39
league1,CO,2.5,30-35,62s,25,13,12,0,0,0,2023-09-14T06:41:29,2026-07-02T18:43:19
league1,CO,2.5,30-35,63o,79,78,1,0,0,0,2023-09-05T11:22:07,2026-07-07T22:43:16
league1,CO,2.5,30-35,63s,27,9,18,0,0,0,2023-12-12T23:03:42,2026-07-05T17:15:42
league1,CO,2.5,30-35,64o,76,57,19,0,0,0,2023-09-03T16:03:59,2026-06-20T21:08:05
league1,CO,2.5,30-35,64s,34,5,29,0,0,0,2023-09-09T15:09:24,2026-04-09T14:14:58
league1,CO,2.5,30-35,65o,85,35,50,0,0,0,2023-09-05T19:30:38,2026-07-17T20:08:03
league1,CO,2.5,30-35,65s,32,0,32,0,0,0,2023-10-02T18:23:32,2026-05-23T19:41:18
league1,CO,2.5,30-35,66,32,0,17,0,15,0,2023-09-15T21:10:14,2026-06-21T17:03:40
league1,CO,2.5,30-35,72o,101,101,0,0,0,0,2023-09-01T16:03:33,2026-07-11T09:46:12
league1,CO,2.5,30-35,72s,33,16,17,0,0,0,2023-11-13T16:38:14,2026-04-27T21:08:05
league1,CO,2.5,30-35,73o,93,91,2,0,0,0,2023-09-09T15:15:50,2026-06-21T19:17:19
league1,CO,2.5,30-35,73s,29,15,14,0,0,0,2023-11-12T19:30:32,2026-07-19T00:26:29
league1,CO,2.5,30-35,74o,84,79,5,0,0,0,2023-09-18T19:38:16,2026-07-19T21:54:00
league1,CO,2.5,30-35,74s,32,4,28,0,0,0,2023-09-16T14:06:51,2026-06-14T23:24:48
league1,CO,2.5,30-35,75o,84,71,12,1,0,0,2023-09-13T17:49:41,2026-07-20T12:47:04
league1,CO,2.5,30-35,75s,20,0,19,0,1,0,2023-12-25T05:27:05,2026-07-12T12:04:45
league1,CO,2.5,30-35,76o,67,26,41,0,0,0,2023-09-03T21:31:07,2026-05-05T08:14:53
league1,CO,2.5,30-35,76s,43,1,40,0,2,0,2023-09-12T18:41:18,2026-06-30T17:36:38
league1,CO,2.5,30-35,77,59,0,21,0,38,0,2023-09-20T05:40:24,2026-05-23T21:01:00
league1,CO,2.5,30-35,82o,74,74,0,0,0,0,2023-09-09T19:17:27,2026-07-18T09:37:58
league1,CO,2.5,30-35,82s,26,14,12,0,0,0,2023-10-13T17:12:15,2026-04-21T16:41:06
league1,CO,2.5,30-35,83o,103,103,0,0,0,0,2023-09-06T16:02:11,2026-07-14T20:33:31
league1,CO,2.5,30-35,83s,22,12,10,0,0,0,2023-10-08T15:42:15,2026-04-26T15:51:27
league1,CO,2.5,30-35,84o,99,98,1,0,0,0,2023-09-03T18:08:04,2026-07-16T23:05:41
league1,CO,2.5,30-35,84s,23,4,19,0,0,0,2023-09-08T17:51:19,2026-04-28T20:18:38
league1,CO,2.5,30-35,85o,83,77,5,1,0,0,2023-09-20T12:14:55,2026-06-26T10:39:53
league1,CO,2.5,30-35,85s,33,3,30,0,0,0,2023-10-01T19:51:21,2026-06-06T11:03:19
league1,CO,2.5,30-35,86o,81,42,39,0,0,0,2023-09-24T18:23:28,2026-07-18T22:17:56
league1,CO,2.5,30-35,86s,29,1,27,0,1,0,2023-11-03T12:31:47,2026-07-09T05:33:14
league1,CO,2.5,30-35,87o,81,21,58,0,2,0,2023-09-03T17:43:54,2026-06-05T12:20:48
league1,CO,2.5,30-35,87s,31,0,31,0,0,0,2023-09-11T21:32:19,2026-06-20T15:42:55
league1,CO,2.5,30-35,88,46,0,10,1,35,0,2023-09-30T06:03:42,2026-06-14T13:45:45
league1,CO,2.5,30-35,92o,86,86,0,0,0,0,2023-09-01T19:47:29,2026-07-19T01:14:03
league1,CO,2.5,30-35,92s,28,18,10,0,0,0,2023-09-04T21:31:20,2026-06-17T16:50:53
league1,CO,2.5,30-35,93o,83,83,0,0,0,0,2023-09-04T20:03:31,2026-06-18T06:18:32
league1,CO,2.5,30-35,93s,31,19,11,1,0,0,2024-01-15T22:28:51,2026-06-21T18:38:20
league1,CO,2.5,30-35,94o,89,89,0,0,0,0,2023-09-17T15:19:58,2026-07-19T09:41:06
league1,CO,2.5,30-35,94s,23,10,13,0,0,0,2023-10-12T20:36:27,2026-05-20T20:41:00
league1,CO,2.5,30-35,95o,92,90,2,0,0,0,2023-09-09T09:02:11,2026-07-12T00:37:29
league1,CO,2.5,30-35,95s,22,5,17,0,0,0,2023-10-22T17:07:39,2026-03-03T23:20:10
league1,CO,2.5,30-35,96o,77,63,13,0,1,0,2023-09-03T20:47:26,2026-07-10T20:41:28
league1,CO,2.5,30-35,96s,27,2,25,0,0,0,2023-09-15T07:42:13,2026-06-26T19:05:01
league1,CO,2.5,30-35,97o,76,47,27,2,0,0,2023-09-03T21:36:34,2026-07-03T19:35:52
league1,CO,2.5,30-35,97s,23,1,22,0,0,0,2023-10-01T23:43:41,2026-05-30T00:50:07
league1,CO,2.5,30-35,98o,87,18,69,0,0,0,2023-09-25T14:06:22,2026-07-11T06:30:33
league1,CO,2.5,30-35,98s,30,1,27,1,1,0,2023-09-16T16:22:29,2026-07-11T16:05:09
league1,CO,2.5,30-35,99,37,1,10,2,24,0,2023-09-02T22:53:40,2026-07-08T00:01:00
league1,CO,2.5,30-35,A2o,90,44,35,7,4,0,2023-09-02T19:43:05,2026-07-07T14:52:08
league1,CO,2.5,30-35,A2s,31,0,27,0,4,0,2023-09-07T20:49:57,2026-02-26T20:34:38
league1,CO,2.5,30-35,A3o,73,34,32,6,1,0,2023-10-13T18:20:36,2026-06-15T00:54:31
league1,CO,2.5,30-35,A3s,22,1,21,0,0,0,2023-09-13T20:52:07,2026-05-16T20:15:28
league1,CO,2.5,30-35,A4o,90,41,44,2,3,0,2023-09-15T17:18:09,2026-06-16T05:36:28
league1,CO,2.5,30-35,A4s,30,1,25,0,4,0,2023-09-03T17:50:32,2026-04-13T19:46:26
league1,CO,2.5,30-35,A5o,81,18,57,2,4,0,2023-10-01T20:40:55,2026-07-05T21:23:05
league1,CO,2.5,30-35,A5s,40,1,32,0,7,0,2023-09-13T15:30:41,2026-07-11T20:18:14
league1,CO,2.5,30-35,A6o,94,32,58,2,2,0,2023-09-08T17:40:16,2026-07-12T21:36:48
league1,CO,2.5,30-35,A6s,31,0,27,1,3,0,2023-10-22T00:54:18,2026-07-07T20:29:18
league1,CO,2.5,30-35,A7o,86,18,62,1,5,0,2023-09-17T18:03:04,2026-06-27T18:37:07
league1,CO,2.5,30-35,A7s,27,0,27,0,0,0,2023-09-23T07:42:24,2026-03-14T21:15:56
league1,CO,2.5,30-35,A8o,95,8,83,0,4,0,2023-09-17T18:51:45,2026-07-07T12:05:18
league1,CO,2.5,30-35,A8s,29,0,27,0,2,0,2023-11-06T03:05:18,2026-07-05T20:45:38
league1,CO,2.5,30-35,A9o,83,3,74,1,5,0,2023-09-04T19:49:39,2026-07-05T21:42:04
league1,CO,2.5,30-35,A9s,31,0,28,0,3,0,2023-09-03T22:25:17,2026-06-17T23:17:15
league1,CO,2.5,30-35,AA,44,0,6,37,1,0,2023-09-15T08:34:23,2026-07-01T20:26:59
league1,CO,2.5,30-35,AJo,83,1,46,3,33,0,2023-09-01T19:14:42,2026-07-15T06:12:36
league1,CO,2.5,30-35,AJs,34,0,10,8,16,0,2023-09-24T05:04:16,2026-07-09T19:34:55
league1,CO,2.5,30-35,AKo,85,0,1,26,58,0,2023-09-02T16:33:03,2026-06-21T15:09:43
league1,CO,2.5,30-35,AKs,23,0,0,10,13,0,2023-09-17T18:47:00,2026-06-26T05:05:14
league1,CO,2.5,30-35,AQo,85,0,6,7,72,0,2023-09-04T15:29:28,2026-07-19T20:04:22
league1,CO,2.5,30-35,AQs,23,0,3,7,13,0,2023-09-03T22:28:05,2026-06-28T12:48:24
league1,CO,2.5,30-35,ATo,87,0,62,1,24,0,2023-10-06T20:31:55,2026-06-26T21:23:51
league1,CO,2.5,30-35,ATs,29,0,21,1,7,0,2023-09-04T13:46:59,2026-05-17T20:07:40
league1,CO,2.5,30-35,J2o,87,84,2,1,0,0,2023-09-04T19:54:43,2026-06-07T18:41:46
league1,CO,2.5,30-35,J2s,31,11,20,0,0,0,2023-09-08T18:51:29,2026-06-12T12:12:12
league1,CO,2.5,30-35,J3o,76,76,0,0,0,0,2023-09-02T19:49:56,2026-07-12T18:53:00
league1,CO,2.5,30-35,J3s,34,12,22,0,0,0,2023-09-10T00:34:58,2026-07-17T21:18:28
league1,CO,2.5,30-35,J4o,75,72,2,1,0,0,2023-09-18T21:13:02,2026-07-16T20:13:35
league1,CO,2.5,30-35,J4s,20,5,15,0,0,0,2023-09-08T21:41:14,2026-05-20T16:03:03
league1,CO,2.5,30-35,J5o,70,67,3,0,0,0,2023-09-07T18:33:31,2026-07-10T21:45:14
league1,CO,2.5,30-35,J5s,22,3,19,0,0,0,2023-11-19T18:31:43,2026-06-18T19:51:52
league1,CO,2.5,30-35,J6o,83,83,0,0,0,0,2023-09-24T22:22:09,2026-06-29T20:07:47
league1,CO,2.5,30-35,J6s,29,5,24,0,0,0,2023-09-04T17:52:40,2026-06-19T20:01:00
league1,CO,2.5,30-35,J7o,78,64,14,0,0,0,2023-09-23T17:18:48,2026-07-16T00:31:58
league1,CO,2.5,30-35,J7s,24,1,23,0,0,0,2023-11-13T13:21:13,2026-03-18T23:48:57
league1,CO,2.5,30-35,J8o,87,40,47,0,0,0,2023-09-02T09:30:46,2026-06-22T19:13:20
league1,CO,2.5,30-35,J8s,29,2,26,0,1,0,2023-09-24T20:04:56,2026-03-27T23:07:16
league1,CO,2.5,30-35,J9o,87,25,61,1,0,0,2023-09-08T18:06:22,2026-07-21T22:42:07
league1,CO,2.5,30-35,J9s,32,0,32,0,0,0,2023-10-08T19:19:01,2026-05-23T14:34:49
league1,CO,2.5,30-35,JJ,36,1,0,15,20,0,2023-09-26T03:35:03,2026-05-30T20:15:56
league1,CO,2.5,30-35,JTo,106,4,101,0,1,0,2023-09-15T17:09:49,2026-07-18T13:20:15
league1,CO,2.5,30-35,JTs,40,1,36,0,3,0,2023-09-05T19:52:45,2026-06-04T18:46:27
league1,CO,2.5,30-35,K2o,76,70,2,4,0,0,2023-09-23T14:09:56,2026-06-22T14:54:44
league1,CO,2.5,30-35,K2s,27,3,24,0,0,0,2023-09-26T14:01:00,2026-04-30T17:34:47
league1,CO,2.5,30-35,K3o,92,82,7,3,0,0,2023-09-02T21:28:28,2026-05-15T17:21:25
league1,CO,2.5,30-35,K3s,25,1,24,0,0,0,2023-11-13T18:27:21,2026-07-03T13:44:44
league1,CO,2.5,30-35,K4o,79,69,7,3,0,0,2023-09-17T02:37:47,2026-06-10T13:47:43
league1,CO,2.5,30-35,K4s,24,2,22,0,0,0,2023-11-12T19:34:08,2026-05-01T15:31:00
league1,CO,2.5,30-35,K5o,76,66,8,2,0,0,2023-10-20T19:51:09,2026-05-13T18:03:55
league1,CO,2.5,30-35,K5s,27,1,26,0,0,0,2023-10-03T22:45:01,2026-05-16T16:39:02
league1,CO,2.5,30-35,K6o,93,67,21,5,0,0,2023-09-06T05:09:42,2026-07-04T21:23:31
league1,CO,2.5,30-35,K6s,35,0,33,1,1,0,2023-10-01T21:02:41,2026-05-18T00:23:11
league1,CO,2.5,30-35,K7o,93,62,30,1,0,0,2023-09-06T19:48:49,2026-05-18T17:38:14
league1,CO,2.5,30-35,K7s,31,1,30,0,0,0,2023-10-15T13:49:10,2026-07-09T08:41:59
league1,CO,2.5,30-35,K8o,84,33,51,0,0,0,2023-09-04T18:07:35,2026-07-09T17:05:53
league1,CO,2.5,30-35,K8s,32,0,31,1,0,0,2023-09-10T17:37:43,2026-07-07T19:06:42
league1,CO,2.5,30-35,K9o,82,18,63,1,0,0,2023-09-04T16:46:12,2026-06-30T02:03:36
league1,CO,2.5,30-35,K9s,22,0,22,0,0,0,2023-10-07T04:01:43,2026-06-07T18:13:08
league1,CO,2.5,30-35,KJo,95,1,90,0,4,0,2023-09-07T14:13:12,2026-07-18T21:03:15
league1,CO,2.5,30-35,KJs,26,0,22,0,4,0,2024-01-06T20:31:00,2026-07-04T13:29:23
league1,CO,2.5,30-35,KK,47,0,0,44,3,0,2023-09-25T09:05:52,2026-07-19T06:26:18
league1,CO,2.5,30-35,KQo,91,0,76,2,13,0,2023-09-14T06:23:50,2026-07-09T21:41:04
league1,CO,2.5,30-35,KQs,32,0,22,1,9,0,2023-10-03T19:51:17,2026-06-01T02:23:12
league1,CO,2.5,30-35,KTo,98,7,89,0,2,0,2023-09-08T22:50:19,2026-07-10T10:50:39
league1,CO,2.5,30-35,KTs,26,0,23,0,3,0,2023-09-27T20:22:37,2026-05-06T22:45:19
league1,CO,2.5,30-35,Q2o,72,70,0,2,0,0,2023-09-08T10:01:48,2026-07-17T16:17:42
league1,CO,2.5,30-35,Q2s,23,2,21,0,0,0,2023-09-08T19:42:42,2026-05-10T18:43:45
league1,CO,2.5,30-35,Q3o,83,83,0,0,0,0,2023-09-02T20:41:14,2026-07-18T03:00:25
league1,CO,2.5,30-35,Q3s,27,8,19,0,0,0,2023-11-20T14:15:13,2026-06-27T20:32:35
league1,CO,2.5,30-35,Q4o,90,89,0,1,0,0,2023-09-06T17:12:15,2026-06-20T18:45:00
league1,CO,2.5,30-35,Q4s,27,0,26,1,0,0,2023-09-24T16:51:44,2026-04-03T16:17:10
league1,CO,2.5,30-35,Q5o,87,82,4,1,0,0,2023-09-04T19:36:59,2026-05-19T18:14:26
league1,CO,2.5,30-35,Q5s,21,4,16,0,1,0,2023-11-01T21:24:14,2026-05-22T12:30:15
league1,CO,2.5,30-35,Q6o,85,78,4,3,0,0,2023-09-16T01:51:21,2026-07-01T19:15:03
league1,CO,2.5,30-35,Q6s,29,2,27,0,0,0,2023-09-19T19:42:23,2026-07-09T22:08:12
league1,CO,2.5,30-35,Q7o,91,79,11,1,0,0,2023-09-04T17:16:30,2026-06-16T19:31:17
league1,CO,2.5,30-35,Q7s,29,0,29,0,0,0,2023-09-08T11:01:44,2026-05-17T15:34:20
league1,CO,2.5,30-35,Q8o,86,38,48,0,0,0,2023-09-01T20:40:49,2026-06-24T18:13:45
league1,CO,2.5,30-35,Q8s,32,0,32,0,0,0,2023-09-02T16:10:24,2026-05-21T08:48:54
league1,CO,2.5,30-35,Q9o,73,12,61,0,0,0,2023-09-01T16:39:38,2026-06-19T23:14:33
league1,CO,2.5,30-35,Q9s,33,0,32,0,1,0,2023-12-28T07:52:46,2026-03-15T07:43:06
league1,CO,2.5,30-35,QJo,91,2,87,0,2,0,2023-10-01T18:29:08,2026-07-14T14:46:52
league1,CO,2.5,30-35,QJs,21,0,19,0,2,0,2024-04-06T20:24:42,2026-05-14T02:24:05
league1,CO,2.5,30-35,QQ,42,1,0,27,14,0,2023-09-07T21:16:17,2026-07-19T18:18:28
league1,CO,2.5,30-35,QTo,90,6,84,0,0,0,2023-09-04T21:51:41,2026-06-14T22:21:35
league1,CO,2.5,30-35,QTs,22,1,18,0,3,0,2024-04-08T10:23:09,2026-06-30T21:25:14
league1,CO,2.5,30-35,T2o,108,108,0,0,0,0,2023-09-05T16:51:34,2026-07-17T16:53:25
league1,CO,2.5,30-35,T2s,23,17,6,0,0,0,2023-09-03T21:54:29,2026-02-27T17:13:18
league1,CO,2.5,30-35,T3o,69,69,0,0,0,0,2023-09-10T20:46:41,2026-07-20T18:39:00
league1,CO,2.5,30-35,T3s,26,17,9,0,0,0,2023-09-22T17:40:14,2026-06-04T19:12:58
league1,CO,2.5,30-35,T4o,92,90,2,0,0,0,2023-09-07T18:12:06,2026-07-08T18:53:55
league1,CO,2.5,30-35,T4s,29,13,16,0,0,0,2023-09-10T19:07:21,2026-06-16T21:20:09
league1,CO,2.5,30-35,T5o,61,60,1,0,0,0,2023-09-02T20:08:33,2026-07-18T20:32:50
league1,CO,2.5,30-35,T5s,22,9,13,0,0,0,2023-11-28T19:40:14,2026-05-13T13:13:26
league1,CO,2.5,30-35,T6o,78,74,4,0,0,0,2023-09-22T16:37:56,2026-06-30T00:27:28
league1,CO,2.5,30-35,T6s,34,8,26,0,0,0,2023-10-17T09:09:07,2026-04-22T21:24:52
league1,CO,2.5,30-35,T7o,92,76,16,0,0,0,2023-09-03T17:23:08,2026-07-21T22:47:56
league1,CO,2.5,30-35,T7s,36,1,35,0,0,0,2023-11-13T08:49:11,2026-07-09T21:03:34
league1,CO,2.5,30-35,T8o,72,27,44,1,0,0,2023-09-01T22:20:41,2026-07-18T20:50:11
league1,CO,2.5,30-35,T8s,31,3,28,0,0,0,2023-09-22T23:46:09,2026-06-15T20:40:01
league1,CO,2.5,30-35,T9o,85,16,69,0,0,0,2023-09-10T19:37:08,2026-07-03T21:38:44
league1,CO,2.5,30-35,T9s,28,1,25,0,2,0,2023-10-26T21:52:16,2026-06-04T15:25:05
league1,CO,2.5,30-35,TT,35,1,0,10,24,0,2023-10-02T07:43:08,2026-07-10T22:01:48
league1,CO,2.5,35-40,__MISSING__,865,461,353,25,26,0,2023-09-03T14:36:48,2026-07-20T21:37:30
league1,CO,2.5,35-40,22,34,1,29,0,4,0,2023-09-17T19:40:47,2026-06-07T23:32:59
league1,CO,2.5,35-40,32o,73,72,1,0,0,0,2023-09-02T18:19:40,2026-07-18T11:21:50
league1,CO,2.5,35-40,32s,35,17,18,0,0,0,2023-09-09T21:26:41,2026-06-14T22:40:06
league1,CO,2.5,35-40,33,27,0,19,0,8,0,2023-09-16T14:46:27,2026-06-13T18:24:30
league1,CO,2.5,35-40,42o,63,61,2,0,0,0,2023-09-08T03:47:40,2026-05-30T21:07:26
league1,CO,2.5,35-40,42s,24,9,15,0,0,0,2023-11-26T21:43:27,2026-04-03T08:13:50
league1,CO,2.5,35-40,43o,78,68,10,0,0,0,2023-09-05T17:37:26,2026-07-18T15:33:26
league1,CO,2.5,35-40,43s,30,3,27,0,0,0,2024-03-18T12:19:17,2026-06-27T19:01:41
league1,CO,2.5,35-40,44,36,1,26,0,9,0,2023-09-14T12:55:10,2026-05-17T21:16:23
league1,CO,2.5,35-40,52o,75,75,0,0,0,0,2023-10-01T19:45:41,2026-07-16T14:21:57
league1,CO,2.5,35-40,52s,27,11,16,0,0,0,2023-09-08T16:23:44,2026-06-22T21:13:18
league1,CO,2.5,35-40,53o,74,67,7,0,0,0,2023-09-30T19:37:32,2026-06-09T13:21:40
league1,CO,2.5,35-40,53s,26,7,18,1,0,0,2023-09-16T19:35:11,2026-06-06T10:25:56
league1,CO,2.5,35-40,54o,80,45,34,1,0,0,2023-09-09T15:46:04,2026-06-10T17:51:50
league1,CO,2.5,35-40,54s,23,2,21,0,0,0,2023-10-01T21:19:44,2026-04-11T19:07:31
league1,CO,2.5,35-40,55,42,0,25,0,17,0,2023-09-13T19:20:16,2026-07-12T19:22:35
league1,CO,2.5,35-40,62o,80,80,0,0,0,0,2023-09-09T20:11:12,2026-06-22T18:22:28
league1,CO,2.5,35-40,62s,33,14,19,0,0,0,2023-09-02T18:11:54,2026-06-22T18:08:59
league1,CO,2.5,35-40,63o,87,85,2,0,0,0,2023-09-02T18:53:51,2026-07-21T17:53:19
league1,CO,2.5,35-40,63s,39,5,34,0,0,0,2023-09-10T20:15:11,2026-07-18T17:36:27
league1,CO,2.5,35-40,64o,79,64,15,0,0,0,2023-09-03T20:43:42,2026-06-26T06:46:11
league1,CO,2.5,35-40,64s,31,2,28,1,0,0,2023-11-18T11:15:47,2025-11-16T19:37:19
league1,CO,2.5,35-40,65o,82,35,47,0,0,0,2023-09-03T17:47:53,2026-07-06T22:28:49
league1,CO,2.5,35-40,65s,23,0,23,0,0,0,2023-10-21T16:13:23,2026-05-07T22:32:00
league1,CO,2.5,35-40,66,38,0,24,1,13,0,2023-09-18T20:04:02,2026-06-08T21:54:03
league1,CO,2.5,35-40,72o,74,74,0,0,0,0,2023-10-14T11:28:19,2026-06-28T20:31:12
league1,CO,2.5,35-40,72s,27,20,7,0,0,0,2023-10-08T21:08:11,2026-07-19T04:22:37
league1,CO,2.5,35-40,73o,73,73,0,0,0,0,2023-09-01T16:10:23,2026-06-06T23:27:21
league1,CO,2.5,35-40,73s,19,6,13,0,0,0,2023-10-09T20:39:30,2026-06-28T21:44:53
league1,CO,2.5,35-40,74o,84,80,4,0,0,0,2023-09-13T20:25:27,2026-07-08T20:22:19
league1,CO,2.5,35-40,74s,26,3,23,0,0,0,2023-09-17T11:28:15,2026-07-11T22:04:12
league1,CO,2.5,35-40,75o,83,62,21,0,0,0,2023-09-07T19:46:17,2026-07-03T20:09:17
league1,CO,2.5,35-40,75s,24,2,22,0,0,0,2023-11-11T17:35:01,2026-07-05T21:13:23
league1,CO,2.5,35-40,76o,97,28,68,1,0,0,2023-10-08T22:52:14,2026-06-08T20:34:07
league1,CO,2.5,35-40,76s,24,0,24,0,0,0,2023-10-07T21:02:55,2026-06-06T15:47:14
league1,CO,2.5,35-40,77,47,0,19,0,28,0,2023-09-10T17:31:12,2026-06-14T18:35:23
league1,CO,2.5,35-40,82o,80,80,0,0,0,0,2023-09-10T16:23:33,2026-07-05T17:48:23
league1,CO,2.5,35-40,82s,26,18,8,0,0,0,2023-11-05T23:43:05,2026-01-29T21:02:16
league1,CO,2.5,35-40,83o,79,77,1,1,0,0,2023-09-05T19:45:37,2026-06-14T18:35:49
league1,CO,2.5,35-40,83s,28,12,16,0,0,0,2023-10-09T19:29:03,2026-07-17T22:14:23
league1,CO,2.5,35-40,84o,82,79,3,0,0,0,2023-11-14T20:43:40,2026-06-27T18:08:51
league1,CO,2.5,35-40,84s,37,11,26,0,0,0,2023-09-14T20:42:30,2026-07-17T05:42:09
league1,CO,2.5,35-40,85o,88,81,7,0,0,0,2023-09-03T21:35:56,2026-07-17T19:23:29
league1,CO,2.5,35-40,85s,33,6,27,0,0,0,2023-11-11T20:08:05,2026-06-08T13:39:28
league1,CO,2.5,35-40,86o,72,44,28,0,0,0,2023-09-06T17:03:56,2026-07-04T19:20:31
league1,CO,2.5,35-40,86s,25,0,25,0,0,0,2023-10-08T18:19:00,2025-12-24T21:36:05
league1,CO,2.5,35-40,87o,72,21,50,1,0,0,2023-09-30T01:47:35,2026-06-08T23:02:12
league1,CO,2.5,35-40,87s,22,0,22,0,0,0,2023-09-03T21:21:35,2026-07-07T18:38:35
league1,CO,2.5,35-40,88,46,1,16,4,25,0,2023-10-08T18:47:23,2026-07-10T18:33:14
league1,CO,2.5,35-40,92o,80,79,1,0,0,0,2023-09-23T21:42:43,2026-06-13T18:37:00
league1,CO,2.5,35-40,92s,33,19,14,0,0,0,2023-12-13T20:02:01,2026-06-21T18:38:32
league1,CO,2.5,35-40,93o,51,50,0,1,0,0,2023-09-02T19:35:01,2026-07-18T21:48:52
league1,CO,2.5,35-40,93s,23,10,12,1,0,0,2023-09-12T01:38:03,2026-06-17T19:23:21
league1,CO,2.5,35-40,94o,69,69,0,0,0,0,2023-09-22T10:20:43,2026-07-03T17:17:22
league1,CO,2.5,35-40,94s,35,17,18,0,0,0,2023-09-10T14:29:39,2026-07-03T10:32:11
league1,CO,2.5,35-40,95o,85,84,1,0,0,0,2023-09-16T16:29:42,2026-07-08T21:15:18
league1,CO,2.5,35-40,95s,22,5,17,0,0,0,2023-09-11T20:50:27,2026-05-03T04:10:23
league1,CO,2.5,35-40,96o,79,72,7,0,0,0,2023-09-08T21:35:20,2026-07-05T06:38:45
league1,CO,2.5,35-40,96s,24,3,21,0,0,0,2023-09-09T19:23:04,2026-06-06T17:38:50
league1,CO,2.5,35-40,97o,70,38,32,0,0,0,2023-09-15T07:39:09,2026-07-03T10:33:53
league1,CO,2.5,35-40,97s,31,1,30,0,0,0,2023-09-05T18:23:29,2026-06-27T20:45:58
league1,CO,2.5,35-40,98o,87,20,67,0,0,0,2023-09-04T20:32:31,2026-06-26T23:29:30
league1,CO,2.5,35-40,98s,23,0,23,0,0,0,2023-12-10T00:22:13,2026-01-30T20:04:37
league1,CO,2.5,35-40,99,36,0,3,5,28,0,2023-09-02T19:52:33,2026-05-16T14:35:28
league1,CO,2.5,35-40,A2o,95,48,41,6,0,0,2023-09-13T14:04:49,2026-07-20T13:28:34
league1,CO,2.5,35-40,A2s,21,0,17,1,3,0,2023-09-17T19:50:00,2026-04-26T20:26:36
league1,CO,2.5,35-40,A3o,88,25,57,5,1,0,2023-09-09T19:11:13,2026-07-07T01:23:44
league1,CO,2.5,35-40,A3s,29,0,29,0,0,0,2023-09-04T09:04:33,2026-06-02T15:51:18
league1,CO,2.5,35-40,A4o,75,28,41,4,2,0,2023-09-06T21:28:13,2026-07-12T16:52:37
league1,CO,2.5,35-40,A4s,26,0,23,0,3,0,2023-10-08T19:46:29,2026-03-30T02:33:29
league1,CO,2.5,35-40,A5o,90,23,60,7,0,0,2023-09-06T20:39:44,2026-07-19T20:52:56
league1,CO,2.5,35-40,A5s,23,0,21,1,1,0,2023-10-07T21:24:31,2026-04-15T09:19:24
league1,CO,2.5,35-40,A6o,67,20,41,5,1,0,2023-09-06T20:17:44,2026-05-24T14:42:02
league1,CO,2.5,35-40,A6s,32,0,31,0,1,0,2023-09-29T10:12:30,2026-06-10T16:19:52
league1,CO,2.5,35-40,A7o,78,11,65,1,1,0,2023-09-21T02:54:10,2026-07-10T21:46:40
league1,CO,2.5,35-40,A7s,28,0,28,0,0,0,2023-12-12T13:21:47,2026-06-06T16:26:18
league1,CO,2.5,35-40,A8o,78,10,65,0,3,0,2023-09-11T12:25:59,2026-07-18T14:52:13
league1,CO,2.5,35-40,A8s,34,0,33,0,1,0,2023-09-04T17:28:49,2026-06-20T13:22:46
league1,CO,2.5,35-40,A9o,105,8,90,1,6,0,2023-09-04T19:13:59,2026-07-18T00:40:06
league1,CO,2.5,35-40,A9s,27,1,23,1,2,0,2023-11-12T04:53:58,2026-06-09T01:12:04
league1,CO,2.5,35-40,AA,45,0,2,43,0,0,2023-09-05T15:16:09,2026-07-01T21:54:44
league1,CO,2.5,35-40,AJo,89,2,50,5,32,0,2023-09-02T16:22:47,2026-06-28T17:18:47
league1,CO,2.5,35-40,AJs,32,0,17,4,11,0,2023-09-01T18:25:21,2026-05-10T19:34:52
league1,CO,2.5,35-40,AKo,85,0,2,37,46,0,2023-09-06T20:04:25,2026-07-19T20:15:09
league1,CO,2.5,35-40,AKs,35,1,0,22,12,0,2023-10-04T16:21:48,2026-07-09T20:35:21
league1,CO,2.5,35-40,AQo,85,0,15,20,50,0,2023-09-03T15:54:15,2026-07-06T14:35:18
league1,CO,2.5,35-40,AQs,25,0,3,12,10,0,2023-10-17T09:17:16,2026-03-21T17:54:42
league1,CO,2.5,35-40,ATo,80,0,71,1,8,0,2023-09-08T23:41:46,2026-07-18T11:48:18
league1,CO,2.5,35-40,ATs,28,1,23,1,3,0,2023-12-24T20:19:48,2026-06-20T19:47:42
league1,CO,2.5,35-40,J2o,85,82,1,2,0,0,2023-09-03T20:11:10,2026-06-20T15:13:31
league1,CO,2.5,35-40,J2s,22,6,16,0,0,0,2024-01-06T17:39:59,2026-04-29T05:39:16
league1,CO,2.5,35-40,J3o,91,89,0,2,0,0,2023-09-09T17:20:19,2026-07-09T19:53:14
league1,CO,2.5,35-40,J3s,17,10,7,0,0,0,2024-03-31T21:17:42,2026-07-03T20:05:19
league1,CO,2.5,35-40,J4o,92,88,3,1,0,0,2023-09-10T20:47:01,2026-07-13T06:23:48
league1,CO,2.5,35-40,J4s,30,7,22,1,0,0,2024-01-08T21:43:06,2026-03-24T06:10:54
league1,CO,2.5,35-40,J5o,59,58,0,1,0,0,2023-09-02T18:50:27,2026-07-02T18:51:48
league1,CO,2.5,35-40,J5s,33,8,25,0,0,0,2023-09-17T06:53:11,2026-06-30T21:09:43
league1,CO,2.5,35-40,J6o,84,79,4,1,0,0,2023-09-03T17:12:51,2026-07-18T22:47:49
league1,CO,2.5,35-40,J6s,30,5,25,0,0,0,2023-09-13T18:43:04,2026-06-16T16:05:06
league1,CO,2.5,35-40,J7o,90,66,21,3,0,0,2023-09-13T15:46:08,2026-07-10T17:02:42
league1,CO,2.5,35-40,J7s,27,1,25,1,0,0,2023-10-05T05:06:51,2026-06-20T23:40:27
league1,CO,2.5,35-40,J8o,87,35,52,0,0,0,2023-09-05T17:38:57,2026-06-18T17:18:58
league1,CO,2.5,35-40,J8s,29,1,28,0,0,0,2023-09-03T12:18:43,2026-05-12T16:23:24
league1,CO,2.5,35-40,J9o,90,27,62,0,1,0,2023-09-08T09:32:04,2026-06-20T20:27:44
league1,CO,2.5,35-40,J9s,25,0,25,0,0,0,2023-09-05T18:28:45,2026-04-19T14:39:40
league1,CO,2.5,35-40,JJ,37,0,0,19,18,0,2023-09-06T16:31:25,2026-06-14T19:16:36
league1,CO,2.5,35-40,JTo,81,3,78,0,0,0,2023-09-04T21:26:56,2026-07-17T20:08:54
league1,CO,2.5,35-40,JTs,29,0,27,0,2,0,2023-11-12T18:52:18,2026-04-10T19:04:58
league1,CO,2.5,35-40,K2o,87,81,3,3,0,0,2023-09-03T20:40:11,2026-06-20T09:27:34
league1,CO,2.5,35-40,K2s,24,2,22,0,0,0,2023-09-03T18:45:31,2026-06-05T19:45:45
league1,CO,2.5,35-40,K3o,83,76,4,3,0,0,2023-09-03T20:50:43,2026-07-17T22:40:36
league1,CO,2.5,35-40,K3s,25,2,22,1,0,0,2023-09-09T20:09:34,2026-02-08T01:01:00
league1,CO,2.5,35-40,K4o,93,79,14,0,0,0,2023-09-01T20:33:55,2026-06-24T18:19:50
league1,CO,2.5,35-40,K4s,30,1,28,0,1,0,2023-09-04T18:34:09,2026-04-07T16:12:59
league1,CO,2.5,35-40,K5o,92,78,10,3,1,0,2023-09-10T15:47:38,2026-05-25T18:54:12
league1,CO,2.5,35-40,K5s,26,1,25,0,0,0,2023-12-22T19:07:13,2026-05-14T08:48:41
league1,CO,2.5,35-40,K6o,88,71,15,2,0,0,2023-09-23T22:42:04,2026-07-04T11:06:18
league1,CO,2.5,35-40,K6s,29,1,27,1,0,0,2023-09-20T19:25:49,2026-06-24T21:21:20
league1,CO,2.5,35-40,K7o,89,54,33,2,0,0,2023-09-06T18:54:51,2026-07-18T16:40:11
league1,CO,2.5,35-40,K7s,28,1,27,0,0,0,2023-09-03T14:37:48,2026-07-12T02:24:27
league1,CO,2.5,35-40,K8o,68,30,38,0,0,0,2023-11-05T08:43:16,2026-06-07T01:11:14
league1,CO,2.5,35-40,K8s,29,1,27,0,1,0,2023-09-29T22:24:09,2026-07-16T13:26:16
league1,CO,2.5,35-40,K9o,77,12,65,0,0,0,2023-09-09T16:37:12,2026-06-07T22:44:31
league1,CO,2.5,35-40,K9s,40,1,39,0,0,0,2023-09-17T21:45:31,2026-07-04T23:26:39
league1,CO,2.5,35-40,KJo,81,0,79,0,2,0,2023-10-18T02:12:37,2026-06-21T00:04:06
league1,CO,2.5,35-40,KJs,31,0,29,1,1,0,2023-09-07T15:46:58,2026-07-13T18:16:27
league1,CO,2.5,35-40,KK,42,0,2,38,2,0,2023-09-03T18:46:38,2026-07-12T21:11:52
league1,CO,2.5,35-40,KQo,81,0,75,1,5,0,2023-09-12T17:20:21,2026-07-11T18:11:31
league1,CO,2.5,35-40,KQs,27,0,22,4,1,0,2023-10-09T20:26:55,2026-07-10T21:53:24
league1,CO,2.5,35-40,KTo,88,2,85,0,1,0,2023-10-17T21:51:33,2026-06-27T20:37:40
league1,CO,2.5,35-40,KTs,31,1,30,0,0,0,2023-09-09T20:36:49,2026-07-08T01:14:20
league1,CO,2.5,35-40,Q2o,79,75,3,1,0,0,2023-09-03T19:39:07,2026-06-24T17:20:04
league1,CO,2.5,35-40,Q2s,29,8,19,2,0,0,2023-10-09T19:15:47,2026-07-10T21:53:07
league1,CO,2.5,35-40,Q3o,86,84,1,1,0,0,2023-09-02T07:04:02,2026-07-21T15:34:38
league1,CO,2.5,35-40,Q3s,23,1,22,0,0,0,2023-10-07T19:52:31,2026-02-22T19:01:01
league1,CO,2.5,35-40,Q4o,76,74,2,0,0,0,2023-09-05T18:41:13,2026-07-09T04:05:39
league1,CO,2.5,35-40,Q4s,18,1,16,1,0,0,2023-09-08T19:41:03,2026-02-12T20:05:40
league1,CO,2.5,35-40,Q5o,72,70,0,2,0,0,2023-09-03T19:54:26,2026-07-02T22:20:22
league1,CO,2.5,35-40,Q5s,24,1,23,0,0,0,2023-10-31T02:12:52,2026-05-03T21:15:18
league1,CO,2.5,35-40,Q6o,81,73,7,1,0,0,2023-09-26T19:01:01,2026-07-12T21:37:04
league1,CO,2.5,35-40,Q6s,32,2,30,0,0,0,2023-09-24T13:18:59,2026-06-21T22:26:55
league1,CO,2.5,35-40,Q7o,79,70,8,1,0,0,2023-09-08T19:50:05,2026-07-07T04:19:13
league1,CO,2.5,35-40,Q7s,36,1,35,0,0,0,2023-09-04T19:51:20,2026-05-03T18:43:17
league1,CO,2.5,35-40,Q8o,79,39,38,2,0,0,2023-09-02T09:19:23,2026-07-12T15:41:06
league1,CO,2.5,35-40,Q8s,31,1,30,0,0,0,2023-09-30T08:53:48,2026-05-22T19:09:50
league1,CO,2.5,35-40,Q9o,80,16,63,1,0,0,2023-10-07T17:52:19,2026-07-06T10:50:57
league1,CO,2.5,35-40,Q9s,24,0,22,0,2,0,2023-09-18T18:24:48,2026-03-07T02:18:07
league1,CO,2.5,35-40,QJo,83,1,82,0,0,0,2023-09-04T21:13:50,2026-07-17T18:35:30
league1,CO,2.5,35-40,QJs,31,0,31,0,0,0,2023-09-09T02:45:22,2026-06-27T18:36:28
league1,CO,2.5,35-40,QQ,32,0,0,31,1,0,2023-10-24T18:42:57,2026-07-06T21:13:03
league1,CO,2.5,35-40,QTo,87,1,86,0,0,0,2023-09-08T21:06:21,2026-06-24T19:14:03
league1,CO,2.5,35-40,QTs,32,0,28,0,4,0,2023-10-08T21:26:25,2026-06-03T18:48:08
league1,CO,2.5,35-40,T2o,78,77,1,0,0,0,2023-09-10T21:38:59,2026-07-11T18:24:46
league1,CO,2.5,35-40,T2s,29,16,13,0,0,0,2023-12-10T12:45:53,2026-04-13T20:34:57
league1,CO,2.5,35-40,T3o,73,73,0,0,0,0,2023-09-04T18:09:41,2026-06-28T11:19:40
league1,CO,2.5,35-40,T3s,41,11,29,1,0,0,2023-09-17T07:19:36,2026-06-14T17:04:55
league1,CO,2.5,35-40,T4o,76,75,0,0,1,0,2023-09-17T17:09:16,2026-06-08T02:22:15
league1,CO,2.5,35-40,T4s,31,13,18,0,0,0,2023-10-31T15:49:40,2026-05-12T20:03:31
league1,CO,2.5,35-40,T5o,93,92,1,0,0,0,2023-09-03T20:21:24,2026-07-12T19:42:22
league1,CO,2.5,35-40,T5s,29,9,19,1,0,0,2023-09-10T19:41:44,2026-06-26T17:06:31
league1,CO,2.5,35-40,T6o,70,66,4,0,0,0,2023-09-04T18:38:45,2026-05-28T20:32:28
league1,CO,2.5,35-40,T6s,23,2,21,0,0,0,2023-09-16T16:28:43,2026-07-17T01:21:15
league1,CO,2.5,35-40,T7o,73,57,14,2,0,0,2023-10-13T18:49:17,2026-07-15T20:20:07
league1,CO,2.5,35-40,T7s,26,1,25,0,0,0,2023-09-09T20:14:34,2026-06-30T03:42:08
league1,CO,2.5,35-40,T8o,77,31,45,1,0,0,2023-09-02T20:34:08,2026-07-01T01:19:42
league1,CO,2.5,35-40,T8s,21,0,21,0,0,0,2023-10-24T10:29:46,2026-05-17T14:01:01
league1,CO,2.5,35-40,T9o,84,15,69,0,0,0,2023-09-13T15:44:06,2026-07-12T18:19:00
league1,CO,2.5,35-40,T9s,35,0,34,0,1,0,2023-09-03T17:28:05,2026-07-04T21:23:31
league1,CO,2.5,35-40,TT,38,0,3,11,24,0,2023-11-08T19:43:50,2026-07-10T20:11:50
league1,CO,3.0,25-30,__MISSING__,637,486,117,5,29,0,2023-09-01T13:17:58,2026-07-18T19:05:51
league1,CO,3.0,25-30,22,42,13,20,0,9,0,2023-10-07T22:16:39,2026-07-19T19:45:49
league1,CO,3.0,25-30,32o,70,70,0,0,0,0,2023-09-12T20:13:45,2026-07-04T09:23:53
league1,CO,3.0,25-30,32s,25,21,4,0,0,0,2024-01-02T19:54:27,2026-03-08T17:44:30
league1,CO,3.0,25-30,33,43,9,20,0,14,0,2023-09-10T20:03:22,2026-07-17T04:39:05
league1,CO,3.0,25-30,42o,59,59,0,0,0,0,2023-09-02T21:15:00,2026-04-14T05:15:15
league1,CO,3.0,25-30,42s,26,20,6,0,0,0,2023-11-23T07:19:19,2026-06-25T09:30:46
league1,CO,3.0,25-30,43o,66,65,1,0,0,0,2023-09-02T18:48:47,2026-05-08T16:52:31
league1,CO,3.0,25-30,43s,17,10,7,0,0,0,2023-11-28T18:38:54,2026-07-09T20:27:42
league1,CO,3.0,25-30,44,33,3,15,1,14,0,2023-11-24T00:06:29,2026-04-10T21:53:51
league1,CO,3.0,25-30,52o,65,64,1,0,0,0,2023-09-16T23:10:28,2026-07-08T12:24:50
league1,CO,3.0,25-30,52s,26,23,3,0,0,0,2023-10-12T13:48:41,2026-05-22T18:26:15
league1,CO,3.0,25-30,53o,70,70,0,0,0,0,2023-09-09T23:30:28,2026-06-04T20:24:34
league1,CO,3.0,25-30,53s,20,13,7,0,0,0,2023-09-12T08:47:28,2026-07-05T18:09:12
league1,CO,3.0,25-30,54o,60,57,3,0,0,0,2023-09-02T22:45:04,2026-07-13T22:51:06
league1,CO,3.0,25-30,54s,22,9,13,0,0,0,2023-09-03T20:38:55,2026-04-05T18:14:15
league1,CO,3.0,25-30,55,42,4,25,0,13,0,2023-09-10T13:15:04,2026-07-04T09:53:12
league1,CO,3.0,25-30,62o,77,77,0,0,0,0,2023-10-06T22:32:09,2026-06-30T18:16:06
league1,CO,3.0,25-30,62s,15,13,2,0,0,0,2023-09-02T19:28:08,2025-10-26T22:13:56
league1,CO,3.0,25-30,63o,75,75,0,0,0,0,2023-09-04T22:50:57,2026-06-11T23:10:42
league1,CO,3.0,25-30,63s,12,10,2,0,0,0,2024-03-10T20:14:32,2026-07-07T21:30:55
league1,CO,3.0,25-30,64o,73,73,0,0,0,0,2023-09-06T21:15:16,2026-07-01T19:30:49
league1,CO,3.0,25-30,64s,27,16,11,0,0,0,2023-09-06T18:26:33,2026-01-07T17:39:33
league1,CO,3.0,25-30,65o,67,62,5,0,0,0,2023-09-09T13:21:46,2026-06-24T03:14:14
league1,CO,3.0,25-30,65s,30,7,23,0,0,0,2023-10-13T18:26:46,2026-07-05T17:14:33
league1,CO,3.0,25-30,66,30,5,13,0,12,0,2023-10-20T21:47:01,2026-05-19T21:10:36
league1,CO,3.0,25-30,72o,74,74,0,0,0,0,2023-09-04T14:15:01,2026-06-07T07:27:57
league1,CO,3.0,25-30,72s,10,9,1,0,0,0,2023-12-04T16:24:08,2026-05-11T22:18:01
league1,CO,3.0,25-30,73o,67,67,0,0,0,0,2023-09-01T18:22:47,2026-07-17T11:53:04
league1,CO,3.0,25-30,73s,20,18,2,0,0,0,2023-09-02T21:53:15,2026-04-04T16:37:27
league1,CO,3.0,25-30,74o,77,77,0,0,0,0,2023-10-21T21:48:19,2026-07-11T20:05:37
league1,CO,3.0,25-30,74s,22,14,8,0,0,0,2023-12-16T17:48:28,2026-06-14T22:30:43
league1,CO,3.0,25-30,75o,68,63,5,0,0,0,2023-09-05T17:32:37,2026-07-13T03:34:53
league1,CO,3.0,25-30,75s,21,11,10,0,0,0,2023-09-04T19:52:30,2026-04-26T17:05:37
league1,CO,3.0,25-30,76o,59,54,5,0,0,0,2023-09-10T14:12:56,2026-07-01T17:47:17
league1,CO,3.0,25-30,76s,19,3,16,0,0,0,2023-10-23T20:18:13,2026-05-29T13:43:51
league1,CO,3.0,25-30,77,29,2,12,0,15,0,2023-09-29T23:23:18,2026-06-19T22:29:34
league1,CO,3.0,25-30,82o,70,70,0,0,0,0,2023-09-03T17:36:37,2026-06-27T22:47:21
league1,CO,3.0,25-30,82s,23,22,1,0,0,0,2023-10-01T17:06:26,2026-06-28T21:23:19
league1,CO,3.0,25-30,83o,63,63,0,0,0,0,2023-09-09T19:49:26,2026-07-15T00:52:45
league1,CO,3.0,25-30,83s,19,16,3,0,0,0,2024-02-13T16:30:42,2026-06-22T03:35:45
league1,CO,3.0,25-30,84o,65,65,0,0,0,0,2023-09-09T06:51:40,2026-07-11T18:34:52
league1,CO,3.0,25-30,84s,25,20,5,0,0,0,2023-09-09T18:01:01,2026-07-19T11:38:09
league1,CO,3.0,25-30,85o,56,56,0,0,0,0,2023-09-10T02:12:20,2026-06-16T03:10:57
league1,CO,3.0,25-30,85s,18,11,7,0,0,0,2023-10-01T19:51:04,2026-04-11T18:46:50
league1,CO,3.0,25-30,86o,57,53,4,0,0,0,2023-10-06T18:29:10,2026-07-18T09:20:17
league1,CO,3.0,25-30,86s,28,7,21,0,0,0,2023-09-04T20:38:41,2026-07-13T20:14:46
league1,CO,3.0,25-30,87o,67,62,5,0,0,0,2023-09-03T21:02:20,2026-07-18T02:40:30
league1,CO,3.0,25-30,87s,18,4,14,0,0,0,2023-10-02T17:30:01,2026-04-26T23:11:22
league1,CO,3.0,25-30,88,35,0,5,0,30,0,2023-09-05T21:12:09,2026-06-07T22:25:04
league1,CO,3.0,25-30,92o,71,71,0,0,0,0,2023-09-11T17:03:20,2026-07-11T06:38:49
league1,CO,3.0,25-30,92s,26,25,1,0,0,0,2023-12-08T20:31:47,2026-06-06T21:41:29
league1,CO,3.0,25-30,93o,71,71,0,0,0,0,2023-09-30T20:18:33,2026-07-20T07:44:08
league1,CO,3.0,25-30,93s,21,20,1,0,0,0,2024-01-12T20:29:22,2026-05-21T07:40:58
league1,CO,3.0,25-30,94o,63,62,1,0,0,0,2023-09-23T22:19:28,2026-06-21T20:08:19
league1,CO,3.0,25-30,94s,23,20,3,0,0,0,2023-10-13T08:03:09,2026-06-23T16:40:44
league1,CO,3.0,25-30,95o,70,69,1,0,0,0,2023-09-12T07:39:29,2026-07-05T20:29:54
league1,CO,3.0,25-30,95s,22,14,8,0,0,0,2023-09-12T10:53:49,2026-07-17T22:49:43
league1,CO,3.0,25-30,96o,71,70,1,0,0,0,2023-09-24T02:41:16,2026-06-25T22:29:52
league1,CO,3.0,25-30,96s,14,11,3,0,0,0,2023-09-24T00:08:30,2026-05-01T23:48:34
league1,CO,3.0,25-30,97o,76,69,7,0,0,0,2023-09-04T20:32:02,2026-07-19T20:09:41
league1,CO,3.0,25-30,97s,25,8,17,0,0,0,2023-09-10T18:22:57,2026-06-18T18:23:54
league1,CO,3.0,25-30,98o,79,58,21,0,0,0,2023-09-13T14:24:08,2026-07-10T12:31:42
league1,CO,3.0,25-30,98s,23,1,22,0,0,0,2024-02-16T21:39:34,2026-05-25T21:49:13
league1,CO,3.0,25-30,99,42,0,3,1,38,0,2023-10-05T13:52:46,2026-07-10T03:21:49
league1,CO,3.0,25-30,A2o,61,58,2,0,1,0,2023-09-14T16:12:29,2026-06-16T18:07:07
league1,CO,3.0,25-30,A2s,26,5,21,0,0,0,2023-09-27T16:20:43,2026-05-14T17:22:08
league1,CO,3.0,25-30,A3o,62,56,6,0,0,0,2023-09-07T20:48:26,2026-07-16T19:45:39
league1,CO,3.0,25-30,A3s,22,6,15,0,1,0,2023-09-03T23:27:04,2026-07-11T23:25:48
league1,CO,3.0,25-30,A4o,71,56,9,1,5,0,2023-09-29T22:05:50,2026-07-20T00:15:41
league1,CO,3.0,25-30,A4s,21,0,20,0,1,0,2024-01-26T17:14:27,2026-06-15T18:27:00
league1,CO,3.0,25-30,A5o,56,39,14,0,3,0,2023-09-17T06:39:31,2026-05-03T18:18:02
league1,CO,3.0,25-30,A5s,16,2,10,0,4,0,2023-09-07T20:34:46,2025-10-20T15:11:31
league1,CO,3.0,25-30,A6o,80,65,11,0,4,0,2023-09-10T01:03:58,2026-06-18T19:34:34
league1,CO,3.0,25-30,A6s,17,2,14,0,1,0,2023-09-18T20:45:25,2026-03-07T22:42:05
league1,CO,3.0,25-30,A7o,63,47,11,1,4,0,2023-09-02T02:14:25,2026-06-13T05:09:53
league1,CO,3.0,25-30,A7s,18,2,15,0,1,0,2023-10-25T22:32:17,2026-06-25T22:49:38
league1,CO,3.0,25-30,A8o,58,33,20,0,5,0,2023-09-06T22:19:17,2026-07-09T22:19:42
league1,CO,3.0,25-30,A8s,18,1,14,0,3,0,2023-09-18T18:54:36,2026-07-20T13:47:40
league1,CO,3.0,25-30,A9o,75,25,40,1,9,0,2023-09-22T21:09:06,2026-07-17T14:32:59
league1,CO,3.0,25-30,A9s,18,1,12,0,5,0,2023-09-03T18:12:58,2026-04-10T00:01:05
league1,CO,3.0,25-30,AA,37,0,3,30,4,0,2023-10-01T15:53:23,2026-06-25T17:33:33
league1,CO,3.0,25-30,AJo,67,1,31,0,35,0,2023-09-16T09:45:33,2026-07-13T20:29:18
league1,CO,3.0,25-30,AJs,23,0,7,0,16,0,2023-09-23T10:23:16,2026-07-07T23:54:03
league1,CO,3.0,25-30,AKo,65,0,0,8,57,0,2023-09-18T12:50:31,2026-07-21T02:50:09
league1,CO,3.0,25-30,AKs,22,0,0,1,21,0,2023-10-09T00:49:01,2026-06-01T13:27:38
league1,CO,3.0,25-30,AQo,74,0,3,2,69,0,2023-09-15T20:25:52,2026-07-07T23:22:31
league1,CO,3.0,25-30,AQs,31,0,2,2,27,0,2023-09-02T21:21:50,2026-06-21T18:13:15
league1,CO,3.0,25-30,ATo,59,6,39,0,14,0,2023-09-23T23:03:57,2026-07-03T17:14:06
league1,CO,3.0,25-30,ATs,25,1,17,0,7,0,2023-11-04T00:47:01,2026-05-23T19:23:18
league1,CO,3.0,25-30,J2o,70,70,0,0,0,0,2023-09-16T21:20:16,2026-07-12T20:25:37
league1,CO,3.0,25-30,J2s,29,22,6,1,0,0,2023-12-17T00:20:38,2026-06-07T20:45:11
league1,CO,3.0,25-30,J3o,73,73,0,0,0,0,2023-09-07T21:23:38,2026-06-28T19:10:44
league1,CO,3.0,25-30,J3s,21,17,4,0,0,0,2023-11-25T19:12:58,2026-04-17T21:14:26
league1,CO,3.0,25-30,J4o,66,66,0,0,0,0,2023-11-12T17:12:33,2026-07-21T15:03:28
league1,CO,3.0,25-30,J4s,20,15,5,0,0,0,2023-10-10T18:28:25,2026-05-26T11:52:40
league1,CO,3.0,25-30,J5o,53,52,1,0,0,0,2023-09-07T21:13:09,2026-07-20T09:53:10
league1,CO,3.0,25-30,J5s,27,19,8,0,0,0,2023-11-03T16:10:40,2026-06-19T15:14:07
league1,CO,3.0,25-30,J6o,56,55,1,0,0,0,2023-09-06T22:12:56,2026-07-10T19:18:36
league1,CO,3.0,25-30,J6s,20,14,5,0,1,0,2023-09-07T20:13:53,2026-06-30T14:43:27
league1,CO,3.0,25-30,J7o,66,61,5,0,0,0,2023-09-25T18:30:27,2026-07-20T10:03:12
league1,CO,3.0,25-30,J7s,29,15,14,0,0,0,2023-09-09T11:22:45,2026-06-11T17:48:03
league1,CO,3.0,25-30,J8o,68,59,9,0,0,0,2023-09-10T22:05:40,2026-06-06T01:14:51
league1,CO,3.0,25-30,J8s,24,3,21,0,0,0,2023-09-29T17:46:28,2026-07-12T06:25:49
league1,CO,3.0,25-30,J9o,49,39,8,1,1,0,2023-09-01T20:01:56,2026-07-14T17:39:16
league1,CO,3.0,25-30,J9s,22,3,19,0,0,0,2024-03-21T03:40:09,2026-07-12T23:40:43
league1,CO,3.0,25-30,JJ,42,0,0,7,35,0,2023-09-27T23:45:37,2026-05-05T18:35:14
league1,CO,3.0,25-30,JTo,84,38,45,1,0,0,2023-09-03T23:14:41,2026-06-28T18:01:30
league1,CO,3.0,25-30,JTs,25,0,22,0,3,0,2023-10-28T20:34:56,2026-06-14T20:38:03
league1,CO,3.0,25-30,K2o,62,60,2,0,0,0,2023-09-27T14:25:35,2026-07-19T20:23:26
league1,CO,3.0,25-30,K2s,23,13,10,0,0,0,2023-09-05T22:25:54,2026-06-20T18:15:26
league1,CO,3.0,25-30,K3o,65,65,0,0,0,0,2023-09-03T18:02:18,2026-07-05T19:19:15
league1,CO,3.0,25-30,K3s,31,13,18,0,0,0,2023-11-08T19:41:54,2026-04-19T08:42:50
league1,CO,3.0,25-30,K4o,69,67,2,0,0,0,2023-09-21T16:11:10,2026-06-25T10:15:14
league1,CO,3.0,25-30,K4s,33,14,19,0,0,0,2023-09-24T19:04:17,2026-07-18T02:39:09
league1,CO,3.0,25-30,K5o,72,69,3,0,0,0,2023-09-01T22:23:50,2026-06-10T19:36:01
league1,CO,3.0,25-30,K5s,20,6,14,0,0,0,2023-09-22T20:48:31,2026-02-21T17:07:08
league1,CO,3.0,25-30,K6o,72,71,1,0,0,0,2023-09-08T17:52:43,2026-07-16T17:52:49
league1,CO,3.0,25-30,K6s,18,7,11,0,0,0,2023-09-02T12:51:46,2026-03-09T18:46:41
league1,CO,3.0,25-30,K7o,55,53,1,1,0,0,2023-09-01T18:44:04,2026-05-26T22:32:10
league1,CO,3.0,25-30,K7s,21,6,15,0,0,0,2023-09-24T19:47:33,2026-06-16T17:24:39
league1,CO,3.0,25-30,K8o,64,58,6,0,0,0,2023-10-21T05:54:16,2026-06-06T20:18:33
league1,CO,3.0,25-30,K8s,21,5,15,0,1,0,2023-09-05T15:34:14,2026-07-04T17:26:53
league1,CO,3.0,25-30,K9o,75,63,12,0,0,0,2023-09-06T18:06:12,2026-07-08T23:03:47
league1,CO,3.0,25-30,K9s,23,2,20,0,1,0,2023-10-16T22:13:34,2026-06-05T02:26:14
league1,CO,3.0,25-30,KJo,55,6,43,0,6,0,2023-09-25T14:09:28,2026-07-11T19:44:33
league1,CO,3.0,25-30,KJs,19,0,15,0,4,0,2023-09-08T23:09:39,2026-06-20T20:43:50
league1,CO,3.0,25-30,KK,27,0,1,13,13,0,2023-10-10T21:31:30,2026-07-06T22:28:32
league1,CO,3.0,25-30,KQo,80,3,61,0,16,0,2023-09-08T04:30:40,2026-07-09T23:36:04
league1,CO,3.0,25-30,KQs,18,0,16,0,2,0,2024-01-09T22:24:16,2026-05-31T20:41:41
league1,CO,3.0,25-30,KTo,81,22,55,1,3,0,2023-09-08T16:31:07,2026-07-13T17:22:05
league1,CO,3.0,25-30,KTs,25,0,22,0,3,0,2023-09-03T20:25:58,2026-06-27T14:09:53
league1,CO,3.0,25-30,Q2o,68,68,0,0,0,0,2023-10-11T01:21:08,2026-07-07T04:23:22
league1,CO,3.0,25-30,Q2s,20,13,7,0,0,0,2023-11-09T00:08:30,2026-05-08T02:20:36
league1,CO,3.0,25-30,Q3o,64,64,0,0,0,0,2023-09-01T18:45:03,2026-07-13T21:13:38
league1,CO,3.0,25-30,Q3s,18,13,5,0,0,0,2023-09-18T08:31:40,2026-07-17T11:17:37
league1,CO,3.0,25-30,Q4o,78,75,2,1,0,0,2023-09-09T14:32:52,2026-07-14T09:26:06
league1,CO,3.0,25-30,Q4s,16,9,7,0,0,0,2023-09-15T21:32:48,2026-05-30T17:32:24
league1,CO,3.0,25-30,Q5o,66,66,0,0,0,0,2023-10-23T19:47:25,2026-06-14T17:27:24
league1,CO,3.0,25-30,Q5s,23,14,9,0,0,0,2023-09-11T20:15:49,2026-05-10T02:50:12
league1,CO,3.0,25-30,Q6o,68,68,0,0,0,0,2023-09-02T22:11:55,2026-07-10T15:13:33
league1,CO,3.0,25-30,Q6s,27,15,12,0,0,0,2023-09-16T03:55:02,2026-06-27T17:42:49
league1,CO,3.0,25-30,Q7o,67,66,1,0,0,0,2023-10-22T19:16:51,2026-05-31T06:18:19
league1,CO,3.0,25-30,Q7s,12,2,9,1,0,0,2023-10-08T12:26:55,2025-06-01T21:35:20
league1,CO,3.0,25-30,Q8o,64,60,4,0,0,0,2023-09-01T19:32:29,2026-07-12T16:44:07
league1,CO,3.0,25-30,Q8s,26,7,18,0,1,0,2023-09-29T18:29:03,2026-06-14T17:47:01
league1,CO,3.0,25-30,Q9o,84,57,27,0,0,0,2023-10-03T20:37:36,2026-06-13T14:04:21
league1,CO,3.0,25-30,Q9s,26,4,22,0,0,0,2023-10-07T12:44:57,2026-05-20T21:19:26
league1,CO,3.0,25-30,QJo,84,22,59,0,3,0,2023-09-02T00:49:14,2026-07-12T10:07:29
league1,CO,3.0,25-30,QJs,18,0,16,0,2,0,2023-09-08T21:44:27,2026-04-14T15:37:01
league1,CO,3.0,25-30,QQ,39,0,0,8,31,0,2023-09-08T21:04:17,2026-06-26T22:17:19
league1,CO,3.0,25-30,QTo,65,28,37,0,0,0,2023-10-22T12:36:16,2026-07-06T17:28:18
league1,CO,3.0,25-30,QTs,34,0,31,0,3,0,2023-10-27T20:25:07,2026-07-05T10:42:24
league1,CO,3.0,25-30,T2o,77,77,0,0,0,0,2023-09-01T20:14:55,2026-07-11T21:41:09
league1,CO,3.0,25-30,T2s,25,23,2,0,0,0,2023-12-20T05:38:49,2026-05-28T18:28:29
league1,CO,3.0,25-30,T3o,67,66,1,0,0,0,2023-09-19T20:06:51,2026-07-18T22:41:11
league1,CO,3.0,25-30,T3s,25,21,4,0,0,0,2023-09-02T21:05:47,2026-04-18T15:31:29
league1,CO,3.0,25-30,T4o,72,72,0,0,0,0,2023-10-05T21:38:05,2026-07-11T18:52:36
league1,CO,3.0,25-30,T4s,27,22,5,0,0,0,2023-09-28T05:32:52,2026-06-21T18:53:08
league1,CO,3.0,25-30,T5o,49,49,0,0,0,0,2023-09-13T18:04:50,2026-07-03T17:37:34
league1,CO,3.0,25-30,T5s,18,13,5,0,0,0,2023-10-11T12:14:13,2026-05-02T00:05:57
league1,CO,3.0,25-30,T6o,70,70,0,0,0,0,2023-10-09T17:06:52,2026-04-21T18:53:25
league1,CO,3.0,25-30,T6s,32,16,16,0,0,0,2023-09-15T09:22:30,2026-07-18T20:07:05
league1,CO,3.0,25-30,T7o,51,49,2,0,0,0,2023-10-05T16:34:59,2026-06-25T23:22:17
league1,CO,3.0,25-30,T7s,25,12,13,0,0,0,2023-10-03T06:39:23,2026-03-21T22:04:20
league1,CO,3.0,25-30,T8o,61,50,11,0,0,0,2023-09-02T18:03:32,2026-07-20T01:04:29
league1,CO,3.0,25-30,T8s,23,4,19,0,0,0,2023-09-23T03:51:42,2026-06-04T18:23:50
league1,CO,3.0,25-30,T9o,76,54,22,0,0,0,2023-09-22T18:52:51,2026-07-14T04:47:07
league1,CO,3.0,25-30,T9s,23,2,19,0,2,0,2023-11-04T22:33:05,2026-07-05T00:49:53
league1,CO,3.0,25-30,TT,35,0,1,2,32,0,2023-09-08T05:51:04,2026-07-10T16:41:39
league1,CO,3.0,30-35,__MISSING__,602,465,114,5,18,0,2023-09-02T03:31:10,2026-07-12T20:13:14
league1,CO,3.0,30-35,22,38,10,20,0,8,0,2023-09-10T03:16:44,2026-05-16T20:21:11
league1,CO,3.0,30-35,32o,62,62,0,0,0,0,2023-10-04T20:30:58,2026-07-06T23:37:29
league1,CO,3.0,30-35,32s,22,18,4,0,0,0,2023-12-17T23:10:12,2026-05-01T18:43:14
league1,CO,3.0,30-35,33,33,2,26,0,5,0,2023-09-13T16:50:13,2026-07-13T21:09:21
league1,CO,3.0,30-35,42o,55,54,0,1,0,0,2023-09-04T10:03:25,2026-07-19T18:24:45
league1,CO,3.0,30-35,42s,23,20,3,0,0,0,2023-11-25T21:04:10,2026-07-14T23:27:38
league1,CO,3.0,30-35,43o,68,66,2,0,0,0,2023-09-21T00:42:38,2026-07-12T20:30:27
league1,CO,3.0,30-35,43s,29,16,13,0,0,0,2023-09-18T19:11:44,2026-07-12T19:48:30
league1,CO,3.0,30-35,44,40,7,24,0,9,0,2023-09-04T21:47:41,2026-05-29T23:02:34
league1,CO,3.0,30-35,52o,62,61,1,0,0,0,2023-09-01T02:03:10,2026-07-09T20:07:07
league1,CO,3.0,30-35,52s,28,23,4,1,0,0,2023-11-24T19:46:06,2026-01-23T11:54:06
league1,CO,3.0,30-35,53o,68,67,1,0,0,0,2023-10-04T15:15:07,2026-07-20T04:32:24
league1,CO,3.0,30-35,53s,23,19,4,0,0,0,2023-12-16T14:20:48,2026-03-12T17:54:33
league1,CO,3.0,30-35,54o,70,67,3,0,0,0,2023-09-24T20:43:29,2026-07-05T04:48:03
league1,CO,3.0,30-35,54s,23,8,15,0,0,0,2023-10-16T04:21:38,2026-06-14T21:30:44
league1,CO,3.0,30-35,55,34,1,20,0,13,0,2023-11-05T20:05:02,2026-07-04T15:22:31
league1,CO,3.0,30-35,62o,54,53,1,0,0,0,2023-09-12T18:14:18,2026-06-14T19:30:54
league1,CO,3.0,30-35,62s,27,24,3,0,0,0,2023-10-16T19:39:54,2026-07-06T13:09:05
league1,CO,3.0,30-35,63o,66,66,0,0,0,0,2023-09-19T05:42:29,2026-05-25T17:53:31
league1,CO,3.0,30-35,63s,32,23,9,0,0,0,2023-09-19T19:10:19,2026-05-30T00:29:40
league1,CO,3.0,30-35,64o,72,70,2,0,0,0,2023-10-22T15:05:51,2026-07-05T20:22:40
league1,CO,3.0,30-35,64s,17,9,8,0,0,0,2023-09-01T19:23:23,2026-07-18T18:33:11
league1,CO,3.0,30-35,65o,64,48,16,0,0,0,2023-10-30T22:38:49,2026-07-07T18:50:48
league1,CO,3.0,30-35,65s,25,4,21,0,0,0,2023-11-18T00:13:56,2026-03-07T22:11:07
league1,CO,3.0,30-35,66,38,2,23,0,13,0,2023-09-23T13:05:11,2026-06-23T16:36:09
league1,CO,3.0,30-35,72o,77,76,1,0,0,0,2023-09-03T08:48:47,2026-07-19T02:49:28
league1,CO,3.0,30-35,72s,17,17,0,0,0,0,2024-03-21T14:18:18,2026-05-03T22:51:22
league1,CO,3.0,30-35,73o,56,56,0,0,0,0,2023-11-19T12:11:02,2026-06-08T20:37:32
league1,CO,3.0,30-35,73s,31,29,2,0,0,0,2023-10-03T11:29:00,2026-05-18T21:19:27
league1,CO,3.0,30-35,74o,75,75,0,0,0,0,2023-10-13T23:25:56,2026-06-14T14:51:26
league1,CO,3.0,30-35,74s,18,12,6,0,0,0,2023-09-27T20:32:58,2026-07-05T19:38:13
league1,CO,3.0,30-35,75o,63,61,1,1,0,0,2023-09-01T19:53:55,2026-06-27T20:50:35
league1,CO,3.0,30-35,75s,25,6,19,0,0,0,2023-10-28T20:12:44,2026-06-08T17:42:24
league1,CO,3.0,30-35,76o,63,51,12,0,0,0,2023-09-12T19:43:04,2026-07-03T20:03:30
league1,CO,3.0,30-35,76s,30,4,26,0,0,0,2023-10-11T17:28:45,2026-06-14T05:01:11
league1,CO,3.0,30-35,77,44,1,21,0,22,0,2023-10-19T18:34:55,2026-06-26T17:14:14
league1,CO,3.0,30-35,82o,72,72,0,0,0,0,2023-09-15T20:29:58,2026-07-06T08:31:30
league1,CO,3.0,30-35,82s,24,21,3,0,0,0,2023-12-13T22:28:50,2026-06-09T21:53:45
league1,CO,3.0,30-35,83o,74,74,0,0,0,0,2023-10-04T14:22:00,2026-07-05T12:32:14
league1,CO,3.0,30-35,83s,25,23,2,0,0,0,2023-09-16T08:53:18,2026-02-02T21:35:39
league1,CO,3.0,30-35,84o,67,67,0,0,0,0,2023-09-04T11:29:46,2026-06-29T20:08:22
league1,CO,3.0,30-35,84s,27,19,8,0,0,0,2023-09-08T21:38:00,2026-07-05T17:07:10
league1,CO,3.0,30-35,85o,53,53,0,0,0,0,2023-12-03T22:21:33,2026-06-08T21:38:17
league1,CO,3.0,30-35,85s,22,8,14,0,0,0,2023-10-14T07:07:39,2026-01-14T18:41:38
league1,CO,3.0,30-35,86o,62,55,7,0,0,0,2023-09-10T11:38:29,2026-06-28T16:32:48
league1,CO,3.0,30-35,86s,28,6,22,0,0,0,2023-09-18T12:38:15,2026-06-12T16:34:24
league1,CO,3.0,30-35,87o,60,49,11,0,0,0,2023-09-11T05:24:21,2026-06-24T22:52:37
league1,CO,3.0,30-35,87s,23,1,22,0,0,0,2023-10-08T13:40:25,2026-07-18T20:48:39
league1,CO,3.0,30-35,88,34,1,9,0,24,0,2023-09-18T18:36:48,2026-05-16T06:14:55
league1,CO,3.0,30-35,92o,67,67,0,0,0,0,2023-09-09T16:21:15,2026-07-08T08:24:38
league1,CO,3.0,30-35,92s,25,22,3,0,0,0,2023-09-07T01:09:50,2026-07-03T16:29:45
league1,CO,3.0,30-35,93o,53,53,0,0,0,0,2023-09-17T19:32:41,2026-07-18T18:20:25
league1,CO,3.0,30-35,93s,17,16,1,0,0,0,2023-12-13T16:52:06,2026-04-19T07:52:34
league1,CO,3.0,30-35,94o,57,57,0,0,0,0,2023-09-08T14:26:44,2026-06-02T22:41:48
league1,CO,3.0,30-35,94s,18,15,3,0,0,0,2023-12-09T14:28:47,2026-06-06T19:08:38
league1,CO,3.0,30-35,95o,69,69,0,0,0,0,2023-09-12T23:30:21,2026-07-12T20:43:39
league1,CO,3.0,30-35,95s,18,12,6,0,0,0,2023-11-12T18:40:24,2025-12-30T21:27:57
league1,CO,3.0,30-35,96o,62,58,4,0,0,0,2023-09-02T18:41:38,2026-07-19T01:42:38
league1,CO,3.0,30-35,96s,19,14,5,0,0,0,2023-10-02T13:20:22,2026-04-06T09:20:30
league1,CO,3.0,30-35,97o,64,58,6,0,0,0,2023-11-11T21:38:37,2026-06-19T21:48:20
league1,CO,3.0,30-35,97s,22,6,16,0,0,0,2023-12-03T04:41:50,2026-04-29T21:44:06
league1,CO,3.0,30-35,98o,64,48,16,0,0,0,2023-09-15T11:46:41,2026-07-20T12:46:18
league1,CO,3.0,30-35,98s,27,3,24,0,0,0,2023-10-30T21:54:38,2026-06-26T19:48:48
league1,CO,3.0,30-35,99,36,0,5,1,30,0,2023-09-04T16:32:25,2026-05-29T18:24:43
league1,CO,3.0,30-35,A2o,68,60,6,1,1,0,2023-09-27T21:08:04,2026-07-09T01:54:54
league1,CO,3.0,30-35,A2s,25,4,19,0,2,0,2023-10-07T19:52:51,2026-06-07T23:35:34
league1,CO,3.0,30-35,A3o,65,55,8,2,0,0,2023-09-02T07:49:12,2026-06-26T22:53:46
league1,CO,3.0,30-35,A3s,23,4,18,0,1,0,2023-12-17T04:16:08,2026-06-28T20:12:27
league1,CO,3.0,30-35,A4o,62,51,10,1,0,0,2023-10-08T19:46:08,2026-07-07T21:38:49
league1,CO,3.0,30-35,A4s,27,1,22,1,3,0,2023-11-11T13:03:43,2026-04-12T19:35:40
league1,CO,3.0,30-35,A5o,65,45,19,0,1,0,2023-09-07T18:54:06,2026-06-12T19:33:00
league1,CO,3.0,30-35,A5s,22,2,12,0,8,0,2023-09-30T15:14:31,2026-05-02T17:23:15
league1,CO,3.0,30-35,A6o,76,59,14,2,1,0,2023-09-01T18:41:57,2026-05-13T18:24:27
league1,CO,3.0,30-35,A6s,25,1,23,0,1,0,2023-11-09T19:34:47,2026-07-10T23:07:07
league1,CO,3.0,30-35,A7o,79,53,20,1,5,0,2023-09-08T04:09:16,2026-07-04T15:17:10
league1,CO,3.0,30-35,A7s,24,1,22,0,1,0,2023-09-19T16:18:42,2026-07-08T19:01:01
league1,CO,3.0,30-35,A8o,55,21,29,1,4,0,2023-09-04T19:19:56,2026-06-09T21:04:46
league1,CO,3.0,30-35,A8s,21,3,14,1,3,0,2024-02-01T12:07:38,2026-07-04T20:08:23
league1,CO,3.0,30-35,A9o,69,12,54,1,2,0,2023-09-23T20:53:18,2026-07-09T04:19:25
league1,CO,3.0,30-35,A9s,22,0,20,0,2,0,2023-09-11T19:38:15,2026-06-24T15:24:50
league1,CO,3.0,30-35,AA,35,0,6,28,1,0,2023-09-02T21:17:54,2026-05-10T19:16:06
league1,CO,3.0,30-35,AJo,86,2,50,1,33,0,2023-09-18T04:27:36,2026-07-05T16:07:56
league1,CO,3.0,30-35,AJs,21,0,12,1,8,0,2023-12-04T14:28:36,2026-06-01T20:37:28
league1,CO,3.0,30-35,AKo,54,0,0,8,46,0,2023-09-16T18:42:07,2026-06-06T18:21:07
league1,CO,3.0,30-35,AKs,31,0,0,9,22,0,2023-09-11T18:52:15,2026-07-14T10:23:34
league1,CO,3.0,30-35,AQo,71,2,6,8,55,0,2023-09-09T13:37:50,2026-06-06T19:50:16
league1,CO,3.0,30-35,AQs,22,0,3,1,18,0,2023-11-21T22:33:48,2026-03-28T00:46:55
league1,CO,3.0,30-35,ATo,62,4,46,1,11,0,2023-09-21T17:36:27,2026-06-28T22:19:23
league1,CO,3.0,30-35,ATs,17,0,12,0,5,0,2023-09-28T19:31:13,2026-01-07T21:01:01
league1,CO,3.0,30-35,J2o,73,73,0,0,0,0,2023-09-04T19:09:47,2026-06-14T16:17:12
league1,CO,3.0,30-35,J2s,24,17,6,0,1,0,2023-10-02T22:19:33,2026-05-24T19:46:46
league1,CO,3.0,30-35,J3o,59,59,0,0,0,0,2023-09-07T20:41:41,2026-06-21T15:20:09
league1,CO,3.0,30-35,J3s,21,17,4,0,0,0,2023-09-04T20:01:01,2026-07-09T22:44:19
league1,CO,3.0,30-35,J4o,68,68,0,0,0,0,2023-10-09T22:06:44,2026-07-03T11:47:43
league1,CO,3.0,30-35,J4s,20,15,5,0,0,0,2024-02-05T18:14:16,2026-07-05T14:32:13
league1,CO,3.0,30-35,J5o,62,62,0,0,0,0,2023-09-12T18:34:10,2026-07-21T22:29:21
league1,CO,3.0,30-35,J5s,19,13,6,0,0,0,2024-01-15T23:16:13,2026-06-03T05:47:26
league1,CO,3.0,30-35,J6o,62,60,2,0,0,0,2023-11-08T20:39:28,2026-07-12T20:33:48
league1,CO,3.0,30-35,J6s,22,11,10,1,0,0,2024-01-25T02:45:44,2026-07-11T19:42:05
league1,CO,3.0,30-35,J7o,58,57,1,0,0,0,2023-11-02T17:34:07,2026-06-28T20:38:20
league1,CO,3.0,30-35,J7s,17,6,11,0,0,0,2023-11-21T00:12:48,2026-03-06T16:38:22
league1,CO,3.0,30-35,J8o,82,74,8,0,0,0,2023-09-27T10:30:57,2026-07-01T01:32:10
league1,CO,3.0,30-35,J8s,23,5,16,0,2,0,2023-10-01T04:52:20,2026-07-07T19:52:30
league1,CO,3.0,30-35,J9o,59,44,15,0,0,0,2023-09-18T23:14:53,2026-07-04T20:20:01
league1,CO,3.0,30-35,J9s,22,2,20,0,0,0,2023-10-16T13:12:33,2026-06-14T08:07:20
league1,CO,3.0,30-35,JJ,30,0,2,2,26,0,2023-10-01T19:27:34,2026-06-27T14:27:44
league1,CO,3.0,30-35,JTo,58,23,34,1,0,0,2023-10-07T00:51:45,2026-06-14T21:12:44
league1,CO,3.0,30-35,JTs,24,1,23,0,0,0,2023-09-17T04:34:12,2026-06-23T19:16:00
league1,CO,3.0,30-35,K2o,56,56,0,0,0,0,2023-09-01T23:37:57,2026-07-18T08:49:15
league1,CO,3.0,30-35,K2s,20,12,8,0,0,0,2023-11-12T00:07:02,2026-06-14T17:08:00
league1,CO,3.0,30-35,K3o,67,67,0,0,0,0,2023-09-30T19:10:02,2026-07-13T04:23:00
league1,CO,3.0,30-35,K3s,24,9,15,0,0,0,2023-09-01T19:53:04,2026-07-21T20:35:45
league1,CO,3.0,30-35,K4o,63,63,0,0,0,0,2023-09-10T02:14:16,2026-07-19T22:03:16
league1,CO,3.0,30-35,K4s,18,9,9,0,0,0,2023-10-08T09:26:16,2026-07-21T20:16:38
league1,CO,3.0,30-35,K5o,63,62,1,0,0,0,2023-09-17T21:41:50,2026-06-26T12:14:36
league1,CO,3.0,30-35,K5s,25,7,18,0,0,0,2023-10-28T20:53:53,2026-06-18T23:40:13
league1,CO,3.0,30-35,K6o,74,73,1,0,0,0,2023-09-08T20:16:23,2026-06-23T07:40:43
league1,CO,3.0,30-35,K6s,25,7,18,0,0,0,2023-10-19T08:13:08,2026-07-13T16:34:09
league1,CO,3.0,30-35,K7o,90,85,5,0,0,0,2023-09-06T11:28:22,2026-07-20T13:43:37
league1,CO,3.0,30-35,K7s,21,5,16,0,0,0,2023-10-01T11:40:10,2026-07-10T17:22:03
league1,CO,3.0,30-35,K8o,54,46,8,0,0,0,2023-09-22T13:49:13,2026-07-11T18:44:02
league1,CO,3.0,30-35,K8s,23,4,18,0,1,0,2023-11-21T07:28:48,2026-07-21T19:54:51
league1,CO,3.0,30-35,K9o,61,40,20,0,1,0,2023-09-06T19:24:18,2026-06-28T22:33:38
league1,CO,3.0,30-35,K9s,18,0,18,0,0,0,2023-09-30T22:39:32,2026-06-30T09:40:00
league1,CO,3.0,30-35,KJo,71,7,63,0,1,0,2023-09-04T18:36:20,2026-07-16T19:47:49
league1,CO,3.0,30-35,KJs,28,0,27,0,1,0,2023-12-14T16:19:31,2026-06-16T22:32:37
league1,CO,3.0,30-35,KK,34,0,1,27,6,0,2023-09-16T19:53:58,2026-04-18T23:18:43
league1,CO,3.0,30-35,KQo,65,3,55,1,6,0,2023-09-02T00:03:01,2026-07-18T19:27:16
league1,CO,3.0,30-35,KQs,27,0,19,0,8,0,2023-10-15T10:07:42,2026-06-19T04:39:25
league1,CO,3.0,30-35,KTo,56,17,38,0,1,0,2023-09-09T23:41:57,2026-07-13T22:01:58
league1,CO,3.0,30-35,KTs,19,0,19,0,0,0,2023-09-09T19:18:55,2025-09-08T22:01:00
league1,CO,3.0,30-35,Q2o,65,64,0,1,0,0,2023-09-22T21:51:01,2026-06-21T23:31:59
league1,CO,3.0,30-35,Q2s,22,15,7,0,0,0,2023-09-20T16:31:38,2026-06-23T18:52:56
league1,CO,3.0,30-35,Q3o,56,54,1,1,0,0,2023-09-18T12:48:49,2026-04-26T20:32:26
league1,CO,3.0,30-35,Q3s,23,19,4,0,0,0,2023-09-12T21:50:33,2026-05-26T06:27:01
league1,CO,3.0,30-35,Q4o,71,70,1,0,0,0,2023-09-16T01:16:20,2026-04-10T19:09:49
league1,CO,3.0,30-35,Q4s,25,14,11,0,0,0,2023-10-17T19:53:46,2026-04-29T07:17:56
league1,CO,3.0,30-35,Q5o,59,56,2,1,0,0,2023-09-26T08:37:29,2026-07-05T19:07:16
league1,CO,3.0,30-35,Q5s,27,14,13,0,0,0,2024-03-02T20:34:42,2026-07-03T07:05:03
league1,CO,3.0,30-35,Q6o,80,80,0,0,0,0,2023-09-02T14:17:14,2026-06-30T01:29:06
league1,CO,3.0,30-35,Q6s,28,17,11,0,0,0,2023-10-06T19:34:25,2026-04-27T23:49:00
league1,CO,3.0,30-35,Q7o,68,65,2,1,0,0,2023-09-09T17:38:47,2026-07-10T23:01:24
league1,CO,3.0,30-35,Q7s,18,8,10,0,0,0,2023-09-20T09:27:03,2026-05-30T23:05:57
league1,CO,3.0,30-35,Q8o,74,70,4,0,0,0,2023-09-02T19:32:48,2026-07-10T06:27:01
league1,CO,3.0,30-35,Q8s,15,5,10,0,0,0,2023-12-23T22:25:32,2026-03-21T10:46:34
league1,CO,3.0,30-35,Q9o,58,41,17,0,0,0,2023-09-12T17:09:23,2026-07-03T19:30:12
league1,CO,3.0,30-35,Q9s,25,0,25,0,0,0,2023-09-13T16:35:15,2026-06-27T21:08:33
league1,CO,3.0,30-35,QJo,53,12,41,0,0,0,2023-09-06T18:21:36,2026-07-04T10:52:02
league1,CO,3.0,30-35,QJs,20,0,17,0,3,0,2023-10-02T14:02:25,2026-01-10T18:18:03
league1,CO,3.0,30-35,QQ,38,0,0,17,21,0,2023-09-21T17:51:32,2026-07-19T19:44:42
league1,CO,3.0,30-35,QTo,61,16,44,1,0,0,2023-09-01T03:14:02,2026-06-20T11:17:10
league1,CO,3.0,30-35,QTs,31,1,28,1,1,0,2023-09-15T13:47:39,2026-03-22T14:23:11
league1,CO,3.0,30-35,T2o,62,62,0,0,0,0,2023-09-04T00:13:27,2026-07-04T22:44:59
league1,CO,3.0,30-35,T2s,21,20,1,0,0,0,2023-09-05T19:31:13,2026-05-03T03:21:17
league1,CO,3.0,30-35,T3o,55,55,0,0,0,0,2023-09-05T20:02:38,2026-07-17T15:07:02
league1,CO,3.0,30-35,T3s,20,17,3,0,0,0,2023-09-10T20:14:15,2026-07-10T23:14:03
league1,CO,3.0,30-35,T4o,68,68,0,0,0,0,2023-09-08T23:27:44,2026-07-06T23:07:09
league1,CO,3.0,30-35,T4s,18,14,3,0,1,0,2024-01-13T21:46:59,2026-04-22T16:53:00
league1,CO,3.0,30-35,T5o,63,63,0,0,0,0,2023-10-03T05:36:07,2026-06-20T21:35:12
league1,CO,3.0,30-35,T5s,24,20,3,1,0,0,2023-11-04T13:33:08,2026-07-18T16:36:51
league1,CO,3.0,30-35,T6o,61,60,0,1,0,0,2023-10-13T18:05:15,2026-07-13T21:06:25
league1,CO,3.0,30-35,T6s,12,7,5,0,0,0,2024-01-22T04:32:50,2026-07-17T04:13:24
league1,CO,3.0,30-35,T7o,77,73,4,0,0,0,2023-09-01T21:02:57,2026-06-04T17:04:45
league1,CO,3.0,30-35,T7s,38,19,19,0,0,0,2023-09-09T01:50:01,2026-07-05T04:22:02
league1,CO,3.0,30-35,T8o,55,49,6,0,0,0,2023-09-06T17:22:00,2026-05-10T21:13:32
league1,CO,3.0,30-35,T8s,23,7,16,0,0,0,2023-09-27T19:21:35,2026-06-01T05:51:49
league1,CO,3.0,30-35,T9o,59,33,25,0,1,0,2023-09-12T17:26:38,2026-06-26T23:06:44
league1,CO,3.0,30-35,T9s,16,1,13,0,2,0,2023-10-13T16:08:53,2026-02-22T14:46:03
league1,CO,3.0,30-35,TT,39,0,1,1,37,0,2023-12-12T16:20:10,2026-07-07T00:19:03
league1,CO,3.0,35-40,__MISSING__,551,420,110,11,10,0,2023-09-02T17:54:56,2026-07-15T20:17:19
league1,CO,3.0,35-40,22,21,3,18,0,0,0,2023-09-05T15:38:14,2026-05-02T19:54:34
league1,CO,3.0,35-40,32o,58,58,0,0,0,0,2023-09-05T20:21:20,2026-07-18T15:15:36
league1,CO,3.0,35-40,32s,20,16,4,0,0,0,2023-09-03T06:19:29,2026-05-15T18:26:47
league1,CO,3.0,35-40,33,26,2,22,0,2,0,2023-09-10T15:02:35,2026-05-31T13:04:47
league1,CO,3.0,35-40,42o,58,58,0,0,0,0,2023-09-02T19:42:40,2026-07-04T19:33:44
league1,CO,3.0,35-40,42s,20,15,5,0,0,0,2023-09-08T18:04:07,2026-06-04T16:33:52
league1,CO,3.0,35-40,43o,53,53,0,0,0,0,2023-09-10T18:38:06,2026-07-16T15:36:02
league1,CO,3.0,35-40,43s,18,11,7,0,0,0,2023-09-18T03:01:50,2026-07-19T03:32:10
league1,CO,3.0,35-40,44,23,0,17,0,6,0,2023-09-11T23:31:13,2026-02-15T10:41:11
league1,CO,3.0,35-40,52o,74,74,0,0,0,0,2023-09-09T19:38:58,2026-05-14T13:42:49
league1,CO,3.0,35-40,52s,21,15,6,0,0,0,2023-09-08T21:15:54,2026-06-28T19:23:36
league1,CO,3.0,35-40,53o,66,66,0,0,0,0,2023-09-09T19:49:41,2026-07-21T21:33:23
league1,CO,3.0,35-40,53s,17,12,5,0,0,0,2023-10-12T05:13:38,2026-05-29T20:01:58
league1,CO,3.0,35-40,54o,72,65,6,1,0,0,2023-09-02T18:11:09,2026-07-20T21:10:15
league1,CO,3.0,35-40,54s,26,8,18,0,0,0,2023-09-04T20:35:11,2026-05-17T11:31:24
league1,CO,3.0,35-40,55,28,3,19,0,6,0,2023-10-22T16:46:27,2026-06-06T10:43:56
league1,CO,3.0,35-40,62o,50,50,0,0,0,0,2023-09-03T13:09:05,2026-02-01T02:15:27
league1,CO,3.0,35-40,62s,22,17,5,0,0,0,2023-11-11T16:23:10,2026-07-21T21:41:40
league1,CO,3.0,35-40,63o,60,59,1,0,0,0,2023-10-09T10:49:32,2026-07-07T13:03:00
league1,CO,3.0,35-40,63s,23,13,10,0,0,0,2023-11-03T03:23:23,2026-06-25T19:27:38
league1,CO,3.0,35-40,64o,64,59,5,0,0,0,2023-09-14T18:37:05,2026-07-10T20:50:41
league1,CO,3.0,35-40,64s,23,8,15,0,0,0,2023-09-09T12:46:35,2026-05-29T20:31:07
league1,CO,3.0,35-40,65o,55,49,6,0,0,0,2023-09-09T20:47:05,2026-06-13T05:11:29
league1,CO,3.0,35-40,65s,18,3,15,0,0,0,2023-09-09T17:10:35,2026-06-06T17:38:10
league1,CO,3.0,35-40,66,24,0,20,0,4,0,2023-11-11T23:26:03,2026-03-09T16:17:24
league1,CO,3.0,35-40,72o,85,85,0,0,0,0,2023-09-06T20:25:36,2026-07-10T16:34:56
league1,CO,3.0,35-40,72s,15,15,0,0,0,0,2023-12-19T19:53:43,2026-06-12T19:31:32
league1,CO,3.0,35-40,73o,61,61,0,0,0,0,2023-09-10T20:41:28,2026-07-01T23:43:00
league1,CO,3.0,35-40,73s,16,14,2,0,0,0,2023-09-17T20:43:03,2026-05-28T03:51:32
league1,CO,3.0,35-40,74o,55,55,0,0,0,0,2023-09-04T19:36:51,2026-06-28T17:37:05
league1,CO,3.0,35-40,74s,26,13,13,0,0,0,2023-09-13T15:19:02,2026-07-18T17:19:15
league1,CO,3.0,35-40,75o,63,58,5,0,0,0,2023-09-05T14:20:32,2026-04-26T19:30:58
league1,CO,3.0,35-40,75s,25,9,16,0,0,0,2023-11-11T04:13:48,2026-06-06T22:54:09
league1,CO,3.0,35-40,76o,64,49,15,0,0,0,2023-09-08T16:15:31,2026-06-10T08:20:40
league1,CO,3.0,35-40,76s,16,3,13,0,0,0,2023-10-26T16:32:01,2026-02-15T22:02:05
league1,CO,3.0,35-40,77,27,1,20,0,6,0,2023-12-10T20:20:58,2026-07-17T23:10:43
league1,CO,3.0,35-40,82o,52,52,0,0,0,0,2023-09-13T23:06:19,2026-06-14T17:10:35
league1,CO,3.0,35-40,82s,21,19,2,0,0,0,2023-09-02T12:53:57,2026-06-14T18:19:00
league1,CO,3.0,35-40,83o,69,69,0,0,0,0,2023-09-12T17:42:09,2026-07-13T18:45:06
league1,CO,3.0,35-40,83s,14,13,1,0,0,0,2023-10-25T12:04:06,2026-04-10T20:39:40
league1,CO,3.0,35-40,84o,55,54,1,0,0,0,2023-09-07T19:08:30,2026-06-09T19:11:02
league1,CO,3.0,35-40,84s,22,14,8,0,0,0,2023-09-23T20:15:38,2026-05-04T02:54:54
league1,CO,3.0,35-40,85o,62,62,0,0,0,0,2023-09-03T22:07:54,2026-07-01T16:11:32
league1,CO,3.0,35-40,85s,21,11,10,0,0,0,2023-11-04T23:13:53,2026-01-09T19:53:30
league1,CO,3.0,35-40,86o,57,55,2,0,0,0,2023-09-04T21:09:50,2026-07-05T22:21:08
league1,CO,3.0,35-40,86s,24,6,18,0,0,0,2023-10-14T20:38:54,2026-07-13T19:13:05
league1,CO,3.0,35-40,87o,68,50,18,0,0,0,2023-09-03T18:09:33,2026-06-28T06:35:25
league1,CO,3.0,35-40,87s,18,0,18,0,0,0,2023-10-18T05:49:14,2026-03-30T02:13:05
league1,CO,3.0,35-40,88,27,0,9,1,17,0,2024-01-21T00:35:09,2026-06-07T14:08:25
league1,CO,3.0,35-40,92o,71,71,0,0,0,0,2023-09-15T08:28:47,2026-07-04T01:02:13
league1,CO,3.0,35-40,92s,23,19,4,0,0,0,2023-11-08T07:28:07,2026-05-22T14:30:24
league1,CO,3.0,35-40,93o,74,74,0,0,0,0,2023-09-08T20:25:22,2026-07-20T13:31:57
league1,CO,3.0,35-40,93s,18,16,2,0,0,0,2023-12-05T22:17:01,2026-06-14T08:42:25
league1,CO,3.0,35-40,94o,61,61,0,0,0,0,2023-09-11T05:14:18,2026-06-04T23:43:48
league1,CO,3.0,35-40,94s,17,14,3,0,0,0,2023-09-25T19:36:11,2026-05-25T18:02:29
league1,CO,3.0,35-40,95o,46,45,1,0,0,0,2023-09-01T23:28:44,2026-07-14T17:49:48
league1,CO,3.0,35-40,95s,23,15,8,0,0,0,2023-11-13T22:40:45,2026-01-07T19:41:05
league1,CO,3.0,35-40,96o,52,51,1,0,0,0,2023-10-10T19:06:34,2026-06-11T13:46:56
league1,CO,3.0,35-40,96s,17,8,9,0,0,0,2023-10-03T20:22:34,2026-06-02T17:07:23
league1,CO,3.0,35-40,97o,63,57,6,0,0,0,2023-09-01T18:23:07,2026-04-11T20:07:16
league1,CO,3.0,35-40,97s,19,4,15,0,0,0,2023-09-24T08:53:10,2026-07-12T04:06:15
league1,CO,3.0,35-40,98o,62,48,13,1,0,0,2023-09-02T20:51:18,2026-07-16T20:32:20
league1,CO,3.0,35-40,98s,16,1,15,0,0,0,2023-10-05T20:16:55,2026-04-15T18:09:01
league1,CO,3.0,35-40,99,32,0,13,0,19,0,2023-10-28T18:28:29,2026-06-11T12:48:35
league1,CO,3.0,35-40,A2o,57,49,7,1,0,0,2023-10-12T15:47:28,2026-06-12T16:43:48
league1,CO,3.0,35-40,A2s,22,0,21,1,0,0,2023-11-05T22:14:54,2026-06-04T11:32:33
league1,CO,3.0,35-40,A3o,43,31,10,1,1,0,2023-09-17T00:48:26,2026-05-31T13:14:29
league1,CO,3.0,35-40,A3s,26,3,21,0,2,0,2023-09-29T23:05:43,2026-07-17T20:22:52
league1,CO,3.0,35-40,A4o,52,39,13,0,0,0,2023-09-04T15:02:02,2026-07-12T22:23:07
league1,CO,3.0,35-40,A4s,23,0,23,0,0,0,2023-11-15T14:20:07,2026-05-24T08:03:54
league1,CO,3.0,35-40,A5o,61,43,15,3,0,0,2023-09-24T06:46:19,2026-07-03T19:26:34
league1,CO,3.0,35-40,A5s,21,2,19,0,0,0,2023-10-28T19:46:42,2026-03-31T20:36:19
league1,CO,3.0,35-40,A6o,50,40,8,2,0,0,2023-09-24T19:05:59,2026-06-21T22:27:37
league1,CO,3.0,35-40,A6s,20,0,19,0,1,0,2023-10-01T18:02:26,2026-07-02T19:11:56
league1,CO,3.0,35-40,A7o,52,39,12,0,1,0,2023-09-16T18:41:54,2026-07-03T05:36:18
league1,CO,3.0,35-40,A7s,18,1,17,0,0,0,2023-10-01T23:44:53,2026-02-10T22:49:26
league1,CO,3.0,35-40,A8o,63,35,25,1,2,0,2023-09-28T21:38:54,2026-07-12T19:41:54
league1,CO,3.0,35-40,A8s,18,0,18,0,0,0,2023-10-18T06:19:42,2026-05-25T20:32:54
league1,CO,3.0,35-40,A9o,55,15,36,0,4,0,2023-09-09T17:49:43,2026-07-13T22:32:35
league1,CO,3.0,35-40,A9s,19,0,19,0,0,0,2024-01-08T07:16:13,2026-04-21T22:37:30
league1,CO,3.0,35-40,AA,39,0,0,35,4,0,2023-10-06T18:27:43,2026-06-18T21:16:23
league1,CO,3.0,35-40,AJo,77,0,58,3,16,0,2023-09-08T22:05:33,2026-05-16T06:46:06
league1,CO,3.0,35-40,AJs,18,0,14,0,4,0,2023-12-04T22:07:53,2026-07-10T11:10:41
league1,CO,3.0,35-40,AKo,65,0,2,13,50,0,2023-09-17T19:33:54,2026-07-09T03:02:57
league1,CO,3.0,35-40,AKs,21,0,1,9,11,0,2023-09-15T19:02:17,2026-07-18T21:52:20
league1,CO,3.0,35-40,AQo,58,0,23,7,28,0,2023-09-12T22:51:32,2026-07-13T10:54:06
league1,CO,3.0,35-40,AQs,15,0,4,3,8,0,2023-09-30T15:19:33,2026-03-05T23:04:12
league1,CO,3.0,35-40,ATo,62,5,50,0,7,0,2023-09-02T16:36:40,2026-06-12T05:16:31
league1,CO,3.0,35-40,ATs,16,0,15,0,1,0,2023-11-10T09:44:43,2026-05-24T19:30:56
league1,CO,3.0,35-40,J2o,64,64,0,0,0,0,2023-09-21T19:29:49,2026-05-19T02:45:31
league1,CO,3.0,35-40,J2s,24,20,4,0,0,0,2023-12-27T22:14:35,2026-06-06T08:12:53
league1,CO,3.0,35-40,J3o,60,60,0,0,0,0,2023-10-29T16:52:51,2026-07-08T23:16:20
league1,CO,3.0,35-40,J3s,10,7,3,0,0,0,2023-09-23T13:21:18,2026-03-10T10:32:51
league1,CO,3.0,35-40,J4o,66,66,0,0,0,0,2023-09-02T16:31:48,2026-05-25T12:08:15
league1,CO,3.0,35-40,J4s,14,9,5,0,0,0,2023-09-07T18:17:29,2026-05-15T17:28:27
league1,CO,3.0,35-40,J5o,59,59,0,0,0,0,2023-09-08T20:28:55,2026-07-05T20:40:12
league1,CO,3.0,35-40,J5s,18,9,9,0,0,0,2023-10-23T21:20:45,2026-05-25T13:44:49
league1,CO,3.0,35-40,J6o,60,59,1,0,0,0,2023-10-28T19:04:16,2026-07-20T18:22:27
league1,CO,3.0,35-40,J6s,23,14,9,0,0,0,2024-02-03T21:41:28,2026-05-05T16:45:52
league1,CO,3.0,35-40,J7o,65,64,0,1,0,0,2023-09-10T00:45:53,2026-07-20T20:31:37
league1,CO,3.0,35-40,J7s,19,5,14,0,0,0,2023-11-19T20:11:25,2026-07-17T16:50:13
league1,CO,3.0,35-40,J8o,61,48,13,0,0,0,2023-10-15T05:40:44,2026-07-14T04:40:55
league1,CO,3.0,35-40,J8s,18,6,12,0,0,0,2023-09-01T19:38:16,2026-07-10T02:46:13
league1,CO,3.0,35-40,J9o,61,43,18,0,0,0,2023-09-02T19:02:27,2026-06-25T01:39:42
league1,CO,3.0,35-40,J9s,18,1,17,0,0,0,2023-10-19T16:47:45,2025-10-03T05:03:07
league1,CO,3.0,35-40,JJ,26,1,1,9,15,0,2023-10-25T18:54:57,2026-07-08T21:15:51
league1,CO,3.0,35-40,JTo,57,23,33,0,1,0,2023-09-10T18:19:49,2026-07-03T18:30:21
league1,CO,3.0,35-40,JTs,27,0,26,0,1,0,2023-10-10T16:50:55,2026-05-08T18:33:30
league1,CO,3.0,35-40,K2o,69,67,1,1,0,0,2023-09-11T19:45:37,2026-07-13T17:30:20
league1,CO,3.0,35-40,K2s,14,6,7,1,0,0,2023-09-19T12:40:23,2026-03-02T22:35:13
league1,CO,3.0,35-40,K3o,55,55,0,0,0,0,2023-09-08T17:35:54,2026-07-21T17:46:02
league1,CO,3.0,35-40,K3s,23,7,16,0,0,0,2023-09-10T22:14:35,2026-05-08T03:45:31
league1,CO,3.0,35-40,K4o,64,64,0,0,0,0,2023-09-22T13:47:17,2026-07-19T12:20:10
league1,CO,3.0,35-40,K4s,10,3,7,0,0,0,2023-09-03T18:22:29,2026-02-15T17:45:08
league1,CO,3.0,35-40,K5o,59,57,2,0,0,0,2023-09-11T18:36:19,2026-07-04T23:03:57
league1,CO,3.0,35-40,K5s,28,10,16,2,0,0,2023-10-02T16:30:58,2026-04-16T15:48:05
league1,CO,3.0,35-40,K6o,55,51,2,2,0,0,2023-10-30T03:34:27,2026-06-30T21:03:08
league1,CO,3.0,35-40,K6s,22,8,14,0,0,0,2023-09-09T18:20:35,2026-06-08T15:52:32
league1,CO,3.0,35-40,K7o,62,57,4,1,0,0,2023-09-06T19:10:40,2026-07-18T01:06:48
league1,CO,3.0,35-40,K7s,16,3,13,0,0,0,2023-10-21T20:28:35,2026-06-11T12:47:58
league1,CO,3.0,35-40,K8o,42,36,6,0,0,0,2023-11-06T22:21:57,2026-07-18T18:45:50
league1,CO,3.0,35-40,K8s,19,2,17,0,0,0,2023-10-04T00:36:10,2026-07-07T07:15:48
league1,CO,3.0,35-40,K9o,67,48,19,0,0,0,2023-10-15T08:38:04,2026-07-07T19:47:05
league1,CO,3.0,35-40,K9s,22,1,21,0,0,0,2023-12-08T18:54:49,2026-04-29T00:18:26
league1,CO,3.0,35-40,KJo,57,2,51,3,1,0,2023-09-19T04:19:13,2026-06-13T05:51:43
league1,CO,3.0,35-40,KJs,22,0,20,0,2,0,2023-09-23T04:37:51,2026-07-05T17:34:13
league1,CO,3.0,35-40,KK,31,0,0,24,7,0,2023-09-02T16:41:16,2026-06-21T22:32:18
league1,CO,3.0,35-40,KQo,41,0,36,2,3,0,2023-09-19T21:49:28,2026-07-13T09:35:14
league1,CO,3.0,35-40,KQs,21,0,16,1,4,0,2023-10-06T20:45:02,2026-06-30T20:21:26
league1,CO,3.0,35-40,KTo,68,21,47,0,0,0,2023-09-30T22:07:28,2026-07-19T23:25:40
league1,CO,3.0,35-40,KTs,12,0,8,1,3,0,2023-11-04T00:27:07,2026-05-11T11:21:44
league1,CO,3.0,35-40,Q2o,50,49,0,1,0,0,2023-09-15T18:19:01,2026-07-18T16:17:12
league1,CO,3.0,35-40,Q2s,14,12,2,0,0,0,2024-02-19T21:46:01,2026-04-01T07:10:06
league1,CO,3.0,35-40,Q3o,55,55,0,0,0,0,2023-11-04T12:32:49,2026-07-14T22:12:59
league1,CO,3.0,35-40,Q3s,24,13,11,0,0,0,2023-10-28T19:31:07,2026-06-05T22:06:33
league1,CO,3.0,35-40,Q4o,56,56,0,0,0,0,2023-09-03T17:46:30,2026-07-02T18:51:35
league1,CO,3.0,35-40,Q4s,22,10,11,1,0,0,2023-10-08T19:47:17,2026-07-18T17:01:01
league1,CO,3.0,35-40,Q5o,53,53,0,0,0,0,2023-09-11T19:53:28,2026-07-17T18:45:49
league1,CO,3.0,35-40,Q5s,12,3,9,0,0,0,2023-09-30T21:12:01,2026-06-15T23:51:04
league1,CO,3.0,35-40,Q6o,52,51,1,0,0,0,2023-09-02T21:35:21,2026-06-30T01:14:29
league1,CO,3.0,35-40,Q6s,27,11,16,0,0,0,2023-10-20T11:07:26,2026-04-14T17:30:59
league1,CO,3.0,35-40,Q7o,64,59,5,0,0,0,2023-09-06T06:04:27,2026-07-18T16:03:10
league1,CO,3.0,35-40,Q7s,18,6,10,1,1,0,2024-02-05T12:18:01,2026-05-30T09:12:11
league1,CO,3.0,35-40,Q8o,54,49,5,0,0,0,2023-09-03T22:39:23,2026-07-19T02:26:26
league1,CO,3.0,35-40,Q8s,20,3,17,0,0,0,2023-09-18T21:31:30,2026-06-06T18:22:19
league1,CO,3.0,35-40,Q9o,69,54,15,0,0,0,2023-09-13T01:23:30,2026-07-16T01:04:53
league1,CO,3.0,35-40,Q9s,12,1,11,0,0,0,2023-09-22T18:49:41,2026-06-26T17:37:07
league1,CO,3.0,35-40,QJo,61,11,49,1,0,0,2023-09-10T13:01:01,2026-07-03T19:03:28
league1,CO,3.0,35-40,QJs,22,0,20,0,2,0,2023-12-16T20:53:03,2026-06-01T13:22:34
league1,CO,3.0,35-40,QQ,29,0,0,19,10,0,2023-09-29T19:02:19,2026-03-27T21:29:58
league1,CO,3.0,35-40,QTo,52,21,30,0,1,0,2023-09-03T21:13:57,2026-06-26T07:24:04
league1,CO,3.0,35-40,QTs,23,0,23,0,0,0,2023-09-20T04:44:57,2026-05-02T08:02:33
league1,CO,3.0,35-40,T2o,43,43,0,0,0,0,2023-09-04T22:22:39,2026-07-11T12:52:11
league1,CO,3.0,35-40,T2s,21,15,6,0,0,0,2023-10-05T21:28:45,2026-05-18T08:34:11
league1,CO,3.0,35-40,T3o,53,53,0,0,0,0,2023-09-11T19:05:06,2026-06-02T17:46:11
league1,CO,3.0,35-40,T3s,16,12,4,0,0,0,2023-10-11T17:03:15,2026-03-31T18:50:11
league1,CO,3.0,35-40,T4o,53,52,0,1,0,0,2023-12-30T07:21:33,2026-07-11T03:03:29
league1,CO,3.0,35-40,T4s,20,15,5,0,0,0,2024-01-10T20:49:43,2026-07-18T19:34:23
league1,CO,3.0,35-40,T5o,53,52,1,0,0,0,2023-09-18T18:15:59,2026-06-20T19:18:23
league1,CO,3.0,35-40,T5s,22,16,6,0,0,0,2023-09-30T08:32:54,2026-06-25T18:42:37
league1,CO,3.0,35-40,T6o,43,41,1,1,0,0,2023-09-03T13:16:11,2026-07-01T14:34:11
league1,CO,3.0,35-40,T6s,21,13,8,0,0,0,2024-01-13T20:21:25,2026-05-23T06:27:39
league1,CO,3.0,35-40,T7o,68,67,1,0,0,0,2023-09-23T19:34:56,2026-04-25T22:40:50
league1,CO,3.0,35-40,T7s,13,6,7,0,0,0,2023-10-06T17:36:41,2026-02-27T03:05:36
league1,CO,3.0,35-40,T8o,65,50,15,0,0,0,2023-09-01T19:08:20,2026-07-13T20:27:48
league1,CO,3.0,35-40,T8s,16,1,15,0,0,0,2023-10-22T08:31:38,2026-06-16T19:01:52
league1,CO,3.0,35-40,T9o,61,31,30,0,0,0,2023-09-10T21:08:26,2026-06-13T18:50:30
league1,CO,3.0,35-40,T9s,19,0,19,0,0,0,2023-10-04T13:39:32,2026-06-05T08:20:55
league1,CO,3.0,35-40,TT,23,0,3,0,20,0,2023-11-06T22:40:46,2026-01-21T15:29:48
league2,BTN,2.0,25-30,__MISSING__,38424,11027,19025,3010,5362,0,2023-09-01T01:39:55,2026-07-21T23:51:01
league2,BTN,2.0,25-30,22,1480,7,581,12,880,0,2023-09-02T12:50:41,2026-07-21T23:06:01
league2,BTN,2.0,25-30,32o,2775,2345,350,75,5,0,2023-09-01T13:42:07,2026-07-21T22:41:08
league2,BTN,2.0,25-30,32s,919,97,811,6,5,0,2023-09-01T13:54:10,2026-07-20T20:07:36
league2,BTN,2.0,25-30,33,1416,12,380,11,1013,0,2023-09-02T03:04:13,2026-07-20T18:42:03
league2,BTN,2.0,25-30,42o,2833,2398,339,94,2,0,2023-09-01T17:25:47,2026-07-21T15:21:33
league2,BTN,2.0,25-30,42s,964,94,858,8,4,0,2023-09-02T13:35:00,2026-07-20T19:24:20
league2,BTN,2.0,25-30,43o,2868,1374,1437,55,2,0,2023-09-02T18:04:30,2026-07-20T22:17:01
league2,BTN,2.0,25-30,43s,962,24,919,7,12,0,2023-09-02T17:06:34,2026-07-21T16:45:35
league2,BTN,2.0,25-30,44,1436,6,323,5,1102,0,2023-09-01T17:38:22,2026-07-21T17:32:16
league2,BTN,2.0,25-30,52o,2808,2403,327,77,1,0,2023-09-01T15:07:36,2026-07-21T13:18:34
league2,BTN,2.0,25-30,52s,1013,87,908,12,6,0,2023-09-01T20:21:02,2026-07-20T23:28:03
league2,BTN,2.0,25-30,53o,2804,1586,1126,88,4,0,2023-09-01T18:13:16,2026-07-19T23:08:41
league2,BTN,2.0,25-30,53s,968,24,928,7,9,0,2023-09-01T18:41:19,2026-07-21T18:21:39
league2,BTN,2.0,25-30,54o,2764,429,2305,28,2,0,2023-09-01T22:50:24,2026-07-21T13:42:43
league2,BTN,2.0,25-30,54s,1012,19,964,5,24,0,2023-09-01T01:23:24,2026-07-20T20:40:15
league2,BTN,2.0,25-30,55,1447,9,259,6,1173,0,2023-09-01T16:54:58,2026-07-21T18:32:04
league2,BTN,2.0,25-30,62o,2866,2582,173,109,2,0,2023-09-01T09:25:02,2026-07-21T19:52:45
league2,BTN,2.0,25-30,62s,898,106,779,13,0,0,2023-09-04T17:16:06,2026-07-20T22:11:18
league2,BTN,2.0,25-30,63o,2842,1900,872,70,0,0,2023-09-01T15:36:19,2026-07-21T13:48:08
league2,BTN,2.0,25-30,63s,894,34,848,6,6,0,2023-09-02T23:22:04,2026-07-21T16:39:05
league2,BTN,2.0,25-30,64o,2799,832,1903,59,5,0,2023-09-02T00:12:13,2026-07-21T23:41:37
league2,BTN,2.0,25-30,64s,1008,20,963,12,13,0,2023-09-01T01:25:36,2026-07-21T03:42:21
league2,BTN,2.0,25-30,65o,2893,229,2628,27,9,0,2023-09-01T10:35:38,2026-07-21T19:22:50
league2,BTN,2.0,25-30,65s,952,4,896,8,44,0,2023-09-02T02:25:48,2026-07-21T19:09:35
league2,BTN,2.0,25-30,66,1582,8,176,23,1375,0,2023-09-02T06:44:51,2026-07-21T19:50:51
league2,BTN,2.0,25-30,72o,2836,2678,73,81,4,0,2023-09-01T20:22:12,2026-07-21T21:04:18
league2,BTN,2.0,25-30,72s,926,187,718,19,2,0,2023-09-02T16:20:28,2026-07-20T18:12:44
league2,BTN,2.0,25-30,73o,2856,2465,309,82,0,0,2023-09-01T19:40:27,2026-07-21T17:52:08
league2,BTN,2.0,25-30,73s,1011,79,911,15,6,0,2023-09-02T20:26:47,2026-07-21T19:39:24
league2,BTN,2.0,25-30,74o,2819,1582,1127,104,6,0,2023-09-01T10:38:28,2026-07-21T17:41:33
league2,BTN,2.0,25-30,74s,967,18,937,5,7,0,2023-09-02T08:32:45,2026-07-19T16:43:16
league2,BTN,2.0,25-30,75o,2872,594,2226,45,7,0,2023-09-01T12:42:28,2026-07-21T19:52:23
league2,BTN,2.0,25-30,75s,977,11,943,5,18,0,2023-09-02T11:53:09,2026-07-18T16:40:28
league2,BTN,2.0,25-30,76o,2923,145,2745,22,11,0,2023-09-01T19:15:17,2026-07-21T14:53:32
league2,BTN,2.0,25-30,76s,965,7,882,11,65,0,2023-09-03T18:12:39,2026-07-21T09:10:52
league2,BTN,2.0,25-30,77,1483,5,128,21,1329,0,2023-09-01T00:21:29,2026-07-20T18:11:34
league2,BTN,2.0,25-30,82o,2739,2563,68,107,1,0,2023-09-01T15:33:54,2026-07-20T22:37:26
league2,BTN,2.0,25-30,82s,884,124,738,20,2,0,2023-09-01T12:21:47,2026-07-21T16:45:20
league2,BTN,2.0,25-30,83o,2877,2642,123,112,0,0,2023-09-01T06:04:23,2026-07-21T20:22:52
league2,BTN,2.0,25-30,83s,938,110,804,22,2,0,2023-09-02T19:26:15,2026-07-21T22:54:32
league2,BTN,2.0,25-30,84o,2855,2158,597,97,3,0,2023-09-01T08:21:04,2026-07-21T23:35:19
league2,BTN,2.0,25-30,84s,967,41,913,9,4,0,2023-09-01T14:14:49,2026-07-21T07:49:54
league2,BTN,2.0,25-30,85o,2856,1132,1646,75,3,0,2023-09-01T20:48:19,2026-07-21T20:22:45
league2,BTN,2.0,25-30,85s,969,18,937,6,8,0,2023-09-04T19:53:26,2026-07-21T15:52:02
league2,BTN,2.0,25-30,86o,2866,329,2494,38,5,0,2023-09-02T00:30:50,2026-07-21T22:42:26
league2,BTN,2.0,25-30,86s,987,10,949,1,27,0,2023-09-02T17:26:20,2026-07-20T17:15:27
league2,BTN,2.0,25-30,87o,2973,104,2840,12,17,0,2023-09-02T10:41:42,2026-07-21T19:06:03
league2,BTN,2.0,25-30,87s,980,6,880,6,88,0,2023-09-02T21:11:53,2026-07-20T14:16:53
league2,BTN,2.0,25-30,88,1443,1,61,71,1310,0,2023-09-03T20:29:34,2026-07-21T22:06:30
league2,BTN,2.0,25-30,92o,2790,2602,76,111,1,0,2023-09-01T15:44:40,2026-07-21T20:49:12
league2,BTN,2.0,25-30,92s,968,112,833,19,4,0,2023-09-01T19:39:05,2026-07-21T00:49:00
league2,BTN,2.0,25-30,93o,2941,2656,156,125,4,0,2023-09-01T12:53:26,2026-07-21T21:04:51
league2,BTN,2.0,25-30,93s,942,105,821,13,3,0,2023-09-03T04:53:57,2026-07-20T16:49:43
league2,BTN,2.0,25-30,94o,2870,2437,294,134,5,0,2023-09-01T12:38:10,2026-07-21T18:27:33
league2,BTN,2.0,25-30,94s,986,61,903,16,6,0,2023-09-02T19:04:07,2026-07-21T10:54:41
league2,BTN,2.0,25-30,95o,2864,1788,974,96,6,0,2023-09-01T15:41:34,2026-07-21T14:05:19
league2,BTN,2.0,25-30,95s,936,19,894,9,14,0,2023-09-02T11:26:10,2026-07-21T19:47:08
league2,BTN,2.0,25-30,96o,2924,820,2026,68,10,0,2023-09-02T18:17:35,2026-07-21T07:34:53
league2,BTN,2.0,25-30,96s,928,7,909,5,7,0,2023-09-03T18:54:39,2026-07-20T18:39:56
league2,BTN,2.0,25-30,97o,2884,240,2611,24,9,0,2023-09-02T16:10:15,2026-07-21T22:33:56
league2,BTN,2.0,25-30,97s,989,3,935,12,39,0,2023-09-05T19:38:32,2026-07-21T18:45:14
league2,BTN,2.0,25-30,98o,2940,80,2819,19,22,0,2023-09-01T18:39:47,2026-07-21T22:26:31
league2,BTN,2.0,25-30,98s,1064,7,909,8,140,0,2023-09-02T22:34:10,2026-07-20T22:50:47
league2,BTN,2.0,25-30,99,1534,3,24,237,1270,0,2023-09-01T11:25:32,2026-07-21T11:38:20
league2,BTN,2.0,25-30,A2o,3096,181,1586,570,759,0,2023-09-01T10:04:15,2026-07-21T19:44:23
league2,BTN,2.0,25-30,A2s,1037,5,560,53,419,0,2023-09-01T15:10:42,2026-07-21T23:07:09
league2,BTN,2.0,25-30,A3o,3052,129,1630,453,840,0,2023-09-01T05:29:41,2026-07-21T21:07:47
league2,BTN,2.0,25-30,A3s,1068,4,543,50,471,0,2023-09-01T19:48:50,2026-07-21T18:02:44
league2,BTN,2.0,25-30,A4o,3174,98,1680,444,952,0,2023-09-01T13:45:23,2026-07-21T18:05:44
league2,BTN,2.0,25-30,A4s,995,8,490,37,460,0,2023-09-04T17:41:02,2026-07-21T17:08:43
league2,BTN,2.0,25-30,A5o,3026,82,1520,371,1053,0,2023-09-01T12:40:15,2026-07-21T22:21:46
league2,BTN,2.0,25-30,A5s,1100,8,509,49,534,0,2023-09-02T18:30:49,2026-07-21T18:07:10
league2,BTN,2.0,25-30,A6o,3093,100,1797,250,946,0,2023-09-02T09:12:04,2026-07-20T18:33:15
league2,BTN,2.0,25-30,A6s,1100,9,615,19,457,0,2023-09-01T17:51:29,2026-07-19T19:11:32
league2,BTN,2.0,25-30,A7o,3128,67,1770,189,1102,0,2023-09-01T18:40:31,2026-07-21T20:17:33
league2,BTN,2.0,25-30,A7s,1037,7,570,18,442,0,2023-09-01T14:33:45,2026-07-21T18:39:21
league2,BTN,2.0,25-30,A8o,3131,32,1711,93,1295,0,2023-09-01T09:32:08,2026-07-21T20:04:42
league2,BTN,2.0,25-30,A8s,1063,1,528,26,508,0,2023-09-03T20:08:33,2026-07-19T21:08:35
league2,BTN,2.0,25-30,A9o,3169,24,1407,133,1605,0,2023-09-01T09:54:08,2026-07-21T21:01:46
league2,BTN,2.0,25-30,A9s,1094,3,458,32,601,0,2023-09-02T21:29:40,2026-07-20T18:51:46
league2,BTN,2.0,25-30,AA,1743,4,192,1486,61,0,2023-09-01T19:45:29,2026-07-21T22:12:25
league2,BTN,2.0,25-30,AJo,3324,15,282,384,2643,0,2023-09-01T14:04:35,2026-07-21T17:36:27
league2,BTN,2.0,25-30,AJs,1049,2,101,199,747,0,2023-09-01T16:27:10,2026-07-21T18:19:49
league2,BTN,2.0,25-30,AKo,3319,14,8,1172,2125,0,2023-09-03T19:38:12,2026-07-20T23:13:34
league2,BTN,2.0,25-30,AKs,1134,3,3,565,563,0,2023-09-01T18:04:52,2026-07-21T18:05:59
league2,BTN,2.0,25-30,AQo,3224,14,50,744,2416,0,2023-09-01T16:49:01,2026-07-21T22:03:38
league2,BTN,2.0,25-30,AQs,1114,4,27,395,688,0,2023-09-02T23:28:45,2026-07-21T20:29:57
league2,BTN,2.0,25-30,ATo,3248,19,853,193,2183,0,2023-09-03T00:26:14,2026-07-21T21:22:39
league2,BTN,2.0,25-30,ATs,1076,1,296,107,672,0,2023-09-02T09:52:56,2026-07-20T17:41:22
league2,BTN,2.0,25-30,J2o,2894,2098,555,236,5,0,2023-09-01T18:37:39,2026-07-21T23:15:40
league2,BTN,2.0,25-30,J2s,1041,38,969,26,8,0,2023-09-02T14:38:15,2026-07-21T17:34:39
league2,BTN,2.0,25-30,J3o,2921,1961,670,283,7,0,2023-09-01T12:01:00,2026-07-21T16:18:50
league2,BTN,2.0,25-30,J3s,1011,30,949,24,8,0,2023-09-01T15:44:03,2026-07-21T23:01:00
league2,BTN,2.0,25-30,J4o,2937,1739,910,280,8,0,2023-09-01T15:12:11,2026-07-21T18:40:20
league2,BTN,2.0,25-30,J4s,1024,37,951,23,13,0,2023-09-02T21:12:53,2026-07-21T11:35:39
league2,BTN,2.0,25-30,J5o,2960,1533,1157,259,11,0,2023-09-01T00:36:04,2026-07-21T22:23:33
league2,BTN,2.0,25-30,J5s,1004,26,955,9,14,0,2023-09-01T14:26:47,2026-07-20T13:28:28
league2,BTN,2.0,25-30,J6o,2919,1231,1476,206,6,0,2023-09-01T13:40:41,2026-07-21T00:29:34
league2,BTN,2.0,25-30,J6s,1005,22,956,7,20,0,2023-09-02T12:41:06,2026-07-21T20:05:04
league2,BTN,2.0,25-30,J7o,2987,466,2391,112,18,0,2023-09-01T17:44:28,2026-07-21T17:17:05
league2,BTN,2.0,25-30,J7s,986,7,939,4,36,0,2023-09-02T11:16:59,2026-07-20T20:04:21
league2,BTN,2.0,25-30,J8o,3043,139,2844,36,24,0,2023-09-01T10:37:28,2026-07-21T23:36:21
league2,BTN,2.0,25-30,J8s,1026,6,927,3,90,0,2023-09-01T17:26:57,2026-07-21T21:16:16
league2,BTN,2.0,25-30,J9o,3074,78,2919,23,54,0,2023-09-01T19:43:04,2026-07-21T16:26:08
league2,BTN,2.0,25-30,J9s,1012,6,836,11,159,0,2023-09-03T00:16:24,2026-07-21T21:02:48
league2,BTN,2.0,25-30,JJ,1587,4,9,883,691,0,2023-09-04T23:10:58,2026-07-21T21:13:52
league2,BTN,2.0,25-30,JTo,3080,25,2825,23,207,0,2023-09-01T16:50:05,2026-07-21T17:50:17
league2,BTN,2.0,25-30,JTs,1005,2,610,12,381,0,2023-09-02T17:50:06,2026-07-19T15:07:54
league2,BTN,2.0,25-30,K2o,2969,949,1413,556,51,0,2023-09-01T22:03:28,2026-07-21T21:00:23
league2,BTN,2.0,25-30,K2s,992,9,864,42,77,0,2023-09-01T19:36:43,2026-07-21T13:34:16
league2,BTN,2.0,25-30,K3o,2991,765,1578,594,54,0,2023-09-02T16:27:25,2026-07-21T20:26:27
league2,BTN,2.0,25-30,K3s,1026,7,899,36,84,0,2023-09-01T21:35:37,2026-07-19T15:44:30
league2,BTN,2.0,25-30,K4o,2949,570,1769,549,61,0,2023-09-01T17:35:23,2026-07-21T21:14:42
league2,BTN,2.0,25-30,K4s,989,11,850,28,100,0,2023-09-02T13:04:11,2026-07-21T22:19:57
league2,BTN,2.0,25-30,K5o,2998,489,1898,538,73,0,2023-09-01T23:40:44,2026-07-21T12:19:10
league2,BTN,2.0,25-30,K5s,1004,4,855,41,104,0,2023-09-01T06:45:55,2026-07-19T20:34:54
league2,BTN,2.0,25-30,K6o,2940,333,2180,368,59,0,2023-09-01T09:45:31,2026-07-21T20:18:30
league2,BTN,2.0,25-30,K6s,999,14,854,19,112,0,2023-09-01T20:52:17,2026-07-21T21:51:48
league2,BTN,2.0,25-30,K7o,3078,220,2546,226,86,0,2023-09-01T14:17:12,2026-07-21T18:35:52
league2,BTN,2.0,25-30,K7s,1019,5,894,12,108,0,2023-09-01T09:28:55,2026-07-21T14:17:37
league2,BTN,2.0,25-30,K8o,3016,121,2698,116,81,0,2023-09-01T15:06:07,2026-07-21T21:37:31
league2,BTN,2.0,25-30,K8s,1025,9,874,16,126,0,2023-09-02T20:36:51,2026-07-21T23:41:49
league2,BTN,2.0,25-30,K9o,3115,60,2796,82,177,0,2023-09-01T18:24:00,2026-07-21T13:45:16
league2,BTN,2.0,25-30,K9s,995,5,751,12,227,0,2023-09-01T16:19:51,2026-07-20T05:11:12
league2,BTN,2.0,25-30,KJo,3237,20,2014,125,1078,0,2023-09-01T19:09:34,2026-07-20T20:31:08
league2,BTN,2.0,25-30,KJs,1032,3,494,35,500,0,2023-09-03T19:49:02,2026-07-21T11:31:48
league2,BTN,2.0,25-30,KK,1620,4,72,1410,134,0,2023-09-01T21:54:24,2026-07-21T16:35:11
league2,BTN,2.0,25-30,KQo,3108,20,1240,165,1683,0,2023-09-01T11:10:18,2026-07-21T14:41:12
league2,BTN,2.0,25-30,KQs,1073,5,339,98,631,0,2023-09-01T00:37:14,2026-07-21T09:01:20
league2,BTN,2.0,25-30,KTo,3128,19,2479,71,559,0,2023-09-01T08:14:58,2026-07-21T22:47:13
league2,BTN,2.0,25-30,KTs,1004,3,610,18,373,0,2023-09-02T00:15:03,2026-07-19T16:26:15
league2,BTN,2.0,25-30,Q2o,3010,1535,1021,436,18,0,2023-09-01T16:06:37,2026-07-21T18:28:48
league2,BTN,2.0,25-30,Q2s,1011,27,931,31,22,0,2023-09-02T17:26:52,2026-07-21T22:36:05
league2,BTN,2.0,25-30,Q3o,2943,1394,1116,417,16,0,2023-09-01T23:37:45,2026-07-21T19:02:53
league2,BTN,2.0,25-30,Q3s,935,21,850,31,33,0,2023-09-01T14:24:37,2026-07-21T19:19:02
league2,BTN,2.0,25-30,Q4o,2905,1146,1346,397,16,0,2023-09-01T18:39:37,2026-07-20T15:06:39
league2,BTN,2.0,25-30,Q4s,976,12,900,31,33,0,2023-09-01T20:37:32,2026-07-21T13:26:14
league2,BTN,2.0,25-30,Q5o,2868,924,1563,372,9,0,2023-09-01T09:08:45,2026-07-21T22:36:51
league2,BTN,2.0,25-30,Q5s,1017,17,949,23,28,0,2023-09-01T10:43:06,2026-07-21T17:15:59
league2,BTN,2.0,25-30,Q6o,3004,754,1952,285,13,0,2023-09-01T06:34:16,2026-07-21T20:18:03
league2,BTN,2.0,25-30,Q6s,998,11,935,12,40,0,2023-09-01T22:35:14,2026-07-19T23:47:08
league2,BTN,2.0,25-30,Q7o,2908,486,2223,181,18,0,2023-09-01T01:20:21,2026-07-21T17:13:15
league2,BTN,2.0,25-30,Q7s,1005,9,945,14,37,0,2023-09-03T12:14:39,2026-07-18T21:06:36
league2,BTN,2.0,25-30,Q8o,3000,173,2736,62,29,0,2023-09-01T21:18:15,2026-07-21T11:01:00
league2,BTN,2.0,25-30,Q8s,1007,5,894,8,100,0,2023-09-01T19:18:52,2026-07-21T19:47:53
league2,BTN,2.0,25-30,Q9o,3050,79,2874,42,55,0,2023-09-01T17:09:36,2026-07-21T23:22:54
league2,BTN,2.0,25-30,Q9s,1006,5,841,11,149,0,2023-09-03T16:11:46,2026-07-21T17:36:55
league2,BTN,2.0,25-30,QJo,3163,12,2572,68,511,0,2023-09-01T04:33:09,2026-07-21T19:52:44
league2,BTN,2.0,25-30,QJs,1030,9,607,20,394,0,2023-09-05T18:10:38,2026-07-21T16:43:53
league2,BTN,2.0,25-30,QQ,1598,5,10,1251,332,0,2023-09-01T16:33:58,2026-07-21T19:51:59
league2,BTN,2.0,25-30,QTo,3071,27,2733,43,268,0,2023-09-01T19:15:42,2026-07-21T19:27:49
league2,BTN,2.0,25-30,QTs,1032,3,706,21,302,0,2023-09-02T12:48:52,2026-07-21T18:05:56
league2,BTN,2.0,25-30,T2o,2947,2639,170,133,5,0,2023-09-01T07:51:05,2026-07-21T10:38:05
league2,BTN,2.0,25-30,T2s,981,99,853,22,7,0,2023-09-02T12:30:15,2026-07-21T20:45:18
league2,BTN,2.0,25-30,T3o,2908,2517,247,137,7,0,2023-09-01T16:41:43,2026-07-21T21:34:08
league2,BTN,2.0,25-30,T3s,993,61,903,22,7,0,2023-09-02T13:33:53,2026-07-20T02:17:09
league2,BTN,2.0,25-30,T4o,2954,2416,390,146,2,0,2023-09-01T16:35:59,2026-07-21T22:29:58
league2,BTN,2.0,25-30,T4s,955,62,867,21,5,0,2023-09-04T18:31:36,2026-07-21T21:28:42
league2,BTN,2.0,25-30,T5o,2893,2053,688,146,6,0,2023-09-01T03:13:26,2026-07-21T23:47:13
league2,BTN,2.0,25-30,T5s,992,40,926,12,14,0,2023-09-01T17:47:09,2026-07-20T22:17:49
league2,BTN,2.0,25-30,T6o,3011,1131,1765,105,10,0,2023-09-01T14:18:54,2026-07-21T15:22:56
league2,BTN,2.0,25-30,T6s,1008,15,970,10,13,0,2023-09-02T09:13:27,2026-07-20T16:49:40
league2,BTN,2.0,25-30,T7o,3047,464,2517,57,9,0,2023-09-01T20:06:29,2026-07-21T17:37:54
league2,BTN,2.0,25-30,T7s,987,9,935,5,38,0,2023-09-01T14:11:13,2026-07-19T15:10:15
league2,BTN,2.0,25-30,T8o,3056,154,2851,35,16,0,2023-09-02T17:32:22,2026-07-21T17:48:34
league2,BTN,2.0,25-30,T8s,981,5,885,4,87,0,2023-09-02T19:34:17,2026-07-21T12:48:42
league2,BTN,2.0,25-30,T9o,2982,55,2870,25,32,0,2023-09-01T18:15:56,2026-07-21T20:49:44
league2,BTN,2.0,25-30,T9s,997,5,770,18,204,0,2023-09-02T16:24:57,2026-07-21T18:09:51
league2,BTN,2.0,25-30,TT,1499,4,12,421,1062,0,2023-09-01T23:42:15,2026-07-21T22:03:06
league2,BTN,2.0,30-35,__MISSING__,35104,9459,18126,4099,3420,0,2023-09-01T14:48:12,2026-07-21T23:33:56
league2,BTN,2.0,30-35,22,1229,11,607,9,602,0,2023-09-02T08:17:20,2026-07-19T20:45:38
league2,BTN,2.0,30-35,32o,2402,2042,283,77,0,0,2023-09-01T17:38:08,2026-07-21T00:24:32
league2,BTN,2.0,30-35,32s,862,85,761,16,0,0,2023-09-02T17:23:40,2026-07-20T20:46:16
league2,BTN,2.0,30-35,33,1199,7,501,13,678,0,2023-09-03T19:29:29,2026-07-20T20:06:32
league2,BTN,2.0,30-35,42o,2407,2006,299,101,1,0,2023-09-02T08:33:43,2026-07-21T19:31:50
league2,BTN,2.0,30-35,42s,881,57,805,17,2,0,2023-09-04T09:31:25,2026-07-20T23:08:38
league2,BTN,2.0,30-35,43o,2460,1083,1304,72,1,0,2023-09-02T16:25:20,2026-07-20T19:34:26
league2,BTN,2.0,30-35,43s,808,19,774,12,3,0,2023-09-02T19:45:08,2026-07-20T01:39:47
league2,BTN,2.0,30-35,44,1231,6,424,7,794,0,2023-09-01T22:13:18,2026-07-21T22:45:25
league2,BTN,2.0,30-35,52o,2482,2067,263,150,2,0,2023-09-01T12:32:29,2026-07-21T20:27:45
league2,BTN,2.0,30-35,52s,800,48,732,17,3,0,2023-09-01T21:32:02,2026-07-19T17:24:20
league2,BTN,2.0,30-35,53o,2455,1256,1103,96,0,0,2023-09-01T20:27:32,2026-07-20T18:41:06
league2,BTN,2.0,30-35,53s,819,25,784,9,1,0,2023-09-01T13:31:44,2026-07-18T22:23:16
league2,BTN,2.0,30-35,54o,2482,352,2075,52,3,0,2023-09-01T18:46:43,2026-07-20T17:52:14
league2,BTN,2.0,30-35,54s,833,5,811,7,10,0,2023-09-02T17:40:47,2026-07-21T20:44:06
league2,BTN,2.0,30-35,55,1270,4,402,16,848,0,2023-09-03T15:09:52,2026-07-18T23:33:17
league2,BTN,2.0,30-35,62o,2467,2205,133,128,1,0,2023-09-01T18:15:46,2026-07-21T21:03:41
league2,BTN,2.0,30-35,62s,859,74,761,22,2,0,2023-09-02T12:51:50,2026-07-18T16:34:10
league2,BTN,2.0,30-35,63o,2420,1528,781,110,1,0,2023-09-01T23:36:40,2026-07-21T16:54:05
league2,BTN,2.0,30-35,63s,809,18,770,18,3,0,2023-09-06T20:01:01,2026-07-20T21:49:39
league2,BTN,2.0,30-35,64o,2505,670,1741,91,3,0,2023-09-01T11:35:39,2026-07-21T12:05:06
league2,BTN,2.0,30-35,64s,799,10,771,15,3,0,2023-09-02T18:47:45,2026-07-21T19:38:02
league2,BTN,2.0,30-35,65o,2523,192,2287,41,3,0,2023-09-02T09:13:31,2026-07-20T17:38:45
league2,BTN,2.0,30-35,65s,841,2,811,6,22,0,2023-09-02T17:51:53,2026-07-20T21:34:47
league2,BTN,2.0,30-35,66,1283,4,292,21,966,0,2023-09-01T19:23:40,2026-07-20T17:45:08
league2,BTN,2.0,30-35,72o,2416,2228,56,132,0,0,2023-09-01T11:05:53,2026-07-21T19:36:47
league2,BTN,2.0,30-35,72s,827,119,679,27,2,0,2023-09-02T21:37:13,2026-07-20T18:37:37
league2,BTN,2.0,30-35,73o,2480,2063,284,131,2,0,2023-09-01T01:36:07,2026-07-20T14:23:37
league2,BTN,2.0,30-35,73s,832,51,765,15,1,0,2023-09-01T10:12:27,2026-07-19T08:25:29
league2,BTN,2.0,30-35,74o,2431,1243,1071,115,2,0,2023-09-01T16:23:27,2026-07-21T19:14:05
league2,BTN,2.0,30-35,74s,867,14,839,11,3,0,2023-09-01T15:46:38,2026-07-21T22:36:40
league2,BTN,2.0,30-35,75o,2457,456,1935,63,3,0,2023-09-01T04:49:59,2026-07-21T22:43:36
league2,BTN,2.0,30-35,75s,784,5,760,10,9,0,2023-09-02T19:35:38,2026-07-18T13:29:26
league2,BTN,2.0,30-35,76o,2526,104,2388,29,5,0,2023-09-01T05:29:33,2026-07-21T18:12:05
league2,BTN,2.0,30-35,76s,859,5,798,16,40,0,2023-09-01T19:18:38,2026-07-20T14:08:15
league2,BTN,2.0,30-35,77,1293,2,209,58,1024,0,2023-09-02T19:15:30,2026-07-20T20:44:40
league2,BTN,2.0,30-35,82o,2486,2305,58,123,0,0,2023-09-01T19:24:20,2026-07-20T15:40:41
league2,BTN,2.0,30-35,82s,744,90,618,32,4,0,2023-09-03T16:33:56,2026-07-21T20:31:38
league2,BTN,2.0,30-35,83o,2450,2205,111,131,3,0,2023-09-01T17:20:04,2026-07-21T22:03:06
league2,BTN,2.0,30-35,83s,841,84,736,18,3,0,2023-09-02T12:50:11,2026-07-21T20:48:55
league2,BTN,2.0,30-35,84o,2381,1750,489,138,4,0,2023-09-01T07:34:52,2026-07-21T20:46:46
league2,BTN,2.0,30-35,84s,863,30,816,15,2,0,2023-09-02T16:29:55,2026-07-20T22:10:24
league2,BTN,2.0,30-35,85o,2491,968,1424,98,1,0,2023-09-02T17:51:14,2026-07-21T09:20:10
league2,BTN,2.0,30-35,85s,802,13,777,7,5,0,2023-09-01T10:15:40,2026-07-21T09:15:02
league2,BTN,2.0,30-35,86o,2546,263,2236,45,2,0,2023-09-01T00:10:04,2026-07-21T22:07:00
league2,BTN,2.0,30-35,86s,836,5,803,10,18,0,2023-09-03T17:42:50,2026-07-21T05:54:43
league2,BTN,2.0,30-35,87o,2536,70,2424,37,5,0,2023-09-01T13:46:37,2026-07-21T20:37:36
league2,BTN,2.0,30-35,87s,820,7,746,11,56,0,2023-09-10T16:35:53,2026-07-20T20:33:09
league2,BTN,2.0,30-35,88,1253,5,117,153,978,0,2023-09-01T15:04:43,2026-07-21T20:11:58
league2,BTN,2.0,30-35,92o,2433,2242,55,136,0,0,2023-09-01T19:50:55,2026-07-21T17:30:29
league2,BTN,2.0,30-35,92s,791,104,652,34,1,0,2023-09-01T14:33:53,2026-07-21T19:18:10
league2,BTN,2.0,30-35,93o,2398,2142,120,134,2,0,2023-09-01T13:51:21,2026-07-21T22:13:03
league2,BTN,2.0,30-35,93s,810,79,704,23,4,0,2023-09-02T00:12:38,2026-07-20T03:48:23
league2,BTN,2.0,30-35,94o,2367,1955,276,136,0,0,2023-09-01T17:39:59,2026-07-21T18:20:57
league2,BTN,2.0,30-35,94s,851,56,771,22,2,0,2023-09-04T15:42:39,2026-07-20T20:48:53
league2,BTN,2.0,30-35,95o,2442,1485,819,137,1,0,2023-09-01T19:19:58,2026-07-21T16:42:13
league2,BTN,2.0,30-35,95s,873,23,837,7,6,0,2023-09-01T17:20:52,2026-07-21T23:02:03
league2,BTN,2.0,30-35,96o,2481,629,1765,86,1,0,2023-09-01T19:26:34,2026-07-19T20:08:17
league2,BTN,2.0,30-35,96s,823,7,804,7,5,0,2023-09-01T10:09:05,2026-07-21T09:25:29
league2,BTN,2.0,30-35,97o,2553,186,2322,39,6,0,2023-09-01T00:24:02,2026-07-21T18:52:15
league2,BTN,2.0,30-35,97s,851,4,812,9,26,0,2023-09-04T12:28:20,2026-07-21T07:28:19
league2,BTN,2.0,30-35,98o,2628,54,2522,38,14,0,2023-09-01T17:45:28,2026-07-21T18:52:46
league2,BTN,2.0,30-35,98s,841,3,752,17,69,0,2023-09-02T20:41:24,2026-07-19T11:49:01
league2,BTN,2.0,30-35,99,1255,1,52,322,880,0,2023-09-01T19:05:36,2026-07-21T01:35:02
league2,BTN,2.0,30-35,A2o,2704,127,1452,762,363,0,2023-09-01T17:42:59,2026-07-21T21:31:29
league2,BTN,2.0,30-35,A2s,940,7,601,84,248,0,2023-09-01T00:37:58,2026-07-19T21:03:10
league2,BTN,2.0,30-35,A3o,2615,114,1453,673,375,0,2023-09-01T13:52:22,2026-07-21T22:26:19
league2,BTN,2.0,30-35,A3s,851,4,554,81,212,0,2023-09-01T16:20:33,2026-07-20T20:13:28
league2,BTN,2.0,30-35,A4o,2642,75,1500,637,430,0,2023-09-01T15:40:29,2026-07-21T19:54:42
league2,BTN,2.0,30-35,A4s,876,2,577,70,227,0,2023-09-03T21:26:09,2026-07-21T05:50:22
league2,BTN,2.0,30-35,A5o,2713,59,1517,610,527,0,2023-09-01T10:37:11,2026-07-21T23:13:22
league2,BTN,2.0,30-35,A5s,899,6,507,67,319,0,2023-09-03T21:25:15,2026-07-19T15:26:30
league2,BTN,2.0,30-35,A6o,2644,67,1732,400,445,0,2023-09-01T16:49:28,2026-07-21T15:23:41
league2,BTN,2.0,30-35,A6s,892,4,684,34,170,0,2023-09-01T20:39:40,2026-07-20T10:32:42
league2,BTN,2.0,30-35,A7o,2754,47,1914,290,503,0,2023-09-01T19:42:44,2026-07-21T22:34:38
league2,BTN,2.0,30-35,A7s,941,6,672,27,236,0,2023-09-01T19:47:34,2026-07-19T10:49:02
league2,BTN,2.0,30-35,A8o,2745,53,1865,201,626,0,2023-09-01T02:49:18,2026-07-21T16:52:36
league2,BTN,2.0,30-35,A8s,953,2,671,28,252,0,2023-09-04T20:21:12,2026-07-21T20:17:13
league2,BTN,2.0,30-35,A9o,2756,22,1692,207,835,0,2023-09-01T16:31:30,2026-07-21T23:42:37
league2,BTN,2.0,30-35,A9s,963,1,601,56,305,0,2023-09-03T16:09:23,2026-07-19T16:14:34
league2,BTN,2.0,30-35,AA,1506,1,73,1408,24,0,2023-09-03T20:13:29,2026-07-21T22:02:38
league2,BTN,2.0,30-35,AJo,2769,11,446,722,1590,0,2023-09-01T16:30:55,2026-07-21T10:05:13
league2,BTN,2.0,30-35,AJs,990,3,193,379,415,0,2023-09-04T15:14:59,2026-07-21T04:52:08
league2,BTN,2.0,30-35,AKo,2917,11,13,1651,1242,0,2023-09-01T20:09:27,2026-07-21T15:36:36
league2,BTN,2.0,30-35,AKs,964,2,3,669,290,0,2023-09-01T15:39:07,2026-07-20T19:52:56
league2,BTN,2.0,30-35,AQo,2798,8,85,1169,1536,0,2023-09-01T09:29:43,2026-07-21T19:19:25
league2,BTN,2.0,30-35,AQs,936,4,31,546,355,0,2023-09-03T10:18:29,2026-07-19T17:14:44
league2,BTN,2.0,30-35,ATo,2676,9,1148,348,1171,0,2023-09-01T18:06:03,2026-07-21T14:38:35
league2,BTN,2.0,30-35,ATs,940,3,397,164,376,0,2023-09-05T17:19:20,2026-07-21T18:49:26
league2,BTN,2.0,30-35,J2o,2455,1660,480,311,4,0,2023-09-01T10:11:34,2026-07-21T19:09:26
league2,BTN,2.0,30-35,J2s,844,34,771,29,10,0,2023-09-01T15:18:52,2026-07-20T12:48:44
league2,BTN,2.0,30-35,J3o,2535,1567,599,367,2,0,2023-09-01T17:39:19,2026-07-21T23:04:50
league2,BTN,2.0,30-35,J3s,870,18,812,36,4,0,2023-09-01T20:19:52,2026-07-21T16:18:49
league2,BTN,2.0,30-35,J4o,2522,1416,774,329,3,0,2023-09-01T16:33:53,2026-07-21T16:53:29
league2,BTN,2.0,30-35,J4s,847,20,785,35,7,0,2023-09-03T22:27:23,2026-07-21T11:42:15
league2,BTN,2.0,30-35,J5o,2655,1270,1019,360,6,0,2023-09-03T19:44:44,2026-07-20T02:52:07
league2,BTN,2.0,30-35,J5s,826,14,782,22,8,0,2023-09-04T03:19:09,2026-07-19T14:52:41
league2,BTN,2.0,30-35,J6o,2566,975,1314,273,4,0,2023-09-01T13:37:45,2026-07-21T19:16:52
league2,BTN,2.0,30-35,J6s,884,14,845,19,6,0,2023-09-03T11:24:20,2026-07-21T16:32:46
league2,BTN,2.0,30-35,J7o,2576,351,2090,123,12,0,2023-09-02T12:14:26,2026-07-20T22:34:40
league2,BTN,2.0,30-35,J7s,861,13,818,12,18,0,2023-09-01T16:33:50,2026-07-20T16:04:32
league2,BTN,2.0,30-35,J8o,2673,143,2456,60,14,0,2023-09-01T13:44:29,2026-07-21T17:45:12
league2,BTN,2.0,30-35,J8s,885,8,830,3,44,0,2023-09-04T14:12:04,2026-07-21T15:18:27
league2,BTN,2.0,30-35,J9o,2657,61,2534,41,21,0,2023-09-01T13:18:27,2026-07-21T18:10:19
league2,BTN,2.0,30-35,J9s,876,1,803,8,64,0,2023-09-02T19:15:54,2026-07-20T00:04:55
league2,BTN,2.0,30-35,JJ,1348,4,8,992,344,0,2023-09-02T19:47:04,2026-07-21T21:21:15
league2,BTN,2.0,30-35,JTo,2704,16,2551,53,84,0,2023-09-01T14:11:10,2026-07-21T23:06:35
league2,BTN,2.0,30-35,JTs,882,3,661,20,198,0,2023-09-01T14:42:01,2026-07-21T15:18:27
league2,BTN,2.0,30-35,K2o,2536,703,1120,689,24,0,2023-09-01T20:18:17,2026-07-20T18:12:27
league2,BTN,2.0,30-35,K2s,869,11,759,63,36,0,2023-09-02T08:18:58,2026-07-21T13:38:33
league2,BTN,2.0,30-35,K3o,2558,619,1200,711,28,0,2023-09-01T16:17:55,2026-07-20T19:29:12
league2,BTN,2.0,30-35,K3s,861,10,774,41,36,0,2023-09-03T02:04:12,2026-07-19T20:13:13
league2,BTN,2.0,30-35,K4o,2531,465,1405,630,31,0,2023-09-01T15:02:20,2026-07-20T20:07:21
league2,BTN,2.0,30-35,K4s,866,8,764,46,48,0,2023-09-01T18:14:34,2026-07-21T21:26:39
league2,BTN,2.0,30-35,K5o,2576,401,1541,613,21,0,2023-09-02T10:20:46,2026-07-21T19:45:17
league2,BTN,2.0,30-35,K5s,853,4,747,57,45,0,2023-09-01T16:22:51,2026-07-20T18:48:33
league2,BTN,2.0,30-35,K6o,2625,297,1824,473,31,0,2023-09-01T21:53:57,2026-07-21T22:52:42
league2,BTN,2.0,30-35,K6s,851,2,764,36,49,0,2023-09-01T05:48:59,2026-07-21T22:34:33
league2,BTN,2.0,30-35,K7o,2578,169,2091,285,33,0,2023-09-01T19:26:49,2026-07-20T22:37:14
league2,BTN,2.0,30-35,K7s,877,4,790,24,59,0,2023-09-02T10:16:22,2026-07-20T22:41:10
league2,BTN,2.0,30-35,K8o,2565,91,2284,155,35,0,2023-09-01T13:40:13,2026-07-21T14:25:23
league2,BTN,2.0,30-35,K8s,923,3,835,16,69,0,2023-09-01T19:15:04,2026-07-17T22:33:26
league2,BTN,2.0,30-35,K9o,2717,61,2480,105,71,0,2023-09-01T16:25:56,2026-07-21T01:35:39
league2,BTN,2.0,30-35,K9s,888,5,750,25,108,0,2023-09-01T21:22:37,2026-07-17T19:15:45
league2,BTN,2.0,30-35,KJo,2734,16,1992,184,542,0,2023-09-01T16:03:28,2026-07-21T14:42:31
league2,BTN,2.0,30-35,KJs,868,2,525,72,269,0,2023-09-01T18:18:46,2026-07-20T01:28:58
league2,BTN,2.0,30-35,KK,1362,2,25,1296,39,0,2023-09-01T13:51:46,2026-07-20T21:12:34
league2,BTN,2.0,30-35,KQo,2713,11,1463,297,942,0,2023-09-01T19:40:50,2026-07-21T19:55:09
league2,BTN,2.0,30-35,KQs,893,3,392,156,342,0,2023-09-01T18:19:35,2026-07-21T20:18:40
league2,BTN,2.0,30-35,KTo,2748,23,2345,126,254,0,2023-09-01T20:13:18,2026-07-21T17:29:49
league2,BTN,2.0,30-35,KTs,834,3,597,28,206,0,2023-09-02T08:24:06,2026-07-21T15:40:20
league2,BTN,2.0,30-35,Q2o,2613,1243,818,547,5,0,2023-09-01T18:21:25,2026-07-21T22:24:25
league2,BTN,2.0,30-35,Q2s,832,19,758,41,14,0,2023-09-02T19:11:43,2026-07-21T09:48:30
league2,BTN,2.0,30-35,Q3o,2550,1068,975,497,10,0,2023-09-01T10:40:43,2026-07-21T18:34:05
league2,BTN,2.0,30-35,Q3s,868,14,802,36,16,0,2023-09-02T19:38:40,2026-07-20T13:15:00
league2,BTN,2.0,30-35,Q4o,2578,958,1101,509,10,0,2023-09-01T21:06:56,2026-07-20T21:37:36
league2,BTN,2.0,30-35,Q4s,839,12,778,38,11,0,2023-09-04T19:21:16,2026-07-20T21:36:38
league2,BTN,2.0,30-35,Q5o,2580,774,1325,470,11,0,2023-09-01T14:26:43,2026-07-21T22:07:03
league2,BTN,2.0,30-35,Q5s,897,10,825,40,22,0,2023-09-02T17:03:31,2026-07-21T23:09:50
league2,BTN,2.0,30-35,Q6o,2605,584,1663,345,13,0,2023-09-02T19:50:20,2026-07-21T20:53:20
league2,BTN,2.0,30-35,Q6s,896,8,845,21,22,0,2023-09-02T15:28:18,2026-07-19T15:41:08
league2,BTN,2.0,30-35,Q7o,2502,351,1898,237,16,0,2023-09-01T12:01:25,2026-07-21T18:20:59
league2,BTN,2.0,30-35,Q7s,923,1,879,21,22,0,2023-09-02T22:39:01,2026-07-20T14:15:37
league2,BTN,2.0,30-35,Q8o,2630,126,2399,84,21,0,2023-09-01T19:16:33,2026-07-21T18:37:21
league2,BTN,2.0,30-35,Q8s,890,8,811,10,61,0,2023-09-03T09:19:37,2026-07-19T15:40:08
league2,BTN,2.0,30-35,Q9o,2655,72,2478,79,26,0,2023-09-01T19:30:07,2026-07-21T17:02:23
league2,BTN,2.0,30-35,Q9s,875,3,773,17,82,0,2023-09-01T18:30:58,2026-07-19T12:08:06
league2,BTN,2.0,30-35,QJo,2693,18,2339,84,252,0,2023-09-01T09:41:07,2026-07-20T17:13:33
league2,BTN,2.0,30-35,QJs,868,5,618,29,216,0,2023-09-05T21:43:00,2026-07-20T09:34:17
league2,BTN,2.0,30-35,QQ,1404,6,3,1275,120,0,2023-09-01T20:27:21,2026-07-21T09:38:06
league2,BTN,2.0,30-35,QTo,2680,22,2448,59,151,0,2023-09-01T13:26:58,2026-07-21T15:02:07
league2,BTN,2.0,30-35,QTs,874,6,658,21,189,0,2023-09-04T14:46:06,2026-07-18T18:47:57
league2,BTN,2.0,30-35,T2o,2479,2171,143,161,4,0,2023-09-01T16:34:49,2026-07-21T18:43:47
league2,BTN,2.0,30-35,T2s,863,52,774,35,2,0,2023-09-02T16:07:10,2026-07-19T15:07:17
league2,BTN,2.0,30-35,T3o,2561,2193,211,157,0,0,2023-09-01T05:46:54,2026-07-21T12:37:09
league2,BTN,2.0,30-35,T3s,911,61,820,28,2,0,2023-09-02T07:13:58,2026-07-21T14:51:52
league2,BTN,2.0,30-35,T4o,2566,2035,338,191,2,0,2023-09-02T00:06:47,2026-07-21T20:26:18
league2,BTN,2.0,30-35,T4s,841,45,774,19,3,0,2023-09-01T19:03:10,2026-07-20T22:07:51
league2,BTN,2.0,30-35,T5o,2420,1635,596,187,2,0,2023-09-01T20:29:10,2026-07-21T16:07:41
league2,BTN,2.0,30-35,T5s,833,36,774,16,7,0,2023-09-01T20:52:28,2026-07-21T19:14:34
league2,BTN,2.0,30-35,T6o,2495,943,1435,117,0,0,2023-09-01T15:12:02,2026-07-20T20:43:09
league2,BTN,2.0,30-35,T6s,878,19,837,10,12,0,2023-09-01T09:35:37,2026-07-20T22:36:25
league2,BTN,2.0,30-35,T7o,2552,318,2153,72,9,0,2023-09-01T17:36:57,2026-07-21T21:09:32
league2,BTN,2.0,30-35,T7s,897,4,856,8,29,0,2023-09-01T00:16:03,2026-07-19T15:37:11
league2,BTN,2.0,30-35,T8o,2592,93,2463,30,6,0,2023-09-01T12:51:10,2026-07-21T00:27:31
league2,BTN,2.0,30-35,T8s,885,10,819,12,44,0,2023-09-02T13:04:36,2026-07-20T19:39:55
league2,BTN,2.0,30-35,T9o,2556,44,2471,26,15,0,2023-09-01T03:33:49,2026-07-21T23:51:19
league2,BTN,2.0,30-35,T9s,860,1,744,20,95,0,2023-09-01T22:00:56,2026-07-21T10:08:09
league2,BTN,2.0,30-35,TT,1321,6,32,609,674,0,2023-09-02T16:25:33,2026-07-21T13:31:37
league2,BTN,2.0,35-40,__MISSING__,31782,8235,17105,4701,1741,0,2023-09-01T08:09:51,2026-07-21T21:42:19
league2,BTN,2.0,35-40,22,1026,7,653,17,349,0,2023-09-03T12:50:44,2026-07-21T14:17:07
league2,BTN,2.0,35-40,32o,2021,1635,291,94,1,0,2023-09-01T17:30:03,2026-07-21T23:52:49
league2,BTN,2.0,35-40,32s,700,61,622,15,2,0,2023-09-04T19:43:08,2026-07-16T21:09:38
league2,BTN,2.0,35-40,33,1001,7,587,21,386,0,2023-09-01T17:39:33,2026-07-19T17:49:51
league2,BTN,2.0,35-40,42o,2030,1662,265,103,0,0,2023-09-01T17:21:48,2026-07-21T17:40:04
league2,BTN,2.0,35-40,42s,699,36,644,18,1,0,2023-09-03T05:54:43,2026-07-21T13:27:33
league2,BTN,2.0,35-40,43o,2142,870,1207,64,1,0,2023-09-01T16:47:27,2026-07-21T18:03:12
league2,BTN,2.0,35-40,43s,701,16,668,13,4,0,2023-09-05T00:31:21,2026-07-18T16:10:46
league2,BTN,2.0,35-40,44,1059,3,586,16,454,0,2023-09-02T19:03:05,2026-07-20T17:10:41
league2,BTN,2.0,35-40,52o,2123,1716,271,136,0,0,2023-09-01T17:03:37,2026-07-19T21:13:22
league2,BTN,2.0,35-40,52s,722,44,659,19,0,0,2023-09-03T17:28:38,2026-07-19T13:05:26
league2,BTN,2.0,35-40,53o,2078,1050,926,101,1,0,2023-09-01T06:52:08,2026-07-21T18:49:08
league2,BTN,2.0,35-40,53s,663,15,635,12,1,0,2023-09-04T06:14:42,2026-07-18T18:12:57
league2,BTN,2.0,35-40,54o,2141,256,1835,48,2,0,2023-09-02T18:30:09,2026-07-21T22:28:47
league2,BTN,2.0,35-40,54s,703,7,674,13,9,0,2023-09-02T14:31:11,2026-07-21T11:41:01
league2,BTN,2.0,35-40,55,1032,2,529,15,486,0,2023-09-01T17:21:17,2026-07-20T12:47:59
league2,BTN,2.0,35-40,62o,2069,1827,127,115,0,0,2023-09-01T14:02:58,2026-07-19T20:20:05
league2,BTN,2.0,35-40,62s,677,58,600,19,0,0,2023-09-01T22:45:34,2026-07-20T15:13:24
league2,BTN,2.0,35-40,63o,2084,1272,685,126,1,0,2023-09-01T21:18:58,2026-07-20T21:37:36
league2,BTN,2.0,35-40,63s,740,20,707,12,1,0,2023-09-02T01:32:10,2026-07-21T05:47:20
league2,BTN,2.0,35-40,64o,2090,537,1478,74,1,0,2023-09-01T10:26:38,2026-07-19T14:38:46
league2,BTN,2.0,35-40,64s,728,6,703,16,3,0,2023-09-05T21:26:52,2026-07-21T21:54:26
league2,BTN,2.0,35-40,65o,2063,121,1916,26,0,0,2023-09-01T09:49:58,2026-07-21T04:07:30
league2,BTN,2.0,35-40,65s,717,5,682,22,8,0,2023-09-03T17:05:51,2026-07-21T04:09:51
league2,BTN,2.0,35-40,66,1086,4,462,44,576,0,2023-09-01T18:52:20,2026-07-20T17:34:24
league2,BTN,2.0,35-40,72o,2038,1887,42,108,1,0,2023-09-01T09:52:24,2026-07-21T20:07:55
league2,BTN,2.0,35-40,72s,702,98,583,20,1,0,2023-09-03T09:37:07,2026-07-18T05:35:55
league2,BTN,2.0,35-40,73o,2154,1794,237,122,1,0,2023-09-03T02:07:59,2026-07-21T19:34:24
league2,BTN,2.0,35-40,73s,691,46,629,15,1,0,2023-09-01T13:18:33,2026-07-20T20:22:46
league2,BTN,2.0,35-40,74o,2113,1108,894,110,1,0,2023-09-01T20:48:05,2026-07-20T17:21:40
league2,BTN,2.0,35-40,74s,702,11,674,16,1,0,2023-09-03T21:22:44,2026-07-17T17:41:34
league2,BTN,2.0,35-40,75o,2193,328,1802,63,0,0,2023-09-02T19:35:12,2026-07-21T11:47:14
league2,BTN,2.0,35-40,75s,719,4,705,8,2,0,2023-09-03T01:44:24,2026-07-21T13:43:20
league2,BTN,2.0,35-40,76o,2073,72,1961,39,1,0,2023-09-01T16:10:03,2026-07-21T17:43:34
league2,BTN,2.0,35-40,76s,684,4,657,14,9,0,2023-09-01T17:22:23,2026-07-20T22:52:17
league2,BTN,2.0,35-40,77,1048,5,336,91,616,0,2023-09-01T11:50:14,2026-07-21T20:29:36
league2,BTN,2.0,35-40,82o,2170,1987,59,124,0,0,2023-09-01T20:15:22,2026-07-21T19:21:01
league2,BTN,2.0,35-40,82s,726,76,632,17,1,0,2023-09-02T14:50:51,2026-07-18T15:34:28
league2,BTN,2.0,35-40,83o,2143,1909,103,128,3,0,2023-09-01T15:32:37,2026-07-21T19:19:36
league2,BTN,2.0,35-40,83s,704,50,623,31,0,0,2023-09-02T18:34:01,2026-07-20T20:25:10
league2,BTN,2.0,35-40,84o,2136,1506,502,127,1,0,2023-09-02T22:12:03,2026-07-21T19:53:23
league2,BTN,2.0,35-40,84s,690,16,656,18,0,0,2023-09-04T20:20:59,2026-07-20T20:45:22
league2,BTN,2.0,35-40,85o,2091,734,1263,94,0,0,2023-09-01T19:51:01,2026-07-21T18:14:02
league2,BTN,2.0,35-40,85s,666,11,641,10,4,0,2023-09-02T18:52:39,2026-07-19T17:50:45
league2,BTN,2.0,35-40,86o,2168,187,1925,54,2,0,2023-09-03T21:13:20,2026-07-21T22:17:47
league2,BTN,2.0,35-40,86s,665,1,638,14,12,0,2023-09-06T15:49:51,2026-07-17T20:14:19
league2,BTN,2.0,35-40,87o,2119,61,2033,23,2,0,2023-09-02T12:36:11,2026-07-20T18:20:59
league2,BTN,2.0,35-40,87s,838,3,784,18,33,0,2023-09-01T16:38:16,2026-07-21T17:39:30
league2,BTN,2.0,35-40,88,1082,4,214,225,639,0,2023-09-02T17:18:42,2026-07-20T21:28:49
league2,BTN,2.0,35-40,92o,2133,1937,59,137,0,0,2023-09-01T13:19:16,2026-07-21T17:47:16
league2,BTN,2.0,35-40,92s,691,81,588,22,0,0,2023-09-06T20:16:56,2026-07-17T20:04:15
league2,BTN,2.0,35-40,93o,2038,1828,95,114,1,0,2023-09-02T18:14:23,2026-07-21T19:38:33
league2,BTN,2.0,35-40,93s,716,48,644,24,0,0,2023-09-02T15:42:59,2026-07-20T23:47:36
league2,BTN,2.0,35-40,94o,2116,1734,218,164,0,0,2023-09-01T09:29:13,2026-07-21T20:05:22
league2,BTN,2.0,35-40,94s,735,40,677,15,3,0,2023-09-08T13:28:24,2026-07-21T21:46:29
league2,BTN,2.0,35-40,95o,2131,1267,719,144,1,0,2023-09-02T21:38:57,2026-07-21T22:19:06
league2,BTN,2.0,35-40,95s,708,14,679,15,0,0,2023-09-03T16:15:45,2026-07-18T23:21:26
league2,BTN,2.0,35-40,96o,2124,504,1538,82,0,0,2023-09-01T16:48:53,2026-07-21T17:41:44
league2,BTN,2.0,35-40,96s,741,6,720,14,1,0,2023-09-04T09:54:48,2026-07-21T18:15:26
league2,BTN,2.0,35-40,97o,2171,166,1950,53,2,0,2023-09-01T15:54:19,2026-07-21T19:10:48
league2,BTN,2.0,35-40,97s,730,3,699,18,10,0,2023-09-02T15:54:20,2026-07-19T18:20:11
league2,BTN,2.0,35-40,98o,2153,55,2065,27,6,0,2023-09-01T19:40:13,2026-07-20T15:24:42
league2,BTN,2.0,35-40,98s,744,2,684,25,33,0,2023-09-01T06:29:52,2026-07-21T22:25:18
league2,BTN,2.0,35-40,99,1143,6,91,458,588,0,2023-09-02T22:38:09,2026-07-20T22:28:13
league2,BTN,2.0,35-40,A2o,2315,117,1250,809,139,0,2023-09-01T13:15:40,2026-07-21T18:20:55
league2,BTN,2.0,35-40,A2s,800,2,586,115,97,0,2023-09-02T14:41:00,2026-07-19T17:12:58
league2,BTN,2.0,35-40,A3o,2349,94,1310,803,142,0,2023-09-01T05:11:12,2026-07-21T21:52:37
league2,BTN,2.0,35-40,A3s,829,4,615,110,100,0,2023-09-01T16:27:12,2026-07-19T19:08:37
league2,BTN,2.0,35-40,A4o,2252,64,1309,724,155,0,2023-09-01T19:23:43,2026-07-21T19:38:13
league2,BTN,2.0,35-40,A4s,764,3,567,102,92,0,2023-09-03T08:36:59,2026-07-20T21:25:23
league2,BTN,2.0,35-40,A5o,2319,56,1383,648,232,0,2023-09-01T19:16:11,2026-07-21T17:10:45
league2,BTN,2.0,35-40,A5s,759,4,537,106,112,0,2023-09-03T22:18:45,2026-07-21T20:30:25
league2,BTN,2.0,35-40,A6o,2240,61,1561,447,171,0,2023-09-01T23:21:20,2026-07-20T19:48:50
league2,BTN,2.0,35-40,A6s,795,2,658,50,85,0,2023-09-03T18:32:21,2026-07-21T03:08:22
league2,BTN,2.0,35-40,A7o,2322,40,1717,374,191,0,2023-09-02T15:46:53,2026-07-21T20:49:37
league2,BTN,2.0,35-40,A7s,781,5,645,46,85,0,2023-09-01T12:30:52,2026-07-21T16:45:56
league2,BTN,2.0,35-40,A8o,2328,38,1803,246,241,0,2023-09-02T20:14:19,2026-07-21T00:16:35
league2,BTN,2.0,35-40,A8s,792,3,641,55,93,0,2023-09-04T14:02:49,2026-07-21T21:28:01
league2,BTN,2.0,35-40,A9o,2318,22,1715,276,305,0,2023-09-01T06:19:31,2026-07-21T23:31:57
league2,BTN,2.0,35-40,A9s,785,1,591,80,113,0,2023-09-01T12:39:02,2026-07-19T23:16:54
league2,BTN,2.0,35-40,AA,1298,2,39,1253,4,0,2023-09-02T16:33:17,2026-07-19T14:16:22
league2,BTN,2.0,35-40,AJo,2402,14,609,1051,728,0,2023-09-01T11:54:00,2026-07-21T20:35:48
league2,BTN,2.0,35-40,AJs,813,1,223,418,171,0,2023-09-02T16:02:23,2026-07-18T22:05:58
league2,BTN,2.0,35-40,AKo,2461,7,24,1819,611,0,2023-09-01T17:24:59,2026-07-21T19:22:09
league2,BTN,2.0,35-40,AKs,790,2,5,679,104,0,2023-09-02T20:13:43,2026-07-21T18:40:24
league2,BTN,2.0,35-40,AQo,2413,6,99,1505,803,0,2023-09-01T13:06:29,2026-07-21T11:35:37
league2,BTN,2.0,35-40,AQs,806,1,36,605,164,0,2023-09-01T15:14:45,2026-07-21T18:18:58
league2,BTN,2.0,35-40,ATo,2388,13,1350,475,550,0,2023-09-01T19:12:55,2026-07-21T22:14:47
league2,BTN,2.0,35-40,ATs,866,4,498,195,169,0,2023-09-04T16:45:41,2026-07-21T01:18:31
league2,BTN,2.0,35-40,J2o,2166,1423,426,316,1,0,2023-09-02T17:52:08,2026-07-21T19:32:39
league2,BTN,2.0,35-40,J2s,735,24,659,48,4,0,2023-09-01T18:31:47,2026-07-19T19:03:46
league2,BTN,2.0,35-40,J3o,2162,1312,531,318,1,0,2023-09-02T14:32:59,2026-07-21T10:32:00
league2,BTN,2.0,35-40,J3s,703,26,640,34,3,0,2023-09-01T14:17:18,2026-07-21T16:04:53
league2,BTN,2.0,35-40,J4o,2167,1151,675,341,0,0,2023-09-01T08:17:39,2026-07-21T20:38:02
league2,BTN,2.0,35-40,J4s,767,13,724,26,4,0,2023-09-01T19:27:29,2026-07-21T15:16:33
league2,BTN,2.0,35-40,J5o,2177,991,863,320,3,0,2023-09-01T18:46:53,2026-07-21T20:33:35
league2,BTN,2.0,35-40,J5s,764,18,717,26,3,0,2023-09-02T02:32:17,2026-07-19T14:30:28
league2,BTN,2.0,35-40,J6o,2131,727,1136,264,4,0,2023-09-01T11:48:50,2026-07-21T11:38:20
league2,BTN,2.0,35-40,J6s,722,10,700,11,1,0,2023-09-01T20:24:09,2026-07-18T19:30:51
league2,BTN,2.0,35-40,J7o,2279,295,1852,130,2,0,2023-09-02T09:32:37,2026-07-20T20:49:45
league2,BTN,2.0,35-40,J7s,748,9,720,10,9,0,2023-09-03T23:45:48,2026-07-19T19:35:11
league2,BTN,2.0,35-40,J8o,2195,107,2010,75,3,0,2023-09-01T22:29:13,2026-07-21T20:37:31
league2,BTN,2.0,35-40,J8s,751,2,717,16,16,0,2023-09-03T18:07:09,2026-07-20T16:28:28
league2,BTN,2.0,35-40,J9o,2242,67,2123,45,7,0,2023-09-01T15:44:09,2026-07-21T07:36:51
league2,BTN,2.0,35-40,J9s,770,3,722,18,27,0,2023-09-04T16:32:10,2026-07-21T14:31:51
league2,BTN,2.0,35-40,JJ,1160,6,8,991,155,0,2023-09-01T22:07:29,2026-07-19T22:43:11
league2,BTN,2.0,35-40,JTo,2349,22,2203,56,68,0,2023-09-02T21:01:24,2026-07-21T21:08:21
league2,BTN,2.0,35-40,JTs,802,5,643,27,127,0,2023-09-02T03:40:49,2026-07-18T21:44:26
league2,BTN,2.0,35-40,K2o,2120,533,908,667,12,0,2023-09-01T19:42:48,2026-07-21T17:27:17
league2,BTN,2.0,35-40,K2s,825,15,714,81,15,0,2023-09-02T20:18:19,2026-07-19T18:19:50
league2,BTN,2.0,35-40,K3o,2261,489,1104,662,6,0,2023-09-01T09:42:53,2026-07-21T23:20:33
league2,BTN,2.0,35-40,K3s,702,6,608,70,18,0,2023-09-01T15:48:56,2026-07-21T13:44:28
league2,BTN,2.0,35-40,K4o,2155,402,1136,609,8,0,2023-09-01T14:46:08,2026-07-21T21:31:29
league2,BTN,2.0,35-40,K4s,718,4,644,52,18,0,2023-09-01T13:47:04,2026-07-21T08:04:32
league2,BTN,2.0,35-40,K5o,2185,300,1316,562,7,0,2023-09-02T04:42:36,2026-07-20T12:25:47
league2,BTN,2.0,35-40,K5s,749,1,665,62,21,0,2023-09-02T00:51:37,2026-07-20T15:53:09
league2,BTN,2.0,35-40,K6o,2189,241,1493,443,12,0,2023-09-02T09:23:54,2026-07-21T18:07:19
league2,BTN,2.0,35-40,K6s,741,7,671,48,15,0,2023-09-03T21:15:24,2026-07-19T13:05:23
league2,BTN,2.0,35-40,K7o,2204,155,1758,277,14,0,2023-09-01T17:13:08,2026-07-21T00:08:24
league2,BTN,2.0,35-40,K7s,687,4,644,22,17,0,2023-09-02T08:11:12,2026-07-21T15:38:40
league2,BTN,2.0,35-40,K8o,2340,98,2087,142,13,0,2023-09-01T18:11:32,2026-07-20T18:49:38
league2,BTN,2.0,35-40,K8s,756,5,688,31,32,0,2023-09-04T15:01:31,2026-07-20T21:11:54
league2,BTN,2.0,35-40,K9o,2243,41,2066,109,27,0,2023-09-01T02:53:17,2026-07-21T19:26:45
league2,BTN,2.0,35-40,K9s,794,4,714,33,43,0,2023-09-01T23:02:07,2026-07-21T17:22:00
league2,BTN,2.0,35-40,KJo,2299,13,1823,263,200,0,2023-09-01T14:11:01,2026-07-21T19:39:56
league2,BTN,2.0,35-40,KJs,838,1,620,104,113,0,2023-09-01T16:23:08,2026-07-21T08:30:57
league2,BTN,2.0,35-40,KK,1135,2,2,1114,17,0,2023-09-02T16:31:56,2026-07-20T19:04:34
league2,BTN,2.0,35-40,KQo,2365,13,1483,474,395,0,2023-09-01T11:41:01,2026-07-20T23:12:06
league2,BTN,2.0,35-40,KQs,802,1,438,202,161,0,2023-09-01T15:53:14,2026-07-20T20:15:39
league2,BTN,2.0,35-40,KTo,2290,12,2031,136,111,0,2023-09-02T14:11:22,2026-07-21T16:35:36
league2,BTN,2.0,35-40,KTs,760,3,618,49,90,0,2023-09-02T14:35:45,2026-07-18T18:44:15
league2,BTN,2.0,35-40,Q2o,2119,944,699,475,1,0,2023-09-01T11:11:15,2026-07-21T20:03:12
league2,BTN,2.0,35-40,Q2s,722,16,659,44,3,0,2023-09-05T19:11:09,2026-07-21T16:15:27
league2,BTN,2.0,35-40,Q3o,2247,910,837,497,3,0,2023-09-01T15:19:20,2026-07-21T21:37:59
league2,BTN,2.0,35-40,Q3s,731,12,683,33,3,0,2023-09-01T18:11:33,2026-07-20T21:39:53
league2,BTN,2.0,35-40,Q4o,2224,757,982,480,5,0,2023-09-01T22:12:42,2026-07-21T19:10:24
league2,BTN,2.0,35-40,Q4s,753,6,698,46,3,0,2023-09-01T18:47:51,2026-07-16T19:02:26
league2,BTN,2.0,35-40,Q5o,2190,584,1155,445,6,0,2023-09-01T19:35:26,2026-07-21T13:35:11
league2,BTN,2.0,35-40,Q5s,763,10,691,44,18,0,2023-09-02T15:42:12,2026-07-21T21:10:14
league2,BTN,2.0,35-40,Q6o,2160,428,1364,365,3,0,2023-09-01T16:45:45,2026-07-20T22:19:32
league2,BTN,2.0,35-40,Q6s,740,9,696,24,11,0,2023-09-06T15:36:41,2026-07-19T13:23:02
league2,BTN,2.0,35-40,Q7o,2198,281,1661,247,9,0,2023-09-02T17:05:16,2026-07-21T21:21:46
league2,BTN,2.0,35-40,Q7s,765,2,733,18,12,0,2023-09-01T17:07:14,2026-07-19T15:43:08
league2,BTN,2.0,35-40,Q8o,2120,110,1917,86,7,0,2023-09-01T19:51:22,2026-07-21T13:46:14
league2,BTN,2.0,35-40,Q8s,770,2,728,19,21,0,2023-09-01T23:28:44,2026-07-19T18:39:46
league2,BTN,2.0,35-40,Q9o,2334,49,2213,63,9,0,2023-09-01T19:13:36,2026-07-21T19:17:14
league2,BTN,2.0,35-40,Q9s,754,3,703,15,33,0,2023-09-02T22:23:16,2026-07-21T21:40:50
league2,BTN,2.0,35-40,QJo,2373,12,2134,106,121,0,2023-09-01T09:25:17,2026-07-21T18:49:36
league2,BTN,2.0,35-40,QJs,812,0,664,57,91,0,2023-09-01T15:17:18,2026-07-21T19:37:34
league2,BTN,2.0,35-40,QQ,1130,3,3,1075,49,0,2023-09-01T09:11:53,2026-07-18T20:40:08
league2,BTN,2.0,35-40,QTo,2263,15,2102,84,62,0,2023-09-01T05:25:26,2026-07-21T22:37:40
league2,BTN,2.0,35-40,QTs,778,2,654,29,93,0,2023-09-01T12:25:56,2026-07-20T19:10:07
league2,BTN,2.0,35-40,T2o,2087,1788,121,176,2,0,2023-09-01T19:34:19,2026-07-21T22:37:23
league2,BTN,2.0,35-40,T2s,733,55,641,37,0,0,2023-09-01T12:45:11,2026-07-16T21:16:20
league2,BTN,2.0,35-40,T3o,2107,1764,177,165,1,0,2023-09-01T17:54:03,2026-07-21T19:12:54
league2,BTN,2.0,35-40,T3s,745,49,668,24,4,0,2023-09-01T07:35:39,2026-07-20T20:36:21
league2,BTN,2.0,35-40,T4o,2165,1651,311,203,0,0,2023-09-01T10:17:54,2026-07-21T11:52:24
league2,BTN,2.0,35-40,T4s,723,30,664,28,1,0,2023-09-01T09:14:56,2026-07-20T18:13:34
league2,BTN,2.0,35-40,T5o,2130,1423,547,159,1,0,2023-09-01T16:19:40,2026-07-20T09:40:21
league2,BTN,2.0,35-40,T5s,732,19,697,15,1,0,2023-09-01T07:26:16,2026-07-17T15:36:06
league2,BTN,2.0,35-40,T6o,2171,735,1290,144,2,0,2023-09-01T18:28:00,2026-07-21T20:38:03
league2,BTN,2.0,35-40,T6s,748,11,717,13,7,0,2023-09-02T20:43:58,2026-07-21T22:22:06
league2,BTN,2.0,35-40,T7o,2266,263,1933,67,3,0,2023-09-01T16:30:41,2026-07-20T19:53:37
league2,BTN,2.0,35-40,T7s,730,4,701,15,10,0,2023-09-02T06:33:00,2026-07-20T21:48:17
league2,BTN,2.0,35-40,T8o,2228,98,2089,38,3,0,2023-09-02T06:54:59,2026-07-20T13:22:24
league2,BTN,2.0,35-40,T8s,753,5,713,18,17,0,2023-09-03T17:39:34,2026-07-20T19:19:00
league2,BTN,2.0,35-40,T9o,2263,44,2183,31,5,0,2023-09-01T07:01:04,2026-07-20T22:12:41
league2,BTN,2.0,35-40,T9s,755,3,684,26,42,0,2023-09-01T02:26:34,2026-07-20T18:23:20
league2,BTN,2.0,35-40,TT,1119,3,25,727,364,0,2023-09-01T10:33:57,2026-07-21T14:36:56
league2,BTN,2.5,25-30,__MISSING__,2760,1587,896,59,218,0,2023-09-01T17:13:42,2026-07-20T17:26:19
league2,BTN,2.5,25-30,22,146,12,67,0,67,0,2023-09-02T19:36:34,2026-07-07T13:21:02
league2,BTN,2.5,25-30,32o,277,272,5,0,0,0,2023-09-01T15:44:34,2026-07-19T00:39:09
league2,BTN,2.5,25-30,32s,109,55,54,0,0,0,2023-09-09T06:52:46,2026-07-21T21:11:32
league2,BTN,2.5,25-30,33,137,8,61,0,68,0,2023-09-05T13:42:18,2026-07-17T20:44:17
league2,BTN,2.5,25-30,42o,276,270,4,2,0,0,2023-09-07T17:41:09,2026-07-19T03:48:36
league2,BTN,2.5,25-30,42s,116,53,62,1,0,0,2023-09-03T12:13:12,2026-07-02T21:23:49
league2,BTN,2.5,25-30,43o,280,252,27,1,0,0,2023-09-10T10:42:51,2026-07-13T17:33:01
league2,BTN,2.5,25-30,43s,84,23,61,0,0,0,2023-09-04T18:47:47,2026-06-28T16:10:39
league2,BTN,2.5,25-30,44,151,2,43,4,102,0,2023-09-04T20:50:36,2026-07-12T17:48:37
league2,BTN,2.5,25-30,52o,300,298,0,1,1,0,2023-09-01T21:14:22,2026-07-13T21:09:51
league2,BTN,2.5,25-30,52s,95,51,44,0,0,0,2023-09-19T12:11:32,2026-07-08T15:05:28
league2,BTN,2.5,25-30,53o,285,273,10,1,1,0,2023-09-04T18:18:58,2026-07-18T13:34:28
league2,BTN,2.5,25-30,53s,98,25,72,1,0,0,2023-09-02T17:18:29,2026-06-18T20:03:38
league2,BTN,2.5,25-30,54o,299,224,75,0,0,0,2023-09-02T22:48:04,2026-07-20T16:38:20
league2,BTN,2.5,25-30,54s,105,9,95,0,1,0,2023-09-01T19:21:07,2026-07-12T18:13:13
league2,BTN,2.5,25-30,55,142,3,41,0,98,0,2023-09-05T20:20:41,2026-07-07T20:38:46
league2,BTN,2.5,25-30,62o,274,272,2,0,0,0,2023-09-01T17:01:43,2026-07-21T21:33:00
league2,BTN,2.5,25-30,62s,106,61,45,0,0,0,2023-09-13T18:04:28,2026-07-20T22:18:04
league2,BTN,2.5,25-30,63o,291,282,8,1,0,0,2023-09-01T19:28:34,2026-07-21T19:17:09
league2,BTN,2.5,25-30,63s,95,43,52,0,0,0,2023-09-12T20:16:34,2026-07-11T21:48:25
league2,BTN,2.5,25-30,64o,300,254,46,0,0,0,2023-09-03T20:30:14,2026-07-20T22:14:26
league2,BTN,2.5,25-30,64s,77,17,60,0,0,0,2023-09-04T17:32:34,2026-06-07T21:06:20
league2,BTN,2.5,25-30,65o,299,183,114,2,0,0,2023-09-06T01:04:54,2026-07-19T15:47:00
league2,BTN,2.5,25-30,65s,93,6,87,0,0,0,2023-09-08T18:16:25,2026-06-18T11:39:02
league2,BTN,2.5,25-30,66,145,1,34,0,110,0,2023-09-20T17:36:50,2026-07-17T22:21:04
league2,BTN,2.5,25-30,72o,312,310,2,0,0,0,2023-09-01T17:50:22,2026-07-19T01:43:39
league2,BTN,2.5,25-30,72s,107,78,29,0,0,0,2023-09-10T19:44:35,2026-07-18T16:19:24
league2,BTN,2.5,25-30,73o,276,274,1,1,0,0,2023-09-06T18:37:05,2026-07-21T18:32:00
league2,BTN,2.5,25-30,73s,101,59,42,0,0,0,2023-09-13T20:11:41,2026-06-20T21:51:56
league2,BTN,2.5,25-30,74o,288,271,15,2,0,0,2023-09-01T11:30:50,2026-07-16T19:20:11
league2,BTN,2.5,25-30,74s,103,29,74,0,0,0,2023-09-03T19:28:38,2026-07-18T20:09:00
league2,BTN,2.5,25-30,75o,307,220,87,0,0,0,2023-09-04T09:01:02,2026-07-21T10:43:18
league2,BTN,2.5,25-30,75s,106,14,91,0,1,0,2023-09-06T16:36:21,2026-07-17T18:26:14
league2,BTN,2.5,25-30,76o,286,127,157,0,2,0,2023-09-03T21:07:14,2026-07-20T03:17:09
league2,BTN,2.5,25-30,76s,96,3,89,0,4,0,2023-09-09T21:27:55,2026-06-18T21:35:41
league2,BTN,2.5,25-30,77,161,1,25,1,134,0,2023-09-01T12:21:19,2026-07-18T18:14:49
league2,BTN,2.5,25-30,82o,313,313,0,0,0,0,2023-09-03T20:29:01,2026-07-19T19:24:46
league2,BTN,2.5,25-30,82s,92,71,21,0,0,0,2023-09-06T20:27:32,2026-07-05T20:20:10
league2,BTN,2.5,25-30,83o,290,287,3,0,0,0,2023-09-04T20:09:00,2026-07-17T13:34:56
league2,BTN,2.5,25-30,83s,102,63,39,0,0,0,2023-09-10T17:10:06,2026-07-11T20:03:39
league2,BTN,2.5,25-30,84o,306,294,11,1,0,0,2023-09-04T18:45:53,2026-07-18T22:41:46
league2,BTN,2.5,25-30,84s,110,43,67,0,0,0,2023-09-08T14:43:17,2026-07-21T16:31:31
league2,BTN,2.5,25-30,85o,278,243,30,2,3,0,2023-09-03T17:40:07,2026-07-21T15:31:29
league2,BTN,2.5,25-30,85s,97,25,72,0,0,0,2023-09-03T20:07:45,2026-07-17T15:32:20
league2,BTN,2.5,25-30,86o,318,207,110,0,1,0,2023-09-06T19:16:49,2026-07-14T15:36:42
league2,BTN,2.5,25-30,86s,105,8,97,0,0,0,2023-09-09T07:15:04,2026-07-12T12:29:27
league2,BTN,2.5,25-30,87o,273,96,175,0,2,0,2023-09-03T23:23:35,2026-07-18T15:47:04
league2,BTN,2.5,25-30,87s,104,2,96,0,6,0,2023-09-07T03:35:00,2026-07-13T20:01:59
league2,BTN,2.5,25-30,88,159,1,18,1,139,0,2023-09-08T18:28:34,2026-07-06T17:52:56
league2,BTN,2.5,25-30,92o,327,326,0,0,1,0,2023-09-02T19:28:01,2026-07-19T19:10:49
league2,BTN,2.5,25-30,92s,109,64,44,0,1,0,2023-09-13T15:13:03,2026-07-20T20:28:47
league2,BTN,2.5,25-30,93o,319,315,4,0,0,0,2023-09-03T09:33:58,2026-07-18T19:40:28
league2,BTN,2.5,25-30,93s,100,59,41,0,0,0,2023-09-15T23:04:26,2026-07-17T15:45:05
league2,BTN,2.5,25-30,94o,281,275,5,1,0,0,2023-09-01T06:11:12,2026-07-19T13:36:05
league2,BTN,2.5,25-30,94s,91,51,40,0,0,0,2023-09-06T20:17:32,2026-06-25T16:12:51
league2,BTN,2.5,25-30,95o,268,252,16,0,0,0,2023-09-01T22:42:15,2026-07-18T20:27:08
league2,BTN,2.5,25-30,95s,113,41,71,0,1,0,2023-09-05T18:32:14,2026-07-13T22:24:26
league2,BTN,2.5,25-30,96o,287,239,47,1,0,0,2023-09-02T21:08:31,2026-07-20T17:37:03
league2,BTN,2.5,25-30,96s,102,15,86,0,1,0,2023-09-06T17:37:39,2026-07-15T22:42:43
league2,BTN,2.5,25-30,97o,300,169,130,0,1,0,2023-09-04T17:05:36,2026-07-21T22:41:04
league2,BTN,2.5,25-30,97s,84,6,78,0,0,0,2023-09-08T19:16:17,2026-07-19T15:33:04
league2,BTN,2.5,25-30,98o,322,94,228,0,0,0,2023-09-06T13:53:15,2026-07-12T20:49:00
league2,BTN,2.5,25-30,98s,95,2,85,0,8,0,2023-09-01T18:39:52,2026-07-12T22:50:28
league2,BTN,2.5,25-30,99,140,0,5,8,127,0,2023-09-02T21:39:39,2026-07-18T22:47:17
league2,BTN,2.5,25-30,A2o,312,133,128,7,44,0,2023-09-01T20:54:42,2026-07-16T10:45:56
league2,BTN,2.5,25-30,A2s,112,2,84,1,25,0,2023-09-30T01:31:14,2026-07-21T00:11:58
league2,BTN,2.5,25-30,A3o,305,105,156,6,38,0,2023-09-03T20:03:09,2026-07-07T12:40:23
league2,BTN,2.5,25-30,A3s,102,2,74,1,25,0,2023-09-02T11:40:27,2026-07-15T17:49:33
league2,BTN,2.5,25-30,A4o,332,100,173,7,52,0,2023-09-02T14:25:15,2026-07-21T19:18:53
league2,BTN,2.5,25-30,A4s,107,1,73,1,32,0,2023-09-06T20:19:40,2026-07-19T18:46:10
league2,BTN,2.5,25-30,A5o,319,72,187,14,46,0,2023-09-04T16:44:30,2026-07-19T16:41:36
league2,BTN,2.5,25-30,A5s,110,1,81,2,26,0,2023-09-01T08:18:54,2026-07-20T18:43:59
league2,BTN,2.5,25-30,A6o,323,80,183,7,53,0,2023-09-08T20:32:15,2026-07-20T17:41:41
league2,BTN,2.5,25-30,A6s,120,0,91,0,29,0,2023-09-04T11:52:32,2026-07-10T03:47:20
league2,BTN,2.5,25-30,A7o,303,58,169,5,71,0,2023-09-02T19:25:29,2026-07-19T20:25:49
league2,BTN,2.5,25-30,A7s,101,3,69,0,29,0,2023-09-01T19:51:58,2026-07-16T22:46:35
league2,BTN,2.5,25-30,A8o,292,29,175,3,85,0,2023-09-01T14:12:29,2026-07-18T16:29:36
league2,BTN,2.5,25-30,A8s,99,3,64,0,32,0,2023-09-04T14:43:33,2026-07-02T13:09:35
league2,BTN,2.5,25-30,A9o,301,20,169,3,109,0,2023-09-03T16:34:26,2026-07-21T11:18:00
league2,BTN,2.5,25-30,A9s,106,0,56,1,49,0,2023-09-20T07:08:58,2026-07-19T21:32:09
league2,BTN,2.5,25-30,AA,158,0,16,134,8,0,2023-09-02T18:04:17,2026-07-05T19:28:25
league2,BTN,2.5,25-30,AJo,314,1,53,19,241,0,2023-09-03T13:53:09,2026-07-16T09:53:09
league2,BTN,2.5,25-30,AJs,101,1,19,6,75,0,2023-09-07T21:11:38,2026-07-18T13:36:44
league2,BTN,2.5,25-30,AKo,304,1,0,63,240,0,2023-09-04T15:16:04,2026-07-21T18:26:04
league2,BTN,2.5,25-30,AKs,113,0,0,37,76,0,2023-09-13T22:39:58,2026-07-14T02:44:50
league2,BTN,2.5,25-30,AQo,292,0,7,31,254,0,2023-09-08T17:10:02,2026-07-21T18:44:39
league2,BTN,2.5,25-30,AQs,97,1,7,12,77,0,2023-09-09T13:26:07,2026-07-16T22:15:28
league2,BTN,2.5,25-30,ATo,341,3,132,10,196,0,2023-09-04T19:38:25,2026-07-18T21:06:41
league2,BTN,2.5,25-30,ATs,97,2,38,3,54,0,2023-09-05T18:34:39,2026-07-07T18:40:42
league2,BTN,2.5,25-30,J2o,277,269,8,0,0,0,2023-09-03T17:02:36,2026-07-19T20:33:59
league2,BTN,2.5,25-30,J2s,108,43,63,0,2,0,2023-09-06T18:30:06,2026-07-08T04:03:07
league2,BTN,2.5,25-30,J3o,296,290,4,2,0,0,2023-09-01T14:27:56,2026-07-19T20:37:29
league2,BTN,2.5,25-30,J3s,100,35,64,0,1,0,2023-09-06T19:18:01,2026-06-18T22:26:44
league2,BTN,2.5,25-30,J4o,303,293,9,1,0,0,2023-09-01T19:54:28,2026-07-21T08:51:25
league2,BTN,2.5,25-30,J4s,91,26,64,0,1,0,2023-09-05T18:30:48,2026-07-14T15:20:03
league2,BTN,2.5,25-30,J5o,277,261,11,5,0,0,2023-09-02T19:15:48,2026-07-12T20:53:30
league2,BTN,2.5,25-30,J5s,115,33,82,0,0,0,2023-09-17T21:08:23,2026-07-15T22:26:18
league2,BTN,2.5,25-30,J6o,308,279,23,6,0,0,2023-09-03T20:54:36,2026-07-20T19:47:36
league2,BTN,2.5,25-30,J6s,122,26,95,0,1,0,2023-09-05T19:38:33,2026-06-28T17:23:01
league2,BTN,2.5,25-30,J7o,309,235,74,0,0,0,2023-09-03T21:43:00,2026-07-17T16:36:32
league2,BTN,2.5,25-30,J7s,98,11,87,0,0,0,2023-10-06T20:34:47,2026-07-13T19:49:16
league2,BTN,2.5,25-30,J8o,270,126,142,2,0,0,2023-09-03T09:22:13,2026-07-18T11:49:22
league2,BTN,2.5,25-30,J8s,113,4,108,0,1,0,2023-09-08T06:30:36,2026-07-17T23:04:12
league2,BTN,2.5,25-30,J9o,314,73,236,2,3,0,2023-09-02T17:11:18,2026-07-17T03:34:19
league2,BTN,2.5,25-30,J9s,111,9,99,0,3,0,2023-10-11T20:07:59,2026-07-20T20:52:24
league2,BTN,2.5,25-30,JJ,142,0,1,39,102,0,2023-09-03T19:05:50,2026-07-08T21:36:40
league2,BTN,2.5,25-30,JTo,316,25,283,2,6,0,2023-09-05T20:42:21,2026-07-21T18:48:48
league2,BTN,2.5,25-30,JTs,99,0,80,0,19,0,2023-09-04T17:29:28,2026-07-11T21:47:58
league2,BTN,2.5,25-30,K2o,308,259,40,6,3,0,2023-09-03T15:49:07,2026-07-19T19:03:52
league2,BTN,2.5,25-30,K2s,95,15,74,0,6,0,2023-09-03T15:44:04,2026-07-21T22:41:22
league2,BTN,2.5,25-30,K3o,312,260,46,6,0,0,2023-09-01T18:51:47,2026-07-16T19:32:54
league2,BTN,2.5,25-30,K3s,83,8,72,0,3,0,2023-09-02T19:15:54,2026-06-27T23:54:12
league2,BTN,2.5,25-30,K4o,327,252,65,8,2,0,2023-09-02T23:46:31,2026-07-20T12:49:50
league2,BTN,2.5,25-30,K4s,97,7,82,1,7,0,2023-09-08T20:53:37,2026-07-14T22:35:09
league2,BTN,2.5,25-30,K5o,308,223,79,6,0,0,2023-09-03T15:40:00,2026-07-20T23:14:35
league2,BTN,2.5,25-30,K5s,114,6,106,1,1,0,2023-09-05T17:20:32,2026-07-09T16:32:49
league2,BTN,2.5,25-30,K6o,306,201,100,3,2,0,2023-09-01T19:02:35,2026-07-19T12:21:14
league2,BTN,2.5,25-30,K6s,102,7,93,0,2,0,2023-09-01T17:23:09,2026-07-18T18:06:37
league2,BTN,2.5,25-30,K7o,298,168,128,2,0,0,2023-09-08T15:24:28,2026-07-20T21:02:07
league2,BTN,2.5,25-30,K7s,99,2,94,0,3,0,2023-10-09T19:31:13,2026-07-16T18:25:52
league2,BTN,2.5,25-30,K8o,318,129,178,6,5,0,2023-09-05T17:35:06,2026-07-21T10:09:20
league2,BTN,2.5,25-30,K8s,108,3,101,1,3,0,2023-09-22T21:06:44,2026-06-04T14:29:18
league2,BTN,2.5,25-30,K9o,306,61,239,0,6,0,2023-09-01T19:22:27,2026-07-16T19:18:17
league2,BTN,2.5,25-30,K9s,90,3,80,0,7,0,2023-09-05T14:01:19,2026-07-12T12:51:25
league2,BTN,2.5,25-30,KJo,298,2,236,5,55,0,2023-09-03T18:41:07,2026-07-19T14:53:06
league2,BTN,2.5,25-30,KJs,106,4,60,1,41,0,2023-09-03T22:32:20,2026-07-20T23:23:33
league2,BTN,2.5,25-30,KK,159,0,4,119,36,0,2023-09-20T14:09:18,2026-07-18T12:34:35
league2,BTN,2.5,25-30,KQo,294,4,173,1,116,0,2023-09-02T16:51:23,2026-07-15T16:10:29
league2,BTN,2.5,25-30,KQs,114,0,53,2,59,0,2023-09-26T20:05:30,2026-07-04T09:34:59
league2,BTN,2.5,25-30,KTo,320,15,277,2,26,0,2023-09-01T20:43:26,2026-07-13T21:24:47
league2,BTN,2.5,25-30,KTs,96,0,79,0,17,0,2023-09-02T15:38:47,2026-06-20T18:42:35
league2,BTN,2.5,25-30,Q2o,299,277,17,3,2,0,2023-09-04T19:07:03,2026-07-17T20:22:02
league2,BTN,2.5,25-30,Q2s,108,33,72,1,2,0,2023-09-22T10:29:33,2026-07-15T17:34:24
league2,BTN,2.5,25-30,Q3o,310,292,13,4,1,0,2023-09-04T21:39:19,2026-07-21T21:17:05
league2,BTN,2.5,25-30,Q3s,97,19,78,0,0,0,2023-09-23T15:33:49,2026-07-21T09:51:00
league2,BTN,2.5,25-30,Q4o,275,252,18,5,0,0,2023-09-06T18:26:34,2026-07-18T16:11:43
league2,BTN,2.5,25-30,Q4s,95,16,79,0,0,0,2023-09-04T21:54:08,2026-06-25T16:33:15
league2,BTN,2.5,25-30,Q5o,303,271,31,1,0,0,2023-09-01T13:18:24,2026-07-12T14:20:51
league2,BTN,2.5,25-30,Q5s,118,19,98,1,0,0,2023-09-01T16:21:44,2026-07-09T17:49:58
league2,BTN,2.5,25-30,Q6o,290,243,45,2,0,0,2023-09-01T18:17:42,2026-07-14T17:51:46
league2,BTN,2.5,25-30,Q6s,113,14,99,0,0,0,2023-09-13T15:29:39,2026-07-13T18:26:02
league2,BTN,2.5,25-30,Q7o,341,263,72,5,1,0,2023-09-01T16:41:11,2026-07-19T17:15:53
league2,BTN,2.5,25-30,Q7s,92,10,79,1,2,0,2023-09-02T10:31:49,2026-06-09T19:28:33
league2,BTN,2.5,25-30,Q8o,295,132,161,2,0,0,2023-09-03T20:16:06,2026-07-20T22:29:57
league2,BTN,2.5,25-30,Q8s,89,0,87,0,2,0,2023-09-09T19:41:44,2026-07-05T12:23:30
league2,BTN,2.5,25-30,Q9o,341,87,251,1,2,0,2023-09-02T12:29:26,2026-07-19T11:24:02
league2,BTN,2.5,25-30,Q9s,87,1,81,0,5,0,2023-09-04T21:46:20,2026-07-17T14:40:29
league2,BTN,2.5,25-30,QJo,335,12,290,1,32,0,2023-09-16T13:09:33,2026-07-20T23:32:23
league2,BTN,2.5,25-30,QJs,110,0,80,0,30,0,2023-09-03T17:10:07,2026-06-25T20:03:26
league2,BTN,2.5,25-30,QQ,164,0,1,96,67,0,2023-09-03T19:29:05,2026-07-21T16:46:47
league2,BTN,2.5,25-30,QTo,307,25,273,1,8,0,2023-09-02T08:14:12,2026-07-16T21:46:10
league2,BTN,2.5,25-30,QTs,105,2,75,1,27,0,2023-09-05T17:44:55,2026-07-14T04:22:38
league2,BTN,2.5,25-30,T2o,306,303,1,1,1,0,2023-09-01T17:16:11,2026-07-19T16:50:22
league2,BTN,2.5,25-30,T2s,97,59,38,0,0,0,2023-09-12T17:42:56,2026-07-21T17:06:22
league2,BTN,2.5,25-30,T3o,290,287,3,0,0,0,2023-09-09T18:19:37,2026-07-19T23:02:33
league2,BTN,2.5,25-30,T3s,113,66,45,2,0,0,2023-09-04T02:20:53,2026-07-12T23:54:00
league2,BTN,2.5,25-30,T4o,318,317,1,0,0,0,2023-09-03T16:50:47,2026-07-20T00:01:17
league2,BTN,2.5,25-30,T4s,100,40,59,1,0,0,2023-09-13T20:04:45,2026-07-17T17:18:50
league2,BTN,2.5,25-30,T5o,299,294,4,1,0,0,2023-09-05T15:31:25,2026-07-20T10:03:02
league2,BTN,2.5,25-30,T5s,113,42,71,0,0,0,2023-09-05T13:53:40,2026-07-19T16:37:35
league2,BTN,2.5,25-30,T6o,292,261,29,1,1,0,2023-09-07T19:53:18,2026-07-17T13:37:31
league2,BTN,2.5,25-30,T6s,112,27,83,1,1,0,2023-09-02T13:49:53,2026-07-12T13:33:33
league2,BTN,2.5,25-30,T7o,313,230,83,0,0,0,2023-09-01T12:07:53,2026-07-21T16:16:27
league2,BTN,2.5,25-30,T7s,94,12,80,0,2,0,2023-09-05T14:08:14,2026-07-19T16:38:52
league2,BTN,2.5,25-30,T8o,325,151,174,0,0,0,2023-09-06T21:53:22,2026-07-12T19:35:58
league2,BTN,2.5,25-30,T8s,81,4,76,0,1,0,2023-09-04T18:21:24,2026-06-26T16:48:23
league2,BTN,2.5,25-30,T9o,303,66,234,1,2,0,2023-09-02T15:07:30,2026-07-21T03:11:43
league2,BTN,2.5,25-30,T9s,117,3,106,0,8,0,2023-09-04T18:47:16,2026-07-21T23:47:25
league2,BTN,2.5,25-30,TT,133,1,5,15,112,0,2023-09-03T15:10:37,2026-07-06T00:38:01
league2,BTN,2.5,30-35,__MISSING__,2802,1531,991,95,185,0,2023-09-01T04:32:37,2026-07-21T22:03:53
league2,BTN,2.5,30-35,22,118,3,79,0,36,0,2023-09-10T16:25:33,2026-07-19T18:33:16
league2,BTN,2.5,30-35,32o,284,275,7,2,0,0,2023-09-09T16:04:22,2026-07-17T14:08:43
league2,BTN,2.5,30-35,32s,88,45,43,0,0,0,2023-09-06T20:40:34,2026-07-20T15:18:27
league2,BTN,2.5,30-35,33,124,2,77,2,43,0,2023-09-05T18:27:33,2026-06-28T00:40:49
league2,BTN,2.5,30-35,42o,249,240,7,2,0,0,2023-09-03T14:20:26,2026-07-20T14:37:02
league2,BTN,2.5,30-35,42s,79,36,42,1,0,0,2023-09-11T18:34:07,2026-07-12T21:02:47
league2,BTN,2.5,30-35,43o,277,252,25,0,0,0,2023-09-03T14:37:23,2026-07-17T19:07:23
league2,BTN,2.5,30-35,43s,98,16,82,0,0,0,2023-09-02T19:11:58,2026-06-23T19:11:00
league2,BTN,2.5,30-35,44,134,0,74,0,60,0,2023-09-09T19:18:31,2026-06-22T17:46:22
league2,BTN,2.5,30-35,52o,266,262,4,0,0,0,2023-09-01T07:10:29,2026-07-21T19:25:14
league2,BTN,2.5,30-35,52s,97,42,54,1,0,0,2023-09-05T01:04:14,2026-06-11T19:01:15
league2,BTN,2.5,30-35,53o,251,238,10,3,0,0,2023-09-04T22:15:35,2026-07-18T17:48:43
league2,BTN,2.5,30-35,53s,89,27,62,0,0,0,2023-09-06T20:24:43,2026-07-12T16:24:55
league2,BTN,2.5,30-35,54o,277,183,94,0,0,0,2023-09-01T20:47:56,2026-07-14T11:33:50
league2,BTN,2.5,30-35,54s,110,7,103,0,0,0,2023-09-01T18:23:54,2026-07-19T15:32:04
league2,BTN,2.5,30-35,55,132,3,57,1,71,0,2023-09-01T17:14:07,2026-07-11T12:40:17
league2,BTN,2.5,30-35,62o,307,304,2,1,0,0,2023-09-01T02:48:40,2026-07-21T22:20:58
league2,BTN,2.5,30-35,62s,95,55,38,1,1,0,2023-09-04T14:16:42,2026-07-07T21:09:01
league2,BTN,2.5,30-35,63o,237,221,13,2,1,0,2023-09-03T22:36:36,2026-07-12T15:12:53
league2,BTN,2.5,30-35,63s,81,27,54,0,0,0,2023-09-09T00:52:09,2026-07-05T13:12:09
league2,BTN,2.5,30-35,64o,265,215,47,3,0,0,2023-09-01T15:39:11,2026-07-20T21:21:07
league2,BTN,2.5,30-35,64s,83,15,67,1,0,0,2023-09-11T18:44:49,2026-07-18T22:21:31
league2,BTN,2.5,30-35,65o,273,147,125,0,1,0,2023-09-13T18:16:20,2026-07-21T13:18:19
league2,BTN,2.5,30-35,65s,99,3,95,0,1,0,2023-09-04T20:35:20,2026-07-13T23:16:03
league2,BTN,2.5,30-35,66,142,0,52,0,90,0,2023-09-12T21:19:23,2026-07-15T22:06:00
league2,BTN,2.5,30-35,72o,270,270,0,0,0,0,2023-09-02T17:24:36,2026-07-21T17:06:03
league2,BTN,2.5,30-35,72s,74,48,25,1,0,0,2023-09-08T19:23:39,2026-06-16T00:32:06
league2,BTN,2.5,30-35,73o,272,269,1,2,0,0,2023-09-01T16:18:35,2026-07-18T22:01:19
league2,BTN,2.5,30-35,73s,87,44,43,0,0,0,2023-09-28T04:45:05,2026-07-18T14:28:53
league2,BTN,2.5,30-35,74o,283,263,19,1,0,0,2023-09-05T23:01:55,2026-07-21T16:41:50
league2,BTN,2.5,30-35,74s,105,23,82,0,0,0,2023-09-25T11:54:35,2026-07-17T08:12:12
league2,BTN,2.5,30-35,75o,302,215,86,0,1,0,2023-09-02T15:27:15,2026-07-20T06:24:56
league2,BTN,2.5,30-35,75s,85,5,79,1,0,0,2023-09-02T20:32:07,2026-07-18T19:03:39
league2,BTN,2.5,30-35,76o,265,105,160,0,0,0,2023-09-02T19:23:04,2026-07-20T16:35:37
league2,BTN,2.5,30-35,76s,95,4,90,0,1,0,2023-09-07T15:27:11,2026-07-18T18:13:49
league2,BTN,2.5,30-35,77,160,1,42,1,116,0,2023-09-02T06:16:43,2026-07-20T22:16:06
league2,BTN,2.5,30-35,82o,260,259,1,0,0,0,2023-09-01T21:25:49,2026-07-19T17:17:23
league2,BTN,2.5,30-35,82s,104,59,45,0,0,0,2023-09-17T17:31:04,2026-06-27T00:08:30
league2,BTN,2.5,30-35,83o,254,249,3,2,0,0,2023-09-02T20:46:43,2026-07-16T23:06:25
league2,BTN,2.5,30-35,83s,89,53,36,0,0,0,2023-09-01T20:45:26,2026-06-26T20:13:01
league2,BTN,2.5,30-35,84o,260,252,7,1,0,0,2023-09-04T07:48:52,2026-07-10T23:17:55
league2,BTN,2.5,30-35,84s,76,24,52,0,0,0,2023-09-22T10:08:11,2026-07-17T20:23:53
league2,BTN,2.5,30-35,85o,239,209,28,2,0,0,2023-09-07T19:20:46,2026-07-18T23:18:45
league2,BTN,2.5,30-35,85s,110,19,90,0,1,0,2023-09-01T13:18:13,2026-07-19T15:24:37
league2,BTN,2.5,30-35,86o,241,139,100,2,0,0,2023-09-03T18:01:01,2026-07-10T17:42:55
league2,BTN,2.5,30-35,86s,95,3,91,0,1,0,2023-09-14T19:10:43,2026-06-20T19:46:46
league2,BTN,2.5,30-35,87o,278,77,201,0,0,0,2023-09-05T18:48:29,2026-07-18T16:03:33
league2,BTN,2.5,30-35,87s,104,1,101,0,2,0,2023-09-06T17:05:02,2026-07-12T22:40:52
league2,BTN,2.5,30-35,88,145,0,34,1,110,0,2023-10-10T11:50:56,2026-07-07T11:34:05
league2,BTN,2.5,30-35,92o,283,278,2,3,0,0,2023-09-03T21:07:05,2026-07-20T22:06:23
league2,BTN,2.5,30-35,92s,100,57,43,0,0,0,2023-09-02T20:30:55,2026-07-13T21:21:38
league2,BTN,2.5,30-35,93o,254,251,0,3,0,0,2023-09-03T21:10:03,2026-07-15T19:04:25
league2,BTN,2.5,30-35,93s,95,49,45,1,0,0,2023-09-11T05:01:13,2026-07-18T19:24:54
league2,BTN,2.5,30-35,94o,288,285,1,2,0,0,2023-09-03T16:18:13,2026-07-10T19:18:47
league2,BTN,2.5,30-35,94s,97,42,55,0,0,0,2023-09-09T16:49:01,2026-07-11T14:49:35
league2,BTN,2.5,30-35,95o,257,243,12,2,0,0,2023-09-02T19:31:22,2026-07-19T23:43:19
league2,BTN,2.5,30-35,95s,100,22,76,1,1,0,2023-09-07T17:35:06,2026-07-09T18:17:29
league2,BTN,2.5,30-35,96o,272,217,55,0,0,0,2023-09-03T21:04:50,2026-07-19T10:48:00
league2,BTN,2.5,30-35,96s,92,9,82,0,1,0,2023-09-08T14:30:10,2026-06-01T21:54:41
league2,BTN,2.5,30-35,97o,262,137,124,1,0,0,2023-09-04T18:40:44,2026-07-20T19:24:58
league2,BTN,2.5,30-35,97s,97,5,92,0,0,0,2023-09-04T22:05:42,2026-07-19T18:09:28
league2,BTN,2.5,30-35,98o,259,74,185,0,0,0,2023-09-02T11:16:24,2026-07-21T21:20:32
league2,BTN,2.5,30-35,98s,91,0,86,2,3,0,2023-09-07T05:14:45,2026-07-08T00:22:16
league2,BTN,2.5,30-35,99,134,3,10,11,110,0,2023-09-06T18:44:33,2026-07-16T22:11:29
league2,BTN,2.5,30-35,A2o,267,111,121,24,11,0,2023-09-03T20:39:22,2026-07-12T18:22:55
league2,BTN,2.5,30-35,A2s,112,2,88,2,20,0,2023-09-07T07:28:16,2026-07-12T21:33:29
league2,BTN,2.5,30-35,A3o,302,106,161,24,11,0,2023-09-01T16:21:38,2026-07-12T12:19:05
league2,BTN,2.5,30-35,A3s,101,2,79,5,15,0,2023-09-09T10:43:35,2026-07-11T17:35:58
league2,BTN,2.5,30-35,A4o,309,92,175,14,28,0,2023-09-01T11:25:01,2026-07-20T21:39:26
league2,BTN,2.5,30-35,A4s,112,2,85,0,25,0,2023-09-09T17:13:17,2026-07-14T00:01:01
league2,BTN,2.5,30-35,A5o,285,70,180,13,22,0,2023-09-04T12:46:30,2026-07-14T00:35:22
league2,BTN,2.5,30-35,A5s,91,1,69,1,20,0,2023-09-07T09:22:53,2026-07-20T16:48:52
league2,BTN,2.5,30-35,A6o,305,73,199,13,20,0,2023-09-02T19:09:47,2026-07-17T13:03:59
league2,BTN,2.5,30-35,A6s,70,1,59,1,9,0,2023-09-20T09:43:19,2026-07-20T20:32:23
league2,BTN,2.5,30-35,A7o,277,49,192,8,28,0,2023-09-01T21:47:30,2026-07-18T17:34:55
league2,BTN,2.5,30-35,A7s,98,1,88,0,9,0,2023-09-11T12:25:05,2026-07-14T17:10:30
league2,BTN,2.5,30-35,A8o,305,25,237,1,42,0,2023-09-01T08:01:00,2026-07-20T18:08:28
league2,BTN,2.5,30-35,A8s,94,1,81,0,12,0,2023-09-26T12:25:57,2026-07-19T17:05:22
league2,BTN,2.5,30-35,A9o,319,19,232,7,61,0,2023-09-01T15:12:34,2026-07-19T23:14:09
league2,BTN,2.5,30-35,A9s,84,0,60,2,22,0,2023-09-03T14:04:45,2026-07-12T20:12:17
league2,BTN,2.5,30-35,AA,166,0,5,154,7,0,2023-09-16T14:03:56,2026-07-18T20:24:01
league2,BTN,2.5,30-35,AJo,318,2,97,28,191,0,2023-09-03T15:44:51,2026-07-21T19:34:32
league2,BTN,2.5,30-35,AJs,106,0,30,17,59,0,2023-09-14T16:42:30,2026-07-12T13:11:36
league2,BTN,2.5,30-35,AKo,299,2,3,99,195,0,2023-09-01T22:54:08,2026-07-21T16:53:39
league2,BTN,2.5,30-35,AKs,92,0,1,43,48,0,2023-09-17T10:26:49,2026-07-12T16:31:39
league2,BTN,2.5,30-35,AQo,326,1,19,62,244,0,2023-09-09T21:48:53,2026-07-20T13:26:53
league2,BTN,2.5,30-35,AQs,86,1,7,22,56,0,2023-09-11T19:31:28,2026-06-15T18:12:02
league2,BTN,2.5,30-35,ATo,317,4,175,6,132,0,2023-09-02T00:24:50,2026-07-17T16:40:21
league2,BTN,2.5,30-35,ATs,107,1,70,3,33,0,2023-09-22T15:53:25,2026-07-12T23:31:11
league2,BTN,2.5,30-35,J2o,278,269,5,4,0,0,2023-09-01T17:32:34,2026-07-21T18:49:57
league2,BTN,2.5,30-35,J2s,96,39,57,0,0,0,2023-09-11T15:22:31,2026-07-09T16:30:06
league2,BTN,2.5,30-35,J3o,281,266,9,6,0,0,2023-09-05T17:06:54,2026-07-16T10:28:00
league2,BTN,2.5,30-35,J3s,103,31,71,1,0,0,2023-09-04T18:26:36,2026-07-19T12:53:40
league2,BTN,2.5,30-35,J4o,276,257,12,7,0,0,2023-09-05T21:19:33,2026-07-18T07:38:48
league2,BTN,2.5,30-35,J4s,85,24,61,0,0,0,2023-09-09T18:50:19,2026-07-17T22:25:13
league2,BTN,2.5,30-35,J5o,284,261,18,5,0,0,2023-09-04T11:25:30,2026-07-21T21:52:40
league2,BTN,2.5,30-35,J5s,95,25,69,1,0,0,2023-09-23T13:50:55,2026-07-17T15:22:00
league2,BTN,2.5,30-35,J6o,280,258,17,5,0,0,2023-09-01T20:02:21,2026-07-09T17:03:55
league2,BTN,2.5,30-35,J6s,108,27,80,1,0,0,2023-09-05T09:10:26,2026-07-19T15:42:52
league2,BTN,2.5,30-35,J7o,285,192,89,4,0,0,2023-09-07T18:13:42,2026-07-19T22:49:12
league2,BTN,2.5,30-35,J7s,93,7,86,0,0,0,2023-10-07T21:44:15,2026-07-18T00:39:22
league2,BTN,2.5,30-35,J8o,286,125,160,1,0,0,2023-09-03T18:36:04,2026-07-21T07:40:49
league2,BTN,2.5,30-35,J8s,102,5,94,0,3,0,2023-09-02T17:08:52,2026-07-13T18:38:49
league2,BTN,2.5,30-35,J9o,272,59,212,1,0,0,2023-09-02T22:05:52,2026-07-21T00:03:27
league2,BTN,2.5,30-35,J9s,97,1,92,0,4,0,2023-09-03T07:20:05,2026-07-15T20:10:27
league2,BTN,2.5,30-35,JJ,158,0,4,74,80,0,2023-09-14T16:52:49,2026-07-19T00:53:48
league2,BTN,2.5,30-35,JTo,301,19,277,3,2,0,2023-09-12T05:18:27,2026-07-19T20:05:05
league2,BTN,2.5,30-35,JTs,102,0,98,1,3,0,2023-09-02T10:22:51,2026-06-10T15:53:50
league2,BTN,2.5,30-35,K2o,262,220,26,14,2,0,2023-09-03T17:01:36,2026-07-19T15:48:14
league2,BTN,2.5,30-35,K2s,97,10,80,2,5,0,2023-09-10T15:30:05,2026-06-21T16:34:07
league2,BTN,2.5,30-35,K3o,285,222,48,15,0,0,2023-09-09T21:45:27,2026-07-19T15:16:59
league2,BTN,2.5,30-35,K3s,94,8,83,1,2,0,2023-09-08T17:21:24,2026-07-09T14:27:33
league2,BTN,2.5,30-35,K4o,289,206,64,18,1,0,2023-09-07T17:46:13,2026-07-20T18:05:58
league2,BTN,2.5,30-35,K4s,90,5,79,1,5,0,2023-09-04T20:01:00,2026-07-11T19:11:57
league2,BTN,2.5,30-35,K5o,265,195,55,14,1,0,2023-09-06T17:50:58,2026-07-21T13:47:09
league2,BTN,2.5,30-35,K5s,78,4,73,0,1,0,2023-09-02T07:39:46,2026-06-28T20:07:15
league2,BTN,2.5,30-35,K6o,295,199,87,8,1,0,2023-09-06T17:27:36,2026-07-13T19:04:14
league2,BTN,2.5,30-35,K6s,88,2,83,1,2,0,2023-09-05T21:34:28,2026-07-17T13:34:17
league2,BTN,2.5,30-35,K7o,306,170,130,5,1,0,2023-09-01T11:49:31,2026-07-15T00:19:48
league2,BTN,2.5,30-35,K7s,103,4,95,1,3,0,2023-09-07T21:47:39,2026-07-06T20:36:07
league2,BTN,2.5,30-35,K8o,295,99,191,4,1,0,2023-09-02T11:37:41,2026-07-19T11:47:50
league2,BTN,2.5,30-35,K8s,94,2,89,0,3,0,2023-09-01T10:29:44,2026-07-09T08:59:12
league2,BTN,2.5,30-35,K9o,301,76,220,3,2,0,2023-09-01T21:25:55,2026-07-21T01:16:38
league2,BTN,2.5,30-35,K9s,95,0,94,0,1,0,2023-09-10T16:15:52,2026-07-16T07:09:07
league2,BTN,2.5,30-35,KJo,290,6,246,11,27,0,2023-09-02T17:06:11,2026-07-18T20:43:32
league2,BTN,2.5,30-35,KJs,86,0,71,3,12,0,2023-09-12T18:34:53,2026-07-11T19:41:28
league2,BTN,2.5,30-35,KK,131,0,5,116,10,0,2023-09-15T03:10:17,2026-07-10T21:02:15
league2,BTN,2.5,30-35,KQo,296,2,211,9,74,0,2023-09-03T16:46:08,2026-07-16T14:11:36
league2,BTN,2.5,30-35,KQs,99,0,47,8,44,0,2023-09-05T09:28:08,2026-07-21T15:13:43
league2,BTN,2.5,30-35,KTo,280,14,252,2,12,0,2023-09-03T21:51:42,2026-07-21T00:05:22
league2,BTN,2.5,30-35,KTs,110,1,91,1,17,0,2023-09-05T06:28:30,2026-07-12T20:08:01
league2,BTN,2.5,30-35,Q2o,300,272,16,12,0,0,2023-09-05T19:27:43,2026-07-16T17:39:28
league2,BTN,2.5,30-35,Q2s,102,18,81,2,1,0,2023-09-11T19:41:48,2026-06-28T17:12:23
league2,BTN,2.5,30-35,Q3o,272,244,20,8,0,0,2023-09-03T21:31:16,2026-07-21T20:17:35
league2,BTN,2.5,30-35,Q3s,95,19,73,3,0,0,2023-09-05T17:18:10,2026-07-13T18:25:05
league2,BTN,2.5,30-35,Q4o,292,270,19,3,0,0,2023-09-01T20:08:42,2026-07-20T05:19:26
league2,BTN,2.5,30-35,Q4s,101,15,85,1,0,0,2023-10-14T13:47:35,2026-07-05T13:15:20
league2,BTN,2.5,30-35,Q5o,276,238,35,3,0,0,2023-09-02T17:22:34,2026-07-14T13:42:25
league2,BTN,2.5,30-35,Q5s,91,10,80,0,1,0,2023-09-13T19:43:26,2026-06-07T12:19:36
league2,BTN,2.5,30-35,Q6o,301,243,49,9,0,0,2023-09-06T17:50:50,2026-07-17T17:23:47
league2,BTN,2.5,30-35,Q6s,101,10,91,0,0,0,2023-09-18T19:26:20,2026-07-14T20:52:19
league2,BTN,2.5,30-35,Q7o,294,216,72,5,1,0,2023-09-04T15:28:29,2026-07-17T22:10:49
league2,BTN,2.5,30-35,Q7s,101,3,97,0,1,0,2023-09-05T19:10:08,2026-06-23T01:42:14
league2,BTN,2.5,30-35,Q8o,272,113,156,2,1,0,2023-09-05T20:13:38,2026-07-20T20:38:23
league2,BTN,2.5,30-35,Q8s,104,0,102,0,2,0,2023-09-11T13:18:05,2026-07-17T20:28:57
league2,BTN,2.5,30-35,Q9o,289,67,220,1,1,0,2023-09-07T17:02:37,2026-07-18T18:33:47
league2,BTN,2.5,30-35,Q9s,96,2,89,1,4,0,2023-09-02T21:27:23,2026-06-27T05:17:07
league2,BTN,2.5,30-35,QJo,290,10,273,0,7,0,2023-09-02T20:14:56,2026-07-21T21:12:11
league2,BTN,2.5,30-35,QJs,85,0,70,0,15,0,2023-09-06T19:21:00,2026-07-18T16:37:39
league2,BTN,2.5,30-35,QQ,167,0,2,129,36,0,2023-09-09T21:29:15,2026-07-09T14:36:19
league2,BTN,2.5,30-35,QTo,292,22,265,1,4,0,2023-09-03T18:20:47,2026-07-20T17:25:08
league2,BTN,2.5,30-35,QTs,110,0,99,0,11,0,2023-09-05T19:54:20,2026-07-10T09:16:55
league2,BTN,2.5,30-35,T2o,253,249,2,2,0,0,2023-09-01T15:14:46,2026-07-20T16:34:05
league2,BTN,2.5,30-35,T2s,99,52,46,1,0,0,2023-09-07T20:02:53,2026-07-20T17:50:50
league2,BTN,2.5,30-35,T3o,268,263,4,1,0,0,2023-09-05T20:41:17,2026-07-18T22:03:05
league2,BTN,2.5,30-35,T3s,106,52,53,1,0,0,2023-09-13T00:45:31,2026-07-16T17:45:33
league2,BTN,2.5,30-35,T4o,284,280,4,0,0,0,2023-09-05T20:01:00,2026-07-19T14:52:24
league2,BTN,2.5,30-35,T4s,84,38,46,0,0,0,2023-09-03T17:33:02,2026-07-01T16:31:39
league2,BTN,2.5,30-35,T5o,287,275,9,3,0,0,2023-09-02T10:25:44,2026-07-20T23:52:42
league2,BTN,2.5,30-35,T5s,102,36,66,0,0,0,2023-09-03T16:24:22,2026-07-20T12:53:53
league2,BTN,2.5,30-35,T6o,298,268,26,4,0,0,2023-09-06T13:49:01,2026-07-15T20:02:55
league2,BTN,2.5,30-35,T6s,107,16,91,0,0,0,2023-09-08T17:21:51,2026-06-29T18:48:39
league2,BTN,2.5,30-35,T7o,298,208,88,1,1,0,2023-09-02T15:19:24,2026-07-20T19:53:46
league2,BTN,2.5,30-35,T7s,93,2,90,0,1,0,2023-09-13T19:33:05,2026-07-06T18:54:58
league2,BTN,2.5,30-35,T8o,282,98,184,0,0,0,2023-09-02T19:43:56,2026-07-06T16:40:50
league2,BTN,2.5,30-35,T8s,102,2,99,0,1,0,2023-09-05T14:41:00,2026-06-25T19:36:55
league2,BTN,2.5,30-35,T9o,282,44,235,1,2,0,2023-09-03T21:01:01,2026-07-20T08:08:27
league2,BTN,2.5,30-35,T9s,104,2,95,1,6,0,2023-09-03T23:04:44,2026-07-13T19:43:10
league2,BTN,2.5,30-35,TT,169,0,4,38,127,0,2023-09-09T14:21:21,2026-07-13T22:12:38
league2,BTN,2.5,35-40,__MISSING__,2860,1551,1084,131,94,0,2023-09-01T14:44:24,2026-07-21T22:06:16
league2,BTN,2.5,35-40,22,137,5,97,1,34,0,2023-09-09T12:16:19,2026-07-11T21:16:44
league2,BTN,2.5,35-40,32o,241,233,5,3,0,0,2023-09-02T16:38:42,2026-07-18T23:02:11
league2,BTN,2.5,35-40,32s,82,37,45,0,0,0,2023-09-05T21:23:40,2026-07-19T21:32:11
league2,BTN,2.5,35-40,33,128,2,85,0,41,0,2023-09-08T18:16:54,2026-07-11T12:24:49
league2,BTN,2.5,35-40,42o,249,248,1,0,0,0,2023-09-03T19:45:36,2026-07-17T07:40:53
league2,BTN,2.5,35-40,42s,104,44,58,2,0,0,2023-09-03T18:04:31,2026-07-15T18:34:31
league2,BTN,2.5,35-40,43o,275,239,34,2,0,0,2023-09-03T20:08:03,2026-07-15T11:16:47
league2,BTN,2.5,35-40,43s,82,16,66,0,0,0,2023-10-05T19:11:10,2026-06-29T20:08:02
league2,BTN,2.5,35-40,44,141,2,89,2,48,0,2023-09-05T18:39:14,2026-07-09T13:49:53
league2,BTN,2.5,35-40,52o,268,262,5,1,0,0,2023-09-05T08:14:51,2026-07-21T21:10:20
league2,BTN,2.5,35-40,52s,96,41,55,0,0,0,2023-09-14T14:50:32,2026-07-09T14:36:36
league2,BTN,2.5,35-40,53o,247,225,20,2,0,0,2023-09-01T09:49:28,2026-07-19T17:04:47
league2,BTN,2.5,35-40,53s,101,27,73,1,0,0,2023-09-21T17:41:25,2026-07-17T15:11:53
league2,BTN,2.5,35-40,54o,271,174,96,1,0,0,2023-09-01T17:53:51,2026-07-17T10:05:20
league2,BTN,2.5,35-40,54s,79,2,77,0,0,0,2023-09-23T06:05:11,2026-07-13T15:38:32
league2,BTN,2.5,35-40,55,125,0,82,1,42,0,2023-09-02T13:33:39,2026-07-21T17:39:35
league2,BTN,2.5,35-40,62o,253,248,4,1,0,0,2023-09-03T14:39:40,2026-07-18T12:39:42
league2,BTN,2.5,35-40,62s,101,54,46,1,0,0,2023-09-24T23:19:11,2026-07-09T00:01:31
league2,BTN,2.5,35-40,63o,270,250,18,2,0,0,2023-09-06T18:30:22,2026-07-18T19:16:06
league2,BTN,2.5,35-40,63s,84,32,52,0,0,0,2023-09-09T18:47:12,2026-06-28T06:52:20
league2,BTN,2.5,35-40,64o,255,208,46,1,0,0,2023-09-04T22:32:09,2026-07-17T13:42:28
league2,BTN,2.5,35-40,64s,95,7,88,0,0,0,2023-09-08T17:16:15,2026-07-12T18:27:23
league2,BTN,2.5,35-40,65o,261,115,146,0,0,0,2023-09-09T23:18:03,2026-07-18T13:35:04
league2,BTN,2.5,35-40,65s,82,0,81,0,1,0,2023-09-30T16:08:38,2026-05-27T00:33:50
league2,BTN,2.5,35-40,66,168,2,92,3,71,0,2023-09-03T20:39:29,2026-07-21T15:46:00
league2,BTN,2.5,35-40,72o,272,269,0,3,0,0,2023-09-02T23:30:20,2026-07-21T18:27:01
league2,BTN,2.5,35-40,72s,77,44,33,0,0,0,2023-09-02T19:54:17,2026-06-03T16:27:34
league2,BTN,2.5,35-40,73o,243,238,4,1,0,0,2023-09-06T20:30:27,2026-07-19T01:28:29
league2,BTN,2.5,35-40,73s,83,34,49,0,0,0,2023-09-13T21:30:33,2026-07-07T19:06:18
league2,BTN,2.5,35-40,74o,261,233,28,0,0,0,2023-09-01T13:51:07,2026-07-15T19:23:09
league2,BTN,2.5,35-40,74s,82,17,64,1,0,0,2023-09-10T19:11:05,2026-07-16T08:31:51
league2,BTN,2.5,35-40,75o,251,153,97,1,0,0,2023-09-01T23:53:45,2026-06-27T15:18:07
league2,BTN,2.5,35-40,75s,96,6,89,1,0,0,2023-09-01T16:25:24,2026-06-19T07:50:47
league2,BTN,2.5,35-40,76o,218,81,136,1,0,0,2023-09-02T19:18:42,2026-07-20T18:41:29
league2,BTN,2.5,35-40,76s,95,0,93,1,1,0,2023-09-10T19:07:42,2026-07-19T15:52:48
league2,BTN,2.5,35-40,77,127,1,65,2,59,0,2023-09-06T19:05:08,2026-07-09T17:51:15
league2,BTN,2.5,35-40,82o,238,235,1,2,0,0,2023-09-04T17:07:02,2026-07-18T19:14:33
league2,BTN,2.5,35-40,82s,83,53,30,0,0,0,2023-09-09T05:27:42,2026-07-17T20:05:40
league2,BTN,2.5,35-40,83o,279,276,2,1,0,0,2023-09-04T17:32:03,2026-07-15T18:25:12
league2,BTN,2.5,35-40,83s,72,45,27,0,0,0,2023-09-05T13:03:20,2026-06-25T00:42:31
league2,BTN,2.5,35-40,84o,242,232,9,1,0,0,2023-09-01T05:52:05,2026-07-21T19:51:01
league2,BTN,2.5,35-40,84s,79,30,49,0,0,0,2023-09-16T17:18:38,2026-07-03T17:14:10
league2,BTN,2.5,35-40,85o,250,215,33,2,0,0,2023-09-04T16:51:03,2026-07-14T20:42:02
league2,BTN,2.5,35-40,85s,99,9,90,0,0,0,2023-09-13T15:41:29,2026-06-29T11:17:28
league2,BTN,2.5,35-40,86o,256,133,118,5,0,0,2023-09-02T16:22:22,2026-07-21T21:22:18
league2,BTN,2.5,35-40,86s,83,6,77,0,0,0,2023-09-19T11:24:59,2026-07-19T03:13:36
league2,BTN,2.5,35-40,87o,283,100,180,2,1,0,2023-09-03T15:39:56,2026-07-21T21:03:24
league2,BTN,2.5,35-40,87s,88,0,87,0,1,0,2023-09-04T19:06:53,2026-07-10T17:12:50
league2,BTN,2.5,35-40,88,139,2,43,11,83,0,2023-09-08T14:13:44,2026-07-10T17:09:07
league2,BTN,2.5,35-40,92o,231,228,3,0,0,0,2023-09-02T19:40:11,2026-07-20T11:50:30
league2,BTN,2.5,35-40,92s,77,52,24,1,0,0,2023-10-05T19:52:53,2026-07-11T10:17:06
league2,BTN,2.5,35-40,93o,256,253,1,1,1,0,2023-09-02T12:08:03,2026-07-21T21:03:35
league2,BTN,2.5,35-40,93s,98,53,44,1,0,0,2023-09-03T21:18:33,2026-07-17T07:24:03
league2,BTN,2.5,35-40,94o,274,270,3,1,0,0,2023-09-05T19:13:41,2026-07-19T21:42:10
league2,BTN,2.5,35-40,94s,71,29,42,0,0,0,2023-09-10T19:12:27,2026-07-06T00:48:55
league2,BTN,2.5,35-40,95o,271,257,12,2,0,0,2023-09-04T13:40:44,2026-07-17T19:50:22
league2,BTN,2.5,35-40,95s,78,24,53,1,0,0,2023-09-10T15:09:42,2026-06-21T13:36:07
league2,BTN,2.5,35-40,96o,257,202,53,2,0,0,2023-09-01T21:36:30,2026-07-16T19:16:50
league2,BTN,2.5,35-40,96s,89,12,77,0,0,0,2023-09-12T17:23:54,2026-07-21T21:01:00
league2,BTN,2.5,35-40,97o,263,135,128,0,0,0,2023-09-03T19:11:53,2026-07-15T09:04:51
league2,BTN,2.5,35-40,97s,81,2,79,0,0,0,2023-09-10T16:42:07,2026-05-23T15:45:22
league2,BTN,2.5,35-40,98o,249,53,196,0,0,0,2023-09-06T15:10:37,2026-07-19T10:19:01
league2,BTN,2.5,35-40,98s,92,1,90,0,1,0,2023-09-05T19:04:26,2026-06-28T21:43:49
league2,BTN,2.5,35-40,99,141,1,24,30,86,0,2023-09-23T18:34:31,2026-07-15T21:32:51
league2,BTN,2.5,35-40,A2o,265,71,156,30,8,0,2023-09-05T16:33:10,2026-07-19T17:30:50
league2,BTN,2.5,35-40,A2s,102,1,90,3,8,0,2023-09-03T13:38:47,2026-07-18T18:02:12
league2,BTN,2.5,35-40,A3o,282,85,156,32,9,0,2023-09-05T16:11:42,2026-07-17T08:20:28
league2,BTN,2.5,35-40,A3s,89,2,75,5,7,0,2023-09-12T19:26:19,2026-06-30T19:16:00
league2,BTN,2.5,35-40,A4o,292,62,194,20,16,0,2023-09-02T12:29:16,2026-07-17T16:14:16
league2,BTN,2.5,35-40,A4s,96,3,85,1,7,0,2023-09-09T19:18:18,2026-07-16T14:21:39
league2,BTN,2.5,35-40,A5o,274,52,187,25,10,0,2023-09-02T09:12:58,2026-07-18T19:11:57
league2,BTN,2.5,35-40,A5s,100,3,81,4,12,0,2023-09-26T20:39:13,2026-07-04T23:13:26
league2,BTN,2.5,35-40,A6o,300,55,209,26,10,0,2023-09-03T17:22:11,2026-07-03T14:54:51
league2,BTN,2.5,35-40,A6s,118,1,102,6,9,0,2023-09-03T19:05:43,2026-07-18T12:41:55
league2,BTN,2.5,35-40,A7o,290,42,214,19,15,0,2023-09-03T20:05:15,2026-07-16T12:10:51
league2,BTN,2.5,35-40,A7s,77,0,72,1,4,0,2023-09-14T14:20:12,2026-06-30T10:54:10
league2,BTN,2.5,35-40,A8o,310,40,240,13,17,0,2023-09-03T05:02:04,2026-07-16T13:39:50
league2,BTN,2.5,35-40,A8s,93,0,87,0,6,0,2023-09-11T13:19:16,2026-07-10T03:18:07
league2,BTN,2.5,35-40,A9o,268,18,218,9,23,0,2023-09-02T15:42:32,2026-07-18T01:36:32
league2,BTN,2.5,35-40,A9s,87,0,75,0,12,0,2023-09-03T04:11:30,2026-07-19T19:17:24
league2,BTN,2.5,35-40,AA,138,0,3,133,2,0,2023-09-05T17:13:43,2026-07-19T20:39:07
league2,BTN,2.5,35-40,AJo,286,1,117,50,118,0,2023-09-02T20:37:08,2026-07-17T19:23:14
league2,BTN,2.5,35-40,AJs,88,0,38,23,27,0,2023-09-26T14:14:56,2026-07-14T02:24:02
league2,BTN,2.5,35-40,AKo,278,0,2,148,128,0,2023-09-09T15:54:41,2026-07-20T12:27:49
league2,BTN,2.5,35-40,AKs,92,1,0,57,34,0,2023-09-01T23:24:58,2026-07-20T19:16:05
league2,BTN,2.5,35-40,AQo,271,2,22,88,159,0,2023-09-06T14:07:51,2026-07-20T19:50:20
league2,BTN,2.5,35-40,AQs,105,0,10,50,45,0,2023-09-02T20:52:59,2026-07-15T15:49:44
league2,BTN,2.5,35-40,ATo,272,3,210,18,41,0,2023-09-04T07:06:43,2026-07-11T23:16:10
league2,BTN,2.5,35-40,ATs,77,0,54,5,18,0,2023-09-13T20:05:54,2026-07-20T19:08:20
league2,BTN,2.5,35-40,J2o,246,239,2,4,1,0,2023-09-07T07:22:21,2026-07-17T16:01:53
league2,BTN,2.5,35-40,J2s,80,26,53,1,0,0,2023-11-11T17:53:28,2026-07-16T18:12:11
league2,BTN,2.5,35-40,J3o,254,240,7,7,0,0,2023-09-01T13:32:27,2026-07-21T06:01:41
league2,BTN,2.5,35-40,J3s,90,22,64,4,0,0,2023-09-02T17:31:29,2026-07-03T03:27:49
league2,BTN,2.5,35-40,J4o,279,261,12,6,0,0,2023-09-03T16:47:52,2026-07-01T19:08:59
league2,BTN,2.5,35-40,J4s,93,21,72,0,0,0,2023-10-02T20:23:01,2026-07-18T13:31:48
league2,BTN,2.5,35-40,J5o,280,261,17,1,1,0,2023-09-14T16:10:41,2026-07-18T17:24:24
league2,BTN,2.5,35-40,J5s,101,20,81,0,0,0,2023-09-10T16:54:12,2026-07-04T20:11:44
league2,BTN,2.5,35-40,J6o,257,222,31,4,0,0,2023-09-01T17:01:00,2026-07-08T18:38:40
league2,BTN,2.5,35-40,J6s,102,12,90,0,0,0,2023-09-12T19:01:42,2026-07-06T00:01:00
league2,BTN,2.5,35-40,J7o,255,176,77,2,0,0,2023-09-05T03:13:46,2026-07-18T19:41:28
league2,BTN,2.5,35-40,J7s,94,6,86,1,1,0,2023-09-03T21:26:09,2026-07-18T11:37:25
league2,BTN,2.5,35-40,J8o,250,105,142,2,1,0,2023-09-04T20:41:58,2026-07-20T23:09:53
league2,BTN,2.5,35-40,J8s,90,2,88,0,0,0,2023-09-16T22:09:10,2026-07-20T08:50:56
league2,BTN,2.5,35-40,J9o,265,58,204,2,1,0,2023-09-04T15:03:06,2026-07-05T13:13:11
league2,BTN,2.5,35-40,J9s,105,4,97,0,4,0,2023-09-07T19:35:29,2026-07-21T16:29:04
league2,BTN,2.5,35-40,JJ,132,0,4,84,44,0,2023-09-03T18:36:01,2026-07-19T19:10:02
league2,BTN,2.5,35-40,JTo,245,15,230,0,0,0,2023-09-03T19:51:33,2026-07-17T13:36:05
league2,BTN,2.5,35-40,JTs,97,2,81,0,14,0,2023-09-07T20:06:58,2026-07-21T11:47:32
league2,BTN,2.5,35-40,K2o,266,225,30,10,1,0,2023-09-04T17:20:04,2026-07-20T07:39:44
league2,BTN,2.5,35-40,K2s,85,3,81,1,0,0,2023-09-17T16:44:17,2026-07-19T23:19:19
league2,BTN,2.5,35-40,K3o,261,211,40,10,0,0,2023-09-02T16:14:26,2026-07-19T08:58:13
league2,BTN,2.5,35-40,K3s,79,7,71,1,0,0,2023-09-05T19:07:29,2026-06-28T22:30:42
league2,BTN,2.5,35-40,K4o,260,209,42,9,0,0,2023-09-02T19:37:34,2026-07-18T16:39:32
league2,BTN,2.5,35-40,K4s,97,3,93,1,0,0,2023-09-13T18:45:30,2026-07-18T15:37:54
league2,BTN,2.5,35-40,K5o,281,194,71,16,0,0,2023-09-02T20:35:11,2026-07-13T15:28:47
league2,BTN,2.5,35-40,K5s,73,5,67,0,1,0,2023-09-03T17:17:36,2026-07-17T13:08:42
league2,BTN,2.5,35-40,K6o,248,156,83,8,1,0,2023-09-10T17:48:02,2026-07-21T17:24:41
league2,BTN,2.5,35-40,K6s,73,1,69,2,1,0,2023-09-05T18:04:09,2026-07-19T05:16:51
league2,BTN,2.5,35-40,K7o,254,104,142,7,1,0,2023-09-01T16:49:40,2026-07-20T22:16:24
league2,BTN,2.5,35-40,K7s,94,1,91,1,1,0,2023-09-09T17:07:25,2026-07-11T15:09:50
league2,BTN,2.5,35-40,K8o,263,93,165,5,0,0,2023-09-02T22:11:36,2026-07-17T15:40:11
league2,BTN,2.5,35-40,K8s,90,5,81,1,3,0,2023-09-03T20:48:36,2026-07-21T16:50:04
league2,BTN,2.5,35-40,K9o,278,60,212,6,0,0,2023-09-05T09:03:22,2026-07-20T16:14:15
league2,BTN,2.5,35-40,K9s,86,0,85,1,0,0,2023-09-19T21:17:44,2026-07-15T21:15:30
league2,BTN,2.5,35-40,KJo,271,1,247,5,18,0,2023-09-01T17:13:42,2026-07-21T21:06:44
league2,BTN,2.5,35-40,KJs,94,0,78,7,9,0,2023-09-05T16:42:18,2026-07-05T14:13:11
league2,BTN,2.5,35-40,KK,145,1,0,137,7,0,2023-09-04T19:49:35,2026-07-19T18:22:01
league2,BTN,2.5,35-40,KQo,282,2,236,12,32,0,2023-09-10T20:01:01,2026-07-20T22:13:19
league2,BTN,2.5,35-40,KQs,79,0,57,9,13,0,2023-09-01T16:23:28,2026-07-11T02:16:33
league2,BTN,2.5,35-40,KTo,305,10,283,5,7,0,2023-09-01T18:28:38,2026-07-17T07:03:18
league2,BTN,2.5,35-40,KTs,83,0,80,1,2,0,2023-09-15T22:30:00,2026-07-18T09:03:38
league2,BTN,2.5,35-40,Q2o,265,239,19,7,0,0,2023-09-01T14:10:28,2026-07-20T21:01:01
league2,BTN,2.5,35-40,Q2s,108,20,88,0,0,0,2023-09-08T07:10:52,2026-07-14T00:17:23
league2,BTN,2.5,35-40,Q3o,261,240,18,3,0,0,2023-09-05T21:34:49,2026-07-18T13:32:09
league2,BTN,2.5,35-40,Q3s,77,10,67,0,0,0,2023-09-01T21:32:38,2026-06-28T20:53:38
league2,BTN,2.5,35-40,Q4o,275,243,24,8,0,0,2023-09-10T19:21:18,2026-07-19T18:19:24
league2,BTN,2.5,35-40,Q4s,114,16,96,2,0,0,2023-09-07T19:27:01,2026-07-05T16:22:28
league2,BTN,2.5,35-40,Q5o,238,194,34,9,1,0,2023-09-03T02:16:48,2026-07-13T19:23:20
league2,BTN,2.5,35-40,Q5s,92,13,78,0,1,0,2023-09-02T19:47:25,2026-07-15T14:53:52
league2,BTN,2.5,35-40,Q6o,247,192,49,6,0,0,2023-09-07T12:10:15,2026-07-21T16:03:02
league2,BTN,2.5,35-40,Q6s,96,10,85,1,0,0,2023-09-04T20:13:41,2026-07-19T20:19:15
league2,BTN,2.5,35-40,Q7o,276,207,64,5,0,0,2023-09-04T18:25:16,2026-07-21T18:03:48
league2,BTN,2.5,35-40,Q7s,98,9,88,1,0,0,2023-09-02T23:53:57,2026-07-05T10:05:25
league2,BTN,2.5,35-40,Q8o,267,110,152,4,1,0,2023-09-10T19:47:56,2026-07-20T19:07:13
league2,BTN,2.5,35-40,Q8s,91,2,89,0,0,0,2023-09-01T22:50:06,2026-07-06T11:28:07
league2,BTN,2.5,35-40,Q9o,248,60,184,3,1,0,2023-09-09T19:16:04,2026-07-21T18:06:59
league2,BTN,2.5,35-40,Q9s,78,0,76,1,1,0,2023-09-08T20:09:17,2026-06-24T17:28:00
league2,BTN,2.5,35-40,QJo,298,9,280,3,6,0,2023-09-07T16:25:36,2026-07-20T20:46:18
league2,BTN,2.5,35-40,QJs,95,1,83,1,10,0,2023-09-06T19:10:00,2026-07-16T20:34:03
league2,BTN,2.5,35-40,QQ,141,0,0,119,22,0,2023-09-08T14:33:57,2026-07-20T20:34:31
league2,BTN,2.5,35-40,QTo,278,12,263,1,2,0,2023-09-05T19:48:30,2026-07-15T16:18:56
league2,BTN,2.5,35-40,QTs,101,0,98,0,3,0,2023-09-07T18:43:40,2026-07-19T17:14:08
league2,BTN,2.5,35-40,T2o,296,291,1,4,0,0,2023-09-01T22:05:26,2026-07-11T15:49:58
league2,BTN,2.5,35-40,T2s,86,47,38,1,0,0,2023-09-03T18:30:56,2026-07-18T15:51:41
league2,BTN,2.5,35-40,T3o,240,235,3,2,0,0,2023-09-01T08:03:58,2026-07-19T17:17:54
league2,BTN,2.5,35-40,T3s,97,55,41,1,0,0,2023-09-05T17:11:55,2026-07-08T14:22:27
league2,BTN,2.5,35-40,T4o,233,228,3,2,0,0,2023-09-08T18:24:30,2026-07-16T14:22:45
league2,BTN,2.5,35-40,T4s,98,35,63,0,0,0,2023-09-01T09:40:48,2026-07-21T15:28:50
league2,BTN,2.5,35-40,T5o,285,276,8,1,0,0,2023-09-07T13:16:11,2026-07-18T19:25:13
league2,BTN,2.5,35-40,T5s,96,28,67,0,1,0,2023-09-28T15:38:17,2026-07-17T13:17:44
league2,BTN,2.5,35-40,T6o,262,230,31,1,0,0,2023-09-02T19:37:12,2026-07-20T18:26:50
league2,BTN,2.5,35-40,T6s,89,14,75,0,0,0,2023-10-08T23:07:22,2026-06-06T17:13:02
league2,BTN,2.5,35-40,T7o,270,165,104,1,0,0,2023-09-05T11:49:44,2026-07-12T12:16:36
league2,BTN,2.5,35-40,T7s,84,2,82,0,0,0,2023-09-04T20:25:31,2026-07-12T05:51:59
league2,BTN,2.5,35-40,T8o,262,95,167,0,0,0,2023-09-04T20:49:06,2026-07-11T21:36:31
league2,BTN,2.5,35-40,T8s,92,0,92,0,0,0,2023-09-01T16:25:57,2026-07-18T14:54:31
league2,BTN,2.5,35-40,T9o,302,50,250,2,0,0,2023-09-01T13:14:57,2026-07-21T15:24:05
league2,BTN,2.5,35-40,T9s,81,1,76,1,3,0,2023-09-16T16:26:55,2026-07-15T20:28:20
league2,BTN,2.5,35-40,TT,150,1,6,61,82,0,2023-09-03T16:43:45,2026-06-28T20:09:30
league2,BTN,3.0,25-30,__MISSING__,2481,1907,431,17,126,0,2023-09-01T07:09:02,2026-07-20T23:26:13
league2,BTN,3.0,25-30,22,135,31,56,0,48,0,2023-09-06T17:54:37,2026-07-11T14:06:51
league2,BTN,3.0,25-30,32o,279,277,2,0,0,0,2023-09-01T12:20:53,2026-07-17T01:17:35
league2,BTN,3.0,25-30,32s,76,70,6,0,0,0,2023-09-13T18:53:23,2026-06-18T21:43:42
league2,BTN,3.0,25-30,33,110,31,45,0,34,0,2023-09-18T22:07:45,2026-06-28T17:11:07
league2,BTN,3.0,25-30,42o,240,239,1,0,0,0,2023-09-02T05:46:10,2026-07-15T05:52:36
league2,BTN,3.0,25-30,42s,74,60,14,0,0,0,2023-09-02T20:25:32,2026-07-10T16:52:50
league2,BTN,3.0,25-30,43o,258,251,6,1,0,0,2023-09-04T20:36:01,2026-07-15T21:52:23
league2,BTN,3.0,25-30,43s,91,58,33,0,0,0,2023-09-07T20:12:28,2026-06-29T22:29:08
league2,BTN,3.0,25-30,44,138,29,43,0,66,0,2023-09-16T20:47:04,2026-07-02T16:41:04
league2,BTN,3.0,25-30,52o,238,234,4,0,0,0,2023-09-03T21:14:10,2026-07-18T20:39:06
league2,BTN,3.0,25-30,52s,88,70,18,0,0,0,2023-09-11T19:41:58,2026-07-19T11:41:42
league2,BTN,3.0,25-30,53o,217,217,0,0,0,0,2023-09-02T10:14:40,2026-07-20T22:49:15
league2,BTN,3.0,25-30,53s,104,71,33,0,0,0,2023-09-14T00:42:53,2026-07-07T13:03:38
league2,BTN,3.0,25-30,54o,281,264,17,0,0,0,2023-09-02T14:04:01,2026-07-18T21:39:54
league2,BTN,3.0,25-30,54s,68,33,35,0,0,0,2023-09-09T19:19:42,2026-06-19T21:17:25
league2,BTN,3.0,25-30,55,131,23,48,0,60,0,2023-09-16T21:06:42,2026-06-26T07:47:04
league2,BTN,3.0,25-30,62o,245,242,2,1,0,0,2023-09-01T14:05:33,2026-07-09T00:30:44
league2,BTN,3.0,25-30,62s,71,59,12,0,0,0,2023-09-22T19:08:06,2026-07-12T19:26:28
league2,BTN,3.0,25-30,63o,268,267,1,0,0,0,2023-09-02T13:40:47,2026-07-14T21:31:47
league2,BTN,3.0,25-30,63s,83,62,21,0,0,0,2023-09-18T06:23:31,2026-07-17T18:11:20
league2,BTN,3.0,25-30,64o,222,210,12,0,0,0,2023-09-03T20:27:53,2026-07-17T22:32:33
league2,BTN,3.0,25-30,64s,85,40,45,0,0,0,2023-10-05T19:20:06,2026-07-17T02:26:22
league2,BTN,3.0,25-30,65o,244,211,31,2,0,0,2023-09-04T21:50:33,2026-07-09T12:37:12
league2,BTN,3.0,25-30,65s,81,22,59,0,0,0,2023-09-02T19:09:47,2026-06-20T01:41:43
league2,BTN,3.0,25-30,66,128,5,38,0,85,0,2023-09-01T19:26:56,2026-07-14T18:08:27
league2,BTN,3.0,25-30,72o,254,254,0,0,0,0,2023-09-05T16:18:21,2026-07-13T18:44:47
league2,BTN,3.0,25-30,72s,73,67,6,0,0,0,2023-09-17T20:11:12,2026-07-10T19:03:37
league2,BTN,3.0,25-30,73o,263,261,2,0,0,0,2023-09-02T20:26:32,2026-07-17T21:50:21
league2,BTN,3.0,25-30,73s,81,72,9,0,0,0,2023-09-11T21:16:15,2026-06-28T11:29:07
league2,BTN,3.0,25-30,74o,235,230,5,0,0,0,2023-09-01T13:40:25,2026-07-17T00:04:21
league2,BTN,3.0,25-30,74s,81,55,24,0,2,0,2023-09-06T16:42:52,2026-07-12T22:44:47
league2,BTN,3.0,25-30,75o,234,224,10,0,0,0,2023-09-14T17:04:49,2026-07-13T15:07:50
league2,BTN,3.0,25-30,75s,82,37,44,1,0,0,2023-09-17T09:30:59,2026-06-20T18:33:31
league2,BTN,3.0,25-30,76o,246,213,33,0,0,0,2023-09-06T02:12:27,2026-07-18T17:13:23
league2,BTN,3.0,25-30,76s,71,9,60,0,2,0,2023-09-02T15:01:35,2026-07-11T22:53:37
league2,BTN,3.0,25-30,77,117,3,26,0,88,0,2023-09-05T21:23:32,2026-07-11T14:37:16
league2,BTN,3.0,25-30,82o,257,257,0,0,0,0,2023-09-02T16:41:20,2026-07-09T02:37:52
league2,BTN,3.0,25-30,82s,74,67,6,1,0,0,2023-09-12T21:17:15,2026-06-25T20:52:50
league2,BTN,3.0,25-30,83o,266,266,0,0,0,0,2023-09-15T21:30:11,2026-07-19T20:41:05
league2,BTN,3.0,25-30,83s,78,66,10,1,1,0,2023-10-01T22:07:27,2026-07-14T14:11:16
league2,BTN,3.0,25-30,84o,239,237,1,0,1,0,2023-09-06T05:45:57,2026-07-13T23:48:08
league2,BTN,3.0,25-30,84s,82,71,11,0,0,0,2023-09-21T17:03:19,2026-07-08T19:28:36
league2,BTN,3.0,25-30,85o,223,215,8,0,0,0,2023-09-02T09:39:04,2026-07-18T11:06:11
league2,BTN,3.0,25-30,85s,77,44,33,0,0,0,2023-09-05T19:25:54,2026-07-17T09:14:50
league2,BTN,3.0,25-30,86o,226,207,19,0,0,0,2023-09-03T11:18:32,2026-07-13T09:40:46
league2,BTN,3.0,25-30,86s,80,27,52,0,1,0,2023-09-16T16:09:33,2026-07-07T21:08:20
league2,BTN,3.0,25-30,87o,227,190,37,0,0,0,2023-09-14T23:25:55,2026-07-18T15:03:23
league2,BTN,3.0,25-30,87s,85,14,68,0,3,0,2023-09-03T14:28:33,2026-07-16T20:11:42
league2,BTN,3.0,25-30,88,120,4,17,1,98,0,2023-09-19T13:14:24,2026-07-14T13:31:51
league2,BTN,3.0,25-30,92o,271,271,0,0,0,0,2023-09-03T18:44:23,2026-07-19T23:36:38
league2,BTN,3.0,25-30,92s,68,63,5,0,0,0,2023-09-14T18:17:37,2026-07-18T01:53:49
league2,BTN,3.0,25-30,93o,271,268,2,1,0,0,2023-09-02T09:13:57,2026-07-20T17:42:33
league2,BTN,3.0,25-30,93s,82,70,12,0,0,0,2023-09-09T21:47:59,2026-06-30T17:04:20
league2,BTN,3.0,25-30,94o,271,271,0,0,0,0,2023-09-02T20:46:08,2026-07-17T16:41:34
league2,BTN,3.0,25-30,94s,85,80,5,0,0,0,2023-09-01T15:33:21,2026-07-14T00:10:54
league2,BTN,3.0,25-30,95o,255,252,3,0,0,0,2023-09-15T22:21:35,2026-07-19T19:13:05
league2,BTN,3.0,25-30,95s,73,56,17,0,0,0,2023-09-16T19:03:48,2026-06-19T23:05:01
league2,BTN,3.0,25-30,96o,239,229,10,0,0,0,2023-09-02T20:49:06,2026-07-19T18:41:59
league2,BTN,3.0,25-30,96s,78,42,36,0,0,0,2023-09-05T20:25:12,2026-06-23T01:10:59
league2,BTN,3.0,25-30,97o,244,228,16,0,0,0,2023-09-05T19:49:37,2026-07-18T18:07:43
league2,BTN,3.0,25-30,97s,93,26,66,0,1,0,2023-09-25T17:22:29,2026-07-17T19:33:33
league2,BTN,3.0,25-30,98o,248,179,69,0,0,0,2023-09-05T17:45:27,2026-07-05T16:54:57
league2,BTN,3.0,25-30,98s,87,22,64,0,1,0,2023-09-12T18:41:38,2026-07-06T00:20:30
league2,BTN,3.0,25-30,99,138,0,16,4,118,0,2023-09-15T20:54:08,2026-07-14T13:45:18
league2,BTN,3.0,25-30,A2o,269,205,52,1,11,0,2023-09-06T20:34:26,2026-07-09T12:25:49
league2,BTN,3.0,25-30,A2s,83,13,57,0,13,0,2023-09-06T19:45:28,2026-07-19T01:01:04
league2,BTN,3.0,25-30,A3o,241,181,49,0,11,0,2023-09-02T21:04:15,2026-07-20T23:06:39
league2,BTN,3.0,25-30,A3s,73,4,61,0,8,0,2023-09-11T06:38:31,2026-07-05T18:20:10
league2,BTN,3.0,25-30,A4o,233,155,51,3,24,0,2023-09-01T18:54:17,2026-07-17T14:51:18
league2,BTN,3.0,25-30,A4s,82,12,61,1,8,0,2023-09-07T20:25:35,2026-07-21T20:37:20
league2,BTN,3.0,25-30,A5o,259,173,60,3,23,0,2023-09-05T13:37:27,2026-07-14T10:05:34
league2,BTN,3.0,25-30,A5s,87,10,60,0,17,0,2023-09-12T01:01:16,2026-07-19T19:10:16
league2,BTN,3.0,25-30,A6o,271,181,70,4,16,0,2023-09-04T09:11:54,2026-07-20T19:23:32
league2,BTN,3.0,25-30,A6s,74,6,56,1,11,0,2023-10-11T09:37:05,2026-04-21T23:24:50
league2,BTN,3.0,25-30,A7o,254,163,64,1,26,0,2023-09-03T13:32:56,2026-06-27T19:38:32
league2,BTN,3.0,25-30,A7s,91,14,55,0,22,0,2023-09-12T15:23:04,2026-06-19T21:01:17
league2,BTN,3.0,25-30,A8o,240,114,95,1,30,0,2023-09-03T17:51:07,2026-07-18T21:38:15
league2,BTN,3.0,25-30,A8s,84,7,56,1,20,0,2023-09-18T18:21:20,2026-06-18T15:20:21
league2,BTN,3.0,25-30,A9o,228,81,90,1,56,0,2023-09-09T16:34:19,2026-07-20T23:50:19
league2,BTN,3.0,25-30,A9s,96,4,64,0,28,0,2023-09-04T21:14:42,2026-07-03T20:17:29
league2,BTN,3.0,25-30,AA,135,2,20,89,24,0,2023-09-04T09:44:29,2026-06-30T20:11:54
league2,BTN,3.0,25-30,AJo,234,5,61,4,164,0,2023-09-09T10:23:55,2026-07-18T17:29:15
league2,BTN,3.0,25-30,AJs,94,0,26,2,66,0,2023-10-14T22:38:39,2026-07-06T23:24:33
league2,BTN,3.0,25-30,AKo,261,0,0,34,227,0,2023-09-05T13:38:22,2026-07-14T19:17:33
league2,BTN,3.0,25-30,AKs,83,0,0,7,76,0,2023-09-01T20:20:38,2026-07-20T01:09:43
league2,BTN,3.0,25-30,AQo,241,1,14,12,214,0,2023-09-01T18:19:50,2026-07-19T22:03:16
league2,BTN,3.0,25-30,AQs,85,1,5,4,75,0,2023-09-01T13:39:37,2026-07-11T20:24:19
league2,BTN,3.0,25-30,ATo,254,25,115,4,110,0,2023-09-03T21:32:22,2026-07-18T20:41:35
league2,BTN,3.0,25-30,ATs,97,1,47,3,46,0,2023-09-03T19:19:27,2026-07-05T19:11:22
league2,BTN,3.0,25-30,J2o,275,273,2,0,0,0,2023-09-02T09:01:43,2026-07-09T08:49:49
league2,BTN,3.0,25-30,J2s,86,70,15,1,0,0,2023-09-24T15:20:46,2026-06-12T20:48:42
league2,BTN,3.0,25-30,J3o,267,265,1,1,0,0,2023-09-08T10:45:32,2026-07-20T23:05:15
league2,BTN,3.0,25-30,J3s,74,52,22,0,0,0,2023-09-14T05:44:10,2026-07-17T00:13:34
league2,BTN,3.0,25-30,J4o,257,256,0,1,0,0,2023-09-03T00:39:56,2026-07-20T07:36:35
league2,BTN,3.0,25-30,J4s,76,50,26,0,0,0,2023-09-13T22:35:02,2026-06-28T21:32:55
league2,BTN,3.0,25-30,J5o,247,246,1,0,0,0,2023-09-07T17:51:20,2026-07-01T16:46:43
league2,BTN,3.0,25-30,J5s,83,59,24,0,0,0,2023-09-18T07:38:20,2026-07-18T16:06:10
league2,BTN,3.0,25-30,J6o,216,213,2,1,0,0,2023-09-02T18:34:09,2026-07-21T21:12:38
league2,BTN,3.0,25-30,J6s,88,53,35,0,0,0,2023-09-13T16:17:16,2026-07-17T09:51:07
league2,BTN,3.0,25-30,J7o,251,237,13,0,1,0,2023-09-03T19:37:43,2026-07-18T23:12:11
league2,BTN,3.0,25-30,J7s,92,45,44,0,3,0,2023-09-12T19:14:59,2026-06-22T14:47:35
league2,BTN,3.0,25-30,J8o,254,214,38,0,2,0,2023-09-03T19:19:57,2026-07-16T01:20:36
league2,BTN,3.0,25-30,J8s,95,19,75,0,1,0,2023-09-03T00:23:02,2026-07-01T00:07:31
league2,BTN,3.0,25-30,J9o,259,183,75,0,1,0,2023-09-05T16:50:08,2026-07-21T16:38:28
league2,BTN,3.0,25-30,J9s,89,14,73,0,2,0,2023-09-14T09:46:07,2026-07-15T10:46:08
league2,BTN,3.0,25-30,JJ,124,0,2,19,103,0,2023-09-17T10:46:24,2026-07-18T09:27:50
league2,BTN,3.0,25-30,JTo,249,101,147,0,1,0,2023-09-01T22:12:34,2026-07-19T15:34:50
league2,BTN,3.0,25-30,JTs,83,7,67,0,9,0,2023-09-16T19:07:02,2026-07-04T19:16:57
league2,BTN,3.0,25-30,K2o,245,233,8,2,2,0,2023-09-01T06:40:00,2026-07-21T16:23:15
league2,BTN,3.0,25-30,K2s,87,45,41,0,1,0,2023-09-05T19:49:58,2026-07-21T04:15:55
league2,BTN,3.0,25-30,K3o,227,218,7,1,1,0,2023-09-01T19:45:38,2026-07-19T16:09:50
league2,BTN,3.0,25-30,K3s,108,51,56,0,1,0,2023-09-09T23:28:51,2026-07-21T18:36:35
league2,BTN,3.0,25-30,K4o,244,236,5,1,2,0,2023-09-04T20:43:58,2026-07-16T10:00:49
league2,BTN,3.0,25-30,K4s,95,32,61,0,2,0,2023-09-01T21:15:54,2026-06-13T19:53:44
league2,BTN,3.0,25-30,K5o,239,228,10,0,1,0,2023-09-03T19:02:40,2026-07-21T20:22:24
league2,BTN,3.0,25-30,K5s,79,33,44,1,1,0,2023-09-14T20:22:36,2026-07-16T23:09:49
league2,BTN,3.0,25-30,K6o,261,245,16,0,0,0,2023-09-03T15:41:42,2026-07-17T23:01:37
league2,BTN,3.0,25-30,K6s,80,30,47,1,2,0,2023-09-12T17:44:00,2026-06-25T15:46:30
league2,BTN,3.0,25-30,K7o,249,222,22,2,3,0,2023-09-01T16:10:09,2026-07-17T19:24:21
league2,BTN,3.0,25-30,K7s,81,25,56,0,0,0,2023-09-02T09:33:39,2026-07-11T18:48:53
league2,BTN,3.0,25-30,K8o,241,204,35,1,1,0,2023-09-03T22:45:08,2026-07-20T14:36:55
league2,BTN,3.0,25-30,K8s,68,23,44,1,0,0,2023-09-02T22:35:34,2026-07-03T21:27:12
league2,BTN,3.0,25-30,K9o,254,182,69,1,2,0,2023-09-01T19:10:06,2026-07-18T01:48:00
league2,BTN,3.0,25-30,K9s,104,17,82,0,5,0,2023-09-05T09:17:39,2026-06-29T17:43:54
league2,BTN,3.0,25-30,KJo,244,38,173,0,33,0,2023-09-03T10:31:06,2026-07-12T20:44:45
league2,BTN,3.0,25-30,KJs,77,0,58,0,19,0,2023-09-09T11:28:03,2026-06-24T12:25:14
league2,BTN,3.0,25-30,KK,145,0,5,88,52,0,2023-09-15T17:30:25,2026-07-18T17:32:29
league2,BTN,3.0,25-30,KQo,268,14,177,2,75,0,2023-09-09T12:29:16,2026-07-12T20:47:30
league2,BTN,3.0,25-30,KQs,78,0,45,1,32,0,2023-09-01T16:14:21,2026-07-09T21:37:18
league2,BTN,3.0,25-30,KTo,264,90,165,0,9,0,2023-09-02T22:00:43,2026-07-13T18:52:20
league2,BTN,3.0,25-30,KTs,85,3,75,0,7,0,2023-09-05T00:42:20,2026-07-17T10:37:55
league2,BTN,3.0,25-30,Q2o,260,254,5,1,0,0,2023-09-05T19:54:06,2026-07-20T21:23:28
league2,BTN,3.0,25-30,Q2s,87,48,38,0,1,0,2023-09-19T18:37:21,2026-06-20T15:54:52
league2,BTN,3.0,25-30,Q3o,268,267,0,1,0,0,2023-09-09T14:01:41,2026-07-06T14:40:23
league2,BTN,3.0,25-30,Q3s,96,61,35,0,0,0,2023-09-01T15:11:34,2026-07-21T02:09:18
league2,BTN,3.0,25-30,Q4o,251,248,3,0,0,0,2023-09-03T20:02:19,2026-07-17T12:01:22
league2,BTN,3.0,25-30,Q4s,89,57,32,0,0,0,2023-09-01T15:07:18,2026-07-17T11:50:22
league2,BTN,3.0,25-30,Q5o,260,255,4,0,1,0,2023-09-04T16:10:27,2026-07-11T18:09:08
league2,BTN,3.0,25-30,Q5s,85,47,38,0,0,0,2023-09-08T10:13:54,2026-07-17T23:53:00
league2,BTN,3.0,25-30,Q6o,249,243,6,0,0,0,2023-09-05T19:25:56,2026-07-17T20:04:50
league2,BTN,3.0,25-30,Q6s,88,48,39,0,1,0,2023-09-05T19:38:00,2026-06-30T17:54:55
league2,BTN,3.0,25-30,Q7o,241,231,10,0,0,0,2023-09-02T02:10:25,2026-07-18T21:29:54
league2,BTN,3.0,25-30,Q7s,82,37,44,0,1,0,2023-10-13T18:51:44,2026-07-14T19:50:12
league2,BTN,3.0,25-30,Q8o,240,217,23,0,0,0,2023-09-08T14:02:39,2026-07-11T16:50:04
league2,BTN,3.0,25-30,Q8s,84,21,63,0,0,0,2023-09-12T17:07:24,2026-07-04T21:34:58
league2,BTN,3.0,25-30,Q9o,268,182,86,0,0,0,2023-09-01T18:06:09,2026-07-20T20:49:06
league2,BTN,3.0,25-30,Q9s,72,16,54,0,2,0,2023-09-05T18:46:35,2026-07-20T19:32:16
league2,BTN,3.0,25-30,QJo,294,78,202,2,12,0,2023-09-02T21:35:37,2026-07-08T23:38:12
league2,BTN,3.0,25-30,QJs,87,3,71,0,13,0,2023-10-03T17:39:35,2026-07-11T15:09:22
league2,BTN,3.0,25-30,QQ,130,0,0,48,82,0,2023-09-21T21:29:30,2026-07-10T17:39:28
league2,BTN,3.0,25-30,QTo,291,117,164,0,10,0,2023-09-02T22:21:32,2026-07-17T19:43:21
league2,BTN,3.0,25-30,QTs,65,8,53,0,4,0,2023-12-21T18:50:19,2026-07-17T08:05:31
league2,BTN,3.0,25-30,T2o,233,232,0,1,0,0,2023-09-11T17:14:41,2026-07-19T14:44:53
league2,BTN,3.0,25-30,T2s,81,73,8,0,0,0,2023-10-07T10:42:14,2026-07-21T11:15:59
league2,BTN,3.0,25-30,T3o,260,259,1,0,0,0,2023-09-09T09:28:44,2026-07-21T00:23:01
league2,BTN,3.0,25-30,T3s,73,60,13,0,0,0,2023-09-04T19:11:03,2026-07-19T20:04:09
league2,BTN,3.0,25-30,T4o,236,235,0,0,1,0,2023-09-03T19:38:25,2026-07-20T18:46:17
league2,BTN,3.0,25-30,T4s,60,51,9,0,0,0,2023-09-07T10:08:11,2026-05-29T17:35:19
league2,BTN,3.0,25-30,T5o,262,260,1,1,0,0,2023-09-04T23:03:06,2026-07-15T20:23:01
league2,BTN,3.0,25-30,T5s,93,76,17,0,0,0,2023-09-05T20:44:09,2026-07-10T13:18:56
league2,BTN,3.0,25-30,T6o,265,260,4,1,0,0,2023-09-01T12:53:46,2026-07-16T22:17:33
league2,BTN,3.0,25-30,T6s,91,60,31,0,0,0,2023-09-12T19:30:27,2026-07-08T17:21:15
league2,BTN,3.0,25-30,T7o,248,225,22,0,1,0,2023-09-01T21:13:16,2026-07-17T14:28:25
league2,BTN,3.0,25-30,T7s,95,42,53,0,0,0,2023-09-03T03:05:01,2026-07-16T21:32:29
league2,BTN,3.0,25-30,T8o,237,196,41,0,0,0,2023-09-03T11:51:36,2026-07-18T21:46:44
league2,BTN,3.0,25-30,T8s,87,22,64,0,1,0,2023-09-06T17:37:52,2026-07-21T21:54:01
league2,BTN,3.0,25-30,T9o,277,176,101,0,0,0,2023-09-01T10:19:29,2026-07-19T19:19:07
league2,BTN,3.0,25-30,T9s,103,10,90,0,3,0,2023-09-13T19:54:34,2026-07-07T19:16:42
league2,BTN,3.0,25-30,TT,119,1,3,4,111,0,2023-09-05T18:25:08,2026-07-13T21:26:23
league2,BTN,3.0,30-35,__MISSING__,2427,1805,475,38,109,0,2023-09-01T16:28:00,2026-07-21T19:17:25
league2,BTN,3.0,30-35,22,122,22,77,0,23,0,2023-09-01T23:43:16,2026-07-21T00:40:03
league2,BTN,3.0,30-35,32o,244,239,4,1,0,0,2023-09-09T11:10:49,2026-07-19T21:47:52
league2,BTN,3.0,30-35,32s,73,59,14,0,0,0,2023-09-13T09:49:22,2026-07-15T13:43:23
league2,BTN,3.0,30-35,33,141,14,99,2,26,0,2023-09-06T13:01:00,2026-07-21T18:54:02
league2,BTN,3.0,30-35,42o,203,201,2,0,0,0,2023-09-06T02:09:56,2026-07-19T18:46:42
league2,BTN,3.0,30-35,42s,95,82,13,0,0,0,2023-09-16T19:28:34,2026-07-20T19:09:43
league2,BTN,3.0,30-35,43o,235,231,4,0,0,0,2023-09-02T15:23:35,2026-07-16T17:28:45
league2,BTN,3.0,30-35,43s,84,42,41,1,0,0,2023-09-16T16:44:04,2026-06-26T16:09:57
league2,BTN,3.0,30-35,44,127,11,72,0,44,0,2023-09-03T21:04:30,2026-07-14T00:51:40
league2,BTN,3.0,30-35,52o,243,241,2,0,0,0,2023-09-03T19:10:51,2026-07-19T04:09:56
league2,BTN,3.0,30-35,52s,81,69,12,0,0,0,2023-09-01T21:35:07,2026-07-21T02:26:43
league2,BTN,3.0,30-35,53o,220,217,3,0,0,0,2023-09-03T21:50:25,2026-07-19T20:38:36
league2,BTN,3.0,30-35,53s,75,55,18,0,2,0,2023-09-02T23:41:28,2026-07-17T19:53:36
league2,BTN,3.0,30-35,54o,237,224,13,0,0,0,2023-09-08T16:36:28,2026-07-12T06:51:37
league2,BTN,3.0,30-35,54s,72,25,47,0,0,0,2023-09-10T01:07:57,2026-07-15T13:47:09
league2,BTN,3.0,30-35,55,128,8,68,2,50,0,2023-09-16T14:42:42,2026-07-08T11:15:53
league2,BTN,3.0,30-35,62o,219,217,1,1,0,0,2023-09-06T19:42:00,2026-07-12T12:30:52
league2,BTN,3.0,30-35,62s,85,71,14,0,0,0,2023-09-07T18:11:31,2026-07-16T13:27:01
league2,BTN,3.0,30-35,63o,254,250,3,1,0,0,2023-09-01T20:36:26,2026-07-20T12:24:30
league2,BTN,3.0,30-35,63s,79,55,24,0,0,0,2023-09-07T17:38:52,2026-06-20T00:08:30
league2,BTN,3.0,30-35,64o,207,195,12,0,0,0,2023-09-02T19:32:05,2026-07-08T18:43:53
league2,BTN,3.0,30-35,64s,79,48,31,0,0,0,2023-09-09T00:15:03,2026-07-16T19:38:55
league2,BTN,3.0,30-35,65o,209,182,27,0,0,0,2023-09-03T18:53:09,2026-07-19T13:04:43
league2,BTN,3.0,30-35,65s,100,27,73,0,0,0,2023-09-02T21:35:21,2026-07-06T19:47:31
league2,BTN,3.0,30-35,66,102,5,37,1,59,0,2023-09-08T20:45:18,2026-07-10T17:49:25
league2,BTN,3.0,30-35,72o,240,239,0,1,0,0,2023-09-01T13:47:30,2026-07-12T16:19:58
league2,BTN,3.0,30-35,72s,65,59,6,0,0,0,2023-09-11T00:13:50,2026-07-12T22:13:55
league2,BTN,3.0,30-35,73o,242,236,5,1,0,0,2023-09-11T04:14:25,2026-07-21T21:47:16
league2,BTN,3.0,30-35,73s,97,82,15,0,0,0,2023-09-27T01:01:00,2026-07-19T16:29:52
league2,BTN,3.0,30-35,74o,229,225,4,0,0,0,2023-09-03T09:48:07,2026-07-21T18:04:51
league2,BTN,3.0,30-35,74s,98,54,43,0,1,0,2023-09-02T02:35:35,2026-07-20T00:14:13
league2,BTN,3.0,30-35,75o,214,201,12,1,0,0,2023-09-03T18:47:20,2026-07-21T16:53:41
league2,BTN,3.0,30-35,75s,82,32,50,0,0,0,2023-09-14T18:41:04,2026-06-22T17:18:51
league2,BTN,3.0,30-35,76o,246,206,40,0,0,0,2023-09-02T22:18:06,2026-07-09T20:32:46
league2,BTN,3.0,30-35,76s,72,10,61,1,0,0,2023-09-10T20:21:20,2026-07-20T17:08:40
league2,BTN,3.0,30-35,77,111,5,44,0,62,0,2023-09-03T20:12:01,2026-07-18T16:40:08
league2,BTN,3.0,30-35,82o,229,228,1,0,0,0,2023-09-03T19:27:06,2026-07-19T12:23:06
league2,BTN,3.0,30-35,82s,95,83,12,0,0,0,2023-09-02T19:25:19,2026-07-19T13:40:40
league2,BTN,3.0,30-35,83o,227,226,1,0,0,0,2023-09-08T04:07:08,2026-07-19T19:48:22
league2,BTN,3.0,30-35,83s,71,64,6,1,0,0,2023-09-03T23:39:42,2026-07-17T16:53:03
league2,BTN,3.0,30-35,84o,205,203,2,0,0,0,2023-09-03T12:28:42,2026-07-18T21:10:11
league2,BTN,3.0,30-35,84s,78,64,14,0,0,0,2023-09-05T15:44:36,2026-07-03T05:11:45
league2,BTN,3.0,30-35,85o,208,204,4,0,0,0,2023-09-03T14:08:36,2026-07-17T22:33:22
league2,BTN,3.0,30-35,85s,79,47,32,0,0,0,2023-09-05T13:38:00,2026-07-11T15:47:49
league2,BTN,3.0,30-35,86o,223,203,18,2,0,0,2023-09-04T09:34:41,2026-07-20T20:04:53
league2,BTN,3.0,30-35,86s,97,33,63,0,1,0,2023-09-09T23:14:53,2026-07-18T17:41:35
league2,BTN,3.0,30-35,87o,232,178,54,0,0,0,2023-09-02T12:05:57,2026-07-10T00:08:10
league2,BTN,3.0,30-35,87s,80,8,68,0,4,0,2023-09-09T19:27:08,2026-07-20T22:45:26
league2,BTN,3.0,30-35,88,121,5,29,2,85,0,2023-09-21T18:34:07,2026-07-19T00:37:23
league2,BTN,3.0,30-35,92o,212,212,0,0,0,0,2023-09-01T12:41:57,2026-07-18T09:23:56
league2,BTN,3.0,30-35,92s,71,64,7,0,0,0,2023-09-04T22:23:07,2026-07-16T19:42:58
league2,BTN,3.0,30-35,93o,239,238,0,1,0,0,2023-09-02T21:26:07,2026-07-17T22:08:05
league2,BTN,3.0,30-35,93s,75,64,11,0,0,0,2023-09-29T15:44:22,2026-07-05T23:45:56
league2,BTN,3.0,30-35,94o,234,233,1,0,0,0,2023-09-02T10:29:48,2026-07-14T01:27:42
league2,BTN,3.0,30-35,94s,67,55,12,0,0,0,2023-09-28T12:19:25,2026-07-20T16:33:20
league2,BTN,3.0,30-35,95o,237,234,2,1,0,0,2023-09-06T17:47:05,2026-07-16T22:03:18
league2,BTN,3.0,30-35,95s,76,46,30,0,0,0,2023-09-05T22:04:20,2026-05-20T17:16:39
league2,BTN,3.0,30-35,96o,210,199,11,0,0,0,2023-09-08T19:24:27,2026-07-19T13:22:20
league2,BTN,3.0,30-35,96s,65,33,32,0,0,0,2023-09-26T06:54:24,2026-05-16T22:28:04
league2,BTN,3.0,30-35,97o,238,211,27,0,0,0,2023-09-05T21:01:44,2026-07-18T05:21:53
league2,BTN,3.0,30-35,97s,81,20,61,0,0,0,2023-09-02T16:20:07,2026-07-06T01:53:18
league2,BTN,3.0,30-35,98o,240,169,71,0,0,0,2023-09-02T18:31:08,2026-07-13T10:43:56
league2,BTN,3.0,30-35,98s,66,6,59,1,0,0,2023-09-15T11:05:48,2026-04-12T06:01:39
league2,BTN,3.0,30-35,99,129,1,18,3,107,0,2023-09-03T17:27:24,2026-07-17T14:06:18
league2,BTN,3.0,30-35,A2o,243,203,31,2,7,0,2023-09-04T22:43:42,2026-07-12T17:37:46
league2,BTN,3.0,30-35,A2s,73,8,60,1,4,0,2023-10-07T06:31:35,2026-06-09T19:50:15
league2,BTN,3.0,30-35,A3o,231,172,49,3,7,0,2023-09-01T16:48:48,2026-07-06T00:18:37
league2,BTN,3.0,30-35,A3s,74,6,62,1,5,0,2023-09-14T05:47:44,2026-07-17T20:45:05
league2,BTN,3.0,30-35,A4o,219,144,66,4,5,0,2023-09-02T20:45:58,2026-07-20T17:35:42
league2,BTN,3.0,30-35,A4s,85,8,70,2,5,0,2023-09-05T17:34:43,2026-07-01T21:09:45
league2,BTN,3.0,30-35,A5o,220,135,73,3,9,0,2023-09-05T20:50:07,2026-07-19T08:12:59
league2,BTN,3.0,30-35,A5s,75,8,61,0,6,0,2023-09-09T16:12:54,2026-07-11T01:25:13
league2,BTN,3.0,30-35,A6o,238,150,77,0,11,0,2023-09-02T16:21:48,2026-07-09T22:15:21
league2,BTN,3.0,30-35,A6s,59,7,49,0,3,0,2023-10-14T14:51:24,2026-06-03T19:07:59
league2,BTN,3.0,30-35,A7o,255,128,112,3,12,0,2023-09-02T08:45:34,2026-07-12T19:54:25
league2,BTN,3.0,30-35,A7s,74,10,56,0,8,0,2023-09-05T23:36:51,2026-07-04T06:46:30
league2,BTN,3.0,30-35,A8o,218,95,98,0,25,0,2023-09-02T20:04:50,2026-07-12T00:06:55
league2,BTN,3.0,30-35,A8s,86,6,68,2,10,0,2023-09-18T21:39:11,2026-07-19T20:35:10
league2,BTN,3.0,30-35,A9o,236,74,132,4,26,0,2023-09-12T18:40:23,2026-07-17T09:12:58
league2,BTN,3.0,30-35,A9s,80,3,69,0,8,0,2023-09-09T13:07:37,2026-06-21T17:53:10
league2,BTN,3.0,30-35,AA,124,1,10,104,9,0,2023-09-19T12:45:38,2026-07-20T17:54:10
league2,BTN,3.0,30-35,AJo,235,6,97,11,121,0,2023-09-05T17:19:33,2026-07-18T23:07:10
league2,BTN,3.0,30-35,AJs,83,1,38,5,39,0,2023-09-06T03:51:42,2026-07-16T07:51:17
league2,BTN,3.0,30-35,AKo,239,0,2,45,192,0,2023-09-01T20:53:48,2026-07-11T14:29:24
league2,BTN,3.0,30-35,AKs,77,0,0,20,57,0,2023-09-07T20:52:34,2026-07-18T08:10:09
league2,BTN,3.0,30-35,AQo,227,2,30,25,170,0,2023-09-12T19:49:52,2026-07-18T19:48:03
league2,BTN,3.0,30-35,AQs,71,0,7,13,51,0,2023-10-14T19:21:06,2026-06-11T19:09:35
league2,BTN,3.0,30-35,ATo,241,25,149,8,59,0,2023-09-03T21:33:49,2026-07-21T23:39:58
league2,BTN,3.0,30-35,ATs,73,1,46,4,22,0,2023-09-01T14:25:23,2026-07-16T16:22:01
league2,BTN,3.0,30-35,J2o,240,239,0,1,0,0,2023-09-06T12:52:02,2026-07-19T16:40:12
league2,BTN,3.0,30-35,J2s,70,51,17,2,0,0,2023-09-10T19:27:33,2026-07-03T05:41:37
league2,BTN,3.0,30-35,J3o,249,247,2,0,0,0,2023-09-06T03:25:18,2026-07-19T19:25:01
league2,BTN,3.0,30-35,J3s,86,56,30,0,0,0,2023-09-13T15:04:47,2026-06-26T10:46:46
league2,BTN,3.0,30-35,J4o,218,216,1,1,0,0,2023-09-02T07:07:48,2026-07-10T17:27:41
league2,BTN,3.0,30-35,J4s,88,64,23,1,0,0,2023-09-08T21:20:11,2026-07-17T23:33:43
league2,BTN,3.0,30-35,J5o,215,213,2,0,0,0,2023-09-03T15:27:24,2026-07-18T00:10:26
league2,BTN,3.0,30-35,J5s,76,54,22,0,0,0,2023-09-12T13:11:44,2026-07-03T15:21:52
league2,BTN,3.0,30-35,J6o,218,216,2,0,0,0,2023-09-03T07:12:05,2026-07-09T13:38:05
league2,BTN,3.0,30-35,J6s,89,58,30,0,1,0,2023-09-08T18:25:53,2026-06-25T02:21:57
league2,BTN,3.0,30-35,J7o,251,238,12,1,0,0,2023-09-02T03:47:55,2026-07-13T23:05:48
league2,BTN,3.0,30-35,J7s,92,38,54,0,0,0,2023-09-13T19:44:54,2026-06-16T15:25:20
league2,BTN,3.0,30-35,J8o,258,218,40,0,0,0,2023-09-01T07:06:28,2026-07-20T14:20:55
league2,BTN,3.0,30-35,J8s,73,18,54,0,1,0,2023-10-07T11:34:01,2026-06-25T18:09:30
league2,BTN,3.0,30-35,J9o,228,164,63,1,0,0,2023-09-07T17:53:17,2026-07-20T19:50:08
league2,BTN,3.0,30-35,J9s,92,12,79,0,1,0,2023-09-04T23:27:00,2026-07-21T21:10:15
league2,BTN,3.0,30-35,JJ,121,0,3,28,90,0,2023-09-05T17:04:38,2026-07-21T16:12:03
league2,BTN,3.0,30-35,JTo,237,77,157,0,3,0,2023-09-05T13:27:38,2026-06-23T19:38:39
league2,BTN,3.0,30-35,JTs,88,2,82,0,4,0,2023-11-18T18:33:45,2026-07-11T20:23:09
league2,BTN,3.0,30-35,K2o,242,233,5,3,1,0,2023-09-08T17:26:23,2026-07-18T23:53:22
league2,BTN,3.0,30-35,K2s,61,35,26,0,0,0,2023-09-08T08:51:07,2026-07-20T04:43:18
league2,BTN,3.0,30-35,K3o,258,252,5,0,1,0,2023-09-05T06:12:32,2026-07-17T21:47:04
league2,BTN,3.0,30-35,K3s,85,38,43,1,3,0,2023-09-03T20:42:42,2026-07-17T17:12:43
league2,BTN,3.0,30-35,K4o,233,218,12,2,1,0,2023-09-02T20:47:29,2026-06-25T15:18:50
league2,BTN,3.0,30-35,K4s,73,22,48,0,3,0,2023-09-08T07:30:14,2026-07-19T17:52:29
league2,BTN,3.0,30-35,K5o,245,231,13,0,1,0,2023-09-03T17:53:41,2026-07-17T21:39:45
league2,BTN,3.0,30-35,K5s,72,25,46,0,1,0,2023-09-08T11:08:41,2026-06-21T14:27:54
league2,BTN,3.0,30-35,K6o,234,216,17,1,0,0,2023-09-03T04:04:02,2026-07-18T21:24:29
league2,BTN,3.0,30-35,K6s,77,20,57,0,0,0,2023-10-13T03:26:28,2026-07-14T14:36:37
league2,BTN,3.0,30-35,K7o,224,198,25,1,0,0,2023-09-06T17:53:32,2026-07-10T17:37:15
league2,BTN,3.0,30-35,K7s,76,20,54,1,1,0,2023-09-02T16:23:03,2026-07-08T21:18:51
league2,BTN,3.0,30-35,K8o,239,189,48,1,1,0,2023-09-01T21:14:53,2026-07-20T21:13:31
league2,BTN,3.0,30-35,K8s,75,8,65,0,2,0,2023-09-05T12:01:00,2026-05-19T00:48:34
league2,BTN,3.0,30-35,K9o,216,139,76,0,1,0,2023-09-03T19:31:05,2026-07-17T05:27:04
league2,BTN,3.0,30-35,K9s,76,11,63,0,2,0,2023-09-10T21:05:54,2026-06-07T05:24:24
league2,BTN,3.0,30-35,KJo,252,41,199,1,11,0,2023-09-17T14:18:06,2026-07-20T13:35:43
league2,BTN,3.0,30-35,KJs,82,0,74,1,7,0,2023-09-06T19:23:54,2026-07-06T19:42:09
league2,BTN,3.0,30-35,KK,117,0,4,99,14,0,2023-09-13T05:30:31,2026-07-11T17:29:34
league2,BTN,3.0,30-35,KQo,226,5,176,2,43,0,2023-09-02T13:50:05,2026-07-14T19:52:08
league2,BTN,3.0,30-35,KQs,83,0,63,3,17,0,2023-09-15T17:31:32,2026-07-18T19:47:32
league2,BTN,3.0,30-35,KTo,269,82,182,2,3,0,2023-09-07T23:42:20,2026-07-20T23:48:00
league2,BTN,3.0,30-35,KTs,84,0,74,0,10,0,2023-09-02T16:26:44,2026-07-02T18:17:31
league2,BTN,3.0,30-35,Q2o,255,253,2,0,0,0,2023-09-05T21:18:24,2026-07-12T17:39:08
league2,BTN,3.0,30-35,Q2s,78,46,32,0,0,0,2023-10-01T03:19:38,2026-07-11T22:14:47
league2,BTN,3.0,30-35,Q3o,229,224,4,1,0,0,2023-09-09T18:43:40,2026-07-20T21:26:13
league2,BTN,3.0,30-35,Q3s,95,66,29,0,0,0,2023-09-06T16:07:57,2026-07-17T21:54:52
league2,BTN,3.0,30-35,Q4o,238,232,4,2,0,0,2023-09-03T17:08:15,2026-07-15T20:04:39
league2,BTN,3.0,30-35,Q4s,75,38,36,0,1,0,2023-10-13T18:04:46,2026-06-27T02:18:27
league2,BTN,3.0,30-35,Q5o,224,212,9,3,0,0,2023-09-01T15:30:00,2026-07-11T19:06:10
league2,BTN,3.0,30-35,Q5s,65,36,28,1,0,0,2023-09-04T02:43:41,2026-06-01T12:39:25
league2,BTN,3.0,30-35,Q6o,227,218,7,1,1,0,2023-09-02T20:20:40,2026-07-20T06:05:15
league2,BTN,3.0,30-35,Q6s,62,33,28,1,0,0,2023-09-03T22:39:26,2026-07-21T18:28:09
league2,BTN,3.0,30-35,Q7o,236,219,12,4,1,0,2023-09-01T20:34:03,2026-07-21T02:15:56
league2,BTN,3.0,30-35,Q7s,77,21,53,1,2,0,2023-09-19T22:19:57,2026-07-16T14:19:30
league2,BTN,3.0,30-35,Q8o,207,181,25,1,0,0,2023-09-01T12:11:06,2026-07-21T19:12:47
league2,BTN,3.0,30-35,Q8s,77,16,61,0,0,0,2023-09-01T23:07:11,2026-06-29T19:02:57
league2,BTN,3.0,30-35,Q9o,256,186,68,0,2,0,2023-09-08T13:03:23,2026-07-21T09:08:07
league2,BTN,3.0,30-35,Q9s,80,7,71,0,2,0,2023-09-09T19:25:15,2026-07-19T18:52:09
league2,BTN,3.0,30-35,QJo,246,57,186,0,3,0,2023-09-05T21:27:24,2026-07-15T00:07:14
league2,BTN,3.0,30-35,QJs,80,2,68,2,8,0,2023-09-04T18:17:30,2026-07-09T19:15:50
league2,BTN,3.0,30-35,QQ,112,0,0,72,40,0,2023-09-22T09:38:35,2026-07-16T10:40:38
league2,BTN,3.0,30-35,QTo,214,80,131,0,3,0,2023-09-03T22:27:42,2026-07-12T14:11:14
league2,BTN,3.0,30-35,QTs,71,9,58,0,4,0,2023-09-14T20:48:55,2026-07-13T14:37:19
league2,BTN,3.0,30-35,T2o,218,217,0,1,0,0,2023-09-05T21:23:51,2026-07-15T14:15:43
league2,BTN,3.0,30-35,T2s,77,69,8,0,0,0,2023-10-07T19:49:34,2026-07-10T16:46:20
league2,BTN,3.0,30-35,T3o,220,220,0,0,0,0,2023-09-10T21:17:14,2026-07-19T01:07:29
league2,BTN,3.0,30-35,T3s,77,66,11,0,0,0,2023-09-13T19:50:40,2026-06-28T22:42:47
league2,BTN,3.0,30-35,T4o,230,230,0,0,0,0,2023-09-01T11:05:46,2026-07-17T21:14:06
league2,BTN,3.0,30-35,T4s,69,61,8,0,0,0,2023-09-05T18:29:52,2026-06-13T14:06:20
league2,BTN,3.0,30-35,T5o,234,232,0,2,0,0,2023-09-03T19:25:02,2026-07-18T20:13:42
league2,BTN,3.0,30-35,T5s,81,65,16,0,0,0,2023-09-08T00:32:14,2026-07-21T16:05:04
league2,BTN,3.0,30-35,T6o,216,215,1,0,0,0,2023-09-08T19:33:26,2026-07-19T09:15:40
league2,BTN,3.0,30-35,T6s,75,50,25,0,0,0,2023-09-29T18:26:57,2026-06-20T20:04:44
league2,BTN,3.0,30-35,T7o,221,204,17,0,0,0,2023-09-04T21:09:16,2026-07-15T19:46:35
league2,BTN,3.0,30-35,T7s,72,26,46,0,0,0,2023-09-20T16:17:12,2026-07-03T17:22:29
league2,BTN,3.0,30-35,T8o,251,213,38,0,0,0,2023-09-01T11:36:20,2026-07-19T20:03:03
league2,BTN,3.0,30-35,T8s,71,18,51,0,2,0,2023-09-16T13:14:13,2026-07-03T16:36:42
league2,BTN,3.0,30-35,T9o,246,170,74,2,0,0,2023-09-03T22:33:50,2026-07-14T02:22:42
league2,BTN,3.0,30-35,T9s,81,5,72,0,4,0,2023-09-11T06:26:15,2026-07-03T02:16:38
league2,BTN,3.0,30-35,TT,98,0,7,12,79,0,2023-09-03T18:41:43,2026-07-14T00:29:16
league2,BTN,3.0,35-40,__MISSING__,2312,1685,492,65,70,0,2023-09-01T19:19:10,2026-07-21T10:10:00
league2,BTN,3.0,35-40,22,103,15,80,0,8,0,2023-09-06T17:42:30,2026-06-19T19:52:45
league2,BTN,3.0,35-40,32o,207,207,0,0,0,0,2023-09-15T16:23:53,2026-07-17T22:13:33
league2,BTN,3.0,35-40,32s,70,57,13,0,0,0,2023-09-01T20:51:54,2026-07-19T20:43:22
league2,BTN,3.0,35-40,33,118,14,81,3,20,0,2023-09-07T19:52:05,2026-07-17T13:32:27
league2,BTN,3.0,35-40,42o,206,206,0,0,0,0,2023-09-06T17:34:04,2026-07-18T11:42:49
league2,BTN,3.0,35-40,42s,63,51,12,0,0,0,2023-09-09T15:24:15,2026-06-18T20:14:21
league2,BTN,3.0,35-40,43o,199,194,3,2,0,0,2023-09-02T21:32:03,2026-07-10T17:34:25
league2,BTN,3.0,35-40,43s,74,38,36,0,0,0,2023-09-23T17:14:51,2026-06-19T16:22:00
league2,BTN,3.0,35-40,44,110,4,87,1,18,0,2023-09-05T22:30:28,2026-07-07T19:25:34
league2,BTN,3.0,35-40,52o,180,178,2,0,0,0,2023-09-01T02:21:39,2026-07-19T22:26:04
league2,BTN,3.0,35-40,52s,67,53,14,0,0,0,2023-09-23T20:06:56,2026-07-18T20:22:24
league2,BTN,3.0,35-40,53o,196,193,3,0,0,0,2023-09-06T15:38:21,2026-07-19T14:50:31
league2,BTN,3.0,35-40,53s,72,43,29,0,0,0,2023-09-20T17:48:36,2026-07-09T16:07:22
league2,BTN,3.0,35-40,54o,197,184,13,0,0,0,2023-09-16T08:02:37,2026-07-21T01:27:11
league2,BTN,3.0,35-40,54s,67,28,39,0,0,0,2023-09-13T15:26:41,2026-07-16T18:47:37
league2,BTN,3.0,35-40,55,113,7,74,0,32,0,2023-09-20T13:53:09,2026-06-25T03:41:56
league2,BTN,3.0,35-40,62o,236,236,0,0,0,0,2023-09-05T16:28:26,2026-07-13T19:01:05
league2,BTN,3.0,35-40,62s,71,62,9,0,0,0,2023-09-11T23:10:12,2026-07-17T13:30:31
league2,BTN,3.0,35-40,63o,200,198,1,1,0,0,2023-09-20T08:37:32,2026-06-30T04:25:37
league2,BTN,3.0,35-40,63s,79,57,22,0,0,0,2023-09-03T11:31:05,2026-07-13T11:30:52
league2,BTN,3.0,35-40,64o,205,195,9,1,0,0,2023-09-10T18:47:17,2026-06-13T13:14:37
league2,BTN,3.0,35-40,64s,57,28,29,0,0,0,2023-09-13T17:02:48,2026-07-12T21:07:54
league2,BTN,3.0,35-40,65o,193,164,28,1,0,0,2023-09-04T17:41:12,2026-07-21T16:02:46
league2,BTN,3.0,35-40,65s,69,13,55,0,1,0,2023-09-26T19:53:43,2026-07-08T14:12:37
league2,BTN,3.0,35-40,66,122,2,86,1,33,0,2023-09-01T15:53:11,2026-07-21T16:01:07
league2,BTN,3.0,35-40,72o,197,194,0,3,0,0,2023-09-14T23:06:07,2026-07-16T12:36:49
league2,BTN,3.0,35-40,72s,67,62,5,0,0,0,2023-09-15T13:20:48,2026-07-11T14:08:46
league2,BTN,3.0,35-40,73o,229,227,1,1,0,0,2023-09-01T19:18:39,2026-07-16T11:14:43
league2,BTN,3.0,35-40,73s,77,61,16,0,0,0,2023-09-05T07:24:47,2026-07-17T19:40:58
league2,BTN,3.0,35-40,74o,203,198,5,0,0,0,2023-09-02T20:51:08,2026-07-18T11:01:00
league2,BTN,3.0,35-40,74s,50,34,16,0,0,0,2023-09-11T20:35:56,2026-07-11T02:05:19
league2,BTN,3.0,35-40,75o,211,195,15,1,0,0,2023-09-04T15:11:21,2026-07-21T20:35:13
league2,BTN,3.0,35-40,75s,71,28,43,0,0,0,2023-10-18T20:29:19,2026-06-10T17:37:02
league2,BTN,3.0,35-40,76o,196,160,35,1,0,0,2023-09-20T14:54:56,2026-07-14T16:16:36
league2,BTN,3.0,35-40,76s,67,13,54,0,0,0,2023-09-03T17:49:53,2026-07-14T18:44:18
league2,BTN,3.0,35-40,77,116,2,64,2,48,0,2023-09-10T16:50:53,2026-05-03T22:32:49
league2,BTN,3.0,35-40,82o,214,213,1,0,0,0,2023-09-05T14:25:24,2026-07-15T20:19:37
league2,BTN,3.0,35-40,82s,65,63,2,0,0,0,2023-09-28T05:11:18,2026-07-14T20:44:20
league2,BTN,3.0,35-40,83o,199,197,1,1,0,0,2023-09-17T05:05:34,2026-07-11T22:27:33
league2,BTN,3.0,35-40,83s,84,75,9,0,0,0,2023-09-03T21:32:26,2026-07-17T21:32:13
league2,BTN,3.0,35-40,84o,212,211,1,0,0,0,2023-09-06T14:29:31,2026-07-18T15:10:37
league2,BTN,3.0,35-40,84s,88,66,21,0,1,0,2023-09-02T22:43:21,2026-07-11T16:39:15
league2,BTN,3.0,35-40,85o,182,175,6,1,0,0,2023-09-02T19:24:12,2026-07-18T23:31:01
league2,BTN,3.0,35-40,85s,78,41,37,0,0,0,2023-09-10T20:10:55,2026-07-21T11:35:22
league2,BTN,3.0,35-40,86o,208,192,16,0,0,0,2023-09-04T09:42:43,2026-07-12T15:07:47
league2,BTN,3.0,35-40,86s,69,23,46,0,0,0,2023-10-02T00:36:18,2026-05-30T11:50:35
league2,BTN,3.0,35-40,87o,223,167,56,0,0,0,2023-09-23T20:44:13,2026-07-16T18:12:20
league2,BTN,3.0,35-40,87s,82,9,72,1,0,0,2023-09-08T20:39:41,2026-07-09T22:24:21
league2,BTN,3.0,35-40,88,105,0,43,3,59,0,2023-09-02T14:45:23,2026-07-12T22:20:25
league2,BTN,3.0,35-40,92o,208,207,0,1,0,0,2023-09-01T08:46:17,2026-07-12T20:08:14
league2,BTN,3.0,35-40,92s,67,59,7,1,0,0,2023-09-03T21:34:50,2026-07-21T18:53:00
league2,BTN,3.0,35-40,93o,191,189,1,1,0,0,2023-09-09T14:18:36,2026-07-14T16:43:07
league2,BTN,3.0,35-40,93s,65,56,9,0,0,0,2023-09-01T17:05:19,2026-06-20T18:14:48
league2,BTN,3.0,35-40,94o,181,180,0,1,0,0,2023-09-04T12:21:36,2026-07-19T16:01:44
league2,BTN,3.0,35-40,94s,79,64,13,1,1,0,2023-09-04T07:49:02,2026-07-04T21:36:32
league2,BTN,3.0,35-40,95o,205,201,3,1,0,0,2023-09-12T14:35:20,2026-07-05T13:46:57
league2,BTN,3.0,35-40,95s,67,44,21,2,0,0,2023-09-27T15:33:40,2026-07-11T00:03:52
league2,BTN,3.0,35-40,96o,204,193,11,0,0,0,2023-09-09T17:17:43,2026-07-14T10:24:01
league2,BTN,3.0,35-40,96s,59,28,31,0,0,0,2023-10-08T20:11:57,2026-07-08T15:39:27
league2,BTN,3.0,35-40,97o,213,183,29,0,1,0,2023-09-10T18:53:09,2026-07-20T19:32:06
league2,BTN,3.0,35-40,97s,54,18,35,0,1,0,2023-10-02T16:17:43,2026-05-09T23:32:52
league2,BTN,3.0,35-40,98o,200,143,57,0,0,0,2023-09-05T18:49:37,2026-07-17T16:52:51
league2,BTN,3.0,35-40,98s,85,10,73,0,2,0,2023-09-06T21:27:16,2026-06-19T01:18:08
league2,BTN,3.0,35-40,99,108,0,34,6,68,0,2023-09-04T22:29:01,2026-07-12T12:16:23
league2,BTN,3.0,35-40,A2o,182,147,28,4,3,0,2023-09-05T01:17:37,2026-07-11T17:26:47
league2,BTN,3.0,35-40,A2s,64,7,53,2,2,0,2023-09-03T16:53:56,2026-07-12T17:06:18
league2,BTN,3.0,35-40,A3o,212,153,51,4,4,0,2023-09-01T17:08:51,2026-07-19T19:49:45
league2,BTN,3.0,35-40,A3s,66,10,53,0,3,0,2023-09-01T19:11:23,2026-06-27T05:43:19
league2,BTN,3.0,35-40,A4o,210,133,65,6,6,0,2023-09-13T19:43:32,2026-07-20T23:51:58
league2,BTN,3.0,35-40,A4s,67,10,56,0,1,0,2023-09-03T09:42:31,2026-06-22T18:17:06
league2,BTN,3.0,35-40,A5o,191,115,62,9,5,0,2023-09-06T07:51:20,2026-06-27T21:12:34
league2,BTN,3.0,35-40,A5s,59,5,50,1,3,0,2023-09-15T15:36:38,2026-07-09T17:22:29
league2,BTN,3.0,35-40,A6o,191,115,69,5,2,0,2023-09-03T22:20:38,2026-07-20T21:29:31
league2,BTN,3.0,35-40,A6s,69,4,63,0,2,0,2023-09-15T17:20:22,2026-07-19T22:32:53
league2,BTN,3.0,35-40,A7o,209,136,67,3,3,0,2023-09-11T21:40:03,2026-07-17T19:14:43
league2,BTN,3.0,35-40,A7s,70,3,63,1,3,0,2023-09-23T17:31:47,2026-07-03T18:15:44
league2,BTN,3.0,35-40,A8o,197,82,103,2,10,0,2023-09-07T19:44:33,2026-07-17T22:39:57
league2,BTN,3.0,35-40,A8s,61,2,53,0,6,0,2023-09-09T20:50:50,2026-07-16T16:31:24
league2,BTN,3.0,35-40,A9o,186,57,110,6,13,0,2023-09-01T20:20:25,2026-07-07T17:30:27
league2,BTN,3.0,35-40,A9s,70,2,62,1,5,0,2023-09-02T11:52:01,2026-07-14T18:35:01
league2,BTN,3.0,35-40,AA,98,0,5,87,6,0,2023-09-09T13:08:59,2026-07-18T10:04:18
league2,BTN,3.0,35-40,AJo,245,2,131,15,97,0,2023-09-01T15:01:00,2026-07-05T21:42:41
league2,BTN,3.0,35-40,AJs,65,0,35,8,22,0,2023-09-06T18:04:55,2026-07-19T22:34:23
league2,BTN,3.0,35-40,AKo,226,2,2,64,158,0,2023-09-04T06:20:33,2026-07-18T18:04:45
league2,BTN,3.0,35-40,AKs,73,0,0,36,37,0,2023-09-10T17:42:32,2026-06-23T20:02:01
league2,BTN,3.0,35-40,AQo,214,1,42,49,122,0,2023-09-10T00:07:57,2026-07-20T17:37:45
league2,BTN,3.0,35-40,AQs,67,0,18,14,35,0,2023-09-15T07:27:44,2026-07-05T05:36:56
league2,BTN,3.0,35-40,ATo,206,15,145,9,37,0,2023-09-04T20:05:21,2026-07-21T23:09:17
league2,BTN,3.0,35-40,ATs,67,0,58,1,8,0,2023-09-15T23:53:26,2026-07-17T17:26:58
league2,BTN,3.0,35-40,J2o,206,205,0,1,0,0,2023-09-08T21:40:14,2026-07-21T15:15:51
league2,BTN,3.0,35-40,J2s,65,47,18,0,0,0,2023-09-02T14:26:25,2026-06-02T20:22:16
league2,BTN,3.0,35-40,J3o,243,240,2,1,0,0,2023-09-09T19:26:44,2026-07-08T12:22:37
league2,BTN,3.0,35-40,J3s,63,47,16,0,0,0,2023-09-25T19:51:56,2026-07-14T01:09:32
league2,BTN,3.0,35-40,J4o,224,224,0,0,0,0,2023-09-01T07:42:00,2026-06-24T09:19:51
league2,BTN,3.0,35-40,J4s,72,53,17,1,1,0,2023-09-14T17:05:10,2026-06-30T23:50:08
league2,BTN,3.0,35-40,J5o,193,188,3,2,0,0,2023-09-07T19:35:00,2026-07-15T06:01:59
league2,BTN,3.0,35-40,J5s,67,40,27,0,0,0,2023-09-03T22:35:43,2026-07-21T20:26:39
league2,BTN,3.0,35-40,J6o,200,199,1,0,0,0,2023-09-10T17:28:40,2026-07-15T07:51:21
league2,BTN,3.0,35-40,J6s,80,41,39,0,0,0,2023-09-05T16:07:19,2026-07-18T17:44:06
league2,BTN,3.0,35-40,J7o,198,183,14,1,0,0,2023-09-02T17:49:22,2026-07-12T19:54:23
league2,BTN,3.0,35-40,J7s,65,28,36,1,0,0,2023-09-21T21:32:11,2026-07-17T15:19:54
league2,BTN,3.0,35-40,J8o,229,197,32,0,0,0,2023-09-15T20:40:19,2026-07-10T17:15:13
league2,BTN,3.0,35-40,J8s,69,13,56,0,0,0,2023-09-01T00:34:37,2026-07-03T05:20:06
league2,BTN,3.0,35-40,J9o,208,130,78,0,0,0,2023-09-02T20:50:03,2026-07-18T21:39:51
league2,BTN,3.0,35-40,J9s,74,6,68,0,0,0,2023-09-01T14:47:50,2026-05-26T20:08:57
league2,BTN,3.0,35-40,JJ,128,0,7,54,67,0,2023-09-01T15:16:56,2026-07-17T19:41:36
league2,BTN,3.0,35-40,JTo,186,59,126,0,1,0,2023-09-02T15:37:56,2026-07-19T13:54:13
league2,BTN,3.0,35-40,JTs,79,2,72,1,4,0,2023-09-01T23:48:48,2026-07-06T21:26:19
league2,BTN,3.0,35-40,K2o,203,193,9,1,0,0,2023-09-10T21:12:34,2026-07-14T00:25:31
league2,BTN,3.0,35-40,K2s,81,33,47,0,1,0,2023-09-09T14:41:22,2026-07-16T20:08:43
league2,BTN,3.0,35-40,K3o,221,209,9,3,0,0,2023-09-03T19:41:06,2026-07-20T00:11:04
league2,BTN,3.0,35-40,K3s,79,37,42,0,0,0,2023-09-03T18:50:19,2026-05-31T12:50:08
league2,BTN,3.0,35-40,K4o,223,214,7,2,0,0,2023-09-06T21:09:42,2026-07-16T22:51:58
league2,BTN,3.0,35-40,K4s,91,36,54,1,0,0,2023-09-14T20:18:53,2026-06-29T03:05:50
league2,BTN,3.0,35-40,K5o,210,190,14,5,1,0,2023-09-03T19:36:19,2026-07-21T13:18:16
league2,BTN,3.0,35-40,K5s,68,20,47,1,0,0,2023-09-22T19:09:11,2026-06-25T21:52:27
league2,BTN,3.0,35-40,K6o,224,206,16,2,0,0,2023-09-08T17:18:56,2026-07-15T22:47:10
league2,BTN,3.0,35-40,K6s,71,16,53,0,2,0,2023-09-28T21:43:53,2026-06-12T16:31:07
league2,BTN,3.0,35-40,K7o,211,181,30,0,0,0,2023-09-01T17:18:23,2026-07-18T00:51:30
league2,BTN,3.0,35-40,K7s,62,12,50,0,0,0,2023-09-06T19:05:31,2026-07-16T19:40:43
league2,BTN,3.0,35-40,K8o,220,172,48,0,0,0,2023-09-19T13:32:29,2026-07-19T23:46:56
league2,BTN,3.0,35-40,K8s,65,7,57,1,0,0,2023-09-05T21:12:13,2026-07-17T19:06:28
league2,BTN,3.0,35-40,K9o,198,123,74,0,1,0,2023-09-08T11:26:28,2026-07-18T06:26:28
league2,BTN,3.0,35-40,K9s,72,10,61,0,1,0,2023-09-13T14:36:31,2026-06-12T21:51:18
league2,BTN,3.0,35-40,KJo,214,24,178,6,6,0,2023-09-02T23:32:23,2026-07-05T02:36:05
league2,BTN,3.0,35-40,KJs,66,0,57,2,7,0,2023-09-29T15:42:30,2026-06-20T17:29:33
league2,BTN,3.0,35-40,KK,122,1,2,110,9,0,2023-09-13T14:27:39,2026-07-18T14:45:21
league2,BTN,3.0,35-40,KQo,213,7,176,9,21,0,2023-09-02T07:36:43,2026-07-20T11:49:33
league2,BTN,3.0,35-40,KQs,64,0,51,4,9,0,2023-09-06T19:15:35,2026-07-20T21:26:44
league2,BTN,3.0,35-40,KTo,222,52,164,3,3,0,2023-09-08T11:38:48,2026-07-20T18:50:17
league2,BTN,3.0,35-40,KTs,56,3,51,0,2,0,2023-09-29T13:14:30,2026-05-25T05:51:35
league2,BTN,3.0,35-40,Q2o,215,208,6,1,0,0,2023-09-04T19:43:27,2026-07-17T19:18:47
league2,BTN,3.0,35-40,Q2s,72,48,24,0,0,0,2023-09-03T18:35:44,2026-07-14T19:52:24
league2,BTN,3.0,35-40,Q3o,195,190,3,2,0,0,2023-09-06T21:37:46,2026-07-18T17:51:33
league2,BTN,3.0,35-40,Q3s,71,42,29,0,0,0,2023-09-23T19:35:35,2026-06-21T18:45:02
league2,BTN,3.0,35-40,Q4o,221,215,6,0,0,0,2023-09-01T12:46:08,2026-07-15T23:05:08
league2,BTN,3.0,35-40,Q4s,78,45,33,0,0,0,2023-09-10T21:23:51,2026-06-26T09:09:07
league2,BTN,3.0,35-40,Q5o,183,178,4,1,0,0,2023-09-02T19:14:18,2026-07-17T06:10:55
league2,BTN,3.0,35-40,Q5s,54,30,24,0,0,0,2023-09-04T22:35:15,2026-04-05T17:10:48
league2,BTN,3.0,35-40,Q6o,212,204,4,3,1,0,2023-09-05T19:53:23,2026-07-17T00:01:38
league2,BTN,3.0,35-40,Q6s,67,26,41,0,0,0,2023-09-27T16:42:29,2026-07-18T19:18:14
league2,BTN,3.0,35-40,Q7o,201,185,16,0,0,0,2023-09-02T07:03:12,2026-07-11T16:38:05
league2,BTN,3.0,35-40,Q7s,69,28,39,1,1,0,2023-09-08T20:25:18,2026-07-10T15:46:59
league2,BTN,3.0,35-40,Q8o,212,176,34,2,0,0,2023-09-03T22:39:36,2026-07-19T14:32:38
league2,BTN,3.0,35-40,Q8s,72,15,54,2,1,0,2023-09-04T16:19:10,2026-07-12T12:09:33
league2,BTN,3.0,35-40,Q9o,211,141,69,1,0,0,2023-09-02T02:33:07,2026-07-18T19:19:22
league2,BTN,3.0,35-40,Q9s,86,8,78,0,0,0,2023-09-08T20:42:02,2026-07-12T06:47:56
league2,BTN,3.0,35-40,QJo,210,36,172,0,2,0,2023-09-04T05:26:37,2026-07-02T08:48:54
league2,BTN,3.0,35-40,QJs,74,1,70,1,2,0,2023-10-14T14:13:59,2026-07-16T22:20:19
league2,BTN,3.0,35-40,QQ,113,0,0,83,30,0,2023-09-09T06:30:47,2026-07-18T18:11:51
league2,BTN,3.0,35-40,QTo,203,63,137,1,2,0,2023-09-02T16:33:43,2026-07-16T02:35:44
league2,BTN,3.0,35-40,QTs,90,1,86,0,3,0,2023-09-02T09:50:40,2026-06-24T07:43:13
league2,BTN,3.0,35-40,T2o,216,214,2,0,0,0,2023-09-03T11:21:44,2026-07-18T15:32:41
league2,BTN,3.0,35-40,T2s,86,71,14,0,1,0,2023-10-28T22:35:14,2026-07-03T21:13:02
league2,BTN,3.0,35-40,T3o,199,199,0,0,0,0,2023-09-04T20:12:53,2026-07-20T19:25:09
league2,BTN,3.0,35-40,T3s,60,46,14,0,0,0,2023-09-08T17:43:33,2026-07-18T05:44:52
league2,BTN,3.0,35-40,T4o,198,197,1,0,0,0,2023-09-03T18:12:07,2026-07-19T17:39:30
league2,BTN,3.0,35-40,T4s,70,64,6,0,0,0,2023-09-05T19:36:26,2026-07-19T19:37:32
league2,BTN,3.0,35-40,T5o,229,229,0,0,0,0,2023-09-07T18:18:24,2026-06-27T12:22:51
league2,BTN,3.0,35-40,T5s,56,41,15,0,0,0,2023-10-06T00:15:39,2026-07-14T20:07:27
league2,BTN,3.0,35-40,T6o,208,205,3,0,0,0,2023-09-13T15:19:44,2026-07-20T20:43:38
league2,BTN,3.0,35-40,T6s,62,40,22,0,0,0,2023-09-13T19:04:58,2026-07-02T17:37:16
league2,BTN,3.0,35-40,T7o,213,197,16,0,0,0,2023-09-05T19:34:45,2026-07-17T16:37:13
league2,BTN,3.0,35-40,T7s,68,21,46,1,0,0,2023-09-08T17:53:24,2026-07-18T18:36:23
league2,BTN,3.0,35-40,T8o,234,201,33,0,0,0,2023-09-05T20:40:30,2026-07-19T17:18:28
league2,BTN,3.0,35-40,T8s,74,11,63,0,0,0,2023-09-01T19:49:09,2026-07-15T05:05:12
league2,BTN,3.0,35-40,T9o,208,122,86,0,0,0,2023-09-15T12:09:34,2026-07-21T23:28:45
league2,BTN,3.0,35-40,T9s,61,3,55,0,3,0,2023-09-06T11:18:40,2026-07-11T11:19:09
league2,BTN,3.0,35-40,TT,110,0,13,14,83,0,2023-09-03T18:31:36,2026-07-02T03:30:46
league2,CO,2.0,25-30,__MISSING__,32256,11432,16300,1588,2936,0,2023-09-01T01:48:41,2026-07-21T23:21:17
league2,CO,2.0,25-30,22,1140,9,631,1,499,0,2023-09-02T16:40:44,2026-07-21T00:08:25
league2,CO,2.0,25-30,32o,2305,2094,192,19,0,0,2023-09-01T10:53:12,2026-07-21T18:51:46
league2,CO,2.0,25-30,32s,788,103,681,3,1,0,2023-09-02T19:37:24,2026-07-19T16:53:40
league2,CO,2.0,25-30,33,1148,12,551,4,581,0,2023-09-01T19:15:32,2026-07-20T02:03:56
league2,CO,2.0,25-30,42o,2382,2173,183,25,1,0,2023-09-01T20:10:34,2026-07-20T13:22:42
league2,CO,2.0,25-30,42s,829,88,740,1,0,0,2023-09-01T15:49:00,2026-07-20T22:11:43
league2,CO,2.0,25-30,43o,2285,1268,992,24,1,0,2023-09-01T09:51:24,2026-07-21T16:10:17
league2,CO,2.0,25-30,43s,767,28,731,2,6,0,2023-09-03T19:31:02,2026-07-18T14:23:01
league2,CO,2.0,25-30,44,1165,8,481,5,671,0,2023-09-01T20:49:37,2026-07-19T00:07:01
league2,CO,2.0,25-30,52o,2325,2137,160,28,0,0,2023-09-01T15:27:36,2026-07-21T14:27:19
league2,CO,2.0,25-30,52s,764,86,675,3,0,0,2023-09-02T19:30:39,2026-07-21T22:25:01
league2,CO,2.0,25-30,53o,2317,1514,778,22,3,0,2023-09-01T06:51:55,2026-07-21T22:15:41
league2,CO,2.0,25-30,53s,784,35,745,2,2,0,2023-09-02T18:22:49,2026-07-20T02:53:36
league2,CO,2.0,25-30,54o,2362,486,1867,8,1,0,2023-09-01T12:54:18,2026-07-21T00:32:01
league2,CO,2.0,25-30,54s,790,8,768,2,12,0,2023-09-01T22:10:21,2026-07-21T22:12:41
league2,CO,2.0,25-30,55,1178,6,398,6,768,0,2023-09-03T22:17:18,2026-07-21T14:47:55
league2,CO,2.0,25-30,62o,2385,2266,87,32,0,0,2023-09-01T23:21:03,2026-07-21T21:06:23
league2,CO,2.0,25-30,62s,787,115,667,4,1,0,2023-09-03T14:39:07,2026-07-21T02:29:57
league2,CO,2.0,25-30,63o,2332,1797,510,25,0,0,2023-09-01T12:25:40,2026-07-21T12:08:24
league2,CO,2.0,25-30,63s,787,44,740,3,0,0,2023-09-01T19:38:53,2026-07-21T15:02:52
league2,CO,2.0,25-30,64o,2349,933,1398,16,2,0,2023-09-01T05:07:08,2026-07-21T00:20:23
league2,CO,2.0,25-30,64s,757,18,729,3,7,0,2023-09-02T19:08:11,2026-07-18T19:34:11
league2,CO,2.0,25-30,65o,2327,240,2079,6,2,0,2023-09-01T02:25:28,2026-07-21T16:46:02
league2,CO,2.0,25-30,65s,782,8,762,0,12,0,2023-09-03T20:39:10,2026-07-21T06:52:42
league2,CO,2.0,25-30,66,1116,5,306,14,791,0,2023-09-01T17:38:40,2026-07-21T16:16:50
league2,CO,2.0,25-30,72o,2296,2245,24,27,0,0,2023-09-01T15:11:25,2026-07-21T14:09:17
league2,CO,2.0,25-30,72s,799,173,615,11,0,0,2023-09-01T21:32:25,2026-07-21T21:06:21
league2,CO,2.0,25-30,73o,2263,2096,135,32,0,0,2023-09-01T12:54:13,2026-07-21T21:21:18
league2,CO,2.0,25-30,73s,772,74,693,5,0,0,2023-09-02T14:41:19,2026-07-19T06:04:59
league2,CO,2.0,25-30,74o,2335,1594,718,23,0,0,2023-09-01T18:45:51,2026-07-20T21:21:46
league2,CO,2.0,25-30,74s,784,40,740,2,2,0,2023-09-02T18:02:59,2026-07-20T18:42:37
league2,CO,2.0,25-30,75o,2368,657,1686,24,1,0,2023-09-02T10:37:36,2026-07-21T20:00:54
league2,CO,2.0,25-30,75s,838,14,812,2,10,0,2023-09-02T10:24:43,2026-07-21T19:28:49
league2,CO,2.0,25-30,76o,2427,207,2214,5,1,0,2023-09-02T14:22:17,2026-07-21T13:27:53
league2,CO,2.0,25-30,76s,819,6,780,3,30,0,2023-09-01T13:34:31,2026-07-20T09:13:48
league2,CO,2.0,25-30,77,1222,6,231,13,972,0,2023-09-02T20:01:51,2026-07-20T22:30:31
league2,CO,2.0,25-30,82o,2277,2217,31,27,2,0,2023-09-03T17:39:39,2026-07-21T16:52:21
league2,CO,2.0,25-30,82s,762,159,599,4,0,0,2023-09-03T18:17:31,2026-07-20T13:32:55
league2,CO,2.0,25-30,83o,2283,2190,54,39,0,0,2023-09-01T22:44:54,2026-07-21T19:17:38
league2,CO,2.0,25-30,83s,754,106,644,4,0,0,2023-09-01T13:34:57,2026-07-20T19:38:09
league2,CO,2.0,25-30,84o,2285,1944,303,38,0,0,2023-09-02T06:16:25,2026-07-21T18:35:01
league2,CO,2.0,25-30,84s,813,60,749,4,0,0,2023-09-02T11:48:55,2026-07-21T18:52:33
league2,CO,2.0,25-30,85o,2334,1196,1109,25,4,0,2023-09-01T15:19:05,2026-07-20T21:43:24
league2,CO,2.0,25-30,85s,802,21,778,2,1,0,2023-09-03T17:32:49,2026-07-20T15:10:17
league2,CO,2.0,25-30,86o,2420,377,2022,19,2,0,2023-09-02T21:31:40,2026-07-21T17:37:25
league2,CO,2.0,25-30,86s,833,9,813,3,8,0,2023-09-01T05:22:04,2026-07-21T18:32:22
league2,CO,2.0,25-30,87o,2287,136,2137,11,3,0,2023-09-02T06:22:09,2026-07-21T21:24:24
league2,CO,2.0,25-30,87s,776,5,740,3,28,0,2023-09-02T01:18:56,2026-07-18T13:06:01
league2,CO,2.0,25-30,88,1236,6,127,39,1064,0,2023-09-01T14:24:06,2026-07-20T17:52:14
league2,CO,2.0,25-30,92o,2377,2312,29,36,0,0,2023-09-03T14:20:36,2026-07-21T14:36:12
league2,CO,2.0,25-30,92s,798,145,642,9,2,0,2023-09-03T01:22:56,2026-07-20T22:14:46
league2,CO,2.0,25-30,93o,2327,2223,60,43,1,0,2023-09-01T21:36:46,2026-07-21T21:52:08
league2,CO,2.0,25-30,93s,757,103,646,8,0,0,2023-09-05T16:14:32,2026-07-21T18:45:19
league2,CO,2.0,25-30,94o,2357,2189,118,49,1,0,2023-09-01T14:03:46,2026-07-20T21:11:31
league2,CO,2.0,25-30,94s,796,88,697,9,2,0,2023-09-03T01:25:33,2026-07-18T19:53:11
league2,CO,2.0,25-30,95o,2329,1765,523,41,0,0,2023-09-01T19:52:29,2026-07-21T22:35:21
league2,CO,2.0,25-30,95s,770,26,738,4,2,0,2023-09-01T19:22:36,2026-07-21T17:18:45
league2,CO,2.0,25-30,96o,2394,926,1447,20,1,0,2023-09-01T20:31:09,2026-07-20T20:06:00
league2,CO,2.0,25-30,96s,806,15,785,1,5,0,2023-09-03T19:12:44,2026-07-19T21:32:00
league2,CO,2.0,25-30,97o,2410,333,2059,17,1,0,2023-09-01T16:54:06,2026-07-21T03:09:56
league2,CO,2.0,25-30,97s,797,7,771,2,17,0,2023-09-01T18:10:21,2026-07-19T15:01:55
league2,CO,2.0,25-30,98o,2378,85,2283,9,1,0,2023-09-01T18:12:38,2026-07-21T09:22:01
league2,CO,2.0,25-30,98s,847,3,780,5,59,0,2023-09-01T18:09:39,2026-07-20T00:41:27
league2,CO,2.0,25-30,99,1227,4,73,92,1058,0,2023-09-02T22:30:46,2026-07-20T02:47:58
league2,CO,2.0,25-30,A2o,2439,249,1540,375,275,0,2023-09-01T17:33:40,2026-07-21T20:39:30
league2,CO,2.0,25-30,A2s,915,7,685,27,196,0,2023-09-01T18:27:01,2026-07-18T16:39:56
league2,CO,2.0,25-30,A3o,2460,192,1636,332,300,0,2023-09-01T07:50:38,2026-07-21T12:42:17
league2,CO,2.0,25-30,A3s,830,4,593,24,209,0,2023-09-04T17:22:50,2026-07-20T22:17:12
league2,CO,2.0,25-30,A4o,2474,155,1709,280,330,0,2023-09-01T12:13:37,2026-07-20T18:06:37
league2,CO,2.0,25-30,A4s,862,6,593,18,245,0,2023-09-02T16:53:17,2026-07-18T13:31:19
league2,CO,2.0,25-30,A5o,2575,104,1761,271,439,0,2023-09-02T09:41:32,2026-07-21T22:25:35
league2,CO,2.0,25-30,A5s,852,1,522,23,306,0,2023-09-02T15:18:41,2026-07-19T17:17:07
league2,CO,2.0,25-30,A6o,2555,128,1932,180,315,0,2023-09-01T19:14:40,2026-07-20T20:48:11
league2,CO,2.0,25-30,A6s,832,3,640,8,181,0,2023-09-05T18:51:54,2026-07-20T19:31:01
league2,CO,2.0,25-30,A7o,2537,86,1925,107,419,0,2023-09-01T14:05:40,2026-07-21T20:41:02
league2,CO,2.0,25-30,A7s,855,6,626,7,216,0,2023-09-03T20:09:11,2026-07-20T11:21:48
league2,CO,2.0,25-30,A8o,2575,42,1900,58,575,0,2023-09-01T15:30:44,2026-07-21T23:02:02
league2,CO,2.0,25-30,A8s,874,1,592,7,274,0,2023-09-01T16:21:27,2026-07-21T19:26:02
league2,CO,2.0,25-30,A9o,2543,24,1704,58,757,0,2023-09-01T17:50:08,2026-07-21T21:08:49
league2,CO,2.0,25-30,A9s,848,3,526,13,306,0,2023-09-02T17:48:50,2026-07-18T23:39:24
league2,CO,2.0,25-30,AA,1279,2,146,1059,72,0,2023-09-01T17:11:01,2026-07-21T21:19:55
league2,CO,2.0,25-30,AJo,2548,9,549,234,1756,0,2023-09-02T16:10:18,2026-07-21T21:41:37
league2,CO,2.0,25-30,AJs,876,2,191,123,560,0,2023-09-01T14:43:40,2026-07-19T13:52:00
league2,CO,2.0,25-30,AKo,2522,10,11,758,1743,0,2023-09-01T22:37:43,2026-07-21T18:45:34
league2,CO,2.0,25-30,AKs,869,2,6,368,493,0,2023-09-03T10:18:42,2026-07-21T19:23:31
league2,CO,2.0,25-30,AQo,2549,15,91,468,1975,0,2023-09-01T20:15:19,2026-07-21T23:35:32
league2,CO,2.0,25-30,AQs,860,0,37,245,578,0,2023-09-02T10:31:31,2026-07-20T15:54:18
league2,CO,2.0,25-30,ATo,2668,18,1302,92,1256,0,2023-09-01T19:05:33,2026-07-21T22:17:17
league2,CO,2.0,25-30,ATs,897,1,408,35,453,0,2023-09-05T18:49:36,2026-07-21T10:03:21
league2,CO,2.0,25-30,J2o,2374,2034,228,107,5,0,2023-09-01T08:20:05,2026-07-21T21:19:46
league2,CO,2.0,25-30,J2s,852,47,792,11,2,0,2023-09-02T00:50:13,2026-07-20T21:30:48
league2,CO,2.0,25-30,J3o,2333,1911,308,111,3,0,2023-09-01T20:34:58,2026-07-21T19:44:00
league2,CO,2.0,25-30,J3s,803,43,747,8,5,0,2023-09-01T05:01:48,2026-07-19T19:47:18
league2,CO,2.0,25-30,J4o,2392,1860,443,88,1,0,2023-09-01T11:27:47,2026-07-21T14:05:14
league2,CO,2.0,25-30,J4s,798,37,747,9,5,0,2023-09-01T20:09:23,2026-07-20T22:02:37
league2,CO,2.0,25-30,J5o,2376,1666,601,107,2,0,2023-09-01T17:44:22,2026-07-21T19:31:49
league2,CO,2.0,25-30,J5s,779,30,739,7,3,0,2023-09-02T23:48:40,2026-07-15T23:01:00
league2,CO,2.0,25-30,J6o,2369,1377,915,76,1,0,2023-09-01T06:53:20,2026-07-21T22:34:50
league2,CO,2.0,25-30,J6s,840,27,806,6,1,0,2023-09-01T16:50:11,2026-07-19T18:45:04
league2,CO,2.0,25-30,J7o,2408,561,1793,48,6,0,2023-09-01T19:14:52,2026-07-20T19:45:02
league2,CO,2.0,25-30,J7s,793,4,773,4,12,0,2023-09-01T13:30:29,2026-07-20T16:19:54
league2,CO,2.0,25-30,J8o,2450,195,2234,15,6,0,2023-09-02T23:24:23,2026-07-21T20:15:00
league2,CO,2.0,25-30,J8s,823,5,784,3,31,0,2023-09-01T10:02:57,2026-07-19T15:26:17
league2,CO,2.0,25-30,J9o,2555,97,2432,11,15,0,2023-09-01T12:32:03,2026-07-21T11:29:03
league2,CO,2.0,25-30,J9s,796,3,736,2,55,0,2023-09-01T15:47:42,2026-07-19T20:43:38
league2,CO,2.0,25-30,JJ,1265,2,10,576,677,0,2023-09-02T00:41:16,2026-07-20T16:31:39
league2,CO,2.0,25-30,JTo,2497,22,2389,10,76,0,2023-09-01T19:32:28,2026-07-21T18:34:31
league2,CO,2.0,25-30,JTs,848,1,662,13,172,0,2023-09-02T20:52:59,2026-07-20T22:35:08
league2,CO,2.0,25-30,K2o,2409,1149,932,322,6,0,2023-09-01T12:02:14,2026-07-21T23:50:37
league2,CO,2.0,25-30,K2s,865,12,819,22,12,0,2023-09-01T18:09:01,2026-07-21T19:43:27
league2,CO,2.0,25-30,K3o,2456,1032,1110,303,11,0,2023-09-01T15:41:59,2026-07-19T20:03:03
league2,CO,2.0,25-30,K3s,823,9,779,13,22,0,2023-09-01T19:37:31,2026-07-20T13:32:39
league2,CO,2.0,25-30,K4o,2467,847,1315,284,21,0,2023-09-01T13:04:41,2026-07-21T19:46:06
league2,CO,2.0,25-30,K4s,870,10,803,15,42,0,2023-09-01T18:22:19,2026-07-19T20:34:30
league2,CO,2.0,25-30,K5o,2376,684,1416,259,17,0,2023-09-01T21:53:37,2026-07-21T22:07:57
league2,CO,2.0,25-30,K5s,808,11,740,17,40,0,2023-09-01T19:37:17,2026-07-21T23:52:43
league2,CO,2.0,25-30,K6o,2417,495,1735,167,20,0,2023-09-02T12:17:16,2026-07-21T17:10:48
league2,CO,2.0,25-30,K6s,795,11,740,11,33,0,2023-09-01T15:18:01,2026-07-20T17:23:11
league2,CO,2.0,25-30,K7o,2456,327,2004,113,12,0,2023-09-02T08:15:14,2026-07-19T21:41:41
league2,CO,2.0,25-30,K7s,776,8,718,4,46,0,2023-09-02T14:03:22,2026-07-21T19:32:53
league2,CO,2.0,25-30,K8o,2483,169,2234,61,19,0,2023-09-01T14:01:16,2026-07-21T23:41:29
league2,CO,2.0,25-30,K8s,844,4,777,8,55,0,2023-09-01T18:24:02,2026-07-21T19:47:43
league2,CO,2.0,25-30,K9o,2507,85,2352,36,34,0,2023-09-01T15:31:55,2026-07-21T19:27:13
league2,CO,2.0,25-30,K9s,811,6,706,5,94,0,2023-09-02T14:26:46,2026-07-21T16:51:54
league2,CO,2.0,25-30,KJo,2588,16,1993,63,516,0,2023-09-01T15:05:30,2026-07-21T21:49:31
league2,CO,2.0,25-30,KJs,833,7,519,27,280,0,2023-09-02T02:07:34,2026-07-21T21:33:48
league2,CO,2.0,25-30,KK,1292,0,43,1092,157,0,2023-09-03T05:22:42,2026-07-20T18:26:02
league2,CO,2.0,25-30,KQo,2523,11,1422,93,997,0,2023-09-01T17:03:41,2026-07-21T20:21:54
league2,CO,2.0,25-30,KQs,855,5,416,56,378,0,2023-09-03T19:49:22,2026-07-19T18:29:17
league2,CO,2.0,25-30,KTo,2509,22,2272,30,185,0,2023-09-01T00:24:12,2026-07-20T20:28:20
league2,CO,2.0,25-30,KTs,838,4,608,6,220,0,2023-09-08T19:40:37,2026-07-21T08:46:43
league2,CO,2.0,25-30,Q2o,2330,1648,515,162,5,0,2023-09-01T13:11:48,2026-07-20T16:09:15
league2,CO,2.0,25-30,Q2s,832,19,795,10,8,0,2023-09-01T13:03:19,2026-07-18T15:32:16
league2,CO,2.0,25-30,Q3o,2381,1539,657,185,0,0,2023-09-01T14:22:41,2026-07-20T19:24:48
league2,CO,2.0,25-30,Q3s,783,20,745,13,5,0,2023-09-01T21:42:29,2026-07-19T18:41:57
league2,CO,2.0,25-30,Q4o,2429,1423,800,199,7,0,2023-09-02T11:11:17,2026-07-21T22:37:22
league2,CO,2.0,25-30,Q4s,811,18,770,9,14,0,2023-09-02T21:05:46,2026-07-21T23:12:35
league2,CO,2.0,25-30,Q5o,2307,1157,969,172,9,0,2023-09-03T16:11:55,2026-07-21T18:09:18
league2,CO,2.0,25-30,Q5s,736,9,712,7,8,0,2023-09-03T19:50:11,2026-07-21T07:23:30
league2,CO,2.0,25-30,Q6o,2383,914,1347,116,6,0,2023-09-01T10:12:16,2026-07-21T14:29:36
league2,CO,2.0,25-30,Q6s,862,13,835,5,9,0,2023-09-03T21:51:54,2026-07-21T19:50:03
league2,CO,2.0,25-30,Q7o,2456,656,1716,80,4,0,2023-09-02T12:51:45,2026-07-21T20:12:29
league2,CO,2.0,25-30,Q7s,785,6,760,2,17,0,2023-09-02T11:11:31,2026-07-21T16:33:43
league2,CO,2.0,25-30,Q8o,2464,239,2185,28,12,0,2023-09-01T13:53:49,2026-07-21T11:17:49
league2,CO,2.0,25-30,Q8s,811,6,766,1,38,0,2023-09-01T20:52:55,2026-07-19T14:46:02
league2,CO,2.0,25-30,Q9o,2473,85,2351,21,16,0,2023-09-01T12:11:50,2026-07-21T18:16:12
league2,CO,2.0,25-30,Q9s,827,2,756,5,64,0,2023-09-01T23:36:04,2026-07-20T21:02:44
league2,CO,2.0,25-30,QJo,2397,18,2160,21,198,0,2023-09-01T12:16:18,2026-07-21T00:43:46
league2,CO,2.0,25-30,QJs,838,6,602,11,219,0,2023-09-02T22:34:56,2026-07-21T20:46:17
league2,CO,2.0,25-30,QQ,1287,0,5,917,365,0,2023-09-01T19:26:39,2026-07-21T17:48:04
league2,CO,2.0,25-30,QTo,2529,21,2385,17,106,0,2023-09-01T16:32:15,2026-07-21T12:48:13
league2,CO,2.0,25-30,QTs,872,2,691,3,176,0,2023-09-01T02:53:29,2026-07-21T18:53:29
league2,CO,2.0,25-30,T2o,2297,2195,68,34,0,0,2023-09-01T16:35:08,2026-07-20T19:43:51
league2,CO,2.0,25-30,T2s,805,102,692,8,3,0,2023-09-01T22:13:11,2026-07-18T18:40:29
league2,CO,2.0,25-30,T3o,2406,2282,91,32,1,0,2023-09-03T18:28:09,2026-07-21T13:22:20
league2,CO,2.0,25-30,T3s,816,90,723,2,1,0,2023-09-04T20:42:29,2026-07-20T15:29:15
league2,CO,2.0,25-30,T4o,2404,2176,173,55,0,0,2023-09-01T16:42:24,2026-07-21T20:43:43
league2,CO,2.0,25-30,T4s,810,55,747,5,3,0,2023-09-04T01:05:06,2026-07-19T12:38:24
league2,CO,2.0,25-30,T5o,2308,1926,341,40,1,0,2023-09-01T14:09:41,2026-07-21T16:14:02
league2,CO,2.0,25-30,T5s,804,45,752,4,3,0,2023-09-03T21:15:58,2026-07-21T22:46:04
league2,CO,2.0,25-30,T6o,2412,1304,1063,43,2,0,2023-09-01T21:45:28,2026-07-19T15:21:56
league2,CO,2.0,25-30,T6s,820,17,797,3,3,0,2023-09-01T20:05:43,2026-07-21T20:12:23
league2,CO,2.0,25-30,T7o,2473,537,1915,20,1,0,2023-09-01T15:33:02,2026-07-21T22:52:52
league2,CO,2.0,25-30,T7s,796,4,784,1,7,0,2023-09-01T17:43:08,2026-07-18T00:06:50
league2,CO,2.0,25-30,T8o,2421,174,2230,9,8,0,2023-09-01T19:33:06,2026-07-21T19:16:39
league2,CO,2.0,25-30,T8s,822,9,788,0,25,0,2023-09-01T09:19:49,2026-07-20T18:01:01
league2,CO,2.0,25-30,T9o,2440,62,2355,7,16,0,2023-09-01T17:25:31,2026-07-20T18:05:11
league2,CO,2.0,25-30,T9s,826,3,747,4,72,0,2023-09-02T12:35:32,2026-07-19T17:09:18
league2,CO,2.0,25-30,TT,1216,3,33,286,894,0,2023-09-02T08:09:21,2026-07-21T17:15:34
league2,CO,2.0,30-35,__MISSING__,29369,9923,15396,2294,1756,0,2023-09-01T05:13:41,2026-07-21T22:17:05
league2,CO,2.0,30-35,22,1051,7,687,4,353,0,2023-09-01T17:25:29,2026-07-20T20:09:54
league2,CO,2.0,30-35,32o,2002,1794,181,27,0,0,2023-09-01T15:46:34,2026-07-21T21:36:03
league2,CO,2.0,30-35,32s,638,74,560,4,0,0,2023-09-03T12:45:32,2026-07-21T11:26:51
league2,CO,2.0,30-35,33,1047,3,637,4,403,0,2023-09-02T19:34:12,2026-07-19T15:36:26
league2,CO,2.0,30-35,42o,2003,1809,163,30,1,0,2023-09-01T18:51:19,2026-07-21T21:05:53
league2,CO,2.0,30-35,42s,685,55,624,6,0,0,2023-09-01T09:06:11,2026-07-20T19:21:00
league2,CO,2.0,30-35,43o,2040,1075,939,26,0,0,2023-09-01T18:08:41,2026-07-21T19:03:23
league2,CO,2.0,30-35,43s,700,9,689,2,0,0,2023-09-01T19:20:49,2026-07-20T08:30:57
league2,CO,2.0,30-35,44,1045,2,600,4,439,0,2023-09-02T16:35:05,2026-07-21T11:48:37
league2,CO,2.0,30-35,52o,2020,1830,150,40,0,0,2023-09-01T08:17:00,2026-07-21T19:36:40
league2,CO,2.0,30-35,52s,664,64,596,3,1,0,2023-09-01T20:48:46,2026-07-15T17:36:52
league2,CO,2.0,30-35,53o,2012,1247,738,26,1,0,2023-09-03T15:50:18,2026-07-21T20:14:18
league2,CO,2.0,30-35,53s,637,23,614,0,0,0,2023-09-01T02:23:49,2026-07-21T18:26:08
league2,CO,2.0,30-35,54o,2074,384,1673,17,0,0,2023-09-01T09:35:53,2026-07-21T10:42:58
league2,CO,2.0,30-35,54s,712,6,692,9,5,0,2023-09-02T17:41:41,2026-07-20T19:51:07
league2,CO,2.0,30-35,55,1084,2,515,9,558,0,2023-09-03T19:13:24,2026-07-19T20:26:58
league2,CO,2.0,30-35,62o,2023,1914,63,46,0,0,2023-09-01T17:53:38,2026-07-20T20:28:50
league2,CO,2.0,30-35,62s,688,84,594,10,0,0,2023-09-02T23:21:19,2026-07-21T18:39:17
league2,CO,2.0,30-35,63o,1955,1452,468,35,0,0,2023-09-02T11:14:22,2026-07-21T07:32:30
league2,CO,2.0,30-35,63s,688,17,668,2,1,0,2023-09-01T17:13:46,2026-07-21T19:06:27
league2,CO,2.0,30-35,64o,2000,692,1280,28,0,0,2023-09-01T20:36:22,2026-07-21T17:50:21
league2,CO,2.0,30-35,64s,663,10,645,6,2,0,2023-09-02T17:46:47,2026-07-19T09:30:46
league2,CO,2.0,30-35,65o,2045,196,1833,15,1,0,2023-09-01T15:25:36,2026-07-20T22:12:55
league2,CO,2.0,30-35,65s,736,6,714,7,9,0,2023-09-03T14:29:21,2026-07-21T20:08:19
league2,CO,2.0,30-35,66,999,5,421,12,561,0,2023-09-01T16:34:06,2026-07-21T14:16:14
league2,CO,2.0,30-35,72o,1993,1921,33,38,1,0,2023-09-01T17:11:46,2026-07-20T20:09:12
league2,CO,2.0,30-35,72s,700,146,543,11,0,0,2023-09-01T22:24:49,2026-07-18T17:54:40
league2,CO,2.0,30-35,73o,2046,1897,116,33,0,0,2023-09-02T15:11:45,2026-07-20T20:51:07
league2,CO,2.0,30-35,73s,635,65,562,7,1,0,2023-09-07T03:38:20,2026-07-18T18:45:02
league2,CO,2.0,30-35,74o,2033,1326,674,33,0,0,2023-09-01T18:18:08,2026-07-21T14:26:01
league2,CO,2.0,30-35,74s,695,25,664,6,0,0,2023-09-02T21:17:51,2026-07-17T21:43:35
league2,CO,2.0,30-35,75o,2110,501,1584,24,1,0,2023-09-01T05:33:43,2026-07-21T22:26:16
league2,CO,2.0,30-35,75s,693,10,678,2,3,0,2023-09-02T12:09:14,2026-07-18T21:30:11
league2,CO,2.0,30-35,76o,2124,103,2009,11,1,0,2023-09-01T21:24:16,2026-07-21T19:26:14
league2,CO,2.0,30-35,76s,642,5,621,5,11,0,2023-09-02T19:08:46,2026-07-19T08:40:43
league2,CO,2.0,30-35,77,1079,3,384,22,670,0,2023-09-01T17:11:26,2026-07-21T03:30:44
league2,CO,2.0,30-35,82o,2078,2001,29,47,1,0,2023-09-01T19:33:15,2026-07-21T20:30:00
league2,CO,2.0,30-35,82s,714,129,571,14,0,0,2023-09-04T17:28:29,2026-07-19T16:13:11
league2,CO,2.0,30-35,83o,1953,1850,55,48,0,0,2023-09-01T14:39:56,2026-07-21T07:27:47
league2,CO,2.0,30-35,83s,719,79,627,13,0,0,2023-09-02T18:41:54,2026-07-21T17:09:17
league2,CO,2.0,30-35,84o,2036,1714,283,39,0,0,2023-09-01T16:32:06,2026-07-21T22:52:36
league2,CO,2.0,30-35,84s,656,33,623,0,0,0,2023-09-05T09:28:07,2026-07-18T15:14:16
league2,CO,2.0,30-35,85o,2015,1027,959,29,0,0,2023-09-01T15:18:58,2026-07-20T15:11:23
league2,CO,2.0,30-35,85s,692,12,678,1,1,0,2023-09-03T20:26:44,2026-07-17T19:30:11
league2,CO,2.0,30-35,86o,2195,300,1876,19,0,0,2023-09-01T13:05:36,2026-07-21T21:18:58
league2,CO,2.0,30-35,86s,683,5,669,5,4,0,2023-09-05T17:03:50,2026-07-20T18:48:08
league2,CO,2.0,30-35,87o,2092,100,1985,7,0,0,2023-09-01T13:25:24,2026-07-20T19:24:29
league2,CO,2.0,30-35,87s,764,5,735,3,21,0,2023-09-01T01:26:43,2026-07-21T22:32:33
league2,CO,2.0,30-35,88,1083,7,215,77,784,0,2023-09-02T21:18:23,2026-07-20T20:25:24
league2,CO,2.0,30-35,92o,2040,1972,14,54,0,0,2023-09-01T17:31:32,2026-07-21T21:47:42
league2,CO,2.0,30-35,92s,743,118,613,11,1,0,2023-09-02T13:04:04,2026-07-18T18:45:07
league2,CO,2.0,30-35,93o,2036,1959,46,31,0,0,2023-09-01T14:41:19,2026-07-21T20:33:15
league2,CO,2.0,30-35,93s,676,79,592,5,0,0,2023-09-03T19:31:08,2026-07-19T22:18:11
league2,CO,2.0,30-35,94o,1987,1817,121,49,0,0,2023-09-02T10:51:35,2026-07-21T19:54:25
league2,CO,2.0,30-35,94s,722,50,665,6,1,0,2023-09-02T06:31:30,2026-07-20T19:33:47
league2,CO,2.0,30-35,95o,2086,1542,498,46,0,0,2023-09-01T20:30:23,2026-07-20T21:15:26
league2,CO,2.0,30-35,95s,701,30,668,2,1,0,2023-09-01T16:29:13,2026-07-18T00:29:16
league2,CO,2.0,30-35,96o,2063,710,1328,25,0,0,2023-09-02T15:15:59,2026-07-20T20:10:24
league2,CO,2.0,30-35,96s,701,8,687,4,2,0,2023-09-01T13:42:40,2026-07-21T17:26:51
league2,CO,2.0,30-35,97o,2114,238,1854,17,5,0,2023-09-02T18:04:52,2026-07-21T00:29:01
league2,CO,2.0,30-35,97s,754,3,733,8,10,0,2023-09-03T20:35:25,2026-07-19T09:43:50
league2,CO,2.0,30-35,98o,2083,61,2014,7,1,0,2023-09-01T07:03:14,2026-07-21T00:29:13
league2,CO,2.0,30-35,98s,724,3,696,8,17,0,2023-09-03T23:08:38,2026-07-20T05:24:53
league2,CO,2.0,30-35,99,1012,3,116,175,718,0,2023-09-01T13:42:13,2026-07-21T21:36:07
league2,CO,2.0,30-35,A2o,2136,205,1352,452,127,0,2023-09-01T13:39:27,2026-07-21T18:20:25
league2,CO,2.0,30-35,A2s,800,5,640,55,100,0,2023-09-05T13:14:30,2026-07-21T00:11:29
league2,CO,2.0,30-35,A3o,2275,159,1527,447,142,0,2023-09-01T14:17:38,2026-07-21T19:48:32
league2,CO,2.0,30-35,A3s,712,3,546,57,106,0,2023-09-04T19:25:06,2026-07-19T18:27:54
league2,CO,2.0,30-35,A4o,2122,110,1474,398,140,0,2023-09-03T06:52:37,2026-07-21T20:53:47
league2,CO,2.0,30-35,A4s,734,7,585,46,96,0,2023-09-01T21:23:06,2026-07-19T18:44:44
league2,CO,2.0,30-35,A5o,2236,79,1570,392,195,0,2023-09-01T19:28:11,2026-07-21T23:28:12
league2,CO,2.0,30-35,A5s,706,4,496,60,146,0,2023-09-05T13:40:23,2026-07-21T10:30:56
league2,CO,2.0,30-35,A6o,2220,87,1747,260,126,0,2023-09-01T20:07:58,2026-07-20T22:41:16
league2,CO,2.0,30-35,A6s,757,4,648,21,84,0,2023-09-01T14:03:46,2026-07-21T21:54:35
league2,CO,2.0,30-35,A7o,2286,59,1930,138,159,0,2023-09-02T21:12:56,2026-07-21T17:51:31
league2,CO,2.0,30-35,A7s,722,6,617,15,84,0,2023-09-03T18:40:10,2026-07-14T17:04:51
league2,CO,2.0,30-35,A8o,2197,49,1813,113,222,0,2023-09-01T18:03:42,2026-07-21T23:51:13
league2,CO,2.0,30-35,A8s,761,4,610,14,133,0,2023-09-03T20:36:25,2026-07-20T04:44:40
league2,CO,2.0,30-35,A9o,2245,22,1797,91,335,0,2023-09-01T11:43:06,2026-07-21T23:07:06
league2,CO,2.0,30-35,A9s,773,3,600,25,145,0,2023-09-02T16:17:37,2026-07-18T18:24:47
league2,CO,2.0,30-35,AA,1124,5,57,1047,15,0,2023-09-01T17:23:12,2026-07-20T18:02:17
league2,CO,2.0,30-35,AJo,2213,15,717,426,1055,0,2023-09-01T13:54:15,2026-07-21T20:43:37
league2,CO,2.0,30-35,AJs,767,3,269,189,306,0,2023-09-02T21:06:28,2026-07-20T15:10:12
league2,CO,2.0,30-35,AKo,2235,5,12,1158,1060,0,2023-09-03T18:30:04,2026-07-20T19:44:14
league2,CO,2.0,30-35,AKs,706,1,4,474,227,0,2023-09-01T17:27:38,2026-07-20T18:53:51
league2,CO,2.0,30-35,AQo,2229,9,167,827,1226,0,2023-09-01T15:24:43,2026-07-21T05:25:48
league2,CO,2.0,30-35,AQs,784,1,63,379,341,0,2023-09-01T15:49:54,2026-07-20T17:41:03
league2,CO,2.0,30-35,ATo,2306,10,1483,181,632,0,2023-09-01T13:37:46,2026-07-21T23:04:24
league2,CO,2.0,30-35,ATs,738,2,486,62,188,0,2023-09-02T21:28:55,2026-07-19T21:15:37
league2,CO,2.0,30-35,J2o,2043,1678,241,124,0,0,2023-09-01T16:24:19,2026-07-19T21:49:31
league2,CO,2.0,30-35,J2s,688,47,626,14,1,0,2023-09-02T12:34:30,2026-07-19T17:42:18
league2,CO,2.0,30-35,J3o,2029,1632,273,124,0,0,2023-09-01T16:21:01,2026-07-21T10:41:15
league2,CO,2.0,30-35,J3s,654,21,619,12,2,0,2023-09-02T16:23:06,2026-07-21T20:20:55
league2,CO,2.0,30-35,J4o,2117,1572,412,132,1,0,2023-09-01T17:54:17,2026-07-21T08:28:45
league2,CO,2.0,30-35,J4s,729,26,693,9,1,0,2023-09-01T17:47:25,2026-07-19T20:01:01
league2,CO,2.0,30-35,J5o,2156,1458,554,144,0,0,2023-09-01T14:07:54,2026-07-20T19:42:15
league2,CO,2.0,30-35,J5s,753,23,717,11,2,0,2023-09-01T20:49:14,2026-07-19T02:26:57
league2,CO,2.0,30-35,J6o,2103,1154,835,112,2,0,2023-09-01T13:06:22,2026-07-21T18:33:53
league2,CO,2.0,30-35,J6s,720,14,703,2,1,0,2023-09-02T17:30:03,2026-07-21T04:48:52
league2,CO,2.0,30-35,J7o,2187,471,1652,60,4,0,2023-09-01T14:32:19,2026-07-21T20:33:11
league2,CO,2.0,30-35,J7s,713,6,692,7,8,0,2023-09-03T15:11:33,2026-07-21T18:49:35
league2,CO,2.0,30-35,J8o,2060,150,1878,31,1,0,2023-09-01T11:17:22,2026-07-21T07:44:39
league2,CO,2.0,30-35,J8s,723,3,697,6,17,0,2023-09-02T07:44:21,2026-07-18T14:15:42
league2,CO,2.0,30-35,J9o,2196,67,2107,12,10,0,2023-09-01T18:28:02,2026-07-20T16:30:29
league2,CO,2.0,30-35,J9s,757,2,715,7,33,0,2023-09-02T10:07:22,2026-07-20T18:28:33
league2,CO,2.0,30-35,JJ,1155,0,11,792,352,0,2023-09-01T11:16:20,2026-07-20T19:12:12
league2,CO,2.0,30-35,JTo,2148,12,2075,14,47,0,2023-09-01T12:51:48,2026-07-21T16:02:29
league2,CO,2.0,30-35,JTs,717,3,600,7,107,0,2023-09-03T00:21:30,2026-07-18T18:09:47
league2,CO,2.0,30-35,K2o,2052,919,762,369,2,0,2023-09-03T11:45:54,2026-07-20T19:45:36
league2,CO,2.0,30-35,K2s,707,13,644,40,10,0,2023-09-02T03:14:02,2026-07-21T12:52:05
league2,CO,2.0,30-35,K3o,2057,773,909,373,2,0,2023-09-01T20:17:42,2026-07-21T22:02:45
league2,CO,2.0,30-35,K3s,726,7,677,26,16,0,2023-09-01T22:35:29,2026-07-20T19:36:38
league2,CO,2.0,30-35,K4o,2145,671,1117,348,9,0,2023-09-01T07:39:19,2026-07-21T12:41:03
league2,CO,2.0,30-35,K4s,719,4,672,24,19,0,2023-09-02T16:26:59,2026-07-19T17:17:21
league2,CO,2.0,30-35,K5o,2082,537,1186,356,3,0,2023-09-02T15:33:11,2026-07-21T17:25:28
league2,CO,2.0,30-35,K5s,733,6,683,25,19,0,2023-09-01T20:41:38,2026-07-20T06:42:46
league2,CO,2.0,30-35,K6o,2099,390,1467,238,4,0,2023-09-02T21:34:24,2026-07-21T19:17:00
league2,CO,2.0,30-35,K6s,722,5,677,19,21,0,2023-09-02T18:36:21,2026-07-21T17:55:06
league2,CO,2.0,30-35,K7o,2144,257,1734,147,6,0,2023-09-01T12:34:41,2026-07-21T21:52:29
league2,CO,2.0,30-35,K7s,717,4,689,5,19,0,2023-09-02T17:31:11,2026-07-17T20:52:44
league2,CO,2.0,30-35,K8o,2143,150,1909,72,12,0,2023-09-01T08:35:23,2026-07-21T18:35:22
league2,CO,2.0,30-35,K8s,726,5,690,8,23,0,2023-09-07T12:53:09,2026-07-20T21:28:23
league2,CO,2.0,30-35,K9o,2156,66,2032,43,15,0,2023-09-01T17:17:21,2026-07-21T18:32:33
league2,CO,2.0,30-35,K9s,750,5,681,9,55,0,2023-09-03T18:21:55,2026-07-15T20:39:17
league2,CO,2.0,30-35,KJo,2233,11,1903,89,230,0,2023-09-02T13:08:46,2026-07-21T13:47:48
league2,CO,2.0,30-35,KJs,761,1,559,24,177,0,2023-09-08T20:28:30,2026-07-19T17:10:30
league2,CO,2.0,30-35,KK,1167,1,22,1098,46,0,2023-09-01T19:30:27,2026-07-19T19:45:41
league2,CO,2.0,30-35,KQo,2230,9,1517,186,518,0,2023-09-01T14:51:31,2026-07-20T21:54:41
league2,CO,2.0,30-35,KQs,793,3,488,73,229,0,2023-09-03T17:20:53,2026-07-19T20:21:06
league2,CO,2.0,30-35,KTo,2197,17,2028,65,87,0,2023-09-01T07:38:24,2026-07-21T23:30:31
league2,CO,2.0,30-35,KTs,733,2,598,12,121,0,2023-09-01T21:33:29,2026-07-21T16:53:30
league2,CO,2.0,30-35,Q2o,2106,1402,463,240,1,0,2023-09-01T14:52:46,2026-07-21T19:20:25
league2,CO,2.0,30-35,Q2s,696,23,650,18,5,0,2023-09-01T17:46:38,2026-07-19T19:17:48
league2,CO,2.0,30-35,Q3o,2023,1286,534,200,3,0,2023-09-01T17:53:40,2026-07-21T22:40:14
league2,CO,2.0,30-35,Q3s,645,11,614,17,3,0,2023-09-01T07:20:16,2026-07-16T16:47:37
league2,CO,2.0,30-35,Q4o,2136,1144,742,249,1,0,2023-09-02T13:10:12,2026-07-21T12:47:20
league2,CO,2.0,30-35,Q4s,685,10,648,23,4,0,2023-09-01T19:19:13,2026-07-20T17:07:00
league2,CO,2.0,30-35,Q5o,2083,950,910,221,2,0,2023-09-01T08:42:13,2026-07-20T10:53:15
league2,CO,2.0,30-35,Q5s,777,11,742,20,4,0,2023-09-02T12:52:23,2026-07-19T02:04:26
league2,CO,2.0,30-35,Q6o,2130,751,1205,172,2,0,2023-09-01T17:43:54,2026-07-21T20:46:14
league2,CO,2.0,30-35,Q6s,718,9,698,7,4,0,2023-09-02T12:27:27,2026-07-19T23:42:11
league2,CO,2.0,30-35,Q7o,2120,501,1511,106,2,0,2023-09-01T17:41:13,2026-07-21T21:17:33
league2,CO,2.0,30-35,Q7s,731,9,715,2,5,0,2023-09-01T20:13:17,2026-07-18T22:17:09
league2,CO,2.0,30-35,Q8o,2163,172,1956,31,4,0,2023-09-01T13:06:47,2026-07-19T22:28:41
league2,CO,2.0,30-35,Q8s,777,7,745,4,21,0,2023-09-02T12:15:47,2026-07-14T16:25:35
league2,CO,2.0,30-35,Q9o,2178,61,2087,24,6,0,2023-09-02T17:03:55,2026-07-21T23:42:56
league2,CO,2.0,30-35,Q9s,723,1,687,4,31,0,2023-09-03T21:21:24,2026-07-18T19:28:56
league2,CO,2.0,30-35,QJo,2263,19,2130,39,75,0,2023-09-01T13:39:05,2026-07-21T15:03:04
league2,CO,2.0,30-35,QJs,753,2,599,16,136,0,2023-09-02T09:22:47,2026-07-19T12:26:06
league2,CO,2.0,30-35,QQ,1157,3,9,1007,138,0,2023-09-01T14:10:35,2026-07-21T20:53:25
league2,CO,2.0,30-35,QTo,2188,9,2099,34,46,0,2023-09-01T16:15:09,2026-07-19T22:16:07
league2,CO,2.0,30-35,QTs,763,3,661,10,89,0,2023-09-02T15:44:10,2026-07-21T13:31:48
league2,CO,2.0,30-35,T2o,1996,1878,62,56,0,0,2023-09-02T19:42:14,2026-07-21T04:42:33
league2,CO,2.0,30-35,T2s,686,69,606,8,3,0,2023-09-01T18:07:38,2026-07-20T14:53:30
league2,CO,2.0,30-35,T3o,2095,1949,74,72,0,0,2023-09-02T12:54:41,2026-07-21T20:53:00
league2,CO,2.0,30-35,T3s,752,75,661,14,2,0,2023-09-02T08:43:53,2026-07-20T01:43:48
league2,CO,2.0,30-35,T4o,2051,1849,150,51,1,0,2023-09-01T11:21:53,2026-07-20T21:47:05
league2,CO,2.0,30-35,T4s,731,53,671,6,1,0,2023-09-01T12:08:05,2026-07-20T20:18:28
league2,CO,2.0,30-35,T5o,2017,1654,302,60,1,0,2023-09-04T15:41:33,2026-07-21T12:13:47
league2,CO,2.0,30-35,T5s,701,30,661,9,1,0,2023-09-02T20:45:24,2026-07-21T20:28:03
league2,CO,2.0,30-35,T6o,2093,1038,996,59,0,0,2023-09-02T00:34:09,2026-07-20T17:11:15
league2,CO,2.0,30-35,T6s,710,13,687,9,1,0,2023-09-02T10:16:16,2026-07-20T15:53:12
league2,CO,2.0,30-35,T7o,2161,396,1728,35,2,0,2023-09-01T22:48:41,2026-07-20T23:20:22
league2,CO,2.0,30-35,T7s,677,3,666,1,7,0,2023-09-02T21:35:56,2026-07-20T19:05:15
league2,CO,2.0,30-35,T8o,2051,119,1916,15,1,0,2023-09-01T15:31:23,2026-07-21T15:32:01
league2,CO,2.0,30-35,T8s,712,0,691,7,14,0,2023-09-03T18:04:28,2026-07-19T12:21:53
league2,CO,2.0,30-35,T9o,2199,54,2135,6,4,0,2023-09-02T11:52:03,2026-07-21T19:20:28
league2,CO,2.0,30-35,T9s,722,4,664,9,45,0,2023-09-01T04:43:05,2026-07-19T22:05:12
league2,CO,2.0,30-35,TT,1064,4,36,408,616,0,2023-09-02T21:06:46,2026-07-20T18:03:11
league2,CO,2.0,35-40,__MISSING__,26588,8664,14355,2606,963,0,2023-09-01T09:50:34,2026-07-21T22:39:26
league2,CO,2.0,35-40,22,866,6,693,9,158,0,2023-09-01T18:11:26,2026-07-17T17:02:29
league2,CO,2.0,35-40,32o,1750,1552,167,31,0,0,2023-09-01T15:37:17,2026-07-20T18:39:38
league2,CO,2.0,35-40,32s,565,59,501,5,0,0,2023-09-09T16:52:27,2026-07-19T16:35:37
league2,CO,2.0,35-40,33,900,6,695,5,194,0,2023-09-01T18:05:36,2026-07-20T15:12:08
league2,CO,2.0,35-40,42o,1729,1516,164,49,0,0,2023-09-01T18:32:07,2026-07-21T21:31:07
league2,CO,2.0,35-40,42s,561,50,505,6,0,0,2023-09-03T02:08:48,2026-07-21T18:14:23
league2,CO,2.0,35-40,43o,1787,897,873,17,0,0,2023-09-02T11:50:12,2026-07-21T15:51:40
league2,CO,2.0,35-40,43s,588,20,561,6,1,0,2023-09-06T15:47:48,2026-07-21T16:25:07
league2,CO,2.0,35-40,44,954,2,666,8,278,0,2023-09-01T18:28:03,2026-07-19T09:16:30
league2,CO,2.0,35-40,52o,1770,1583,145,42,0,0,2023-09-01T19:03:10,2026-07-21T18:10:13
league2,CO,2.0,35-40,52s,607,41,558,8,0,0,2023-09-03T19:51:25,2026-07-21T21:09:57
league2,CO,2.0,35-40,53o,1761,1045,685,31,0,0,2023-09-02T19:28:58,2026-07-21T22:08:15
league2,CO,2.0,35-40,53s,548,15,531,2,0,0,2023-09-05T21:33:04,2026-07-20T20:26:10
league2,CO,2.0,35-40,54o,1748,271,1468,9,0,0,2023-09-01T22:32:56,2026-07-19T13:10:39
league2,CO,2.0,35-40,54s,613,3,600,9,1,0,2023-09-01T12:33:40,2026-07-20T19:16:00
league2,CO,2.0,35-40,55,893,2,623,9,259,0,2023-09-03T19:08:34,2026-07-21T20:13:38
league2,CO,2.0,35-40,62o,1716,1617,62,37,0,0,2023-09-01T17:51:01,2026-07-21T18:12:58
league2,CO,2.0,35-40,62s,571,56,505,10,0,0,2023-09-02T16:25:39,2026-07-19T16:37:03
league2,CO,2.0,35-40,63o,1679,1243,404,32,0,0,2023-09-01T12:20:56,2026-07-21T22:52:18
league2,CO,2.0,35-40,63s,592,25,562,4,1,0,2023-09-02T16:16:03,2026-07-21T19:44:27
league2,CO,2.0,35-40,64o,1753,594,1130,28,1,0,2023-09-01T14:06:33,2026-07-20T18:46:40
league2,CO,2.0,35-40,64s,597,7,586,4,0,0,2023-09-02T08:38:58,2026-07-21T16:35:07
league2,CO,2.0,35-40,65o,1798,153,1633,12,0,0,2023-09-01T15:19:39,2026-07-21T18:39:43
league2,CO,2.0,35-40,65s,580,2,563,8,7,0,2023-09-01T07:15:47,2026-07-20T18:14:21
league2,CO,2.0,35-40,66,898,5,543,15,335,0,2023-09-02T13:50:00,2026-07-21T16:12:54
league2,CO,2.0,35-40,72o,1782,1719,20,43,0,0,2023-09-01T19:31:29,2026-07-20T15:20:26
league2,CO,2.0,35-40,72s,620,120,489,11,0,0,2023-09-01T14:20:46,2026-07-21T20:10:58
league2,CO,2.0,35-40,73o,1707,1535,134,38,0,0,2023-09-01T19:03:12,2026-07-20T19:21:27
league2,CO,2.0,35-40,73s,608,51,552,5,0,0,2023-09-04T13:35:28,2026-07-21T00:02:02
league2,CO,2.0,35-40,74o,1788,1089,659,40,0,0,2023-09-01T13:52:28,2026-07-21T21:15:40
league2,CO,2.0,35-40,74s,571,10,558,3,0,0,2023-09-04T22:03:06,2026-07-18T18:44:33
league2,CO,2.0,35-40,75o,1754,417,1323,13,1,0,2023-09-01T10:01:00,2026-07-19T23:31:34
league2,CO,2.0,35-40,75s,607,5,589,8,5,0,2023-09-04T21:51:10,2026-07-21T21:33:03
league2,CO,2.0,35-40,76o,1788,94,1681,13,0,0,2023-09-01T16:07:36,2026-07-21T18:53:31
league2,CO,2.0,35-40,76s,607,1,589,13,4,0,2023-09-01T11:20:27,2026-07-19T17:03:03
league2,CO,2.0,35-40,77,928,3,451,45,429,0,2023-09-02T18:36:12,2026-07-21T00:12:46
league2,CO,2.0,35-40,82o,1754,1694,24,36,0,0,2023-09-01T18:12:41,2026-07-21T05:25:20
league2,CO,2.0,35-40,82s,587,76,497,14,0,0,2023-09-02T16:28:57,2026-07-20T08:21:17
league2,CO,2.0,35-40,83o,1816,1731,43,41,1,0,2023-09-02T18:38:24,2026-07-20T16:33:01
league2,CO,2.0,35-40,83s,582,46,526,10,0,0,2023-09-01T18:51:23,2026-07-20T14:32:59
league2,CO,2.0,35-40,84o,1797,1494,268,35,0,0,2023-09-02T20:18:32,2026-07-21T18:25:39
league2,CO,2.0,35-40,84s,648,33,610,5,0,0,2023-09-02T08:04:25,2026-07-19T19:41:08
league2,CO,2.0,35-40,85o,1783,852,894,37,0,0,2023-09-01T16:44:13,2026-07-21T15:11:03
league2,CO,2.0,35-40,85s,601,4,591,4,2,0,2023-09-01T10:31:32,2026-07-17T17:08:42
league2,CO,2.0,35-40,86o,1895,219,1654,22,0,0,2023-09-01T14:25:19,2026-07-21T12:16:31
league2,CO,2.0,35-40,86s,625,5,611,6,3,0,2023-09-04T16:50:56,2026-07-18T16:51:06
league2,CO,2.0,35-40,87o,1735,81,1645,7,2,0,2023-09-01T15:22:14,2026-07-19T15:33:09
league2,CO,2.0,35-40,87s,592,4,571,10,7,0,2023-09-06T15:01:01,2026-07-17T22:17:32
league2,CO,2.0,35-40,88,878,3,289,131,455,0,2023-09-01T07:47:23,2026-07-19T09:06:19
league2,CO,2.0,35-40,92o,1727,1664,28,35,0,0,2023-09-01T18:40:10,2026-07-21T17:38:01
league2,CO,2.0,35-40,92s,604,74,515,15,0,0,2023-09-01T18:07:59,2026-07-19T21:17:45
league2,CO,2.0,35-40,93o,1765,1662,54,49,0,0,2023-09-01T15:16:07,2026-07-19T18:52:15
league2,CO,2.0,35-40,93s,603,58,539,6,0,0,2023-09-03T17:07:16,2026-07-19T19:20:49
league2,CO,2.0,35-40,94o,1779,1637,98,44,0,0,2023-09-02T19:43:27,2026-07-20T18:33:22
league2,CO,2.0,35-40,94s,594,38,551,5,0,0,2023-09-03T14:21:18,2026-07-21T18:15:17
league2,CO,2.0,35-40,95o,1787,1328,405,53,1,0,2023-09-01T16:37:15,2026-07-21T19:41:24
league2,CO,2.0,35-40,95s,560,12,540,8,0,0,2023-09-05T20:31:16,2026-07-20T22:34:31
league2,CO,2.0,35-40,96o,1751,595,1126,30,0,0,2023-09-02T14:37:37,2026-07-20T21:40:06
league2,CO,2.0,35-40,96s,619,3,614,2,0,0,2023-09-03T16:05:03,2026-07-17T18:53:19
league2,CO,2.0,35-40,97o,1768,177,1569,20,2,0,2023-09-01T19:37:30,2026-07-20T18:05:02
league2,CO,2.0,35-40,97s,627,5,612,9,1,0,2023-09-01T17:30:46,2026-07-20T19:43:28
league2,CO,2.0,35-40,98o,1834,52,1778,4,0,0,2023-09-01T08:01:45,2026-07-19T21:23:02
league2,CO,2.0,35-40,98s,627,5,595,13,14,0,2023-09-03T11:33:15,2026-07-19T16:19:23
league2,CO,2.0,35-40,99,920,8,186,319,407,0,2023-09-04T15:14:30,2026-07-19T16:54:08
league2,CO,2.0,35-40,A2o,1897,181,1179,498,39,0,2023-09-01T22:08:39,2026-07-21T18:30:25
league2,CO,2.0,35-40,A2s,624,1,530,54,39,0,2023-09-03T16:30:24,2026-07-20T19:34:04
league2,CO,2.0,35-40,A3o,1908,124,1293,440,51,0,2023-09-01T15:44:43,2026-07-19T20:03:01
league2,CO,2.0,35-40,A3s,648,1,552,58,37,0,2023-09-03T17:41:49,2026-07-20T12:08:33
league2,CO,2.0,35-40,A4o,1898,84,1333,427,54,0,2023-09-01T11:29:45,2026-07-20T09:48:12
league2,CO,2.0,35-40,A4s,701,0,570,83,48,0,2023-09-04T16:50:33,2026-07-19T19:18:33
league2,CO,2.0,35-40,A5o,1881,82,1345,384,70,0,2023-09-01T17:44:36,2026-07-21T19:51:11
league2,CO,2.0,35-40,A5s,640,3,510,73,54,0,2023-09-03T17:13:07,2026-07-20T21:22:42
league2,CO,2.0,35-40,A6o,1956,102,1546,254,54,0,2023-09-01T15:02:19,2026-07-21T19:51:39
league2,CO,2.0,35-40,A6s,659,4,591,28,36,0,2023-09-07T20:36:55,2026-07-20T13:38:10
league2,CO,2.0,35-40,A7o,1917,46,1630,181,60,0,2023-09-01T23:37:10,2026-07-21T16:01:00
league2,CO,2.0,35-40,A7s,662,1,602,16,43,0,2023-09-02T11:18:58,2026-07-21T16:13:48
league2,CO,2.0,35-40,A8o,1942,38,1708,128,68,0,2023-09-01T17:18:21,2026-07-21T05:36:12
league2,CO,2.0,35-40,A8s,608,3,547,13,45,0,2023-09-01T20:04:06,2026-07-21T18:23:42
league2,CO,2.0,35-40,A9o,1973,33,1685,122,133,0,2023-09-03T10:51:50,2026-07-20T18:10:16
league2,CO,2.0,35-40,A9s,688,6,609,31,42,0,2023-09-01T17:30:14,2026-07-18T11:10:27
league2,CO,2.0,35-40,AA,1003,1,22,978,2,0,2023-09-02T16:46:10,2026-07-18T22:19:57
league2,CO,2.0,35-40,AJo,1944,13,876,622,433,0,2023-09-01T05:40:36,2026-07-19T19:45:16
league2,CO,2.0,35-40,AJs,609,1,263,208,137,0,2023-09-02T05:15:21,2026-07-19T17:27:07
league2,CO,2.0,35-40,AKo,1993,2,15,1480,496,0,2023-09-03T14:23:02,2026-07-21T20:33:15
league2,CO,2.0,35-40,AKs,672,3,5,526,138,0,2023-09-02T20:17:49,2026-07-17T19:37:43
league2,CO,2.0,35-40,AQo,1980,7,214,1118,641,0,2023-09-01T21:46:52,2026-07-21T21:17:27
league2,CO,2.0,35-40,AQs,658,1,61,469,127,0,2023-09-02T08:11:19,2026-07-20T19:49:42
league2,CO,2.0,35-40,ATo,1988,10,1460,267,251,0,2023-09-01T10:51:57,2026-07-20T23:41:50
league2,CO,2.0,35-40,ATs,667,0,478,105,84,0,2023-09-02T18:20:17,2026-07-20T09:43:08
league2,CO,2.0,35-40,J2o,1842,1527,186,129,0,0,2023-09-02T12:22:45,2026-07-21T16:16:00
league2,CO,2.0,35-40,J2s,620,26,571,21,2,0,2023-09-06T11:29:02,2026-07-19T19:51:38
league2,CO,2.0,35-40,J3o,1832,1412,281,139,0,0,2023-09-02T15:29:31,2026-07-20T18:40:57
league2,CO,2.0,35-40,J3s,597,24,561,11,1,0,2023-09-04T16:08:37,2026-07-19T11:47:55
league2,CO,2.0,35-40,J4o,1699,1228,340,131,0,0,2023-09-01T13:22:40,2026-07-21T13:48:11
league2,CO,2.0,35-40,J4s,604,26,569,9,0,0,2023-09-02T18:31:29,2026-07-21T01:21:58
league2,CO,2.0,35-40,J5o,1817,1179,502,134,2,0,2023-09-02T16:53:17,2026-07-21T19:25:28
league2,CO,2.0,35-40,J5s,628,14,606,7,1,0,2023-09-02T19:24:05,2026-07-21T12:21:49
league2,CO,2.0,35-40,J6o,1844,946,782,116,0,0,2023-09-01T17:51:26,2026-07-21T12:18:46
league2,CO,2.0,35-40,J6s,638,8,619,5,6,0,2023-09-02T16:03:23,2026-07-21T19:33:19
league2,CO,2.0,35-40,J7o,1834,378,1394,61,1,0,2023-09-01T18:49:56,2026-07-19T20:50:40
league2,CO,2.0,35-40,J7s,626,6,611,5,4,0,2023-09-03T21:17:31,2026-07-17T21:09:41
league2,CO,2.0,35-40,J8o,1899,111,1759,29,0,0,2023-09-02T08:02:29,2026-07-21T20:33:03
league2,CO,2.0,35-40,J8s,629,5,612,6,6,0,2023-09-04T19:01:01,2026-07-17T19:36:01
league2,CO,2.0,35-40,J9o,1827,56,1746,23,2,0,2023-09-01T16:18:05,2026-07-21T22:22:58
league2,CO,2.0,35-40,J9s,656,2,627,10,17,0,2023-09-01T22:42:15,2026-07-19T10:30:40
league2,CO,2.0,35-40,JJ,984,2,18,808,156,0,2023-09-01T19:36:34,2026-07-18T23:10:07
league2,CO,2.0,35-40,JTo,1899,17,1839,26,17,0,2023-09-01T16:25:42,2026-07-20T04:37:59
league2,CO,2.0,35-40,JTs,639,1,569,15,54,0,2023-09-01T18:18:04,2026-07-19T18:54:36
league2,CO,2.0,35-40,K2o,1801,784,690,325,2,0,2023-09-01T19:21:08,2026-07-21T15:41:06
league2,CO,2.0,35-40,K2s,606,8,554,39,5,0,2023-09-02T14:43:33,2026-07-15T17:30:40
league2,CO,2.0,35-40,K3o,1879,669,854,355,1,0,2023-09-01T14:31:00,2026-07-21T19:40:37
league2,CO,2.0,35-40,K3s,632,14,584,32,2,0,2023-09-01T18:47:32,2026-07-20T19:50:00
league2,CO,2.0,35-40,K4o,1800,483,953,360,4,0,2023-09-01T21:23:34,2026-07-21T18:45:52
league2,CO,2.0,35-40,K4s,625,10,575,34,6,0,2023-09-01T19:11:14,2026-07-21T02:12:15
league2,CO,2.0,35-40,K5o,1817,440,1054,322,1,0,2023-09-03T12:17:06,2026-07-21T13:25:18
league2,CO,2.0,35-40,K5s,621,7,578,27,9,0,2023-09-01T22:41:28,2026-07-20T19:53:00
league2,CO,2.0,35-40,K6o,1800,290,1266,244,0,0,2023-09-01T19:16:05,2026-07-21T17:46:33
league2,CO,2.0,35-40,K6s,657,3,635,16,3,0,2023-09-01T16:53:54,2026-07-19T10:11:19
league2,CO,2.0,35-40,K7o,1779,177,1464,137,1,0,2023-09-01T18:07:04,2026-07-21T21:28:55
league2,CO,2.0,35-40,K7s,660,1,640,11,8,0,2023-09-01T07:44:22,2026-07-19T21:53:19
league2,CO,2.0,35-40,K8o,1891,110,1696,80,5,0,2023-09-02T18:32:00,2026-07-20T11:19:58
league2,CO,2.0,35-40,K8s,625,3,599,14,9,0,2023-09-02T16:31:21,2026-07-19T19:13:29
league2,CO,2.0,35-40,K9o,1904,45,1805,48,6,0,2023-09-01T19:39:51,2026-07-21T13:02:16
league2,CO,2.0,35-40,K9s,602,3,570,11,18,0,2023-09-04T17:25:03,2026-07-19T17:01:01
league2,CO,2.0,35-40,KJo,1980,6,1774,117,83,0,2023-09-01T14:10:41,2026-07-19T18:48:09
league2,CO,2.0,35-40,KJs,691,2,577,43,69,0,2023-09-03T05:52:48,2026-07-20T21:40:32
league2,CO,2.0,35-40,KK,969,2,13,943,11,0,2023-09-02T14:10:09,2026-07-21T06:53:21
league2,CO,2.0,35-40,KQo,1929,3,1487,251,188,0,2023-09-01T14:50:35,2026-07-20T13:46:16
league2,CO,2.0,35-40,KQs,639,2,441,118,78,0,2023-09-01T15:52:44,2026-07-21T00:06:10
league2,CO,2.0,35-40,KTo,1820,10,1718,65,27,0,2023-09-01T21:15:15,2026-07-19T03:52:48
league2,CO,2.0,35-40,KTs,643,4,574,19,46,0,2023-09-02T09:15:49,2026-07-20T11:52:27
league2,CO,2.0,35-40,Q2o,1854,1152,473,229,0,0,2023-09-01T16:26:55,2026-07-21T02:35:09
league2,CO,2.0,35-40,Q2s,638,19,593,26,0,0,2023-09-01T14:11:14,2026-07-21T22:26:12
league2,CO,2.0,35-40,Q3o,1817,1066,532,218,1,0,2023-09-01T18:18:52,2026-07-21T04:33:12
league2,CO,2.0,35-40,Q3s,591,12,556,22,1,0,2023-09-01T13:12:21,2026-07-20T02:17:31
league2,CO,2.0,35-40,Q4o,1804,942,621,240,1,0,2023-09-01T16:20:25,2026-07-21T20:10:42
league2,CO,2.0,35-40,Q4s,643,12,615,15,1,0,2023-09-03T22:15:33,2026-07-21T18:34:09
league2,CO,2.0,35-40,Q5o,1821,773,808,239,1,0,2023-09-01T17:52:17,2026-07-21T12:26:01
league2,CO,2.0,35-40,Q5s,602,9,567,24,2,0,2023-09-01T06:49:00,2026-07-18T22:08:02
league2,CO,2.0,35-40,Q6o,1810,632,1023,155,0,0,2023-09-01T19:05:17,2026-07-21T21:48:54
league2,CO,2.0,35-40,Q6s,600,5,579,12,4,0,2023-09-02T22:04:03,2026-07-18T15:36:31
league2,CO,2.0,35-40,Q7o,1872,443,1332,97,0,0,2023-09-01T19:01:03,2026-07-21T09:26:23
league2,CO,2.0,35-40,Q7s,669,4,656,6,3,0,2023-09-01T08:23:20,2026-07-18T18:12:25
league2,CO,2.0,35-40,Q8o,1821,117,1652,50,2,0,2023-09-02T09:23:16,2026-07-19T20:01:32
league2,CO,2.0,35-40,Q8s,627,2,604,16,5,0,2023-09-01T01:00:59,2026-07-21T14:19:19
league2,CO,2.0,35-40,Q9o,1796,59,1713,23,1,0,2023-09-01T22:41:57,2026-07-20T16:26:13
league2,CO,2.0,35-40,Q9s,638,1,612,12,13,0,2023-09-04T08:42:02,2026-07-20T13:06:46
league2,CO,2.0,35-40,QJo,1977,20,1854,60,43,0,2023-09-01T12:46:47,2026-07-20T16:38:58
league2,CO,2.0,35-40,QJs,666,2,584,15,65,0,2023-09-01T13:33:10,2026-07-18T21:25:09
league2,CO,2.0,35-40,QQ,932,3,3,879,47,0,2023-09-04T08:32:27,2026-07-21T16:43:16
league2,CO,2.0,35-40,QTo,1945,18,1862,41,24,0,2023-09-03T18:34:47,2026-07-21T22:07:29
league2,CO,2.0,35-40,QTs,594,5,540,13,36,0,2023-09-03T18:50:27,2026-07-19T17:33:10
league2,CO,2.0,35-40,T2o,1759,1647,54,58,0,0,2023-09-02T11:49:17,2026-07-21T17:41:11
league2,CO,2.0,35-40,T2s,607,72,524,11,0,0,2023-09-02T19:09:41,2026-07-20T18:26:18
league2,CO,2.0,35-40,T3o,1748,1627,68,52,1,0,2023-09-03T17:54:21,2026-07-21T20:34:54
league2,CO,2.0,35-40,T3s,600,44,547,9,0,0,2023-09-02T10:11:26,2026-07-21T17:50:09
league2,CO,2.0,35-40,T4o,1785,1597,124,63,1,0,2023-09-01T16:48:48,2026-07-20T22:32:07
league2,CO,2.0,35-40,T4s,596,40,550,6,0,0,2023-09-03T19:10:55,2026-07-19T21:34:39
league2,CO,2.0,35-40,T5o,1838,1511,253,74,0,0,2023-09-02T22:32:05,2026-07-21T20:10:25
league2,CO,2.0,35-40,T5s,612,27,582,3,0,0,2023-09-02T17:02:44,2026-07-20T21:05:15
league2,CO,2.0,35-40,T6o,1744,841,849,54,0,0,2023-09-01T04:42:22,2026-07-21T19:08:24
league2,CO,2.0,35-40,T6s,594,11,580,3,0,0,2023-09-04T17:47:29,2026-07-17T04:21:50
league2,CO,2.0,35-40,T7o,1893,350,1510,33,0,0,2023-09-01T04:16:49,2026-07-19T17:29:39
league2,CO,2.0,35-40,T7s,569,0,560,5,4,0,2023-09-02T16:46:05,2026-07-18T07:40:11
league2,CO,2.0,35-40,T8o,1874,102,1759,13,0,0,2023-09-01T05:12:18,2026-07-21T18:24:53
league2,CO,2.0,35-40,T8s,647,4,628,9,6,0,2023-09-01T11:32:39,2026-07-21T12:54:21
league2,CO,2.0,35-40,T9o,1826,39,1775,11,1,0,2023-09-01T08:15:49,2026-07-21T16:33:41
league2,CO,2.0,35-40,T9s,640,6,593,16,25,0,2023-09-01T17:18:23,2026-07-19T07:10:30
league2,CO,2.0,35-40,TT,1003,4,62,608,329,0,2023-09-01T16:25:39,2026-07-18T19:18:05
league2,CO,2.5,25-30,__MISSING__,2467,1542,782,25,118,0,2023-09-01T12:42:27,2026-07-21T23:10:45
league2,CO,2.5,25-30,22,93,2,68,0,23,0,2023-09-02T16:43:50,2026-07-17T20:40:11
league2,CO,2.5,25-30,32o,216,215,1,0,0,0,2023-09-04T08:49:26,2026-07-13T19:39:42
league2,CO,2.5,25-30,32s,74,34,40,0,0,0,2023-09-23T14:07:51,2026-07-10T19:07:24
league2,CO,2.5,25-30,33,103,3,63,0,37,0,2023-09-04T18:17:41,2026-07-14T11:28:08
league2,CO,2.5,25-30,42o,231,226,4,1,0,0,2023-09-04T14:45:46,2026-07-12T17:43:17
league2,CO,2.5,25-30,42s,63,33,30,0,0,0,2023-09-01T09:24:06,2026-06-14T21:36:07
league2,CO,2.5,25-30,43o,219,208,11,0,0,0,2023-09-03T10:20:19,2026-07-01T17:03:22
league2,CO,2.5,25-30,43s,69,16,53,0,0,0,2023-09-02T22:36:30,2026-06-05T18:54:04
league2,CO,2.5,25-30,44,124,4,72,1,47,0,2023-09-09T09:39:35,2026-07-21T18:18:43
league2,CO,2.5,25-30,52o,224,223,0,1,0,0,2023-09-10T19:41:16,2026-07-11T09:40:44
league2,CO,2.5,25-30,52s,71,38,33,0,0,0,2023-09-01T21:53:31,2026-06-04T16:25:48
league2,CO,2.5,25-30,53o,232,217,13,2,0,0,2023-09-04T17:47:55,2026-07-17T15:14:26
league2,CO,2.5,25-30,53s,75,27,48,0,0,0,2023-09-02T21:02:22,2026-07-10T13:25:38
league2,CO,2.5,25-30,54o,222,170,52,0,0,0,2023-09-02T14:31:34,2026-07-17T00:51:34
league2,CO,2.5,25-30,54s,72,10,62,0,0,0,2023-09-01T18:07:01,2026-07-19T20:28:13
league2,CO,2.5,25-30,55,110,4,51,0,55,0,2023-09-23T23:22:58,2026-07-21T20:49:08
league2,CO,2.5,25-30,62o,224,224,0,0,0,0,2023-09-03T15:50:37,2026-07-14T13:35:31
league2,CO,2.5,25-30,62s,62,43,19,0,0,0,2023-09-05T21:54:03,2026-07-07T00:01:00
league2,CO,2.5,25-30,63o,178,175,3,0,0,0,2023-09-04T13:37:00,2026-07-02T16:02:36
league2,CO,2.5,25-30,63s,73,28,45,0,0,0,2023-09-13T21:48:51,2026-07-16T20:24:57
league2,CO,2.5,25-30,64o,213,185,28,0,0,0,2023-09-02T23:03:44,2026-07-16T10:08:34
league2,CO,2.5,25-30,64s,76,12,64,0,0,0,2023-09-13T00:39:26,2026-07-04T19:25:21
league2,CO,2.5,25-30,65o,212,135,77,0,0,0,2023-09-11T20:18:56,2026-07-18T22:25:05
league2,CO,2.5,25-30,65s,81,7,74,0,0,0,2023-09-05T20:54:21,2026-07-12T22:44:11
league2,CO,2.5,25-30,66,105,2,34,0,69,0,2023-09-04T16:11:57,2026-07-04T16:22:35
league2,CO,2.5,25-30,72o,217,217,0,0,0,0,2023-09-03T19:38:54,2026-07-19T02:54:18
league2,CO,2.5,25-30,72s,65,48,17,0,0,0,2023-09-02T14:15:20,2026-07-12T13:35:41
league2,CO,2.5,25-30,73o,222,221,1,0,0,0,2023-09-06T20:52:18,2026-07-18T00:13:03
league2,CO,2.5,25-30,73s,71,50,21,0,0,0,2023-09-27T19:18:51,2026-06-17T10:38:30
league2,CO,2.5,25-30,74o,202,192,10,0,0,0,2023-09-03T19:06:04,2026-07-17T17:12:52
league2,CO,2.5,25-30,74s,73,27,46,0,0,0,2023-09-06T06:54:56,2026-06-09T12:21:25
league2,CO,2.5,25-30,75o,211,169,42,0,0,0,2023-09-05T13:23:54,2026-07-18T19:20:45
league2,CO,2.5,25-30,75s,80,9,70,0,1,0,2023-09-01T05:26:48,2026-06-06T20:09:35
league2,CO,2.5,25-30,76o,214,113,100,1,0,0,2023-09-05T19:19:29,2026-07-12T23:44:35
league2,CO,2.5,25-30,76s,78,1,76,0,1,0,2023-09-18T16:48:01,2026-06-22T20:50:45
league2,CO,2.5,25-30,77,112,0,32,0,80,0,2023-09-01T17:13:18,2026-07-17T08:32:41
league2,CO,2.5,25-30,82o,215,215,0,0,0,0,2023-09-03T19:12:38,2026-07-12T21:08:02
league2,CO,2.5,25-30,82s,78,57,21,0,0,0,2023-09-08T18:25:00,2026-07-05T05:31:09
league2,CO,2.5,25-30,83o,212,212,0,0,0,0,2023-09-03T12:53:17,2026-07-21T20:42:13
league2,CO,2.5,25-30,83s,81,51,30,0,0,0,2023-09-03T18:45:24,2026-07-11T17:10:21
league2,CO,2.5,25-30,84o,203,202,1,0,0,0,2023-09-03T09:21:56,2026-07-19T03:18:52
league2,CO,2.5,25-30,84s,54,24,30,0,0,0,2023-09-08T20:10:36,2026-07-05T18:39:53
league2,CO,2.5,25-30,85o,219,206,13,0,0,0,2023-09-02T19:24:15,2026-06-20T17:33:05
league2,CO,2.5,25-30,85s,69,14,55,0,0,0,2023-09-05T18:49:55,2026-07-05T19:18:29
league2,CO,2.5,25-30,86o,197,141,56,0,0,0,2023-09-09T19:33:44,2026-07-18T14:20:07
league2,CO,2.5,25-30,86s,75,4,71,0,0,0,2023-09-05T07:10:23,2026-07-03T12:02:51
league2,CO,2.5,25-30,87o,201,86,115,0,0,0,2023-09-06T17:01:01,2026-07-21T23:25:23
league2,CO,2.5,25-30,87s,83,0,82,0,1,0,2023-09-12T07:24:39,2026-07-06T16:12:59
league2,CO,2.5,25-30,88,98,0,14,0,84,0,2023-09-05T14:31:26,2026-07-19T22:24:46
league2,CO,2.5,25-30,92o,216,212,3,1,0,0,2023-09-09T11:23:38,2026-07-20T19:44:25
league2,CO,2.5,25-30,92s,73,55,18,0,0,0,2023-09-13T16:12:04,2026-05-09T17:38:12
league2,CO,2.5,25-30,93o,231,231,0,0,0,0,2023-09-02T16:30:43,2026-07-18T22:44:42
league2,CO,2.5,25-30,93s,75,42,33,0,0,0,2023-09-03T19:48:17,2026-07-15T20:17:37
league2,CO,2.5,25-30,94o,216,215,0,1,0,0,2023-09-01T12:03:14,2026-07-12T16:26:54
league2,CO,2.5,25-30,94s,71,38,33,0,0,0,2023-09-15T16:31:51,2026-07-02T19:20:55
league2,CO,2.5,25-30,95o,212,209,3,0,0,0,2023-09-03T20:36:29,2026-07-16T18:21:58
league2,CO,2.5,25-30,95s,70,29,41,0,0,0,2023-10-11T08:49:08,2026-07-12T18:28:17
league2,CO,2.5,25-30,96o,185,160,25,0,0,0,2023-09-12T20:27:27,2026-07-16T17:53:03
league2,CO,2.5,25-30,96s,68,12,56,0,0,0,2023-09-10T20:12:43,2026-07-17T18:43:12
league2,CO,2.5,25-30,97o,207,147,60,0,0,0,2023-09-05T21:19:12,2026-07-13T19:18:01
league2,CO,2.5,25-30,97s,74,5,68,0,1,0,2023-09-01T13:45:06,2026-06-27T21:41:35
league2,CO,2.5,25-30,98o,224,87,137,0,0,0,2023-09-06T20:22:06,2026-07-15T13:31:37
league2,CO,2.5,25-30,98s,81,5,74,0,2,0,2023-09-26T12:37:53,2026-07-17T05:40:41
league2,CO,2.5,25-30,99,115,0,4,6,105,0,2023-09-05T21:43:03,2026-07-12T20:43:33
league2,CO,2.5,25-30,A2o,217,129,78,1,9,0,2023-09-03T21:39:04,2026-07-21T12:26:06
league2,CO,2.5,25-30,A2s,65,1,53,0,11,0,2023-09-11T15:47:17,2026-07-07T18:35:18
league2,CO,2.5,25-30,A3o,201,108,83,2,8,0,2023-09-06T18:25:19,2026-07-11T15:41:48
league2,CO,2.5,25-30,A3s,89,8,69,2,10,0,2023-09-12T09:11:17,2026-06-01T02:25:30
league2,CO,2.5,25-30,A4o,208,99,102,1,6,0,2023-09-03T17:23:20,2026-07-19T15:07:23
league2,CO,2.5,25-30,A4s,73,3,58,0,12,0,2023-09-12T16:35:05,2026-07-09T16:21:01
league2,CO,2.5,25-30,A5o,206,72,112,5,17,0,2023-09-02T04:53:12,2026-07-16T08:25:58
league2,CO,2.5,25-30,A5s,65,3,48,0,14,0,2023-09-30T16:29:44,2026-07-02T16:01:00
league2,CO,2.5,25-30,A6o,239,100,126,1,12,0,2023-09-05T18:23:43,2026-07-16T15:38:35
league2,CO,2.5,25-30,A6s,81,4,65,0,12,0,2023-09-03T18:11:32,2026-07-03T08:14:36
league2,CO,2.5,25-30,A7o,212,76,126,1,9,0,2023-09-03T22:31:42,2026-06-22T12:25:35
league2,CO,2.5,25-30,A7s,75,3,61,0,11,0,2023-09-10T18:44:56,2026-06-27T17:32:42
league2,CO,2.5,25-30,A8o,194,31,144,0,19,0,2023-09-09T18:21:56,2026-07-04T19:49:20
league2,CO,2.5,25-30,A8s,60,4,49,0,7,0,2023-09-05T17:14:54,2026-02-26T22:08:56
league2,CO,2.5,25-30,A9o,235,33,161,0,41,0,2023-09-03T13:50:48,2026-07-11T09:01:55
league2,CO,2.5,25-30,A9s,63,0,55,0,8,0,2023-09-19T22:23:50,2026-07-06T07:43:11
league2,CO,2.5,25-30,AA,101,0,17,74,10,0,2023-09-03T10:53:03,2026-07-19T13:41:26
league2,CO,2.5,25-30,AJo,232,0,91,8,133,0,2023-09-04T02:16:11,2026-07-10T05:32:36
league2,CO,2.5,25-30,AJs,70,1,20,3,46,0,2023-09-03T21:41:51,2026-07-09T16:46:42
league2,CO,2.5,25-30,AKo,242,0,0,27,215,0,2023-09-01T21:08:24,2026-07-20T17:21:58
league2,CO,2.5,25-30,AKs,69,1,1,10,57,0,2023-09-13T12:32:03,2026-07-10T18:51:04
league2,CO,2.5,25-30,AQo,236,1,15,16,204,0,2023-09-05T13:31:08,2026-07-20T17:13:46
league2,CO,2.5,25-30,AQs,62,0,5,6,51,0,2023-10-02T08:37:22,2026-06-15T21:50:21
league2,CO,2.5,25-30,ATo,234,9,155,2,68,0,2023-09-03T17:52:41,2026-07-21T18:52:41
league2,CO,2.5,25-30,ATs,79,0,46,0,33,0,2023-09-22T21:08:29,2026-07-09T18:33:15
league2,CO,2.5,25-30,J2o,211,208,1,2,0,0,2023-09-04T16:37:26,2026-07-18T19:46:05
league2,CO,2.5,25-30,J2s,75,39,35,1,0,0,2023-09-03T20:48:56,2026-07-05T19:40:03
league2,CO,2.5,25-30,J3o,227,220,6,1,0,0,2023-09-02T19:11:27,2026-07-18T22:19:38
league2,CO,2.5,25-30,J3s,71,37,34,0,0,0,2023-09-03T16:44:08,2026-06-17T10:06:26
league2,CO,2.5,25-30,J4o,215,213,2,0,0,0,2023-09-04T13:54:11,2026-07-19T18:43:59
league2,CO,2.5,25-30,J4s,82,38,44,0,0,0,2023-09-04T22:12:53,2026-07-18T20:08:59
league2,CO,2.5,25-30,J5o,220,219,1,0,0,0,2023-09-03T04:26:17,2026-07-18T18:53:12
league2,CO,2.5,25-30,J5s,71,25,46,0,0,0,2023-09-16T22:18:18,2026-07-05T15:42:39
league2,CO,2.5,25-30,J6o,236,223,12,1,0,0,2023-09-05T16:30:22,2026-07-03T17:23:27
league2,CO,2.5,25-30,J6s,70,15,55,0,0,0,2023-09-20T18:43:36,2026-07-19T13:13:20
league2,CO,2.5,25-30,J7o,245,198,47,0,0,0,2023-09-03T23:04:23,2026-07-11T18:17:09
league2,CO,2.5,25-30,J7s,77,12,65,0,0,0,2023-10-04T09:13:27,2026-07-19T15:46:03
league2,CO,2.5,25-30,J8o,218,124,94,0,0,0,2023-09-03T19:41:59,2026-07-11T20:26:06
league2,CO,2.5,25-30,J8s,83,4,79,0,0,0,2023-09-12T19:01:04,2026-07-04T21:28:14
league2,CO,2.5,25-30,J9o,234,79,154,0,1,0,2023-09-01T10:22:28,2026-07-04T14:05:38
league2,CO,2.5,25-30,J9s,78,1,76,0,1,0,2023-09-11T21:26:23,2026-07-04T15:31:29
league2,CO,2.5,25-30,JJ,113,0,1,38,74,0,2023-09-04T21:46:38,2026-07-12T19:24:52
league2,CO,2.5,25-30,JTo,217,28,188,0,1,0,2023-09-05T17:14:21,2026-06-18T16:51:30
league2,CO,2.5,25-30,JTs,64,0,62,0,2,0,2023-09-12T18:52:57,2026-07-15T20:54:21
league2,CO,2.5,25-30,K2o,220,205,14,1,0,0,2023-09-08T15:37:35,2026-07-16T17:39:19
league2,CO,2.5,25-30,K2s,69,17,52,0,0,0,2023-10-19T05:19:56,2026-07-05T20:39:13
league2,CO,2.5,25-30,K3o,223,200,20,3,0,0,2023-09-12T18:47:04,2026-07-20T01:20:17
league2,CO,2.5,25-30,K3s,76,11,63,1,1,0,2023-09-16T20:28:04,2026-07-12T13:35:05
league2,CO,2.5,25-30,K4o,191,168,22,1,0,0,2023-09-02T18:44:31,2026-07-19T14:31:48
league2,CO,2.5,25-30,K4s,79,8,69,0,2,0,2023-09-09T21:51:19,2026-07-18T18:02:59
league2,CO,2.5,25-30,K5o,233,198,32,3,0,0,2023-09-05T17:11:12,2026-07-18T12:16:04
league2,CO,2.5,25-30,K5s,84,8,75,0,1,0,2023-09-02T16:28:16,2026-05-30T17:44:01
league2,CO,2.5,25-30,K6o,221,163,54,3,1,0,2023-09-01T20:29:09,2026-07-11T23:09:22
league2,CO,2.5,25-30,K6s,67,2,64,0,1,0,2023-09-06T14:50:48,2026-07-14T04:49:34
league2,CO,2.5,25-30,K7o,223,172,51,0,0,0,2023-09-10T20:28:25,2026-07-12T12:06:57
league2,CO,2.5,25-30,K7s,77,6,70,0,1,0,2023-09-11T20:52:02,2026-07-04T13:04:52
league2,CO,2.5,25-30,K8o,233,130,101,1,1,0,2023-09-03T20:39:40,2026-07-18T00:22:46
league2,CO,2.5,25-30,K8s,72,8,62,0,2,0,2023-09-08T20:45:35,2026-07-07T19:29:26
league2,CO,2.5,25-30,K9o,205,73,128,1,3,0,2023-09-03T17:07:38,2026-07-18T10:37:30
league2,CO,2.5,25-30,K9s,73,1,70,0,2,0,2023-09-05T19:14:45,2026-07-07T12:07:14
league2,CO,2.5,25-30,KJo,229,6,202,2,19,0,2023-09-05T18:08:43,2026-07-18T19:18:38
league2,CO,2.5,25-30,KJs,88,1,65,1,21,0,2023-09-05T19:13:29,2026-07-16T17:32:31
league2,CO,2.5,25-30,KK,105,0,3,77,25,0,2023-09-02T20:42:39,2026-07-10T16:12:27
league2,CO,2.5,25-30,KQo,225,3,161,0,61,0,2023-09-10T16:16:15,2026-07-21T20:45:15
league2,CO,2.5,25-30,KQs,86,0,52,0,34,0,2023-09-10T12:28:24,2026-07-19T01:24:08
league2,CO,2.5,25-30,KTo,219,24,185,3,7,0,2023-09-02T00:22:24,2026-07-14T14:20:02
league2,CO,2.5,25-30,KTs,67,0,62,0,5,0,2023-09-11T14:25:21,2026-07-12T20:45:28
league2,CO,2.5,25-30,Q2o,229,221,7,1,0,0,2023-09-02T00:14:43,2026-07-12T00:36:00
league2,CO,2.5,25-30,Q2s,77,21,55,0,1,0,2023-09-02T15:19:51,2026-05-31T16:44:54
league2,CO,2.5,25-30,Q3o,216,211,5,0,0,0,2023-09-09T03:27:21,2026-07-12T00:53:38
league2,CO,2.5,25-30,Q3s,69,24,44,1,0,0,2023-09-02T18:17:34,2026-07-05T18:27:39
league2,CO,2.5,25-30,Q4o,199,192,7,0,0,0,2023-09-05T16:27:11,2026-07-10T13:32:47
league2,CO,2.5,25-30,Q4s,78,27,51,0,0,0,2023-09-02T04:25:30,2026-06-26T21:17:40
league2,CO,2.5,25-30,Q5o,228,215,11,1,1,0,2023-09-15T14:51:58,2026-07-08T19:21:19
league2,CO,2.5,25-30,Q5s,73,14,59,0,0,0,2023-09-03T20:23:44,2026-07-14T16:31:59
league2,CO,2.5,25-30,Q6o,199,178,19,2,0,0,2023-09-02T12:46:07,2026-07-17T16:08:38
league2,CO,2.5,25-30,Q6s,72,13,59,0,0,0,2023-10-17T12:44:11,2026-07-15T08:51:09
league2,CO,2.5,25-30,Q7o,237,195,41,0,1,0,2023-09-02T09:45:27,2026-07-13T17:19:35
league2,CO,2.5,25-30,Q7s,65,8,57,0,0,0,2023-09-06T05:11:58,2026-07-04T21:12:42
league2,CO,2.5,25-30,Q8o,252,177,74,1,0,0,2023-09-05T15:30:01,2026-07-04T19:05:38
league2,CO,2.5,25-30,Q8s,75,2,70,0,3,0,2023-09-23T16:09:42,2026-07-17T18:30:53
league2,CO,2.5,25-30,Q9o,211,71,140,0,0,0,2023-09-03T17:23:56,2026-07-13T17:35:47
league2,CO,2.5,25-30,Q9s,72,0,72,0,0,0,2023-09-04T17:19:21,2026-07-05T20:06:29
league2,CO,2.5,25-30,QJo,213,13,193,0,7,0,2023-09-02T15:45:19,2026-07-21T20:12:50
league2,CO,2.5,25-30,QJs,69,0,61,0,8,0,2023-09-02T14:15:04,2026-07-05T18:35:45
league2,CO,2.5,25-30,QQ,132,0,1,69,62,0,2023-09-08T21:12:42,2026-07-13T18:44:49
league2,CO,2.5,25-30,QTo,230,23,205,0,2,0,2023-09-03T17:44:16,2026-07-16T16:23:22
league2,CO,2.5,25-30,QTs,67,2,62,0,3,0,2023-09-10T18:04:59,2026-05-21T19:21:09
league2,CO,2.5,25-30,T2o,198,196,2,0,0,0,2023-09-13T07:20:14,2026-07-19T04:17:03
league2,CO,2.5,25-30,T2s,64,36,28,0,0,0,2023-09-19T14:20:57,2026-06-26T15:44:33
league2,CO,2.5,25-30,T3o,222,217,3,2,0,0,2023-09-01T12:06:02,2026-07-05T20:40:57
league2,CO,2.5,25-30,T3s,73,46,26,0,1,0,2023-09-05T19:31:27,2026-07-04T13:25:12
league2,CO,2.5,25-30,T4o,222,221,1,0,0,0,2023-09-03T14:37:59,2026-07-04T12:01:00
league2,CO,2.5,25-30,T4s,64,33,31,0,0,0,2023-09-04T07:13:32,2026-07-15T19:20:18
league2,CO,2.5,25-30,T5o,221,217,3,1,0,0,2023-09-01T12:45:02,2026-07-19T22:16:55
league2,CO,2.5,25-30,T5s,83,44,39,0,0,0,2023-09-08T18:01:00,2026-07-14T17:53:26
league2,CO,2.5,25-30,T6o,218,204,14,0,0,0,2023-09-01T14:16:45,2026-07-08T18:06:10
league2,CO,2.5,25-30,T6s,70,18,52,0,0,0,2023-09-04T15:11:24,2026-07-14T18:27:38
league2,CO,2.5,25-30,T7o,215,160,55,0,0,0,2023-09-01T18:54:58,2026-07-17T15:15:37
league2,CO,2.5,25-30,T7s,85,13,72,0,0,0,2023-09-01T20:16:28,2026-05-26T09:01:53
league2,CO,2.5,25-30,T8o,226,139,87,0,0,0,2023-09-01T06:40:12,2026-07-17T21:22:59
league2,CO,2.5,25-30,T8s,83,3,79,0,1,0,2023-09-26T19:49:15,2026-06-25T18:04:01
league2,CO,2.5,25-30,T9o,225,69,153,1,2,0,2023-09-02T12:19:08,2026-07-09T11:08:12
league2,CO,2.5,25-30,T9s,89,2,83,0,4,0,2023-09-03T19:49:35,2026-07-12T15:10:25
league2,CO,2.5,25-30,TT,107,0,4,7,96,0,2023-09-01T16:25:48,2026-06-08T14:05:06
league2,CO,2.5,30-35,__MISSING__,2374,1417,824,53,80,0,2023-09-01T08:36:40,2026-07-21T23:07:09
league2,CO,2.5,30-35,22,102,3,85,0,14,0,2023-09-01T20:19:40,2026-06-30T15:51:21
league2,CO,2.5,30-35,32o,210,204,6,0,0,0,2023-09-01T21:27:33,2026-07-17T21:16:34
league2,CO,2.5,30-35,32s,55,30,25,0,0,0,2023-10-29T19:03:17,2026-05-24T19:07:28
league2,CO,2.5,30-35,33,97,0,66,0,31,0,2023-09-07T17:48:26,2026-05-26T16:06:57
league2,CO,2.5,30-35,42o,229,224,4,1,0,0,2023-09-05T12:45:37,2026-07-16T17:01:57
league2,CO,2.5,30-35,42s,71,40,30,1,0,0,2023-09-08T20:16:51,2026-07-10T14:49:22
league2,CO,2.5,30-35,43o,192,178,14,0,0,0,2023-09-08T18:28:59,2026-07-18T18:11:28
league2,CO,2.5,30-35,43s,64,16,48,0,0,0,2023-09-03T14:40:12,2026-06-22T17:23:42
league2,CO,2.5,30-35,44,112,2,71,1,38,0,2023-09-12T15:23:31,2026-06-13T21:16:07
league2,CO,2.5,30-35,52o,208,206,2,0,0,0,2023-09-05T08:43:17,2026-07-18T00:22:07
league2,CO,2.5,30-35,52s,56,31,25,0,0,0,2023-10-01T01:28:32,2026-06-18T21:01:39
league2,CO,2.5,30-35,53o,198,191,7,0,0,0,2023-09-13T18:53:10,2026-07-18T23:40:16
league2,CO,2.5,30-35,53s,70,19,51,0,0,0,2023-09-11T06:49:28,2026-06-07T12:07:06
league2,CO,2.5,30-35,54o,208,158,50,0,0,0,2023-09-07T13:43:15,2026-07-10T00:53:17
league2,CO,2.5,30-35,54s,67,7,60,0,0,0,2023-09-13T20:23:58,2026-07-04T20:52:35
league2,CO,2.5,30-35,55,110,3,55,0,52,0,2023-09-04T00:47:42,2026-06-19T19:21:27
league2,CO,2.5,30-35,62o,209,206,2,1,0,0,2023-09-09T17:24:05,2026-06-26T23:42:34
league2,CO,2.5,30-35,62s,65,41,24,0,0,0,2023-09-09T17:07:17,2026-07-04T19:31:47
league2,CO,2.5,30-35,63o,215,209,6,0,0,0,2023-09-01T19:31:21,2026-07-16T14:40:24
league2,CO,2.5,30-35,63s,64,22,42,0,0,0,2023-09-07T17:24:28,2026-07-18T16:47:53
league2,CO,2.5,30-35,64o,198,170,28,0,0,0,2023-09-07T20:30:31,2026-07-17T16:42:48
league2,CO,2.5,30-35,64s,63,12,51,0,0,0,2023-09-07T20:05:34,2026-07-17T08:42:10
league2,CO,2.5,30-35,65o,206,108,98,0,0,0,2023-09-04T17:29:51,2026-07-19T18:06:10
league2,CO,2.5,30-35,65s,66,0,66,0,0,0,2023-09-09T17:25:02,2026-06-26T18:28:59
league2,CO,2.5,30-35,66,111,1,56,0,54,0,2023-09-01T19:21:37,2026-07-13T21:20:30
league2,CO,2.5,30-35,72o,210,209,0,1,0,0,2023-09-10T06:43:54,2026-07-19T18:49:38
league2,CO,2.5,30-35,72s,70,51,19,0,0,0,2023-09-04T17:34:22,2026-07-15T04:29:26
league2,CO,2.5,30-35,73o,218,217,1,0,0,0,2023-09-01T08:14:34,2026-07-04T22:05:23
league2,CO,2.5,30-35,73s,66,27,39,0,0,0,2023-09-05T17:45:14,2026-07-18T20:12:59
league2,CO,2.5,30-35,74o,187,183,3,1,0,0,2023-09-07T14:21:06,2026-07-08T15:50:10
league2,CO,2.5,30-35,74s,75,20,54,1,0,0,2023-09-06T16:03:50,2026-06-07T20:32:29
league2,CO,2.5,30-35,75o,223,172,51,0,0,0,2023-09-02T20:18:17,2026-07-20T17:11:57
league2,CO,2.5,30-35,75s,55,5,50,0,0,0,2023-09-07T16:21:57,2026-07-15T16:13:55
league2,CO,2.5,30-35,76o,212,101,111,0,0,0,2023-09-19T15:47:05,2026-07-20T02:31:46
league2,CO,2.5,30-35,76s,81,4,77,0,0,0,2023-09-04T20:30:41,2026-07-12T16:52:39
league2,CO,2.5,30-35,77,123,0,49,3,71,0,2023-09-01T18:02:07,2026-07-09T17:38:11
league2,CO,2.5,30-35,82o,206,203,0,3,0,0,2023-09-11T17:14:25,2026-07-21T00:35:11
league2,CO,2.5,30-35,82s,71,47,23,1,0,0,2023-09-12T18:19:42,2026-06-22T12:26:46
league2,CO,2.5,30-35,83o,226,224,2,0,0,0,2023-09-03T20:14:14,2026-07-19T15:19:14
league2,CO,2.5,30-35,83s,81,52,29,0,0,0,2023-09-05T19:15:16,2026-07-21T07:16:09
league2,CO,2.5,30-35,84o,187,185,2,0,0,0,2023-09-10T10:54:25,2026-07-20T00:32:43
league2,CO,2.5,30-35,84s,62,26,36,0,0,0,2023-09-07T12:06:13,2026-06-27T11:26:58
league2,CO,2.5,30-35,85o,232,211,21,0,0,0,2023-09-06T19:38:41,2026-07-14T13:43:01
league2,CO,2.5,30-35,85s,76,15,61,0,0,0,2023-09-08T07:12:02,2026-07-21T12:41:47
league2,CO,2.5,30-35,86o,199,143,56,0,0,0,2023-09-03T16:21:40,2026-07-10T13:07:19
league2,CO,2.5,30-35,86s,77,10,67,0,0,0,2023-09-08T21:05:03,2026-07-16T20:33:56
league2,CO,2.5,30-35,87o,188,66,122,0,0,0,2023-09-02T20:09:13,2026-07-19T17:34:41
league2,CO,2.5,30-35,87s,62,0,62,0,0,0,2023-09-02T15:21:05,2026-05-20T11:18:19
league2,CO,2.5,30-35,88,109,1,27,3,78,0,2023-09-03T20:25:20,2026-06-18T17:25:03
league2,CO,2.5,30-35,92o,217,216,1,0,0,0,2023-09-07T11:44:13,2026-07-12T14:34:09
league2,CO,2.5,30-35,92s,70,54,16,0,0,0,2023-10-01T20:38:02,2026-07-05T17:22:57
league2,CO,2.5,30-35,93o,183,182,1,0,0,0,2023-09-01T10:27:16,2026-07-16T17:16:24
league2,CO,2.5,30-35,93s,64,42,22,0,0,0,2023-09-12T19:53:07,2026-07-21T08:47:33
league2,CO,2.5,30-35,94o,202,202,0,0,0,0,2023-09-14T21:41:46,2026-07-19T01:44:10
league2,CO,2.5,30-35,94s,79,42,37,0,0,0,2023-09-05T17:02:08,2026-07-10T19:15:00
league2,CO,2.5,30-35,95o,230,225,5,0,0,0,2023-09-03T20:09:49,2026-07-12T00:37:00
league2,CO,2.5,30-35,95s,63,20,43,0,0,0,2023-09-03T19:43:33,2026-07-17T21:07:34
league2,CO,2.5,30-35,96o,225,199,26,0,0,0,2023-09-08T16:07:11,2026-07-19T21:04:09
league2,CO,2.5,30-35,96s,81,12,69,0,0,0,2023-09-01T12:20:42,2026-07-14T13:02:42
league2,CO,2.5,30-35,97o,219,142,76,1,0,0,2023-09-03T19:05:14,2026-07-18T07:21:54
league2,CO,2.5,30-35,97s,84,6,78,0,0,0,2023-09-20T16:43:26,2026-07-20T23:19:37
league2,CO,2.5,30-35,98o,230,71,159,0,0,0,2023-09-03T22:34:11,2026-07-21T18:53:31
league2,CO,2.5,30-35,98s,71,1,70,0,0,0,2023-09-12T20:29:37,2026-05-10T20:44:26
league2,CO,2.5,30-35,99,112,1,15,6,90,0,2023-09-06T20:51:27,2026-07-02T00:49:25
league2,CO,2.5,30-35,A2o,189,96,83,6,4,0,2023-09-03T21:01:01,2026-07-21T16:01:00
league2,CO,2.5,30-35,A2s,87,0,80,3,4,0,2023-09-19T23:31:21,2026-07-07T21:13:48
league2,CO,2.5,30-35,A3o,203,100,88,7,8,0,2023-09-03T19:36:48,2026-07-19T20:40:20
league2,CO,2.5,30-35,A3s,63,0,58,2,3,0,2023-10-01T18:22:58,2026-07-21T15:44:17
league2,CO,2.5,30-35,A4o,216,100,105,4,7,0,2023-09-07T14:53:29,2026-07-21T22:21:58
league2,CO,2.5,30-35,A4s,85,2,78,0,5,0,2023-09-13T19:46:39,2026-07-17T19:32:31
league2,CO,2.5,30-35,A5o,209,59,132,5,13,0,2023-09-03T18:08:25,2026-07-18T15:15:43
league2,CO,2.5,30-35,A5s,63,2,55,0,6,0,2023-10-03T19:16:11,2026-07-18T00:44:36
league2,CO,2.5,30-35,A6o,205,76,117,5,7,0,2023-09-07T19:24:14,2026-07-03T17:17:11
league2,CO,2.5,30-35,A6s,66,0,62,0,4,0,2023-09-02T19:31:34,2026-06-29T19:13:05
league2,CO,2.5,30-35,A7o,203,54,142,1,6,0,2023-09-02T10:39:34,2026-07-18T23:16:26
league2,CO,2.5,30-35,A7s,70,2,63,0,5,0,2023-09-12T19:35:15,2026-06-03T21:26:22
league2,CO,2.5,30-35,A8o,203,38,154,4,7,0,2023-09-07T13:47:14,2026-07-13T18:13:28
league2,CO,2.5,30-35,A8s,69,0,58,1,10,0,2023-09-25T20:14:03,2026-07-19T05:21:47
league2,CO,2.5,30-35,A9o,197,18,159,1,19,0,2023-09-08T20:44:23,2026-07-20T20:05:10
league2,CO,2.5,30-35,A9s,78,0,67,0,11,0,2023-09-14T14:09:01,2026-06-26T17:06:27
league2,CO,2.5,30-35,AA,116,1,4,102,9,0,2023-09-12T16:43:23,2026-07-11T20:19:46
league2,CO,2.5,30-35,AJo,239,3,118,12,106,0,2023-09-06T20:25:48,2026-07-21T00:13:32
league2,CO,2.5,30-35,AJs,57,0,25,3,29,0,2023-09-03T14:40:47,2026-05-17T21:07:18
league2,CO,2.5,30-35,AKo,194,0,0,47,147,0,2023-09-05T14:49:21,2026-07-18T10:08:43
league2,CO,2.5,30-35,AKs,78,1,0,30,47,0,2023-09-07T18:38:27,2026-06-24T20:27:59
league2,CO,2.5,30-35,AQo,223,0,29,27,167,0,2023-09-04T19:25:37,2026-07-05T23:04:25
league2,CO,2.5,30-35,AQs,82,0,8,28,46,0,2023-09-13T17:38:07,2026-07-12T14:53:05
league2,CO,2.5,30-35,ATo,232,2,182,2,46,0,2023-09-02T20:04:28,2026-07-19T15:23:28
league2,CO,2.5,30-35,ATs,76,1,57,1,17,0,2023-09-08T17:19:18,2026-06-20T20:35:58
league2,CO,2.5,30-35,J2o,223,222,1,0,0,0,2023-09-04T17:11:17,2026-07-21T20:10:57
league2,CO,2.5,30-35,J2s,64,29,35,0,0,0,2023-09-29T17:16:45,2026-07-11T08:48:52
league2,CO,2.5,30-35,J3o,207,203,4,0,0,0,2023-09-08T16:28:55,2026-07-19T18:47:21
league2,CO,2.5,30-35,J3s,61,26,34,1,0,0,2023-09-11T07:26:51,2026-06-21T17:40:31
league2,CO,2.5,30-35,J4o,197,191,6,0,0,0,2023-09-02T17:07:34,2026-07-14T18:02:47
league2,CO,2.5,30-35,J4s,78,29,48,1,0,0,2023-09-11T12:33:13,2026-07-13T09:54:59
league2,CO,2.5,30-35,J5o,209,203,5,1,0,0,2023-09-04T06:24:03,2026-07-13T18:53:35
league2,CO,2.5,30-35,J5s,71,30,41,0,0,0,2023-09-16T08:18:41,2026-07-17T23:06:39
league2,CO,2.5,30-35,J6o,200,194,6,0,0,0,2023-09-01T20:50:37,2026-07-18T00:17:11
league2,CO,2.5,30-35,J6s,64,21,43,0,0,0,2023-09-05T21:10:18,2026-05-18T07:02:06
league2,CO,2.5,30-35,J7o,192,146,45,1,0,0,2023-09-03T21:40:51,2026-07-11T19:34:56
league2,CO,2.5,30-35,J7s,88,9,79,0,0,0,2023-09-04T15:30:09,2026-07-21T22:15:21
league2,CO,2.5,30-35,J8o,208,102,106,0,0,0,2023-09-05T20:47:02,2026-07-14T11:54:05
league2,CO,2.5,30-35,J8s,61,1,60,0,0,0,2023-09-04T21:51:25,2026-07-20T13:37:46
league2,CO,2.5,30-35,J9o,195,54,141,0,0,0,2023-09-05T16:33:45,2026-06-30T08:41:25
league2,CO,2.5,30-35,J9s,60,2,56,0,2,0,2023-09-09T17:29:47,2026-06-13T20:36:06
league2,CO,2.5,30-35,JJ,106,0,2,41,63,0,2023-09-04T21:49:06,2026-07-09T14:47:28
league2,CO,2.5,30-35,JTo,226,16,208,1,1,0,2023-09-04T17:02:10,2026-06-30T13:48:44
league2,CO,2.5,30-35,JTs,75,0,72,0,3,0,2023-09-08T08:42:52,2026-07-14T00:27:56
league2,CO,2.5,30-35,K2o,232,210,17,5,0,0,2023-09-02T19:16:59,2026-07-12T11:46:36
league2,CO,2.5,30-35,K2s,75,10,64,0,1,0,2023-09-06T19:11:53,2026-07-10T22:26:46
league2,CO,2.5,30-35,K3o,215,183,24,8,0,0,2023-09-01T11:44:40,2026-07-21T20:06:41
league2,CO,2.5,30-35,K3s,56,6,49,1,0,0,2023-09-28T06:34:44,2026-06-20T19:17:29
league2,CO,2.5,30-35,K4o,193,161,27,5,0,0,2023-09-03T16:31:52,2026-07-13T19:06:42
league2,CO,2.5,30-35,K4s,54,7,46,1,0,0,2023-10-06T18:34:33,2026-07-11T17:07:00
league2,CO,2.5,30-35,K5o,226,191,32,3,0,0,2023-09-01T12:53:58,2026-07-12T18:14:25
league2,CO,2.5,30-35,K5s,60,7,52,1,0,0,2023-09-19T08:29:18,2026-05-24T00:08:50
league2,CO,2.5,30-35,K6o,213,160,48,5,0,0,2023-09-04T22:02:41,2026-07-07T09:36:35
league2,CO,2.5,30-35,K6s,78,5,73,0,0,0,2023-09-12T15:15:21,2026-06-15T22:18:43
league2,CO,2.5,30-35,K7o,202,130,70,2,0,0,2023-09-05T17:25:49,2026-07-17T19:50:58
league2,CO,2.5,30-35,K7s,77,3,73,0,1,0,2023-10-12T17:05:58,2026-06-28T18:53:03
league2,CO,2.5,30-35,K8o,241,143,98,0,0,0,2023-09-02T18:07:50,2026-07-19T14:44:39
league2,CO,2.5,30-35,K8s,81,3,78,0,0,0,2023-09-02T14:51:51,2026-07-20T19:20:32
league2,CO,2.5,30-35,K9o,216,61,154,1,0,0,2023-09-01T12:43:16,2026-07-13T21:35:10
league2,CO,2.5,30-35,K9s,64,3,60,0,1,0,2023-09-17T17:51:28,2026-07-09T16:53:21
league2,CO,2.5,30-35,KJo,234,4,215,3,12,0,2023-09-02T14:28:14,2026-07-12T20:32:22
league2,CO,2.5,30-35,KJs,83,0,71,1,11,0,2023-09-02T17:11:53,2026-07-21T14:54:59
league2,CO,2.5,30-35,KK,116,0,0,101,15,0,2023-09-20T17:31:18,2026-07-03T16:47:07
league2,CO,2.5,30-35,KQo,237,2,201,3,31,0,2023-09-02T16:42:46,2026-07-21T10:26:17
league2,CO,2.5,30-35,KQs,78,0,61,3,14,0,2023-09-10T17:40:57,2026-06-21T15:20:15
league2,CO,2.5,30-35,KTo,245,22,220,0,3,0,2023-09-08T06:42:33,2026-07-19T18:04:05
league2,CO,2.5,30-35,KTs,82,0,74,0,8,0,2023-09-15T21:16:13,2026-07-06T23:03:54
league2,CO,2.5,30-35,Q2o,232,227,5,0,0,0,2023-09-01T20:54:44,2026-07-16T20:17:08
league2,CO,2.5,30-35,Q2s,79,17,61,1,0,0,2023-09-08T13:38:56,2026-05-27T15:32:50
league2,CO,2.5,30-35,Q3o,217,209,6,2,0,0,2023-09-05T21:39:40,2026-07-17T20:49:40
league2,CO,2.5,30-35,Q3s,60,16,43,1,0,0,2023-11-06T23:31:58,2026-05-17T19:12:40
league2,CO,2.5,30-35,Q4o,199,193,4,2,0,0,2023-09-05T22:42:57,2026-07-05T23:11:33
league2,CO,2.5,30-35,Q4s,72,17,54,0,1,0,2023-09-03T20:21:16,2026-05-28T13:34:09
league2,CO,2.5,30-35,Q5o,208,196,11,1,0,0,2023-09-07T19:19:39,2026-07-12T17:28:41
league2,CO,2.5,30-35,Q5s,85,12,73,0,0,0,2023-09-09T16:21:20,2026-07-12T18:20:36
league2,CO,2.5,30-35,Q6o,209,189,18,2,0,0,2023-09-05T17:28:32,2026-07-15T19:29:22
league2,CO,2.5,30-35,Q6s,75,12,63,0,0,0,2023-09-09T17:14:19,2026-07-20T05:27:54
league2,CO,2.5,30-35,Q7o,209,179,29,1,0,0,2023-09-05T18:48:26,2026-07-15T14:02:59
league2,CO,2.5,30-35,Q7s,77,14,63,0,0,0,2023-09-03T20:14:53,2026-06-25T09:30:28
league2,CO,2.5,30-35,Q8o,214,110,104,0,0,0,2023-09-12T18:09:29,2026-07-16T11:24:51
league2,CO,2.5,30-35,Q8s,69,4,64,0,1,0,2023-09-04T22:28:05,2026-06-14T15:48:24
league2,CO,2.5,30-35,Q9o,203,77,125,0,1,0,2023-09-01T14:24:16,2026-07-19T22:39:53
league2,CO,2.5,30-35,Q9s,68,1,67,0,0,0,2023-09-11T17:34:52,2026-07-18T01:18:34
league2,CO,2.5,30-35,QJo,216,8,206,0,2,0,2023-09-04T18:44:51,2026-07-19T20:42:45
league2,CO,2.5,30-35,QJs,71,1,62,0,8,0,2023-10-07T09:06:16,2026-07-18T19:01:04
league2,CO,2.5,30-35,QQ,121,0,1,93,27,0,2023-09-09T19:09:38,2026-07-12T10:17:27
league2,CO,2.5,30-35,QTo,225,15,208,0,2,0,2023-09-02T21:22:57,2026-07-13T21:23:53
league2,CO,2.5,30-35,QTs,81,1,76,0,4,0,2023-09-01T18:50:38,2026-06-10T00:48:45
league2,CO,2.5,30-35,T2o,205,202,3,0,0,0,2023-09-10T17:23:05,2026-07-18T13:27:16
league2,CO,2.5,30-35,T2s,75,50,25,0,0,0,2023-09-08T19:20:28,2026-07-02T02:41:38
league2,CO,2.5,30-35,T3o,215,213,0,2,0,0,2023-09-01T20:13:59,2026-07-04T15:01:00
league2,CO,2.5,30-35,T3s,67,30,37,0,0,0,2023-09-03T18:29:28,2026-06-26T17:21:44
league2,CO,2.5,30-35,T4o,238,236,2,0,0,0,2023-09-09T08:40:28,2026-07-21T21:36:55
league2,CO,2.5,30-35,T4s,75,46,29,0,0,0,2023-09-03T18:01:01,2026-06-06T02:06:18
league2,CO,2.5,30-35,T5o,214,210,3,1,0,0,2023-09-04T20:12:05,2026-07-18T14:11:26
league2,CO,2.5,30-35,T5s,74,25,49,0,0,0,2023-09-12T20:35:57,2026-07-18T18:43:54
league2,CO,2.5,30-35,T6o,204,194,10,0,0,0,2023-09-04T20:53:56,2026-07-05T18:07:54
league2,CO,2.5,30-35,T6s,63,13,49,1,0,0,2023-09-17T20:01:02,2026-07-05T17:26:17
league2,CO,2.5,30-35,T7o,199,161,38,0,0,0,2023-09-05T14:25:17,2026-07-18T20:31:56
league2,CO,2.5,30-35,T7s,66,3,62,0,1,0,2023-09-16T18:38:09,2026-07-11T09:23:13
league2,CO,2.5,30-35,T8o,232,109,123,0,0,0,2023-09-07T19:51:05,2026-07-19T09:20:16
league2,CO,2.5,30-35,T8s,77,5,70,0,2,0,2023-10-23T03:30:15,2026-07-17T23:11:24
league2,CO,2.5,30-35,T9o,230,54,174,0,2,0,2023-09-01T19:46:11,2026-07-20T18:23:25
league2,CO,2.5,30-35,T9s,69,0,66,0,3,0,2023-09-02T16:30:00,2026-07-06T07:33:17
league2,CO,2.5,30-35,TT,111,0,6,16,89,0,2023-09-10T23:21:04,2026-07-05T21:14:21
league2,CO,2.5,35-40,__MISSING__,2399,1456,821,60,62,0,2023-09-01T17:51:48,2026-07-21T23:23:20
league2,CO,2.5,35-40,22,84,2,69,1,12,0,2023-09-21T14:17:36,2026-07-16T16:17:49
league2,CO,2.5,35-40,32o,175,171,4,0,0,0,2023-09-03T21:13:13,2026-06-25T16:10:52
league2,CO,2.5,35-40,32s,67,32,35,0,0,0,2023-10-23T17:49:35,2026-07-05T17:35:10
league2,CO,2.5,35-40,33,112,3,98,0,11,0,2023-09-16T16:36:34,2026-07-21T19:07:13
league2,CO,2.5,35-40,42o,191,189,2,0,0,0,2023-09-10T16:23:53,2026-07-11T16:15:33
league2,CO,2.5,35-40,42s,66,29,37,0,0,0,2023-09-05T17:35:04,2026-07-14T01:42:40
league2,CO,2.5,35-40,43o,192,179,11,2,0,0,2023-09-04T11:18:13,2026-07-14T12:54:41
league2,CO,2.5,35-40,43s,67,10,57,0,0,0,2023-09-03T19:02:55,2026-06-13T01:39:19
league2,CO,2.5,35-40,44,113,0,100,2,11,0,2023-09-03T11:30:27,2026-07-11T19:22:48
league2,CO,2.5,35-40,52o,207,202,4,1,0,0,2023-09-03T16:30:39,2026-07-12T12:48:08
league2,CO,2.5,35-40,52s,73,36,37,0,0,0,2023-09-03T17:52:06,2026-06-22T02:22:09
league2,CO,2.5,35-40,53o,197,190,7,0,0,0,2023-09-04T20:03:27,2026-07-17T15:22:31
league2,CO,2.5,35-40,53s,58,16,42,0,0,0,2023-09-05T18:23:13,2026-07-13T22:09:22
league2,CO,2.5,35-40,54o,171,123,48,0,0,0,2023-09-01T19:16:29,2026-06-25T13:50:40
league2,CO,2.5,35-40,54s,64,8,56,0,0,0,2023-09-02T05:30:58,2026-07-11T19:53:42
league2,CO,2.5,35-40,55,106,0,84,0,22,0,2023-09-05T18:51:03,2026-07-17T06:30:56
league2,CO,2.5,35-40,62o,209,208,0,1,0,0,2023-09-02T22:42:50,2026-07-20T15:14:22
league2,CO,2.5,35-40,62s,64,39,25,0,0,0,2023-09-22T18:43:13,2026-06-24T00:43:55
league2,CO,2.5,35-40,63o,216,212,4,0,0,0,2023-09-04T21:47:21,2026-07-17T20:31:58
league2,CO,2.5,35-40,63s,61,20,41,0,0,0,2023-09-17T20:32:36,2026-07-18T22:28:00
league2,CO,2.5,35-40,64o,209,178,30,1,0,0,2023-09-04T16:13:41,2026-07-14T14:05:08
league2,CO,2.5,35-40,64s,57,8,49,0,0,0,2023-09-05T17:11:51,2026-05-19T19:04:01
league2,CO,2.5,35-40,65o,218,121,97,0,0,0,2023-09-02T19:40:12,2026-07-18T22:33:09
league2,CO,2.5,35-40,65s,72,0,72,0,0,0,2023-09-09T19:24:56,2026-07-07T18:53:12
league2,CO,2.5,35-40,66,83,1,57,0,25,0,2023-09-19T20:41:25,2026-07-16T23:38:18
league2,CO,2.5,35-40,72o,219,217,0,2,0,0,2023-09-02T07:32:57,2026-07-19T22:35:01
league2,CO,2.5,35-40,72s,60,45,15,0,0,0,2023-09-24T20:50:24,2026-06-23T17:11:03
league2,CO,2.5,35-40,73o,213,210,2,1,0,0,2023-09-06T14:53:40,2026-07-18T02:08:25
league2,CO,2.5,35-40,73s,67,24,43,0,0,0,2023-09-03T19:41:34,2026-07-04T10:19:23
league2,CO,2.5,35-40,74o,205,197,8,0,0,0,2023-09-04T08:22:25,2026-07-21T21:13:18
league2,CO,2.5,35-40,74s,77,11,66,0,0,0,2023-09-05T18:19:06,2026-07-10T22:01:00
league2,CO,2.5,35-40,75o,187,131,55,1,0,0,2023-09-07T17:30:30,2026-07-14T12:51:39
league2,CO,2.5,35-40,75s,61,5,56,0,0,0,2023-09-12T18:24:58,2026-07-17T14:01:00
league2,CO,2.5,35-40,76o,208,95,111,2,0,0,2023-09-08T16:03:38,2026-07-17T22:17:58
league2,CO,2.5,35-40,76s,67,1,65,0,1,0,2023-09-02T20:31:35,2026-07-15T17:07:37
league2,CO,2.5,35-40,77,102,0,57,2,43,0,2023-09-12T17:27:45,2026-06-23T19:35:52
league2,CO,2.5,35-40,82o,186,186,0,0,0,0,2023-09-01T21:20:20,2026-07-18T13:08:56
league2,CO,2.5,35-40,82s,67,42,25,0,0,0,2023-09-05T12:45:52,2026-07-10T12:02:47
league2,CO,2.5,35-40,83o,219,219,0,0,0,0,2023-09-04T19:18:09,2026-07-17T15:13:26
league2,CO,2.5,35-40,83s,70,48,22,0,0,0,2023-09-02T17:44:24,2026-07-12T09:48:40
league2,CO,2.5,35-40,84o,208,203,5,0,0,0,2023-09-02T13:39:43,2026-07-17T15:07:41
league2,CO,2.5,35-40,84s,56,15,41,0,0,0,2023-10-13T15:01:00,2026-07-15T12:36:44
league2,CO,2.5,35-40,85o,189,165,24,0,0,0,2023-09-02T20:01:54,2026-07-20T23:49:49
league2,CO,2.5,35-40,85s,59,9,49,0,1,0,2023-09-09T19:19:42,2026-07-19T08:01:58
league2,CO,2.5,35-40,86o,201,125,76,0,0,0,2023-09-01T19:41:18,2026-07-11T20:17:37
league2,CO,2.5,35-40,86s,59,1,58,0,0,0,2023-09-06T16:24:01,2026-07-04T19:17:40
league2,CO,2.5,35-40,87o,184,70,112,2,0,0,2023-09-03T15:06:52,2026-07-18T13:14:12
league2,CO,2.5,35-40,87s,78,2,75,0,1,0,2023-09-08T17:09:24,2026-07-14T00:37:53
league2,CO,2.5,35-40,88,100,0,35,8,57,0,2023-09-11T10:12:08,2026-07-13T16:54:35
league2,CO,2.5,35-40,92o,190,190,0,0,0,0,2023-09-04T21:39:19,2026-07-18T17:22:28
league2,CO,2.5,35-40,92s,67,45,22,0,0,0,2023-09-05T14:07:18,2026-07-01T18:22:03
league2,CO,2.5,35-40,93o,214,211,2,1,0,0,2023-09-06T17:26:25,2026-07-18T14:11:12
league2,CO,2.5,35-40,93s,67,41,26,0,0,0,2023-09-04T22:33:35,2026-06-20T20:08:58
league2,CO,2.5,35-40,94o,201,201,0,0,0,0,2023-09-08T14:40:49,2026-07-08T14:44:48
league2,CO,2.5,35-40,94s,54,31,22,1,0,0,2023-10-03T08:44:25,2026-07-16T10:44:50
league2,CO,2.5,35-40,95o,202,196,6,0,0,0,2023-09-02T04:32:11,2026-07-15T20:25:33
league2,CO,2.5,35-40,95s,67,24,42,0,1,0,2023-09-07T14:25:41,2026-06-18T21:34:01
league2,CO,2.5,35-40,96o,194,162,32,0,0,0,2023-09-03T20:03:18,2026-07-17T23:36:10
league2,CO,2.5,35-40,96s,74,13,61,0,0,0,2023-09-03T20:16:44,2026-07-12T12:17:25
league2,CO,2.5,35-40,97o,199,110,88,1,0,0,2023-09-03T20:29:27,2026-07-19T18:11:04
league2,CO,2.5,35-40,97s,58,3,54,1,0,0,2023-09-29T09:35:07,2026-07-13T20:31:20
league2,CO,2.5,35-40,98o,198,55,143,0,0,0,2023-09-04T21:42:03,2026-07-13T22:41:38
league2,CO,2.5,35-40,98s,66,3,62,0,1,0,2023-09-06T17:05:46,2026-07-18T14:48:57
league2,CO,2.5,35-40,99,120,1,31,19,69,0,2023-09-25T07:46:59,2026-07-18T16:39:16
league2,CO,2.5,35-40,A2o,192,87,95,9,1,0,2023-09-07T17:13:58,2026-07-19T20:14:38
league2,CO,2.5,35-40,A2s,78,1,74,0,3,0,2023-09-08T18:30:35,2026-06-26T19:38:25
league2,CO,2.5,35-40,A3o,210,101,99,9,1,0,2023-09-05T16:25:56,2026-06-29T15:30:31
league2,CO,2.5,35-40,A3s,59,0,56,2,1,0,2023-09-12T16:06:33,2026-07-19T16:33:41
league2,CO,2.5,35-40,A4o,182,75,95,10,2,0,2023-09-02T17:10:03,2026-07-06T18:26:19
league2,CO,2.5,35-40,A4s,68,1,64,0,3,0,2023-09-22T16:04:15,2026-07-20T10:50:43
league2,CO,2.5,35-40,A5o,216,72,131,9,4,0,2023-09-09T18:06:55,2026-07-19T17:53:05
league2,CO,2.5,35-40,A5s,67,3,61,2,1,0,2023-09-06T19:18:01,2026-07-10T20:24:43
league2,CO,2.5,35-40,A6o,203,89,105,8,1,0,2023-09-04T14:43:56,2026-07-18T20:41:12
league2,CO,2.5,35-40,A6s,65,1,62,1,1,0,2023-09-12T20:22:37,2026-06-22T11:53:35
league2,CO,2.5,35-40,A7o,231,68,157,4,2,0,2023-09-09T19:03:16,2026-07-16T19:09:01
league2,CO,2.5,35-40,A7s,65,0,62,0,3,0,2023-10-16T09:31:22,2026-06-30T21:31:40
league2,CO,2.5,35-40,A8o,225,37,185,1,2,0,2023-09-04T18:41:49,2026-07-19T19:21:07
league2,CO,2.5,35-40,A8s,53,3,48,1,1,0,2023-10-04T19:44:40,2026-07-21T12:01:00
league2,CO,2.5,35-40,A9o,185,21,155,2,7,0,2023-09-03T17:34:55,2026-07-14T13:54:54
league2,CO,2.5,35-40,A9s,74,2,67,0,5,0,2023-09-14T19:30:35,2026-06-24T08:20:37
league2,CO,2.5,35-40,AA,90,0,4,86,0,0,2023-09-04T13:54:26,2026-07-11T14:46:31
league2,CO,2.5,35-40,AJo,217,1,139,26,51,0,2023-09-02T17:21:50,2026-07-18T18:41:19
league2,CO,2.5,35-40,AJs,63,0,36,9,18,0,2023-10-15T16:36:00,2026-07-09T11:04:29
league2,CO,2.5,35-40,AKo,196,0,5,93,98,0,2023-09-15T19:06:15,2026-07-19T18:11:12
league2,CO,2.5,35-40,AKs,65,0,0,48,17,0,2023-09-10T15:01:27,2026-07-18T14:40:04
league2,CO,2.5,35-40,AQo,221,0,62,58,101,0,2023-09-02T13:17:24,2026-07-11T23:42:42
league2,CO,2.5,35-40,AQs,70,0,11,29,30,0,2023-09-01T20:09:43,2026-07-02T19:42:58
league2,CO,2.5,35-40,ATo,226,1,195,12,18,0,2023-09-03T15:28:31,2026-07-20T22:50:45
league2,CO,2.5,35-40,ATs,71,0,66,2,3,0,2023-09-30T18:28:41,2026-07-11T17:13:20
league2,CO,2.5,35-40,J2o,202,198,1,3,0,0,2023-09-02T17:01:47,2026-07-19T21:13:41
league2,CO,2.5,35-40,J2s,67,27,40,0,0,0,2023-09-02T18:04:52,2026-07-16T03:31:23
league2,CO,2.5,35-40,J3o,199,198,1,0,0,0,2023-09-03T16:13:35,2026-07-18T19:46:12
league2,CO,2.5,35-40,J3s,69,24,45,0,0,0,2023-09-04T18:08:20,2026-07-06T19:00:40
league2,CO,2.5,35-40,J4o,181,176,4,1,0,0,2023-09-06T18:16:09,2026-07-19T20:27:19
league2,CO,2.5,35-40,J4s,66,18,48,0,0,0,2023-09-05T18:31:34,2026-06-16T17:11:26
league2,CO,2.5,35-40,J5o,191,181,8,2,0,0,2023-09-01T21:29:42,2026-07-06T14:32:13
league2,CO,2.5,35-40,J5s,64,19,44,1,0,0,2023-09-03T20:26:16,2026-07-10T18:45:54
league2,CO,2.5,35-40,J6o,231,223,7,1,0,0,2023-09-04T15:45:08,2026-07-11T14:06:57
league2,CO,2.5,35-40,J6s,52,11,41,0,0,0,2023-09-02T18:47:15,2026-07-03T19:31:41
league2,CO,2.5,35-40,J7o,185,149,35,1,0,0,2023-09-02T13:37:17,2026-07-09T23:36:48
league2,CO,2.5,35-40,J7s,74,5,69,0,0,0,2023-09-01T15:16:58,2026-07-12T19:23:51
league2,CO,2.5,35-40,J8o,181,96,85,0,0,0,2023-09-03T11:21:29,2026-07-16T09:01:25
league2,CO,2.5,35-40,J8s,68,0,68,0,0,0,2023-09-03T20:13:46,2026-06-27T07:20:28
league2,CO,2.5,35-40,J9o,191,61,129,1,0,0,2023-09-04T20:54:15,2026-07-07T22:18:03
league2,CO,2.5,35-40,J9s,71,1,68,0,2,0,2023-09-04T22:02:32,2026-06-28T16:33:13
league2,CO,2.5,35-40,JJ,98,0,2,63,33,0,2023-09-02T07:54:17,2026-07-11T20:26:18
league2,CO,2.5,35-40,JTo,189,9,179,0,1,0,2023-09-03T17:09:48,2026-07-17T06:44:19
league2,CO,2.5,35-40,JTs,73,0,67,0,6,0,2023-09-16T20:27:28,2026-07-12T14:54:05
league2,CO,2.5,35-40,K2o,189,168,14,7,0,0,2023-09-01T14:38:09,2026-07-15T05:21:49
league2,CO,2.5,35-40,K2s,54,2,51,1,0,0,2023-09-05T20:51:32,2026-07-09T18:18:06
league2,CO,2.5,35-40,K3o,193,170,15,8,0,0,2023-09-08T13:10:46,2026-06-27T08:28:51
league2,CO,2.5,35-40,K3s,72,10,62,0,0,0,2023-09-02T19:49:58,2026-07-12T19:04:56
league2,CO,2.5,35-40,K4o,225,188,33,4,0,0,2023-09-02T15:29:36,2026-07-18T15:04:39
league2,CO,2.5,35-40,K4s,63,5,58,0,0,0,2023-09-03T19:19:03,2026-07-04T22:04:03
league2,CO,2.5,35-40,K5o,198,157,40,1,0,0,2023-09-03T15:35:55,2026-07-05T18:22:54
league2,CO,2.5,35-40,K5s,75,4,71,0,0,0,2023-09-19T12:37:23,2026-07-21T20:43:20
league2,CO,2.5,35-40,K6o,205,146,54,5,0,0,2023-09-05T21:01:34,2026-06-26T21:08:25
league2,CO,2.5,35-40,K6s,68,7,60,1,0,0,2023-09-04T10:14:52,2026-05-25T17:25:08
league2,CO,2.5,35-40,K7o,235,154,77,4,0,0,2023-09-02T18:17:54,2026-07-17T15:38:02
league2,CO,2.5,35-40,K7s,66,4,61,0,1,0,2023-09-08T06:29:47,2026-05-19T08:20:59
league2,CO,2.5,35-40,K8o,221,120,101,0,0,0,2023-09-10T19:09:48,2026-07-05T22:26:07
league2,CO,2.5,35-40,K8s,64,6,58,0,0,0,2023-09-22T15:45:49,2026-06-14T17:14:30
league2,CO,2.5,35-40,K9o,210,61,147,2,0,0,2023-09-16T19:09:35,2026-07-19T19:19:20
league2,CO,2.5,35-40,K9s,73,1,72,0,0,0,2023-09-01T20:24:20,2026-07-13T03:40:07
league2,CO,2.5,35-40,KJo,206,2,194,3,7,0,2023-09-11T13:24:32,2026-07-07T17:32:08
league2,CO,2.5,35-40,KJs,64,0,60,0,4,0,2023-09-04T21:49:49,2026-07-20T16:23:17
league2,CO,2.5,35-40,KK,112,0,0,103,9,0,2023-09-20T20:26:26,2026-06-23T17:19:21
league2,CO,2.5,35-40,KQo,177,1,157,6,13,0,2023-09-08T16:51:42,2026-07-04T19:43:58
league2,CO,2.5,35-40,KQs,71,0,54,3,14,0,2023-09-04T17:38:25,2026-07-02T16:20:54
league2,CO,2.5,35-40,KTo,201,10,190,1,0,0,2023-09-02T22:11:18,2026-07-12T16:41:08
league2,CO,2.5,35-40,KTs,72,0,67,1,4,0,2023-09-04T18:11:22,2026-07-18T16:35:06
league2,CO,2.5,35-40,Q2o,202,194,7,1,0,0,2023-09-12T21:28:25,2026-07-20T04:07:13
league2,CO,2.5,35-40,Q2s,65,13,52,0,0,0,2023-09-14T10:21:51,2026-06-27T01:16:55
league2,CO,2.5,35-40,Q3o,182,174,8,0,0,0,2023-09-03T22:18:14,2026-07-17T14:22:34
league2,CO,2.5,35-40,Q3s,51,16,35,0,0,0,2023-09-08T15:02:13,2026-06-01T06:25:00
league2,CO,2.5,35-40,Q4o,203,189,11,3,0,0,2023-09-01T08:38:38,2026-07-21T11:53:26
league2,CO,2.5,35-40,Q4s,79,10,69,0,0,0,2023-09-10T17:41:03,2026-07-19T20:37:58
league2,CO,2.5,35-40,Q5o,217,204,13,0,0,0,2023-09-04T08:33:34,2026-06-23T23:41:55
league2,CO,2.5,35-40,Q5s,65,11,54,0,0,0,2023-09-04T08:15:41,2026-07-13T11:04:01
league2,CO,2.5,35-40,Q6o,184,161,23,0,0,0,2023-09-15T19:52:52,2026-07-16T18:28:46
league2,CO,2.5,35-40,Q6s,57,11,46,0,0,0,2023-10-24T20:42:11,2026-06-21T12:13:20
league2,CO,2.5,35-40,Q7o,193,155,38,0,0,0,2023-09-02T18:37:54,2026-06-30T14:40:16
league2,CO,2.5,35-40,Q7s,67,4,63,0,0,0,2023-09-17T22:11:58,2026-07-16T10:47:19
league2,CO,2.5,35-40,Q8o,199,105,94,0,0,0,2023-09-03T16:08:06,2026-07-11T21:24:18
league2,CO,2.5,35-40,Q8s,70,0,69,0,1,0,2023-09-04T17:18:50,2026-07-20T00:11:13
league2,CO,2.5,35-40,Q9o,221,60,161,0,0,0,2023-09-08T20:47:44,2026-07-21T18:13:04
league2,CO,2.5,35-40,Q9s,64,0,64,0,0,0,2023-09-05T12:39:17,2026-07-19T13:17:11
league2,CO,2.5,35-40,QJo,205,3,196,3,3,0,2023-09-02T21:53:50,2026-07-15T01:14:59
league2,CO,2.5,35-40,QJs,71,1,67,0,3,0,2023-09-02T21:49:02,2026-06-28T23:38:12
league2,CO,2.5,35-40,QQ,96,0,1,83,12,0,2023-09-01T21:04:03,2026-07-19T18:52:20
league2,CO,2.5,35-40,QTo,218,20,195,3,0,0,2023-09-03T18:18:28,2026-07-02T18:36:21
league2,CO,2.5,35-40,QTs,87,2,82,0,3,0,2023-09-01T06:10:24,2026-07-09T23:15:22
league2,CO,2.5,35-40,T2o,194,192,2,0,0,0,2023-09-04T17:17:25,2026-07-04T20:13:07
league2,CO,2.5,35-40,T2s,57,31,24,2,0,0,2023-09-05T15:48:34,2026-06-26T22:28:50
league2,CO,2.5,35-40,T3o,185,184,0,1,0,0,2023-09-04T19:30:11,2026-07-21T21:36:55
league2,CO,2.5,35-40,T3s,68,41,27,0,0,0,2023-09-02T15:46:53,2026-07-13T18:45:16
league2,CO,2.5,35-40,T4o,192,190,1,1,0,0,2023-09-07T15:47:13,2026-07-06T17:27:40
league2,CO,2.5,35-40,T4s,72,43,29,0,0,0,2023-09-16T19:16:55,2026-07-03T17:40:58
league2,CO,2.5,35-40,T5o,197,190,7,0,0,0,2023-09-05T14:09:05,2026-07-03T16:29:11
league2,CO,2.5,35-40,T5s,57,22,35,0,0,0,2023-09-12T01:20:17,2026-07-16T15:38:24
league2,CO,2.5,35-40,T6o,229,217,12,0,0,0,2023-09-07T04:28:46,2026-07-18T20:22:26
league2,CO,2.5,35-40,T6s,80,15,65,0,0,0,2023-09-07T14:53:38,2026-07-15T09:47:40
league2,CO,2.5,35-40,T7o,196,153,42,1,0,0,2023-09-07T17:44:43,2026-07-05T18:04:32
league2,CO,2.5,35-40,T7s,82,11,71,0,0,0,2023-09-12T17:12:10,2026-07-02T19:41:53
league2,CO,2.5,35-40,T8o,202,109,93,0,0,0,2023-09-01T16:54:03,2026-07-20T01:52:16
league2,CO,2.5,35-40,T8s,70,1,69,0,0,0,2023-09-17T12:14:54,2026-06-15T20:44:26
league2,CO,2.5,35-40,T9o,182,37,145,0,0,0,2023-09-14T19:01:34,2026-07-09T00:47:59
league2,CO,2.5,35-40,T9s,64,0,64,0,0,0,2023-09-02T12:39:36,2026-07-18T15:22:38
league2,CO,2.5,35-40,TT,100,0,14,34,52,0,2023-09-08T17:52:14,2026-07-18T10:48:12
league2,CO,3.0,25-30,__MISSING__,2121,1712,339,16,54,0,2023-09-01T07:48:42,2026-07-21T07:43:23
league2,CO,3.0,25-30,22,74,19,47,0,8,0,2023-09-02T18:47:10,2026-07-17T17:46:02
league2,CO,3.0,25-30,32o,216,215,1,0,0,0,2023-09-06T03:02:14,2026-07-11T13:02:59
league2,CO,3.0,25-30,32s,64,57,7,0,0,0,2023-09-13T21:09:15,2026-06-26T17:12:02
league2,CO,3.0,25-30,33,103,17,65,0,21,0,2023-09-02T10:54:49,2026-07-18T19:31:39
league2,CO,3.0,25-30,42o,176,175,1,0,0,0,2023-09-04T07:46:59,2026-07-18T18:50:18
league2,CO,3.0,25-30,42s,63,53,10,0,0,0,2023-09-04T16:50:36,2026-07-15T16:35:40
league2,CO,3.0,25-30,43o,170,168,2,0,0,0,2023-09-03T18:05:20,2026-07-09T03:25:38
league2,CO,3.0,25-30,43s,75,53,22,0,0,0,2023-09-05T15:09:28,2026-07-17T20:11:57
league2,CO,3.0,25-30,44,92,22,48,1,21,0,2023-09-02T20:22:12,2026-07-13T19:29:07
league2,CO,3.0,25-30,52o,214,214,0,0,0,0,2023-09-08T11:01:55,2026-07-19T19:30:56
league2,CO,3.0,25-30,52s,70,63,7,0,0,0,2023-09-01T19:02:49,2026-06-28T19:08:44
league2,CO,3.0,25-30,53o,194,191,3,0,0,0,2023-09-04T13:25:50,2026-07-14T15:30:27
league2,CO,3.0,25-30,53s,70,49,21,0,0,0,2023-09-04T23:07:35,2026-06-13T09:43:12
league2,CO,3.0,25-30,54o,200,192,8,0,0,0,2023-09-03T20:09:53,2026-07-19T13:54:30
league2,CO,3.0,25-30,54s,76,39,37,0,0,0,2023-10-13T09:03:36,2026-06-06T17:13:31
league2,CO,3.0,25-30,55,103,10,62,0,31,0,2023-09-01T23:13:58,2026-06-14T15:41:00
league2,CO,3.0,25-30,62o,175,175,0,0,0,0,2023-09-12T18:33:41,2026-07-21T20:43:41
league2,CO,3.0,25-30,62s,65,58,7,0,0,0,2023-09-01T19:45:23,2026-05-31T03:14:46
league2,CO,3.0,25-30,63o,214,210,4,0,0,0,2023-09-05T20:50:32,2026-07-20T23:35:32
league2,CO,3.0,25-30,63s,76,56,20,0,0,0,2023-09-12T14:23:33,2026-07-10T13:39:49
league2,CO,3.0,25-30,64o,191,188,3,0,0,0,2023-09-03T17:51:35,2026-07-20T20:09:35
league2,CO,3.0,25-30,64s,71,46,25,0,0,0,2023-09-09T11:20:28,2026-07-10T17:05:38
league2,CO,3.0,25-30,65o,190,171,19,0,0,0,2023-09-09T18:15:22,2026-07-21T16:08:36
league2,CO,3.0,25-30,65s,84,32,52,0,0,0,2023-09-26T08:19:27,2026-07-09T20:45:38
league2,CO,3.0,25-30,66,104,7,47,0,50,0,2023-09-01T19:42:33,2026-07-21T19:12:09
league2,CO,3.0,25-30,72o,187,187,0,0,0,0,2023-09-04T18:19:57,2026-07-02T17:39:43
league2,CO,3.0,25-30,72s,73,70,3,0,0,0,2023-09-05T00:22:20,2026-07-15T19:36:02
league2,CO,3.0,25-30,73o,201,201,0,0,0,0,2023-09-10T02:04:47,2026-07-20T13:45:27
league2,CO,3.0,25-30,73s,56,47,9,0,0,0,2023-09-25T21:17:54,2026-07-09T06:43:53
league2,CO,3.0,25-30,74o,180,179,1,0,0,0,2023-09-08T18:12:25,2026-07-04T15:27:15
league2,CO,3.0,25-30,74s,72,51,21,0,0,0,2023-09-16T17:51:00,2026-07-13T20:51:19
league2,CO,3.0,25-30,75o,187,181,6,0,0,0,2023-09-02T18:48:05,2026-07-16T00:18:00
league2,CO,3.0,25-30,75s,55,24,31,0,0,0,2023-09-14T21:41:22,2026-07-20T22:42:22
league2,CO,3.0,25-30,76o,216,201,13,1,1,0,2023-09-03T17:27:14,2026-07-16T10:22:16
league2,CO,3.0,25-30,76s,67,14,53,0,0,0,2023-10-01T19:16:19,2026-06-30T20:31:17
league2,CO,3.0,25-30,77,104,6,29,1,68,0,2023-09-29T06:40:17,2026-07-11T20:13:13
league2,CO,3.0,25-30,82o,187,186,1,0,0,0,2023-09-02T17:49:08,2026-07-11T22:29:12
league2,CO,3.0,25-30,82s,61,57,4,0,0,0,2023-09-03T16:49:19,2026-07-10T19:07:51
league2,CO,3.0,25-30,83o,184,184,0,0,0,0,2023-09-01T23:26:43,2026-07-21T02:21:17
league2,CO,3.0,25-30,83s,66,63,3,0,0,0,2023-09-20T16:51:51,2026-06-16T00:54:16
league2,CO,3.0,25-30,84o,177,177,0,0,0,0,2023-09-02T19:16:56,2026-07-10T19:30:19
league2,CO,3.0,25-30,84s,48,40,8,0,0,0,2023-09-14T05:01:00,2026-05-27T22:15:39
league2,CO,3.0,25-30,85o,182,180,2,0,0,0,2023-09-13T16:52:45,2026-07-04T15:39:02
league2,CO,3.0,25-30,85s,59,43,16,0,0,0,2023-09-08T10:38:06,2026-07-06T22:11:25
league2,CO,3.0,25-30,86o,204,191,13,0,0,0,2023-09-01T06:09:58,2026-07-18T18:54:46
league2,CO,3.0,25-30,86s,53,23,29,0,1,0,2023-10-18T19:32:00,2026-07-18T09:31:17
league2,CO,3.0,25-30,87o,200,172,28,0,0,0,2023-09-03T01:32:47,2026-07-20T18:18:09
league2,CO,3.0,25-30,87s,67,14,53,0,0,0,2023-09-18T21:04:26,2026-07-18T06:53:52
league2,CO,3.0,25-30,88,122,2,30,2,88,0,2023-09-05T21:44:19,2026-06-18T12:53:30
league2,CO,3.0,25-30,92o,190,190,0,0,0,0,2023-09-01T20:02:24,2026-07-18T18:14:33
league2,CO,3.0,25-30,92s,70,63,7,0,0,0,2023-09-08T14:08:53,2026-05-22T20:41:33
league2,CO,3.0,25-30,93o,168,168,0,0,0,0,2023-09-03T08:07:07,2026-07-19T00:47:15
league2,CO,3.0,25-30,93s,66,60,6,0,0,0,2023-09-04T07:31:50,2026-06-27T23:37:15
league2,CO,3.0,25-30,94o,185,184,1,0,0,0,2023-09-05T00:25:08,2026-07-19T22:22:24
league2,CO,3.0,25-30,94s,64,59,4,0,1,0,2023-09-08T09:33:20,2026-06-25T16:24:04
league2,CO,3.0,25-30,95o,178,175,3,0,0,0,2023-09-03T17:27:01,2026-07-14T17:43:44
league2,CO,3.0,25-30,95s,87,70,17,0,0,0,2023-09-01T00:50:41,2026-07-05T20:24:45
league2,CO,3.0,25-30,96o,178,177,1,0,0,0,2023-09-01T21:22:04,2026-07-12T16:26:51
league2,CO,3.0,25-30,96s,69,48,21,0,0,0,2023-09-02T07:26:04,2026-07-12T21:00:04
league2,CO,3.0,25-30,97o,174,165,8,0,1,0,2023-09-01T19:06:43,2026-07-18T23:24:24
league2,CO,3.0,25-30,97s,64,29,35,0,0,0,2023-09-16T00:14:44,2026-07-18T06:08:44
league2,CO,3.0,25-30,98o,185,143,42,0,0,0,2023-09-05T14:53:58,2026-07-20T02:30:06
league2,CO,3.0,25-30,98s,62,11,51,0,0,0,2023-10-22T19:53:26,2026-07-09T20:17:25
league2,CO,3.0,25-30,99,118,1,8,1,108,0,2023-09-01T21:42:43,2026-07-18T19:24:30
league2,CO,3.0,25-30,A2o,207,181,23,0,3,0,2023-09-04T05:37:35,2026-07-16T18:26:00
league2,CO,3.0,25-30,A2s,65,13,51,0,1,0,2023-09-07T14:54:43,2026-06-23T14:28:38
league2,CO,3.0,25-30,A3o,178,147,26,0,5,0,2023-09-06T04:52:58,2026-07-18T14:04:15
league2,CO,3.0,25-30,A3s,70,10,58,1,1,0,2023-09-08T07:27:44,2026-07-19T12:44:40
league2,CO,3.0,25-30,A4o,195,164,28,0,3,0,2023-09-01T22:37:37,2026-07-18T17:04:46
league2,CO,3.0,25-30,A4s,68,11,53,0,4,0,2023-09-13T14:43:48,2026-06-20T14:04:29
league2,CO,3.0,25-30,A5o,175,129,43,0,3,0,2023-09-02T03:05:22,2026-07-11T22:38:21
league2,CO,3.0,25-30,A5s,65,4,52,0,9,0,2023-09-01T01:33:10,2026-06-25T23:23:58
league2,CO,3.0,25-30,A6o,155,127,26,0,2,0,2023-09-01T18:38:02,2026-07-18T09:05:42
league2,CO,3.0,25-30,A6s,65,10,49,0,6,0,2023-09-01T15:13:49,2026-06-26T17:24:58
league2,CO,3.0,25-30,A7o,201,146,50,0,5,0,2023-09-13T22:15:33,2026-07-19T19:29:02
league2,CO,3.0,25-30,A7s,76,10,60,0,6,0,2023-09-04T19:27:39,2026-06-19T23:45:08
league2,CO,3.0,25-30,A8o,189,104,75,0,10,0,2023-09-09T11:14:48,2026-07-05T19:06:41
league2,CO,3.0,25-30,A8s,56,5,48,0,3,0,2023-10-25T08:30:58,2026-07-19T17:10:19
league2,CO,3.0,25-30,A9o,205,94,87,0,24,0,2023-09-09T18:19:05,2026-07-13T20:30:05
league2,CO,3.0,25-30,A9s,68,1,58,0,9,0,2023-09-20T22:15:11,2026-07-08T22:28:16
league2,CO,3.0,25-30,AA,95,0,9,66,20,0,2023-09-05T21:27:10,2026-07-18T19:13:38
league2,CO,3.0,25-30,AJo,170,1,76,1,92,0,2023-09-01T10:35:37,2026-07-10T20:35:14
league2,CO,3.0,25-30,AJs,43,1,16,0,26,0,2023-09-23T22:06:44,2026-07-04T13:30:29
league2,CO,3.0,25-30,AKo,206,2,0,16,188,0,2023-09-02T20:04:43,2026-07-20T01:01:42
league2,CO,3.0,25-30,AKs,67,0,3,6,58,0,2023-09-03T19:53:10,2026-07-07T18:31:12
league2,CO,3.0,25-30,AQo,179,1,26,7,145,0,2023-09-04T00:47:15,2026-07-12T00:34:22
league2,CO,3.0,25-30,AQs,76,1,6,3,66,0,2023-09-15T00:47:22,2026-06-07T18:50:31
league2,CO,3.0,25-30,ATo,191,27,121,0,43,0,2023-09-04T16:46:42,2026-07-20T13:42:55
league2,CO,3.0,25-30,ATs,56,1,44,0,11,0,2023-09-05T17:39:45,2026-07-17T04:11:25
league2,CO,3.0,25-30,J2o,204,202,0,1,1,0,2023-09-01T13:48:37,2026-07-11T18:25:31
league2,CO,3.0,25-30,J2s,71,61,10,0,0,0,2023-09-05T21:34:12,2026-07-14T07:29:32
league2,CO,3.0,25-30,J3o,219,218,1,0,0,0,2023-09-01T15:43:05,2026-07-18T17:45:49
league2,CO,3.0,25-30,J3s,57,45,12,0,0,0,2023-09-06T15:30:56,2026-07-11T13:36:09
league2,CO,3.0,25-30,J4o,195,194,1,0,0,0,2023-09-01T07:38:30,2026-07-08T17:39:05
league2,CO,3.0,25-30,J4s,67,52,15,0,0,0,2023-09-06T12:54:50,2026-06-15T04:45:46
league2,CO,3.0,25-30,J5o,218,216,2,0,0,0,2023-09-02T20:41:44,2026-07-16T17:52:33
league2,CO,3.0,25-30,J5s,54,39,15,0,0,0,2023-09-17T08:51:55,2026-07-07T19:20:14
league2,CO,3.0,25-30,J6o,182,179,3,0,0,0,2023-09-08T17:07:16,2026-07-05T20:30:05
league2,CO,3.0,25-30,J6s,63,47,15,0,1,0,2023-09-29T03:12:18,2026-06-13T18:10:55
league2,CO,3.0,25-30,J7o,193,188,4,0,1,0,2023-09-08T13:43:14,2026-07-17T08:27:52
league2,CO,3.0,25-30,J7s,54,20,34,0,0,0,2023-09-01T16:36:30,2026-06-11T15:52:02
league2,CO,3.0,25-30,J8o,161,142,19,0,0,0,2023-09-04T10:17:46,2026-07-21T19:11:51
league2,CO,3.0,25-30,J8s,57,25,32,0,0,0,2023-09-12T15:22:50,2026-06-01T22:54:33
league2,CO,3.0,25-30,J9o,187,149,38,0,0,0,2023-09-08T20:26:41,2026-07-20T22:25:37
league2,CO,3.0,25-30,J9s,57,8,48,0,1,0,2023-09-08T23:14:15,2026-07-19T15:29:11
league2,CO,3.0,25-30,JJ,92,0,5,10,77,0,2023-09-03T04:09:17,2026-07-03T19:30:11
league2,CO,3.0,25-30,JTo,187,78,104,3,2,0,2023-09-06T19:22:23,2026-07-15T22:27:17
league2,CO,3.0,25-30,JTs,63,5,55,0,3,0,2023-09-02T20:48:53,2026-07-20T01:04:34
league2,CO,3.0,25-30,K2o,211,206,3,0,2,0,2023-09-05T20:31:01,2026-07-18T01:53:44
league2,CO,3.0,25-30,K2s,55,33,22,0,0,0,2023-09-20T17:24:37,2026-05-31T18:07:10
league2,CO,3.0,25-30,K3o,206,203,2,0,1,0,2023-09-08T16:11:11,2026-07-13T22:03:08
league2,CO,3.0,25-30,K3s,67,44,22,0,1,0,2023-09-04T20:11:54,2026-07-15T21:54:37
league2,CO,3.0,25-30,K4o,201,196,2,3,0,0,2023-09-10T15:08:31,2026-07-20T09:16:48
league2,CO,3.0,25-30,K4s,72,44,28,0,0,0,2023-09-11T08:50:51,2026-07-11T19:44:08
league2,CO,3.0,25-30,K5o,213,209,4,0,0,0,2023-09-04T16:49:47,2026-07-11T20:17:47
league2,CO,3.0,25-30,K5s,55,28,27,0,0,0,2023-09-02T15:54:13,2026-07-20T18:17:09
league2,CO,3.0,25-30,K6o,194,191,3,0,0,0,2023-09-14T14:34:28,2026-07-09T14:20:26
league2,CO,3.0,25-30,K6s,72,33,38,0,1,0,2023-09-14T14:38:52,2026-06-12T17:19:47
league2,CO,3.0,25-30,K7o,198,193,5,0,0,0,2023-09-01T21:10:57,2026-07-21T19:39:23
league2,CO,3.0,25-30,K7s,61,20,41,0,0,0,2023-09-09T22:07:24,2026-04-24T00:33:59
league2,CO,3.0,25-30,K8o,185,170,15,0,0,0,2023-09-01T06:37:00,2026-07-12T19:30:07
league2,CO,3.0,25-30,K8s,62,17,44,0,1,0,2023-09-28T06:31:59,2026-05-26T17:04:49
league2,CO,3.0,25-30,K9o,183,146,37,0,0,0,2023-09-05T18:25:39,2026-07-18T06:07:19
league2,CO,3.0,25-30,K9s,46,6,40,0,0,0,2023-09-22T15:51:40,2026-07-12T23:56:57
league2,CO,3.0,25-30,KJo,199,36,150,1,12,0,2023-09-06T18:34:50,2026-07-17T01:29:49
league2,CO,3.0,25-30,KJs,70,2,58,0,10,0,2023-10-02T00:20:36,2026-07-19T16:19:01
league2,CO,3.0,25-30,KK,123,0,4,55,64,0,2023-09-14T22:05:06,2026-06-30T11:30:29
league2,CO,3.0,25-30,KQo,209,17,158,2,32,0,2023-09-06T19:09:45,2026-07-20T21:19:52
league2,CO,3.0,25-30,KQs,74,1,54,1,18,0,2023-09-06T17:38:59,2026-07-14T02:32:41
league2,CO,3.0,25-30,KTo,191,69,115,1,6,0,2023-09-02T18:01:48,2026-07-19T14:52:18
league2,CO,3.0,25-30,KTs,73,0,66,0,7,0,2023-10-03T14:45:09,2026-07-05T19:26:25
league2,CO,3.0,25-30,Q2o,179,179,0,0,0,0,2023-09-02T14:17:51,2026-07-14T03:04:26
league2,CO,3.0,25-30,Q2s,57,39,18,0,0,0,2023-09-07T13:46:12,2026-06-13T01:32:23
league2,CO,3.0,25-30,Q3o,176,174,1,0,1,0,2023-09-01T20:04:22,2026-06-12T21:02:07
league2,CO,3.0,25-30,Q3s,64,49,15,0,0,0,2023-09-05T22:12:15,2026-06-29T22:07:05
league2,CO,3.0,25-30,Q4o,204,202,2,0,0,0,2023-09-01T06:38:55,2026-07-19T03:14:18
league2,CO,3.0,25-30,Q4s,60,46,14,0,0,0,2023-09-13T07:49:45,2026-05-02T20:36:55
league2,CO,3.0,25-30,Q5o,181,175,4,1,1,0,2023-09-04T19:02:18,2026-07-07T01:40:56
league2,CO,3.0,25-30,Q5s,77,56,21,0,0,0,2023-09-01T17:54:58,2026-06-27T19:42:58
league2,CO,3.0,25-30,Q6o,169,166,3,0,0,0,2023-09-02T15:46:59,2026-07-18T13:08:29
league2,CO,3.0,25-30,Q6s,61,36,25,0,0,0,2023-09-07T14:43:50,2026-06-13T06:12:26
league2,CO,3.0,25-30,Q7o,188,185,3,0,0,0,2023-09-01T17:32:55,2026-07-11T16:28:44
league2,CO,3.0,25-30,Q7s,55,27,28,0,0,0,2023-09-08T21:12:17,2026-06-23T04:06:05
league2,CO,3.0,25-30,Q8o,197,177,19,0,1,0,2023-09-01T14:19:36,2026-07-19T01:33:59
league2,CO,3.0,25-30,Q8s,56,22,34,0,0,0,2023-09-11T15:28:57,2026-07-10T22:04:35
league2,CO,3.0,25-30,Q9o,208,166,42,0,0,0,2023-09-06T17:47:02,2026-07-18T02:22:07
league2,CO,3.0,25-30,Q9s,53,8,45,0,0,0,2023-09-22T18:42:00,2026-06-10T22:16:15
league2,CO,3.0,25-30,QJo,198,59,139,0,0,0,2023-09-13T15:53:55,2026-07-18T20:47:58
league2,CO,3.0,25-30,QJs,57,1,50,0,6,0,2023-11-23T09:30:21,2026-07-20T08:48:11
league2,CO,3.0,25-30,QQ,108,0,2,25,81,0,2023-09-14T15:38:05,2026-07-15T22:40:56
league2,CO,3.0,25-30,QTo,183,78,103,0,2,0,2023-09-06T03:25:59,2026-06-27T22:23:51
league2,CO,3.0,25-30,QTs,64,2,61,0,1,0,2023-09-09T16:37:50,2026-06-17T18:32:32
league2,CO,3.0,25-30,T2o,203,202,0,0,1,0,2023-09-05T09:04:21,2026-07-17T23:33:49
league2,CO,3.0,25-30,T2s,68,58,10,0,0,0,2023-10-21T16:28:50,2026-06-21T18:26:33
league2,CO,3.0,25-30,T3o,197,196,1,0,0,0,2023-09-09T20:39:19,2026-07-10T22:54:34
league2,CO,3.0,25-30,T3s,63,57,6,0,0,0,2023-09-21T20:02:21,2026-07-16T22:47:18
league2,CO,3.0,25-30,T4o,181,179,1,1,0,0,2023-09-01T20:22:16,2026-07-20T21:51:59
league2,CO,3.0,25-30,T4s,60,53,7,0,0,0,2023-09-26T18:33:45,2026-06-28T10:47:14
league2,CO,3.0,25-30,T5o,201,201,0,0,0,0,2023-09-16T20:17:11,2026-07-18T22:06:35
league2,CO,3.0,25-30,T5s,55,40,15,0,0,0,2023-10-18T16:44:05,2026-07-11T18:45:21
league2,CO,3.0,25-30,T6o,200,197,3,0,0,0,2023-09-01T07:38:39,2026-07-12T22:24:02
league2,CO,3.0,25-30,T6s,74,51,23,0,0,0,2023-10-02T05:32:20,2026-07-12T03:48:56
league2,CO,3.0,25-30,T7o,186,179,6,0,1,0,2023-09-13T18:42:13,2026-07-14T14:24:14
league2,CO,3.0,25-30,T7s,65,25,40,0,0,0,2023-09-13T16:50:01,2026-05-31T19:32:44
league2,CO,3.0,25-30,T8o,190,171,17,0,2,0,2023-09-04T21:15:18,2026-07-15T20:11:08
league2,CO,3.0,25-30,T8s,70,25,45,0,0,0,2023-09-19T22:27:05,2026-06-06T00:30:04
league2,CO,3.0,25-30,T9o,190,134,56,0,0,0,2023-09-08T19:29:43,2026-07-07T18:14:52
league2,CO,3.0,25-30,T9s,54,11,42,0,1,0,2023-10-18T04:32:11,2026-06-15T22:29:57
league2,CO,3.0,25-30,TT,109,1,8,7,93,0,2023-09-03T13:41:45,2026-06-22T21:36:52
league2,CO,3.0,30-35,__MISSING__,2003,1588,343,24,48,0,2023-09-01T14:38:40,2026-07-21T19:14:18
league2,CO,3.0,30-35,22,74,13,52,0,9,0,2023-09-10T18:14:08,2026-07-17T08:43:38
league2,CO,3.0,30-35,32o,185,184,1,0,0,0,2023-09-02T12:03:40,2026-07-17T13:05:16
league2,CO,3.0,30-35,32s,60,54,6,0,0,0,2023-09-28T13:34:05,2026-07-04T16:54:34
league2,CO,3.0,30-35,33,90,11,71,0,8,0,2023-09-08T17:01:38,2026-07-17T12:16:02
league2,CO,3.0,30-35,42o,166,166,0,0,0,0,2023-09-10T20:30:42,2026-07-16T19:32:27
league2,CO,3.0,30-35,42s,68,58,10,0,0,0,2023-09-03T19:14:52,2026-06-30T23:38:33
league2,CO,3.0,30-35,43o,168,164,4,0,0,0,2023-09-02T08:38:00,2026-07-19T17:41:27
league2,CO,3.0,30-35,43s,44,24,20,0,0,0,2023-09-02T14:54:58,2026-07-16T13:28:21
league2,CO,3.0,30-35,44,78,8,57,0,13,0,2023-09-16T20:52:14,2026-07-12T03:31:20
league2,CO,3.0,30-35,52o,187,185,2,0,0,0,2023-09-12T10:39:52,2026-07-18T21:10:56
league2,CO,3.0,30-35,52s,55,44,11,0,0,0,2023-09-22T10:41:14,2026-07-13T05:18:46
league2,CO,3.0,30-35,53o,178,177,1,0,0,0,2023-09-07T10:08:50,2026-07-11T19:49:33
league2,CO,3.0,30-35,53s,48,34,14,0,0,0,2023-09-03T14:29:00,2026-07-18T13:18:34
league2,CO,3.0,30-35,54o,156,148,8,0,0,0,2023-09-02T18:47:30,2026-07-19T12:53:47
league2,CO,3.0,30-35,54s,63,33,30,0,0,0,2023-09-02T16:14:30,2026-07-18T00:38:33
league2,CO,3.0,30-35,55,94,10,63,0,21,0,2023-09-15T14:44:46,2026-07-17T23:01:48
league2,CO,3.0,30-35,62o,204,202,2,0,0,0,2023-09-07T23:50:26,2026-07-16T22:25:13
league2,CO,3.0,30-35,62s,55,51,4,0,0,0,2023-10-18T23:24:30,2026-06-20T19:32:50
league2,CO,3.0,30-35,63o,169,168,0,1,0,0,2023-09-02T20:42:15,2026-07-17T22:30:37
league2,CO,3.0,30-35,63s,57,41,16,0,0,0,2023-09-07T14:22:37,2026-07-16T17:54:53
league2,CO,3.0,30-35,64o,179,172,5,1,1,0,2023-09-05T00:25:22,2026-07-16T16:20:24
league2,CO,3.0,30-35,64s,41,22,19,0,0,0,2023-10-21T16:18:40,2026-07-03T13:32:25
league2,CO,3.0,30-35,65o,203,186,17,0,0,0,2023-09-02T10:03:05,2026-06-28T09:20:56
league2,CO,3.0,30-35,65s,58,13,45,0,0,0,2023-09-23T09:41:53,2026-07-18T14:34:17
league2,CO,3.0,30-35,66,102,3,69,0,30,0,2023-09-12T18:08:19,2026-07-11T19:47:42
league2,CO,3.0,30-35,72o,184,184,0,0,0,0,2023-09-01T00:33:32,2026-07-16T14:24:00
league2,CO,3.0,30-35,72s,63,60,3,0,0,0,2023-10-12T20:10:45,2026-06-18T10:14:45
league2,CO,3.0,30-35,73o,165,165,0,0,0,0,2023-09-08T20:09:52,2026-07-14T17:11:45
league2,CO,3.0,30-35,73s,61,55,6,0,0,0,2023-09-08T20:49:58,2026-07-08T06:33:06
league2,CO,3.0,30-35,74o,202,199,3,0,0,0,2023-09-01T11:17:33,2026-07-18T20:36:17
league2,CO,3.0,30-35,74s,56,37,19,0,0,0,2023-09-22T15:50:25,2026-07-17T19:53:51
league2,CO,3.0,30-35,75o,156,151,5,0,0,0,2023-09-06T15:19:34,2026-07-16T10:18:45
league2,CO,3.0,30-35,75s,48,22,26,0,0,0,2023-09-21T11:25:14,2026-07-19T02:13:33
league2,CO,3.0,30-35,76o,188,155,33,0,0,0,2023-09-03T01:03:46,2026-07-11T15:09:02
league2,CO,3.0,30-35,76s,52,10,42,0,0,0,2023-09-03T20:01:01,2026-07-03T18:18:51
league2,CO,3.0,30-35,77,96,3,44,1,48,0,2023-09-03T09:46:15,2026-05-27T19:45:21
league2,CO,3.0,30-35,82o,165,165,0,0,0,0,2023-09-22T18:22:19,2026-07-20T01:48:08
league2,CO,3.0,30-35,82s,49,46,3,0,0,0,2023-10-08T18:42:02,2026-07-03T18:26:01
league2,CO,3.0,30-35,83o,186,185,1,0,0,0,2023-09-03T16:08:03,2026-07-17T18:14:39
league2,CO,3.0,30-35,83s,53,46,7,0,0,0,2023-09-23T15:08:47,2026-07-05T06:20:57
league2,CO,3.0,30-35,84o,184,184,0,0,0,0,2023-09-06T14:19:46,2026-07-20T11:37:51
league2,CO,3.0,30-35,84s,58,45,13,0,0,0,2023-09-01T14:53:05,2026-06-22T23:52:22
league2,CO,3.0,30-35,85o,181,179,2,0,0,0,2023-09-03T11:16:23,2026-07-13T17:02:48
league2,CO,3.0,30-35,85s,64,38,26,0,0,0,2023-09-04T23:36:58,2026-04-30T12:27:41
league2,CO,3.0,30-35,86o,190,179,11,0,0,0,2023-09-05T08:45:38,2026-07-20T17:38:29
league2,CO,3.0,30-35,86s,47,16,31,0,0,0,2023-11-26T16:29:13,2026-06-29T16:52:24
league2,CO,3.0,30-35,87o,209,160,49,0,0,0,2023-09-01T10:16:55,2026-07-14T00:08:56
league2,CO,3.0,30-35,87s,64,7,57,0,0,0,2023-09-26T08:49:32,2026-06-14T20:33:06
league2,CO,3.0,30-35,88,92,0,35,3,54,0,2023-09-10T19:09:37,2026-06-02T19:39:08
league2,CO,3.0,30-35,92o,163,163,0,0,0,0,2023-09-01T19:54:37,2026-07-16T17:27:30
league2,CO,3.0,30-35,92s,50,47,3,0,0,0,2023-09-01T16:53:41,2026-05-26T16:36:49
league2,CO,3.0,30-35,93o,194,194,0,0,0,0,2023-09-03T20:47:36,2026-07-15T20:27:29
league2,CO,3.0,30-35,93s,65,61,4,0,0,0,2023-09-13T20:02:48,2026-07-18T02:41:39
league2,CO,3.0,30-35,94o,204,202,2,0,0,0,2023-09-04T07:23:46,2026-06-28T13:20:13
league2,CO,3.0,30-35,94s,64,56,8,0,0,0,2023-09-11T02:31:30,2026-06-09T17:39:14
league2,CO,3.0,30-35,95o,166,165,1,0,0,0,2023-09-04T16:29:14,2026-07-20T21:29:14
league2,CO,3.0,30-35,95s,60,48,11,1,0,0,2023-09-09T19:28:54,2026-07-02T17:21:04
league2,CO,3.0,30-35,96o,198,190,8,0,0,0,2023-09-03T17:17:43,2026-07-19T21:09:45
league2,CO,3.0,30-35,96s,57,38,19,0,0,0,2023-09-29T12:31:18,2026-07-21T14:03:26
league2,CO,3.0,30-35,97o,189,177,12,0,0,0,2023-09-01T16:09:23,2026-07-17T07:23:59
league2,CO,3.0,30-35,97s,57,23,34,0,0,0,2023-09-24T17:46:55,2026-07-15T13:18:44
league2,CO,3.0,30-35,98o,181,137,43,0,1,0,2023-09-02T14:04:54,2026-07-16T00:11:00
league2,CO,3.0,30-35,98s,70,8,61,0,1,0,2023-09-06T22:04:24,2026-07-11T04:29:14
league2,CO,3.0,30-35,99,84,1,22,3,58,0,2023-09-02T23:43:27,2026-07-14T01:07:45
league2,CO,3.0,30-35,A2o,185,160,23,0,2,0,2023-09-05T19:28:00,2026-07-13T09:52:27
league2,CO,3.0,30-35,A2s,51,7,43,0,1,0,2023-09-23T18:08:11,2026-07-14T22:07:11
league2,CO,3.0,30-35,A3o,194,166,27,1,0,0,2023-09-06T22:45:43,2026-07-18T00:47:13
league2,CO,3.0,30-35,A3s,63,7,54,0,2,0,2023-09-22T18:44:54,2026-05-31T12:01:57
league2,CO,3.0,30-35,A4o,191,157,28,2,4,0,2023-09-01T17:48:35,2026-07-21T19:01:50
league2,CO,3.0,30-35,A4s,56,3,50,0,3,0,2023-09-09T17:49:46,2026-07-08T21:19:03
league2,CO,3.0,30-35,A5o,182,140,39,1,2,0,2023-09-06T18:17:37,2026-07-12T21:02:13
league2,CO,3.0,30-35,A5s,73,9,61,1,2,0,2023-09-10T16:40:05,2026-07-18T23:03:39
league2,CO,3.0,30-35,A6o,205,154,49,1,1,0,2023-09-04T18:44:18,2026-07-12T16:32:42
league2,CO,3.0,30-35,A6s,60,5,55,0,0,0,2023-09-07T23:26:20,2026-06-22T15:12:44
league2,CO,3.0,30-35,A7o,178,132,44,0,2,0,2023-09-05T17:17:45,2026-06-30T10:04:56
league2,CO,3.0,30-35,A7s,54,5,48,0,1,0,2023-09-08T19:27:36,2026-07-14T02:17:28
league2,CO,3.0,30-35,A8o,169,107,53,3,6,0,2023-09-01T20:08:45,2026-07-19T14:35:13
league2,CO,3.0,30-35,A8s,55,0,55,0,0,0,2023-09-17T22:07:18,2026-06-20T17:11:38
league2,CO,3.0,30-35,A9o,167,69,86,1,11,0,2023-09-02T14:02:45,2026-07-12T18:11:28
league2,CO,3.0,30-35,A9s,57,5,45,1,6,0,2023-09-22T18:21:18,2026-07-04T12:24:15
league2,CO,3.0,30-35,AA,80,0,9,68,3,0,2023-10-12T23:46:56,2026-07-05T17:50:55
league2,CO,3.0,30-35,AJo,162,5,89,13,55,0,2023-09-05T20:21:56,2026-06-23T18:32:24
league2,CO,3.0,30-35,AJs,53,0,31,2,20,0,2023-09-03T23:03:59,2026-07-04T20:39:16
league2,CO,3.0,30-35,AKo,213,1,4,29,179,0,2023-09-14T15:29:00,2026-07-19T16:03:59
league2,CO,3.0,30-35,AKs,63,0,1,12,50,0,2023-09-02T14:22:21,2026-06-12T14:08:02
league2,CO,3.0,30-35,AQo,173,0,35,12,126,0,2023-09-01T20:33:35,2026-07-02T20:05:54
league2,CO,3.0,30-35,AQs,45,0,9,4,32,0,2023-09-23T12:41:08,2026-06-28T20:49:22
league2,CO,3.0,30-35,ATo,188,20,139,3,26,0,2023-09-02T18:04:38,2026-07-18T17:52:29
league2,CO,3.0,30-35,ATs,55,0,45,1,9,0,2023-09-12T19:49:06,2026-07-21T17:32:40
league2,CO,3.0,30-35,J2o,211,211,0,0,0,0,2023-09-09T15:19:17,2026-07-19T11:45:15
league2,CO,3.0,30-35,J2s,46,42,4,0,0,0,2023-10-12T14:12:32,2026-07-03T00:26:32
league2,CO,3.0,30-35,J3o,192,192,0,0,0,0,2023-09-08T20:21:27,2026-07-20T19:44:53
league2,CO,3.0,30-35,J3s,68,56,12,0,0,0,2023-10-13T21:29:23,2026-07-02T20:32:35
league2,CO,3.0,30-35,J4o,165,163,1,1,0,0,2023-09-05T17:37:38,2026-07-18T18:28:56
league2,CO,3.0,30-35,J4s,59,45,14,0,0,0,2023-09-24T13:33:54,2026-07-04T18:50:36
league2,CO,3.0,30-35,J5o,190,189,1,0,0,0,2023-09-03T08:15:39,2026-07-21T17:28:38
league2,CO,3.0,30-35,J5s,58,44,14,0,0,0,2023-09-02T20:03:58,2026-06-28T13:26:35
league2,CO,3.0,30-35,J6o,173,170,3,0,0,0,2023-09-02T09:48:20,2026-07-14T21:42:27
league2,CO,3.0,30-35,J6s,60,42,18,0,0,0,2023-09-02T04:26:45,2026-06-27T20:02:38
league2,CO,3.0,30-35,J7o,189,182,7,0,0,0,2023-09-10T18:12:53,2026-07-13T19:32:49
league2,CO,3.0,30-35,J7s,63,26,37,0,0,0,2023-09-08T17:48:15,2026-06-27T19:21:18
league2,CO,3.0,30-35,J8o,211,185,25,0,1,0,2023-09-02T15:51:00,2026-07-12T21:20:09
league2,CO,3.0,30-35,J8s,44,9,34,1,0,0,2023-09-04T16:38:08,2026-05-25T21:15:28
league2,CO,3.0,30-35,J9o,173,141,30,1,1,0,2023-09-01T20:05:31,2026-07-09T19:45:16
league2,CO,3.0,30-35,J9s,62,10,52,0,0,0,2023-09-06T20:13:31,2026-07-20T00:54:49
league2,CO,3.0,30-35,JJ,85,0,2,21,62,0,2023-09-03T20:21:28,2026-07-15T19:37:33
league2,CO,3.0,30-35,JTo,168,69,99,0,0,0,2023-09-13T19:25:39,2026-07-21T23:11:50
league2,CO,3.0,30-35,JTs,57,1,53,0,3,0,2023-09-01T14:49:55,2026-07-17T20:26:23
league2,CO,3.0,30-35,K2o,203,198,4,1,0,0,2023-09-10T19:46:57,2026-07-13T17:49:08
league2,CO,3.0,30-35,K2s,75,43,31,0,1,0,2023-09-05T19:32:00,2026-07-17T17:31:30
league2,CO,3.0,30-35,K3o,199,195,3,1,0,0,2023-09-08T03:18:39,2026-07-18T23:40:42
league2,CO,3.0,30-35,K3s,61,24,36,1,0,0,2023-09-23T14:33:40,2026-06-15T19:21:18
league2,CO,3.0,30-35,K4o,169,165,3,1,0,0,2023-09-09T22:32:17,2026-07-17T18:29:13
league2,CO,3.0,30-35,K4s,58,28,29,0,1,0,2023-09-24T18:39:13,2026-07-01T09:37:09
league2,CO,3.0,30-35,K5o,179,169,10,0,0,0,2023-09-03T19:42:32,2026-07-18T13:26:46
league2,CO,3.0,30-35,K5s,58,30,28,0,0,0,2023-09-15T13:25:22,2026-07-14T01:32:36
league2,CO,3.0,30-35,K6o,183,178,4,1,0,0,2023-09-26T21:39:56,2026-07-08T20:15:06
league2,CO,3.0,30-35,K6s,60,27,32,1,0,0,2023-09-16T18:51:37,2026-07-05T05:40:25
league2,CO,3.0,30-35,K7o,197,187,10,0,0,0,2023-09-22T17:20:50,2026-07-17T20:34:37
league2,CO,3.0,30-35,K7s,57,23,34,0,0,0,2023-09-02T14:14:01,2026-06-30T17:32:05
league2,CO,3.0,30-35,K8o,177,157,19,1,0,0,2023-09-01T07:31:47,2026-07-15T17:19:41
league2,CO,3.0,30-35,K8s,57,10,46,0,1,0,2023-09-09T17:28:21,2026-07-13T21:46:04
league2,CO,3.0,30-35,K9o,163,125,37,0,1,0,2023-09-05T20:40:11,2026-07-17T14:01:45
league2,CO,3.0,30-35,K9s,67,8,59,0,0,0,2023-09-30T13:20:30,2026-07-18T18:38:48
league2,CO,3.0,30-35,KJo,171,31,133,1,6,0,2023-09-02T22:23:04,2026-07-15T08:47:20
league2,CO,3.0,30-35,KJs,71,2,62,0,7,0,2023-09-03T00:45:17,2026-07-07T10:02:39
league2,CO,3.0,30-35,KK,94,1,4,73,16,0,2023-09-10T11:06:28,2026-07-15T08:28:20
league2,CO,3.0,30-35,KQo,192,10,166,3,13,0,2023-09-04T23:28:47,2026-07-10T22:03:24
league2,CO,3.0,30-35,KQs,53,0,40,0,13,0,2023-09-05T22:01:00,2026-06-24T12:24:23
league2,CO,3.0,30-35,KTo,201,74,126,0,1,0,2023-09-01T19:39:33,2026-07-10T01:50:28
league2,CO,3.0,30-35,KTs,67,2,63,0,2,0,2023-09-10T03:28:06,2026-07-18T21:20:29
league2,CO,3.0,30-35,Q2o,195,194,1,0,0,0,2023-09-07T20:09:30,2026-07-14T05:01:25
league2,CO,3.0,30-35,Q2s,56,42,14,0,0,0,2023-09-02T07:12:36,2026-07-07T18:51:06
league2,CO,3.0,30-35,Q3o,201,201,0,0,0,0,2023-09-01T23:52:20,2026-07-17T14:43:42
league2,CO,3.0,30-35,Q3s,67,47,20,0,0,0,2023-10-01T18:16:52,2026-07-19T23:20:03
league2,CO,3.0,30-35,Q4o,186,184,2,0,0,0,2023-09-04T22:46:07,2026-07-06T01:40:38
league2,CO,3.0,30-35,Q4s,66,43,23,0,0,0,2023-09-12T09:35:48,2026-07-17T21:52:12
league2,CO,3.0,30-35,Q5o,159,157,1,1,0,0,2023-09-11T20:24:16,2026-07-08T16:35:40
league2,CO,3.0,30-35,Q5s,64,38,26,0,0,0,2023-09-01T21:41:27,2026-07-12T09:36:18
league2,CO,3.0,30-35,Q6o,156,155,0,1,0,0,2023-09-13T21:31:03,2026-07-15T21:21:09
league2,CO,3.0,30-35,Q6s,61,34,27,0,0,0,2023-09-11T16:40:14,2026-07-02T22:24:22
league2,CO,3.0,30-35,Q7o,179,172,5,2,0,0,2023-09-01T14:12:00,2026-07-10T23:29:59
league2,CO,3.0,30-35,Q7s,51,22,29,0,0,0,2023-10-20T16:30:33,2026-07-18T17:54:12
league2,CO,3.0,30-35,Q8o,162,143,19,0,0,0,2023-09-01T19:37:09,2026-07-21T17:24:32
league2,CO,3.0,30-35,Q8s,61,17,44,0,0,0,2023-09-06T11:29:50,2026-07-19T11:02:35
league2,CO,3.0,30-35,Q9o,199,152,47,0,0,0,2023-09-05T17:25:13,2026-06-25T03:29:42
league2,CO,3.0,30-35,Q9s,67,9,57,0,1,0,2023-09-20T15:19:53,2026-07-04T20:19:03
league2,CO,3.0,30-35,QJo,180,48,130,1,1,0,2023-09-06T13:49:41,2026-07-18T15:17:42
league2,CO,3.0,30-35,QJs,59,3,54,0,2,0,2023-09-04T19:45:52,2026-07-11T20:24:52
league2,CO,3.0,30-35,QQ,90,0,2,44,44,0,2023-09-08T18:04:00,2026-07-11T20:03:09
league2,CO,3.0,30-35,QTo,200,82,116,1,1,0,2023-09-05T16:25:59,2026-07-13T07:25:14
league2,CO,3.0,30-35,QTs,57,2,55,0,0,0,2023-09-12T18:30:30,2026-06-28T19:04:55
league2,CO,3.0,30-35,T2o,189,189,0,0,0,0,2023-09-03T16:19:04,2026-07-12T03:12:35
league2,CO,3.0,30-35,T2s,56,52,3,1,0,0,2023-09-10T03:20:32,2026-07-17T23:35:43
league2,CO,3.0,30-35,T3o,171,171,0,0,0,0,2023-09-03T22:12:05,2026-07-17T20:15:51
league2,CO,3.0,30-35,T3s,72,66,6,0,0,0,2023-09-06T20:25:36,2026-06-22T11:14:43
league2,CO,3.0,30-35,T4o,180,180,0,0,0,0,2023-09-12T09:39:08,2026-07-17T20:42:29
league2,CO,3.0,30-35,T4s,63,56,6,1,0,0,2023-09-08T22:19:35,2026-07-18T22:24:44
league2,CO,3.0,30-35,T5o,182,180,2,0,0,0,2023-09-06T21:32:34,2026-07-19T18:17:11
league2,CO,3.0,30-35,T5s,64,50,14,0,0,0,2023-09-07T13:50:27,2026-05-21T16:24:34
league2,CO,3.0,30-35,T6o,182,181,1,0,0,0,2023-09-04T16:52:55,2026-07-19T16:25:36
league2,CO,3.0,30-35,T6s,43,26,17,0,0,0,2023-09-15T17:38:02,2026-06-18T13:34:25
league2,CO,3.0,30-35,T7o,186,179,7,0,0,0,2023-10-03T09:54:47,2026-07-20T04:04:53
league2,CO,3.0,30-35,T7s,61,34,27,0,0,0,2023-09-10T21:49:55,2026-07-19T15:15:29
league2,CO,3.0,30-35,T8o,202,183,18,1,0,0,2023-09-04T21:29:38,2026-07-18T09:10:58
league2,CO,3.0,30-35,T8s,57,16,41,0,0,0,2023-09-16T17:02:02,2026-07-12T22:51:27
league2,CO,3.0,30-35,T9o,149,107,42,0,0,0,2023-09-08T07:49:14,2026-07-06T18:12:23
league2,CO,3.0,30-35,T9s,53,4,49,0,0,0,2023-09-05T18:45:50,2026-07-17T13:29:45
league2,CO,3.0,30-35,TT,82,1,9,3,69,0,2023-09-06T11:02:22,2026-07-20T11:54:53
league2,CO,3.0,35-40,__MISSING__,1912,1453,385,31,43,0,2023-09-02T01:50:45,2026-07-20T19:03:38
league2,CO,3.0,35-40,22,91,8,74,0,9,0,2023-09-03T17:36:42,2026-07-17T20:34:11
league2,CO,3.0,35-40,32o,162,162,0,0,0,0,2023-09-03T18:26:27,2026-07-14T21:33:36
league2,CO,3.0,35-40,32s,47,40,7,0,0,0,2023-09-26T04:45:35,2026-07-20T00:32:16
league2,CO,3.0,35-40,33,73,3,62,0,8,0,2023-09-17T13:23:31,2026-07-19T11:38:22
league2,CO,3.0,35-40,42o,131,130,1,0,0,0,2023-09-08T18:06:36,2026-06-16T14:43:23
league2,CO,3.0,35-40,42s,54,46,8,0,0,0,2023-10-27T19:30:04,2026-06-21T21:53:16
league2,CO,3.0,35-40,43o,165,164,1,0,0,0,2023-09-02T14:36:24,2026-07-07T18:08:02
league2,CO,3.0,35-40,43s,48,32,16,0,0,0,2023-10-11T13:01:45,2026-07-18T21:26:39
league2,CO,3.0,35-40,44,70,5,55,0,10,0,2023-09-09T21:07:44,2026-07-09T18:31:36
league2,CO,3.0,35-40,52o,171,171,0,0,0,0,2023-09-03T17:10:25,2026-07-05T06:23:41
league2,CO,3.0,35-40,52s,64,54,10,0,0,0,2023-09-04T22:14:06,2026-07-06T20:53:55
league2,CO,3.0,35-40,53o,182,180,2,0,0,0,2023-09-04T20:21:07,2026-06-16T00:32:20
league2,CO,3.0,35-40,53s,53,41,12,0,0,0,2023-09-12T18:20:46,2026-06-28T06:17:48
league2,CO,3.0,35-40,54o,167,159,8,0,0,0,2023-09-14T17:02:33,2026-06-29T13:38:27
league2,CO,3.0,35-40,54s,62,26,36,0,0,0,2023-09-08T05:22:00,2026-07-14T14:33:30
league2,CO,3.0,35-40,55,80,4,67,0,9,0,2023-09-24T20:32:55,2026-07-09T08:37:48
league2,CO,3.0,35-40,62o,181,181,0,0,0,0,2023-09-08T03:50:00,2026-07-16T17:42:53
league2,CO,3.0,35-40,62s,52,45,7,0,0,0,2023-09-05T18:26:48,2026-07-11T16:41:01
league2,CO,3.0,35-40,63o,175,174,1,0,0,0,2023-09-03T18:05:54,2026-07-20T06:09:26
league2,CO,3.0,35-40,63s,48,35,13,0,0,0,2023-09-10T00:47:22,2026-07-07T00:41:48
league2,CO,3.0,35-40,64o,155,152,3,0,0,0,2023-09-05T20:16:28,2026-07-17T23:51:01
league2,CO,3.0,35-40,64s,56,23,33,0,0,0,2023-09-02T15:12:12,2026-07-13T21:33:19
league2,CO,3.0,35-40,65o,169,152,16,0,1,0,2023-09-03T19:39:22,2026-07-18T03:20:34
league2,CO,3.0,35-40,65s,60,17,43,0,0,0,2023-09-05T19:22:56,2026-07-19T03:36:46
league2,CO,3.0,35-40,66,83,3,63,0,17,0,2023-10-02T12:15:07,2026-07-17T00:25:41
league2,CO,3.0,35-40,72o,186,186,0,0,0,0,2023-09-10T17:43:05,2026-07-20T23:53:25
league2,CO,3.0,35-40,72s,59,56,3,0,0,0,2023-10-11T04:54:41,2026-07-11T15:07:35
league2,CO,3.0,35-40,73o,170,170,0,0,0,0,2023-09-07T19:47:03,2026-07-20T16:05:21
league2,CO,3.0,35-40,73s,49,45,3,1,0,0,2023-09-05T19:25:03,2026-07-05T16:44:34
league2,CO,3.0,35-40,74o,153,151,2,0,0,0,2023-09-06T16:15:15,2026-07-15T20:41:43
league2,CO,3.0,35-40,74s,48,30,18,0,0,0,2023-10-03T08:14:06,2026-06-27T09:49:12
league2,CO,3.0,35-40,75o,153,146,7,0,0,0,2023-09-02T00:31:27,2026-06-17T00:29:35
league2,CO,3.0,35-40,75s,57,25,32,0,0,0,2023-09-07T23:15:22,2026-07-20T20:24:35
league2,CO,3.0,35-40,76o,163,136,27,0,0,0,2023-09-02T22:49:53,2026-07-20T08:25:13
league2,CO,3.0,35-40,76s,48,9,39,0,0,0,2023-10-05T15:26:33,2026-04-17T15:45:21
league2,CO,3.0,35-40,77,81,3,55,1,22,0,2023-09-03T18:05:29,2026-06-26T00:48:47
league2,CO,3.0,35-40,82o,176,176,0,0,0,0,2023-09-05T11:42:08,2026-07-08T20:04:47
league2,CO,3.0,35-40,82s,51,45,6,0,0,0,2023-09-22T19:16:03,2026-06-27T17:37:05
league2,CO,3.0,35-40,83o,161,161,0,0,0,0,2023-09-19T06:43:07,2026-07-18T18:29:36
league2,CO,3.0,35-40,83s,47,43,4,0,0,0,2023-09-28T14:08:29,2026-06-28T20:03:55
league2,CO,3.0,35-40,84o,170,170,0,0,0,0,2023-09-01T10:01:00,2026-07-18T23:17:38
league2,CO,3.0,35-40,84s,58,44,14,0,0,0,2023-09-01T12:50:44,2026-07-14T14:46:01
league2,CO,3.0,35-40,85o,158,153,5,0,0,0,2023-09-02T10:17:01,2026-07-18T19:39:20
league2,CO,3.0,35-40,85s,64,35,29,0,0,0,2023-09-02T12:05:31,2026-07-12T11:54:39
league2,CO,3.0,35-40,86o,145,131,14,0,0,0,2023-09-01T18:40:35,2026-07-15T05:43:32
league2,CO,3.0,35-40,86s,48,13,35,0,0,0,2023-09-09T13:31:54,2026-05-27T18:39:33
league2,CO,3.0,35-40,87o,186,143,43,0,0,0,2023-09-02T16:52:27,2026-07-15T19:09:06
league2,CO,3.0,35-40,87s,47,4,43,0,0,0,2023-09-02T21:35:53,2026-07-18T05:21:06
league2,CO,3.0,35-40,88,78,1,47,0,30,0,2023-09-10T19:17:35,2026-06-30T17:25:19
league2,CO,3.0,35-40,92o,167,167,0,0,0,0,2023-09-02T18:06:26,2026-07-17T19:51:15
league2,CO,3.0,35-40,92s,63,61,2,0,0,0,2023-09-23T12:05:44,2026-07-11T00:45:52
league2,CO,3.0,35-40,93o,177,177,0,0,0,0,2023-09-03T18:37:48,2026-07-03T15:25:00
league2,CO,3.0,35-40,93s,52,45,7,0,0,0,2023-10-16T18:03:59,2026-07-08T00:30:19
league2,CO,3.0,35-40,94o,178,178,0,0,0,0,2023-09-02T15:36:37,2026-07-17T22:47:20
league2,CO,3.0,35-40,94s,47,43,4,0,0,0,2023-09-09T22:48:14,2026-07-12T05:15:54
league2,CO,3.0,35-40,95o,174,172,2,0,0,0,2023-09-03T20:12:24,2026-07-17T03:36:35
league2,CO,3.0,35-40,95s,39,31,8,0,0,0,2023-09-20T17:25:56,2026-04-08T18:36:08
league2,CO,3.0,35-40,96o,178,174,4,0,0,0,2023-09-01T15:40:41,2026-07-13T16:08:18
league2,CO,3.0,35-40,96s,57,35,22,0,0,0,2023-09-01T17:51:23,2026-07-17T16:36:17
league2,CO,3.0,35-40,97o,153,135,18,0,0,0,2023-09-06T17:28:12,2026-07-12T16:04:06
league2,CO,3.0,35-40,97s,57,16,41,0,0,0,2023-09-24T21:32:09,2026-06-28T19:37:01
league2,CO,3.0,35-40,98o,176,136,40,0,0,0,2023-09-07T16:24:23,2026-07-15T16:36:56
league2,CO,3.0,35-40,98s,56,9,47,0,0,0,2023-09-08T07:02:17,2026-07-11T13:20:14
league2,CO,3.0,35-40,99,72,0,22,4,46,0,2023-09-17T15:52:49,2026-07-10T21:43:17
league2,CO,3.0,35-40,A2o,170,152,15,2,1,0,2023-09-03T10:15:55,2026-07-18T12:09:19
league2,CO,3.0,35-40,A2s,71,7,63,1,0,0,2023-10-01T22:12:48,2026-07-14T14:24:39
league2,CO,3.0,35-40,A3o,180,144,33,1,2,0,2023-09-03T12:31:59,2026-07-15T19:49:36
league2,CO,3.0,35-40,A3s,55,6,47,1,1,0,2023-09-26T20:08:47,2026-07-18T21:10:36
league2,CO,3.0,35-40,A4o,172,144,25,3,0,0,2023-09-06T15:31:18,2026-07-14T10:17:41
league2,CO,3.0,35-40,A4s,58,4,51,1,2,0,2023-09-03T23:12:05,2026-07-03T17:14:37
league2,CO,3.0,35-40,A5o,156,115,40,1,0,0,2023-09-04T20:47:24,2026-07-13T19:39:32
league2,CO,3.0,35-40,A5s,54,5,45,1,3,0,2023-09-04T16:30:51,2026-06-29T05:01:18
league2,CO,3.0,35-40,A6o,181,142,39,0,0,0,2023-09-03T21:28:01,2026-07-20T09:51:13
league2,CO,3.0,35-40,A6s,59,5,54,0,0,0,2023-09-02T15:53:29,2026-06-05T14:40:28
league2,CO,3.0,35-40,A7o,189,124,61,1,3,0,2023-09-07T08:54:49,2026-07-16T04:17:55
league2,CO,3.0,35-40,A7s,47,3,43,0,1,0,2023-09-29T11:54:53,2026-06-11T19:21:19
league2,CO,3.0,35-40,A8o,152,94,55,1,2,0,2023-09-07T11:33:35,2026-07-09T22:09:04
league2,CO,3.0,35-40,A8s,67,5,59,1,2,0,2023-09-02T21:01:43,2026-07-18T14:28:12
league2,CO,3.0,35-40,A9o,160,72,84,2,2,0,2023-09-17T06:32:20,2026-07-20T20:24:08
league2,CO,3.0,35-40,A9s,56,1,51,0,4,0,2023-10-20T10:26:57,2026-06-20T18:04:42
league2,CO,3.0,35-40,AA,71,0,5,62,4,0,2023-09-14T21:13:41,2026-06-26T15:19:43
league2,CO,3.0,35-40,AJo,174,3,124,7,40,0,2023-09-02T21:45:30,2026-07-19T20:54:56
league2,CO,3.0,35-40,AJs,53,0,37,3,13,0,2023-09-23T21:09:36,2026-07-06T21:36:47
league2,CO,3.0,35-40,AKo,168,0,6,39,123,0,2023-09-04T08:08:53,2026-07-17T14:03:12
league2,CO,3.0,35-40,AKs,58,1,0,21,36,0,2023-09-02T08:23:34,2026-06-24T05:31:39
league2,CO,3.0,35-40,AQo,188,3,74,23,88,0,2023-09-05T18:55:05,2026-07-05T20:46:57
league2,CO,3.0,35-40,AQs,56,0,16,11,29,0,2023-09-07T21:12:50,2026-07-03T22:14:38
league2,CO,3.0,35-40,ATo,165,15,139,2,9,0,2023-09-05T00:17:16,2026-07-14T12:15:53
league2,CO,3.0,35-40,ATs,62,0,53,2,7,0,2023-09-03T06:30:46,2026-07-10T18:40:48
league2,CO,3.0,35-40,J2o,149,148,1,0,0,0,2023-09-09T17:54:46,2026-07-03T14:08:57
league2,CO,3.0,35-40,J2s,50,38,12,0,0,0,2023-10-02T06:20:18,2026-06-06T14:23:52
league2,CO,3.0,35-40,J3o,147,146,0,1,0,0,2023-09-03T06:03:52,2026-07-20T20:09:40
league2,CO,3.0,35-40,J3s,52,41,11,0,0,0,2023-09-15T09:17:31,2026-06-21T20:12:56
league2,CO,3.0,35-40,J4o,181,178,1,2,0,0,2023-09-09T16:20:29,2026-07-21T00:33:43
league2,CO,3.0,35-40,J4s,56,42,14,0,0,0,2023-09-09T22:28:22,2026-05-16T17:25:14
league2,CO,3.0,35-40,J5o,159,158,1,0,0,0,2023-10-05T18:49:32,2026-07-17T18:26:44
league2,CO,3.0,35-40,J5s,53,44,9,0,0,0,2023-09-08T19:44:13,2026-06-17T03:39:45
league2,CO,3.0,35-40,J6o,166,163,3,0,0,0,2023-09-24T17:53:23,2026-07-07T09:39:22
league2,CO,3.0,35-40,J6s,55,33,22,0,0,0,2023-09-19T05:23:42,2026-07-04T02:11:09
league2,CO,3.0,35-40,J7o,148,143,5,0,0,0,2023-09-02T17:24:50,2026-07-08T16:38:54
league2,CO,3.0,35-40,J7s,66,32,34,0,0,0,2023-09-05T20:13:59,2026-07-08T09:40:40
league2,CO,3.0,35-40,J8o,186,155,31,0,0,0,2023-09-03T19:43:53,2026-07-19T13:42:25
league2,CO,3.0,35-40,J8s,60,9,51,0,0,0,2023-10-05T16:20:07,2026-06-09T19:25:31
league2,CO,3.0,35-40,J9o,166,118,48,0,0,0,2023-09-02T18:15:38,2026-06-25T13:15:17
league2,CO,3.0,35-40,J9s,64,9,55,0,0,0,2023-09-03T00:27:54,2026-06-21T15:23:46
league2,CO,3.0,35-40,JJ,92,0,5,28,59,0,2023-09-03T09:08:44,2026-07-16T16:34:57
league2,CO,3.0,35-40,JTo,171,71,100,0,0,0,2023-09-08T08:13:19,2026-07-15T20:12:40
league2,CO,3.0,35-40,JTs,60,3,57,0,0,0,2023-09-20T05:14:16,2026-07-18T15:07:57
league2,CO,3.0,35-40,K2o,163,163,0,0,0,0,2023-10-28T09:11:14,2026-07-20T13:38:42
league2,CO,3.0,35-40,K2s,61,30,30,1,0,0,2023-09-03T10:29:23,2026-06-06T16:44:22
league2,CO,3.0,35-40,K3o,182,177,5,0,0,0,2023-09-01T16:19:30,2026-07-16T18:37:48
league2,CO,3.0,35-40,K3s,61,35,26,0,0,0,2023-09-06T19:45:17,2026-05-23T08:52:37
league2,CO,3.0,35-40,K4o,170,166,4,0,0,0,2023-09-04T08:31:25,2026-07-21T20:43:53
league2,CO,3.0,35-40,K4s,55,21,34,0,0,0,2023-10-21T03:10:57,2026-07-15T11:18:42
league2,CO,3.0,35-40,K5o,171,166,4,1,0,0,2023-09-06T20:19:07,2026-07-03T20:33:45
league2,CO,3.0,35-40,K5s,56,27,29,0,0,0,2023-09-30T04:00:38,2026-07-18T17:39:28
league2,CO,3.0,35-40,K6o,164,156,7,1,0,0,2023-09-07T12:16:44,2026-07-07T20:31:52
league2,CO,3.0,35-40,K6s,43,8,35,0,0,0,2023-12-10T13:21:27,2026-06-28T03:43:53
league2,CO,3.0,35-40,K7o,148,139,7,2,0,0,2023-09-02T19:48:28,2026-07-20T15:26:10
league2,CO,3.0,35-40,K7s,39,10,29,0,0,0,2023-10-04T09:54:51,2026-07-14T18:41:09
league2,CO,3.0,35-40,K8o,168,148,19,1,0,0,2023-09-12T19:46:14,2026-07-12T21:41:33
league2,CO,3.0,35-40,K8s,45,7,37,1,0,0,2023-09-01T12:04:12,2026-06-16T22:12:32
league2,CO,3.0,35-40,K9o,168,121,47,0,0,0,2023-09-30T10:40:10,2026-06-27T20:46:18
league2,CO,3.0,35-40,K9s,60,9,51,0,0,0,2023-10-03T15:45:32,2026-07-03T23:04:46
league2,CO,3.0,35-40,KJo,164,26,134,1,3,0,2023-09-13T15:07:59,2026-07-21T23:30:40
league2,CO,3.0,35-40,KJs,64,1,59,2,2,0,2023-09-12T23:23:05,2026-07-19T16:49:25
league2,CO,3.0,35-40,KK,91,0,2,81,8,0,2023-09-07T23:10:21,2026-06-20T01:51:41
league2,CO,3.0,35-40,KQo,168,9,147,6,6,0,2023-09-08T00:43:08,2026-07-04T11:35:35
league2,CO,3.0,35-40,KQs,60,1,51,2,6,0,2023-09-03T16:32:06,2026-07-17T21:08:46
league2,CO,3.0,35-40,KTo,184,56,127,1,0,0,2023-09-07T19:50:10,2026-07-19T00:28:40
league2,CO,3.0,35-40,KTs,56,0,54,1,1,0,2023-09-06T20:47:18,2026-07-10T05:36:02
league2,CO,3.0,35-40,Q2o,172,171,1,0,0,0,2023-09-12T17:35:02,2026-06-27T20:34:16
league2,CO,3.0,35-40,Q2s,51,37,14,0,0,0,2023-10-04T11:18:19,2026-07-13T21:36:36
league2,CO,3.0,35-40,Q3o,166,166,0,0,0,0,2023-09-03T19:16:21,2026-07-21T08:03:52
league2,CO,3.0,35-40,Q3s,59,36,23,0,0,0,2023-09-12T18:20:15,2026-05-10T19:42:45
league2,CO,3.0,35-40,Q4o,139,136,3,0,0,0,2023-09-08T22:15:55,2026-07-08T01:42:37
league2,CO,3.0,35-40,Q4s,54,32,22,0,0,0,2023-09-15T19:18:21,2026-07-07T15:39:24
league2,CO,3.0,35-40,Q5o,175,173,2,0,0,0,2023-09-01T22:16:02,2026-07-12T18:03:46
league2,CO,3.0,35-40,Q5s,52,26,26,0,0,0,2023-09-01T12:40:38,2026-07-17T19:42:33
league2,CO,3.0,35-40,Q6o,172,167,5,0,0,0,2023-09-01T14:29:37,2026-07-19T22:49:02
league2,CO,3.0,35-40,Q6s,54,32,22,0,0,0,2023-10-18T18:43:43,2026-07-12T09:09:41
league2,CO,3.0,35-40,Q7o,165,161,4,0,0,0,2023-09-11T21:52:04,2026-07-11T05:28:48
league2,CO,3.0,35-40,Q7s,69,30,39,0,0,0,2023-09-24T19:28:20,2026-07-09T05:54:28
league2,CO,3.0,35-40,Q8o,181,168,13,0,0,0,2023-09-05T17:29:01,2026-07-05T01:36:33
league2,CO,3.0,35-40,Q8s,74,18,56,0,0,0,2023-09-17T04:17:01,2026-07-08T02:04:25
league2,CO,3.0,35-40,Q9o,170,124,46,0,0,0,2023-09-02T16:13:20,2026-07-07T18:39:26
league2,CO,3.0,35-40,Q9s,52,8,44,0,0,0,2023-10-09T09:53:55,2026-07-18T14:20:24
league2,CO,3.0,35-40,QJo,163,37,125,1,0,0,2023-09-03T20:31:42,2026-07-20T09:41:20
league2,CO,3.0,35-40,QJs,70,1,63,3,3,0,2023-09-03T08:53:07,2026-07-13T22:12:58
league2,CO,3.0,35-40,QQ,85,0,2,51,32,0,2023-09-18T07:26:46,2026-07-02T19:02:33
league2,CO,3.0,35-40,QTo,183,72,111,0,0,0,2023-09-07T19:44:40,2026-07-21T07:28:40
league2,CO,3.0,35-40,QTs,53,4,49,0,0,0,2023-10-07T19:43:23,2026-07-05T18:01:00
league2,CO,3.0,35-40,T2o,162,162,0,0,0,0,2023-09-03T20:41:00,2026-07-19T14:21:02
league2,CO,3.0,35-40,T2s,54,52,2,0,0,0,2023-09-10T22:06:25,2026-07-18T04:11:51
league2,CO,3.0,35-40,T3o,141,141,0,0,0,0,2023-09-02T22:10:53,2026-07-17T23:23:26
league2,CO,3.0,35-40,T3s,44,33,11,0,0,0,2023-10-06T13:29:27,2026-06-16T02:52:07
league2,CO,3.0,35-40,T4o,160,160,0,0,0,0,2023-09-05T08:42:18,2026-07-11T19:14:19
league2,CO,3.0,35-40,T4s,57,49,8,0,0,0,2023-09-05T22:14:38,2026-05-12T16:35:46
league2,CO,3.0,35-40,T5o,157,156,1,0,0,0,2023-09-09T20:10:25,2026-06-29T18:50:05
league2,CO,3.0,35-40,T5s,63,46,17,0,0,0,2023-09-12T15:05:25,2026-07-08T16:29:46
league2,CO,3.0,35-40,T6o,161,161,0,0,0,0,2023-09-01T13:45:31,2026-07-21T17:02:58
league2,CO,3.0,35-40,T6s,52,34,18,0,0,0,2023-09-03T07:02:49,2026-06-23T12:38:12
league2,CO,3.0,35-40,T7o,154,146,8,0,0,0,2023-09-03T20:49:21,2026-06-29T12:04:18
league2,CO,3.0,35-40,T7s,47,12,35,0,0,0,2023-09-15T10:42:54,2026-07-03T02:53:34
league2,CO,3.0,35-40,T8o,182,154,27,0,1,0,2023-09-02T11:08:21,2026-06-05T20:06:33
league2,CO,3.0,35-40,T8s,48,11,37,0,0,0,2023-10-13T20:18:09,2026-07-20T20:46:42
league2,CO,3.0,35-40,T9o,171,125,46,0,0,0,2023-09-03T22:08:09,2026-07-16T00:11:40
league2,CO,3.0,35-40,T9s,58,7,51,0,0,0,2023-09-10T18:36:24,2026-05-29T18:49:41
league2,CO,3.0,35-40,TT,86,1,20,11,54,0,2023-09-04T16:40:02,2026-06-24T13:20:04
league3,BTN,2.0,25-30,__MISSING__,39498,12294,21035,2693,3476,0,2023-09-01T07:13:40,2026-07-21T22:26:41
league3,BTN,2.0,25-30,22,1157,12,741,16,388,0,2023-09-06T21:25:51,2026-07-21T20:09:09
league3,BTN,2.0,25-30,32o,2394,1963,385,44,2,0,2023-09-01T17:27:08,2026-07-21T04:27:31
league3,BTN,2.0,25-30,32s,789,113,666,10,0,0,2023-09-02T23:24:47,2026-07-21T19:01:32
league3,BTN,2.0,25-30,33,1196,12,653,17,514,0,2023-09-02T16:46:18,2026-07-21T03:51:40
league3,BTN,2.0,25-30,42o,2360,1942,376,41,1,0,2023-09-02T09:22:11,2026-07-20T16:44:18
league3,BTN,2.0,25-30,42s,718,102,612,3,1,0,2023-09-04T17:09:05,2026-07-18T13:08:56
league3,BTN,2.0,25-30,43o,2335,1187,1103,42,3,0,2023-09-02T06:06:06,2026-07-21T20:26:43
league3,BTN,2.0,25-30,43s,812,54,752,3,3,0,2023-09-04T20:08:03,2026-07-20T20:07:07
league3,BTN,2.0,25-30,44,1161,7,579,20,555,0,2023-09-02T17:54:19,2026-07-20T19:08:42
league3,BTN,2.0,25-30,52o,2270,1882,350,38,0,0,2023-09-02T01:34:20,2026-07-21T19:47:12
league3,BTN,2.0,25-30,52s,792,126,656,9,1,0,2023-09-01T22:08:54,2026-07-21T12:36:37
league3,BTN,2.0,25-30,53o,2338,1417,876,43,2,0,2023-09-02T16:01:52,2026-07-21T19:19:59
league3,BTN,2.0,25-30,53s,822,45,771,5,1,0,2023-09-03T19:52:55,2026-07-20T19:39:09
league3,BTN,2.0,25-30,54o,2335,563,1753,17,2,0,2023-09-02T14:54:26,2026-07-21T22:20:54
league3,BTN,2.0,25-30,54s,794,20,759,10,5,0,2023-09-02T09:41:57,2026-07-20T16:37:06
league3,BTN,2.0,25-30,55,1227,9,539,28,651,0,2023-09-03T21:04:39,2026-07-21T21:10:50
league3,BTN,2.0,25-30,62o,2315,2067,191,55,2,0,2023-09-02T17:46:39,2026-07-21T19:08:28
league3,BTN,2.0,25-30,62s,822,161,650,11,0,0,2023-09-01T23:16:01,2026-07-18T12:45:59
league3,BTN,2.0,25-30,63o,2329,1584,698,47,0,0,2023-09-01T01:37:20,2026-07-21T20:25:28
league3,BTN,2.0,25-30,63s,718,58,656,2,2,0,2023-09-01T15:06:24,2026-07-21T16:29:41
league3,BTN,2.0,25-30,64o,2323,940,1353,28,2,0,2023-09-01T21:24:15,2026-07-21T18:07:52
league3,BTN,2.0,25-30,64s,768,33,729,4,2,0,2023-09-04T14:36:21,2026-07-18T14:43:26
league3,BTN,2.0,25-30,65o,2333,355,1956,21,1,0,2023-09-01T15:12:34,2026-07-21T21:47:12
league3,BTN,2.0,25-30,65s,830,9,803,6,12,0,2023-09-02T07:30:20,2026-07-19T23:06:14
league3,BTN,2.0,25-30,66,1267,4,465,37,761,0,2023-09-02T18:14:14,2026-07-21T06:41:10
league3,BTN,2.0,25-30,72o,2249,2116,83,50,0,0,2023-09-02T20:25:09,2026-07-21T16:36:55
league3,BTN,2.0,25-30,72s,772,198,561,12,1,0,2023-09-02T17:15:41,2026-07-21T21:20:55
league3,BTN,2.0,25-30,73o,2255,1920,288,43,4,0,2023-09-01T14:46:36,2026-07-21T16:09:31
league3,BTN,2.0,25-30,73s,770,114,647,7,2,0,2023-09-02T20:22:40,2026-07-21T21:07:38
league3,BTN,2.0,25-30,74o,2333,1375,919,38,1,0,2023-09-03T03:31:47,2026-07-21T23:34:58
league3,BTN,2.0,25-30,74s,752,67,674,6,5,0,2023-09-06T17:44:18,2026-07-19T21:10:56
league3,BTN,2.0,25-30,75o,2404,762,1611,28,3,0,2023-09-02T02:33:53,2026-07-21T11:21:33
league3,BTN,2.0,25-30,75s,885,31,839,10,5,0,2023-09-01T13:43:55,2026-07-21T15:54:28
league3,BTN,2.0,25-30,76o,2382,248,2122,11,1,0,2023-09-02T19:04:48,2026-07-21T23:40:31
league3,BTN,2.0,25-30,76s,786,9,755,8,14,0,2023-09-06T02:09:33,2026-07-21T15:08:44
league3,BTN,2.0,25-30,77,1221,8,329,45,839,0,2023-09-02T08:28:45,2026-07-20T20:04:15
league3,BTN,2.0,25-30,82o,2345,2188,103,53,1,0,2023-09-02T18:52:06,2026-07-21T23:16:29
league3,BTN,2.0,25-30,82s,839,187,645,6,1,0,2023-09-04T19:53:22,2026-07-21T16:48:04
league3,BTN,2.0,25-30,83o,2407,2164,182,61,0,0,2023-09-01T09:20:08,2026-07-21T10:40:34
league3,BTN,2.0,25-30,83s,816,146,666,4,0,0,2023-09-01T15:28:01,2026-07-20T08:49:50
league3,BTN,2.0,25-30,84o,2329,1719,564,46,0,0,2023-09-01T16:49:45,2026-07-21T19:15:16
league3,BTN,2.0,25-30,84s,797,64,728,3,2,0,2023-09-02T17:32:33,2026-07-19T20:37:30
league3,BTN,2.0,25-30,85o,2322,1105,1175,41,1,0,2023-09-03T19:10:58,2026-07-21T21:10:15
league3,BTN,2.0,25-30,85s,828,45,774,6,3,0,2023-09-02T13:09:38,2026-07-20T21:04:28
league3,BTN,2.0,25-30,86o,2430,475,1939,15,1,0,2023-09-01T15:51:03,2026-07-20T23:04:17
league3,BTN,2.0,25-30,86s,843,23,806,9,5,0,2023-09-01T03:20:34,2026-07-21T17:43:34
league3,BTN,2.0,25-30,87o,2376,191,2173,10,2,0,2023-09-01T01:48:23,2026-07-21T17:33:27
league3,BTN,2.0,25-30,87s,784,6,741,18,19,0,2023-09-03T16:43:55,2026-07-21T21:51:29
league3,BTN,2.0,25-30,88,1250,10,184,109,947,0,2023-09-02T20:40:10,2026-07-21T20:06:30
league3,BTN,2.0,25-30,92o,2299,2143,106,49,1,0,2023-09-02T19:52:21,2026-07-21T00:15:12
league3,BTN,2.0,25-30,92s,785,148,621,12,4,0,2023-09-02T18:24:55,2026-07-20T23:02:05
league3,BTN,2.0,25-30,93o,2381,2129,182,70,0,0,2023-09-01T14:40:54,2026-07-21T20:16:16
league3,BTN,2.0,25-30,93s,790,145,636,8,1,0,2023-09-04T18:47:20,2026-07-21T18:24:37
league3,BTN,2.0,25-30,94o,2404,1947,398,58,1,0,2023-09-01T09:48:47,2026-07-21T18:38:21
league3,BTN,2.0,25-30,94s,785,78,699,8,0,0,2023-09-02T20:14:29,2026-07-20T12:54:57
league3,BTN,2.0,25-30,95o,2292,1442,791,58,1,0,2023-09-02T13:08:28,2026-07-21T22:36:41
league3,BTN,2.0,25-30,95s,818,60,754,4,0,0,2023-09-03T16:26:54,2026-07-20T23:06:53
league3,BTN,2.0,25-30,96o,2404,787,1582,32,3,0,2023-09-01T14:32:03,2026-07-21T18:13:01
league3,BTN,2.0,25-30,96s,783,16,756,5,6,0,2023-09-02T16:16:45,2026-07-19T08:10:16
league3,BTN,2.0,25-30,97o,2500,416,2068,14,2,0,2023-09-01T05:30:50,2026-07-21T01:15:20
league3,BTN,2.0,25-30,97s,814,16,777,12,9,0,2023-09-05T17:28:01,2026-07-19T16:47:38
league3,BTN,2.0,25-30,98o,2411,135,2259,13,4,0,2023-09-01T19:13:26,2026-07-20T18:23:01
league3,BTN,2.0,25-30,98s,803,7,761,16,19,0,2023-09-03T21:44:51,2026-07-19T14:45:37
league3,BTN,2.0,25-30,99,1216,7,114,188,907,0,2023-09-03T21:09:10,2026-07-21T22:53:18
league3,BTN,2.0,25-30,A2o,2578,261,1551,444,322,0,2023-09-01T18:02:36,2026-07-20T23:25:46
league3,BTN,2.0,25-30,A2s,865,6,575,107,177,0,2023-09-02T10:32:01,2026-07-21T19:52:21
league3,BTN,2.0,25-30,A3o,2562,187,1567,429,379,0,2023-09-01T09:10:41,2026-07-21T18:54:59
league3,BTN,2.0,25-30,A3s,923,8,588,128,199,0,2023-09-02T17:50:03,2026-07-21T17:54:19
league3,BTN,2.0,25-30,A4o,2469,153,1440,459,417,0,2023-09-01T20:03:08,2026-07-20T12:54:24
league3,BTN,2.0,25-30,A4s,856,10,522,114,210,0,2023-09-03T01:34:51,2026-07-20T19:50:59
league3,BTN,2.0,25-30,A5o,2545,117,1558,382,488,0,2023-09-02T00:39:06,2026-07-21T21:06:20
league3,BTN,2.0,25-30,A5s,881,6,514,107,254,0,2023-09-02T16:20:25,2026-07-19T19:36:21
league3,BTN,2.0,25-30,A6o,2576,137,1811,221,407,0,2023-09-01T20:11:00,2026-07-21T22:11:49
league3,BTN,2.0,25-30,A6s,875,8,648,49,170,0,2023-09-01T15:10:17,2026-07-19T22:31:14
league3,BTN,2.0,25-30,A7o,2657,107,1852,193,505,0,2023-09-01T00:35:39,2026-07-21T21:31:30
league3,BTN,2.0,25-30,A7s,827,6,591,47,183,0,2023-09-02T17:21:45,2026-07-18T08:19:38
league3,BTN,2.0,25-30,A8o,2648,68,1720,188,672,0,2023-09-01T17:25:32,2026-07-21T20:22:41
league3,BTN,2.0,25-30,A8s,902,8,571,51,272,0,2023-09-02T21:09:15,2026-07-21T19:35:53
league3,BTN,2.0,25-30,A9o,2646,55,1494,211,886,0,2023-09-02T16:31:42,2026-07-21T20:07:53
league3,BTN,2.0,25-30,A9s,870,6,516,69,279,0,2023-09-02T21:27:12,2026-07-20T07:40:53
league3,BTN,2.0,25-30,AA,1405,2,107,1186,110,0,2023-09-03T11:20:36,2026-07-21T21:46:02
league3,BTN,2.0,25-30,AJo,2636,18,455,532,1631,0,2023-09-01T16:18:07,2026-07-20T15:23:56
league3,BTN,2.0,25-30,AJs,889,5,175,210,499,0,2023-09-07T18:14:52,2026-07-21T18:32:06
league3,BTN,2.0,25-30,AKo,2688,13,14,913,1748,0,2023-09-01T17:30:56,2026-07-21T22:36:16
league3,BTN,2.0,25-30,AKs,852,7,8,379,458,0,2023-09-03T09:27:15,2026-07-21T17:27:11
league3,BTN,2.0,25-30,AQo,2676,19,121,700,1836,0,2023-09-01T22:07:45,2026-07-21T20:14:00
league3,BTN,2.0,25-30,AQs,889,4,67,295,523,0,2023-09-04T18:30:28,2026-07-20T22:41:58
league3,BTN,2.0,25-30,ATo,2654,20,970,339,1325,0,2023-09-01T11:23:26,2026-07-21T21:11:17
league3,BTN,2.0,25-30,ATs,879,6,342,113,418,0,2023-09-02T04:35:45,2026-07-20T18:53:58
league3,BTN,2.0,25-30,J2o,2379,1652,619,107,1,0,2023-09-01T13:45:24,2026-07-20T02:23:48
league3,BTN,2.0,25-30,J2s,822,91,717,10,4,0,2023-09-02T10:07:20,2026-07-18T22:36:55
league3,BTN,2.0,25-30,J3o,2349,1560,677,108,4,0,2023-09-03T17:09:47,2026-07-21T21:20:18
league3,BTN,2.0,25-30,J3s,813,69,727,13,4,0,2023-09-02T10:47:14,2026-07-21T12:51:55
league3,BTN,2.0,25-30,J4o,2476,1447,916,110,3,0,2023-09-03T13:46:19,2026-07-21T20:27:58
league3,BTN,2.0,25-30,J4s,825,55,753,9,8,0,2023-09-01T14:37:33,2026-07-19T10:50:33
league3,BTN,2.0,25-30,J5o,2452,1324,1017,107,4,0,2023-09-03T05:06:21,2026-07-21T19:49:57
league3,BTN,2.0,25-30,J5s,875,45,817,7,6,0,2023-09-05T04:32:02,2026-07-21T20:53:22
league3,BTN,2.0,25-30,J6o,2414,974,1363,75,2,0,2023-09-01T18:21:33,2026-07-21T18:53:29
league3,BTN,2.0,25-30,J6s,816,28,780,3,5,0,2023-09-03T16:40:59,2026-07-21T21:34:20
league3,BTN,2.0,25-30,J7o,2412,525,1849,35,3,0,2023-09-01T19:02:12,2026-07-21T09:25:31
league3,BTN,2.0,25-30,J7s,827,18,794,8,7,0,2023-09-01T20:32:45,2026-07-21T21:48:12
league3,BTN,2.0,25-30,J8o,2520,236,2250,28,6,0,2023-09-02T11:53:19,2026-07-21T23:19:20
league3,BTN,2.0,25-30,J8s,834,14,792,9,19,0,2023-09-03T13:29:45,2026-07-19T21:11:47
league3,BTN,2.0,25-30,J9o,2519,134,2346,28,11,0,2023-09-02T17:46:36,2026-07-21T22:32:09
league3,BTN,2.0,25-30,J9s,927,7,859,26,35,0,2023-09-01T16:14:53,2026-07-19T12:54:08
league3,BTN,2.0,25-30,JJ,1253,6,22,603,622,0,2023-09-02T20:23:22,2026-07-21T11:28:30
league3,BTN,2.0,25-30,JTo,2635,40,2478,45,72,0,2023-09-01T14:33:14,2026-07-21T13:15:07
league3,BTN,2.0,25-30,JTs,870,5,717,25,123,0,2023-09-01T17:50:01,2026-07-21T19:30:55
league3,BTN,2.0,25-30,K2o,2452,811,1311,298,32,0,2023-09-01T21:17:45,2026-07-21T06:09:16
league3,BTN,2.0,25-30,K2s,795,19,711,48,17,0,2023-09-02T12:39:54,2026-07-20T18:54:32
league3,BTN,2.0,25-30,K3o,2481,747,1407,304,23,0,2023-09-01T21:27:55,2026-07-21T11:25:24
league3,BTN,2.0,25-30,K3s,865,18,774,55,18,0,2023-09-03T00:32:27,2026-07-20T18:44:58
league3,BTN,2.0,25-30,K4o,2488,602,1592,267,27,0,2023-09-02T13:22:15,2026-07-21T09:02:20
league3,BTN,2.0,25-30,K4s,867,21,774,45,27,0,2023-09-03T17:46:32,2026-07-21T05:09:21
league3,BTN,2.0,25-30,K5o,2414,522,1621,253,18,0,2023-09-02T08:35:39,2026-07-21T19:47:46
league3,BTN,2.0,25-30,K5s,867,13,788,40,26,0,2023-09-05T19:27:21,2026-07-21T21:28:48
league3,BTN,2.0,25-30,K6o,2511,411,1902,176,22,0,2023-09-01T14:48:35,2026-07-21T00:30:19
league3,BTN,2.0,25-30,K6s,844,10,781,21,32,0,2023-09-06T18:22:22,2026-07-21T14:20:18
league3,BTN,2.0,25-30,K7o,2457,258,2065,113,21,0,2023-09-02T01:52:09,2026-07-21T19:02:35
league3,BTN,2.0,25-30,K7s,883,11,809,22,41,0,2023-09-04T18:26:05,2026-07-20T22:22:05
league3,BTN,2.0,25-30,K8o,2484,200,2157,97,30,0,2023-09-01T19:46:02,2026-07-19T22:15:41
league3,BTN,2.0,25-30,K8s,837,13,757,29,38,0,2023-09-02T07:52:41,2026-07-21T20:06:18
league3,BTN,2.0,25-30,K9o,2611,109,2367,74,61,0,2023-09-01T03:09:35,2026-07-20T19:44:41
league3,BTN,2.0,25-30,K9s,855,10,741,35,69,0,2023-09-04T21:16:50,2026-07-21T12:29:03
league3,BTN,2.0,25-30,KJo,2555,16,1874,204,461,0,2023-09-01T07:48:25,2026-07-21T20:34:15
league3,BTN,2.0,25-30,KJs,853,8,546,58,241,0,2023-09-08T20:50:50,2026-07-21T16:31:42
league3,BTN,2.0,25-30,KK,1300,9,57,1064,170,0,2023-09-02T19:06:55,2026-07-21T17:49:56
league3,BTN,2.0,25-30,KQo,2586,22,1400,330,834,0,2023-09-02T13:12:35,2026-07-20T23:21:47
league3,BTN,2.0,25-30,KQs,865,9,420,124,312,0,2023-09-02T14:28:14,2026-07-20T18:43:20
league3,BTN,2.0,25-30,KTo,2528,48,2162,112,206,0,2023-09-01T17:40:04,2026-07-21T05:04:08
league3,BTN,2.0,25-30,KTs,846,6,647,50,143,0,2023-09-03T18:50:37,2026-07-21T21:41:00
league3,BTN,2.0,25-30,Q2o,2324,1259,874,187,4,0,2023-09-02T18:31:29,2026-07-20T23:42:34
league3,BTN,2.0,25-30,Q2s,788,39,723,22,4,0,2023-09-02T12:50:10,2026-07-20T20:04:10
league3,BTN,2.0,25-30,Q3o,2450,1230,1051,162,7,0,2023-09-01T20:22:26,2026-07-21T22:09:30
league3,BTN,2.0,25-30,Q3s,816,31,748,29,8,0,2023-09-01T23:05:55,2026-07-21T17:38:08
league3,BTN,2.0,25-30,Q4o,2429,1070,1195,160,4,0,2023-09-02T19:17:39,2026-07-20T19:14:03
league3,BTN,2.0,25-30,Q4s,840,39,770,23,8,0,2023-09-02T18:47:50,2026-07-20T14:22:38
league3,BTN,2.0,25-30,Q5o,2350,922,1277,144,7,0,2023-09-01T20:24:25,2026-07-21T23:31:30
league3,BTN,2.0,25-30,Q5s,783,22,731,22,8,0,2023-09-02T21:08:23,2026-07-21T16:34:36
league3,BTN,2.0,25-30,Q6o,2389,684,1593,107,5,0,2023-09-01T18:54:36,2026-07-21T21:07:21
league3,BTN,2.0,25-30,Q6s,812,18,778,9,7,0,2023-09-03T08:13:55,2026-07-19T21:04:57
league3,BTN,2.0,25-30,Q7o,2408,496,1837,72,3,0,2023-09-02T04:46:25,2026-07-21T17:30:46
league3,BTN,2.0,25-30,Q7s,870,15,837,9,9,0,2023-09-02T18:43:14,2026-07-20T13:11:29
league3,BTN,2.0,25-30,Q8o,2598,256,2278,56,8,0,2023-09-04T09:33:31,2026-07-21T21:33:55
league3,BTN,2.0,25-30,Q8s,848,11,807,12,18,0,2023-09-05T16:26:05,2026-07-20T22:19:14
league3,BTN,2.0,25-30,Q9o,2465,120,2304,26,15,0,2023-09-02T20:34:42,2026-07-21T23:13:46
league3,BTN,2.0,25-30,Q9s,839,9,775,19,36,0,2023-09-01T21:21:47,2026-07-20T20:22:52
league3,BTN,2.0,25-30,QJo,2535,24,2282,86,143,0,2023-09-03T19:09:00,2026-07-21T12:38:42
league3,BTN,2.0,25-30,QJs,954,6,746,52,150,0,2023-09-02T16:50:58,2026-07-20T20:20:04
league3,BTN,2.0,25-30,QQ,1267,5,14,897,351,0,2023-09-01T13:18:40,2026-07-21T19:12:30
league3,BTN,2.0,25-30,QTo,2500,40,2337,43,80,0,2023-09-01T18:07:19,2026-07-21T23:27:21
league3,BTN,2.0,25-30,QTs,862,7,708,39,108,0,2023-09-05T11:33:12,2026-07-18T23:52:34
league3,BTN,2.0,25-30,T2o,2407,2078,266,60,3,0,2023-09-02T12:37:07,2026-07-21T06:28:21
league3,BTN,2.0,25-30,T2s,814,129,675,8,2,0,2023-09-07T17:26:04,2026-07-16T17:27:33
league3,BTN,2.0,25-30,T3o,2388,1992,326,70,0,0,2023-09-03T10:19:08,2026-07-21T20:26:09
league3,BTN,2.0,25-30,T3s,863,115,734,11,3,0,2023-09-03T18:44:04,2026-07-21T19:01:57
league3,BTN,2.0,25-30,T4o,2493,1887,534,70,2,0,2023-09-01T22:54:42,2026-07-21T22:19:01
league3,BTN,2.0,25-30,T4s,832,94,728,10,0,0,2023-09-01T21:26:34,2026-07-19T21:50:19
league3,BTN,2.0,25-30,T5o,2410,1597,746,65,2,0,2023-09-03T20:46:20,2026-07-21T13:35:30
league3,BTN,2.0,25-30,T5s,846,71,769,6,0,0,2023-09-02T13:01:54,2026-07-21T20:42:49
league3,BTN,2.0,25-30,T6o,2440,999,1395,46,0,0,2023-09-02T16:41:33,2026-07-21T16:34:01
league3,BTN,2.0,25-30,T6s,823,28,786,4,5,0,2023-09-01T21:54:18,2026-07-19T20:15:49
league3,BTN,2.0,25-30,T7o,2480,558,1888,31,3,0,2023-09-02T01:16:29,2026-07-21T19:25:32
league3,BTN,2.0,25-30,T7s,809,16,785,3,5,0,2023-09-04T05:47:32,2026-07-20T20:14:21
league3,BTN,2.0,25-30,T8o,2499,272,2199,23,5,0,2023-09-01T13:39:23,2026-07-19T23:23:13
league3,BTN,2.0,25-30,T8s,839,9,797,13,20,0,2023-09-06T18:41:03,2026-07-19T21:23:43
league3,BTN,2.0,25-30,T9o,2532,98,2410,19,5,0,2023-09-01T15:21:21,2026-07-21T19:22:08
league3,BTN,2.0,25-30,T9s,837,4,756,26,51,0,2023-09-02T20:32:33,2026-07-21T09:12:56
league3,BTN,2.0,25-30,TT,1211,6,42,325,838,0,2023-09-03T12:05:38,2026-07-21T05:40:20
league3,BTN,2.0,30-35,__MISSING__,36295,10784,19884,3685,1942,0,2023-09-01T11:30:55,2026-07-21T23:32:37
league3,BTN,2.0,30-35,22,982,15,729,18,220,0,2023-09-04T07:25:09,2026-07-20T18:15:46
league3,BTN,2.0,30-35,32o,1966,1560,362,43,1,0,2023-09-01T15:20:05,2026-07-21T14:21:45
league3,BTN,2.0,30-35,32s,659,73,574,11,1,0,2023-09-04T16:24:37,2026-07-20T19:10:13
league3,BTN,2.0,30-35,33,983,10,678,24,271,0,2023-09-02T01:32:34,2026-07-21T11:52:59
league3,BTN,2.0,30-35,42o,2011,1607,354,48,2,0,2023-09-02T02:03:59,2026-07-21T12:54:09
league3,BTN,2.0,30-35,42s,675,90,579,6,0,0,2023-09-08T19:20:26,2026-07-18T22:38:31
league3,BTN,2.0,30-35,43o,1946,991,930,24,1,0,2023-09-02T15:31:09,2026-07-20T21:34:21
league3,BTN,2.0,30-35,43s,696,35,652,8,1,0,2023-09-03T16:33:15,2026-07-21T10:34:11
league3,BTN,2.0,30-35,44,968,17,625,21,305,0,2023-09-02T18:41:20,2026-07-19T21:01:18
league3,BTN,2.0,30-35,52o,2010,1610,332,67,1,0,2023-09-01T16:24:57,2026-07-21T15:27:06
league3,BTN,2.0,30-35,52s,673,98,570,5,0,0,2023-09-03T18:21:39,2026-07-17T00:45:05
league3,BTN,2.0,30-35,53o,1939,1094,798,47,0,0,2023-09-01T18:42:15,2026-07-21T21:12:06
league3,BTN,2.0,30-35,53s,700,43,653,4,0,0,2023-09-08T20:35:00,2026-07-17T14:21:47
league3,BTN,2.0,30-35,54o,2068,475,1566,25,2,0,2023-09-01T10:39:59,2026-07-21T18:47:14
league3,BTN,2.0,30-35,54s,681,12,651,17,1,0,2023-09-02T00:16:52,2026-07-21T20:17:51
league3,BTN,2.0,30-35,55,1030,10,611,36,373,0,2023-09-01T15:19:56,2026-07-20T23:50:29
league3,BTN,2.0,30-35,62o,2009,1750,198,61,0,0,2023-09-02T13:54:08,2026-07-21T19:45:17
league3,BTN,2.0,30-35,62s,651,102,543,4,2,0,2023-09-04T16:44:21,2026-07-19T23:12:52
league3,BTN,2.0,30-35,63o,2055,1399,585,71,0,0,2023-09-02T17:24:53,2026-07-21T21:12:55
league3,BTN,2.0,30-35,63s,660,43,611,6,0,0,2023-09-05T16:21:36,2026-07-20T11:39:03
league3,BTN,2.0,30-35,64o,2021,791,1192,38,0,0,2023-09-02T22:45:30,2026-07-21T19:23:08
league3,BTN,2.0,30-35,64s,731,23,703,3,2,0,2023-09-01T16:23:57,2026-07-21T19:04:48
league3,BTN,2.0,30-35,65o,2099,294,1792,10,3,0,2023-09-02T10:25:52,2026-07-21T19:12:47
league3,BTN,2.0,30-35,65s,685,10,653,14,8,0,2023-09-06T00:45:51,2026-07-20T17:07:35
league3,BTN,2.0,30-35,66,1000,7,524,45,424,0,2023-09-02T15:28:22,2026-07-21T21:25:07
league3,BTN,2.0,30-35,72o,2095,1943,90,62,0,0,2023-09-01T12:39:11,2026-07-21T20:42:51
league3,BTN,2.0,30-35,72s,660,132,520,8,0,0,2023-09-04T15:12:14,2026-07-20T23:45:16
league3,BTN,2.0,30-35,73o,1951,1623,263,65,0,0,2023-09-02T15:19:11,2026-07-21T17:13:06
league3,BTN,2.0,30-35,73s,727,98,620,9,0,0,2023-09-07T20:05:51,2026-07-20T21:03:22
league3,BTN,2.0,30-35,74o,1929,1105,772,52,0,0,2023-09-01T19:51:51,2026-07-21T21:09:26
league3,BTN,2.0,30-35,74s,685,40,641,2,2,0,2023-09-05T16:22:37,2026-07-21T17:06:09
league3,BTN,2.0,30-35,75o,2022,567,1420,35,0,0,2023-09-03T14:04:12,2026-07-20T08:01:00
league3,BTN,2.0,30-35,75s,747,24,715,7,1,0,2023-09-03T17:13:40,2026-07-21T17:43:38
league3,BTN,2.0,30-35,76o,2069,191,1864,13,1,0,2023-09-04T06:37:00,2026-07-21T21:02:42
league3,BTN,2.0,30-35,76s,728,9,693,22,4,0,2023-09-02T18:48:21,2026-07-19T19:44:43
league3,BTN,2.0,30-35,77,1059,8,421,86,544,0,2023-09-03T18:25:04,2026-07-21T15:48:15
league3,BTN,2.0,30-35,82o,1971,1809,83,79,0,0,2023-09-01T21:38:37,2026-07-21T18:09:13
league3,BTN,2.0,30-35,82s,680,147,522,11,0,0,2023-09-04T11:28:31,2026-07-20T22:09:50
league3,BTN,2.0,30-35,83o,1982,1761,159,62,0,0,2023-09-02T00:03:09,2026-07-20T22:34:04
league3,BTN,2.0,30-35,83s,680,96,577,6,1,0,2023-09-03T15:05:25,2026-07-21T13:33:52
league3,BTN,2.0,30-35,84o,2062,1486,517,59,0,0,2023-09-01T13:24:46,2026-07-21T19:12:28
league3,BTN,2.0,30-35,84s,668,47,616,4,1,0,2023-09-02T11:28:02,2026-07-21T18:37:52
league3,BTN,2.0,30-35,85o,2038,934,1059,45,0,0,2023-09-01T20:17:46,2026-07-20T19:44:50
league3,BTN,2.0,30-35,85s,704,31,663,7,3,0,2023-09-04T12:32:29,2026-07-21T12:48:01
league3,BTN,2.0,30-35,86o,1993,391,1575,27,0,0,2023-09-02T21:19:37,2026-07-20T21:10:50
league3,BTN,2.0,30-35,86s,693,10,674,6,3,0,2023-09-02T19:40:35,2026-07-21T05:35:04
league3,BTN,2.0,30-35,87o,2098,171,1905,21,1,0,2023-09-02T10:24:00,2026-07-19T20:38:01
league3,BTN,2.0,30-35,87s,734,4,706,20,4,0,2023-09-07T19:28:28,2026-07-18T17:03:03
league3,BTN,2.0,30-35,88,1011,16,262,144,589,0,2023-09-01T20:32:53,2026-07-16T20:08:34
league3,BTN,2.0,30-35,92o,1962,1804,96,62,0,0,2023-09-01T14:04:06,2026-07-20T22:44:44
league3,BTN,2.0,30-35,92s,737,119,606,11,1,0,2023-09-04T18:31:36,2026-07-18T16:03:55
league3,BTN,2.0,30-35,93o,2018,1788,158,71,1,0,2023-09-03T08:23:19,2026-07-21T21:48:44
league3,BTN,2.0,30-35,93s,703,99,595,8,1,0,2023-09-01T19:50:49,2026-07-20T21:05:18
league3,BTN,2.0,30-35,94o,1978,1529,370,78,1,0,2023-09-01T14:37:33,2026-07-20T19:14:54
league3,BTN,2.0,30-35,94s,705,70,622,13,0,0,2023-09-03T21:04:04,2026-07-20T18:13:34
league3,BTN,2.0,30-35,95o,2070,1174,826,67,3,0,2023-09-01T14:33:45,2026-07-20T19:52:40
league3,BTN,2.0,30-35,95s,691,27,658,6,0,0,2023-09-01T15:28:52,2026-07-20T19:48:59
league3,BTN,2.0,30-35,96o,2076,633,1396,45,2,0,2023-09-02T16:31:39,2026-07-20T21:24:13
league3,BTN,2.0,30-35,96s,683,13,661,6,3,0,2023-09-01T15:44:11,2026-07-19T10:34:37
league3,BTN,2.0,30-35,97o,2079,319,1746,14,0,0,2023-09-01T15:37:05,2026-07-21T15:44:15
league3,BTN,2.0,30-35,97s,737,9,720,7,1,0,2023-09-07T21:13:51,2026-07-20T23:19:35
league3,BTN,2.0,30-35,98o,2145,122,2007,14,2,0,2023-09-02T17:51:21,2026-07-21T19:18:03
league3,BTN,2.0,30-35,98s,676,8,642,13,13,0,2023-09-06T12:27:17,2026-07-19T15:21:04
league3,BTN,2.0,30-35,99,1077,7,137,278,655,0,2023-09-02T13:31:03,2026-07-19T21:14:42
league3,BTN,2.0,30-35,A2o,2169,193,1277,579,120,0,2023-09-01T15:49:19,2026-07-21T13:11:22
league3,BTN,2.0,30-35,A2s,719,11,481,152,75,0,2023-09-05T22:24:35,2026-07-20T16:16:24
league3,BTN,2.0,30-35,A3o,2225,185,1367,548,125,0,2023-09-01T17:11:31,2026-07-21T17:02:46
league3,BTN,2.0,30-35,A3s,744,8,494,160,82,0,2023-09-02T20:21:11,2026-07-21T13:38:05
league3,BTN,2.0,30-35,A4o,2232,138,1378,556,160,0,2023-09-02T18:43:05,2026-07-21T22:06:37
league3,BTN,2.0,30-35,A4s,748,8,499,139,102,0,2023-09-02T13:21:17,2026-07-20T13:51:32
league3,BTN,2.0,30-35,A5o,2231,122,1368,562,179,0,2023-09-02T11:12:18,2026-07-19T22:49:56
league3,BTN,2.0,30-35,A5s,767,10,450,190,117,0,2023-09-04T15:14:36,2026-07-20T19:41:25
league3,BTN,2.0,30-35,A6o,2305,137,1686,328,154,0,2023-09-01T19:47:48,2026-07-21T20:15:42
league3,BTN,2.0,30-35,A6s,761,5,604,68,84,0,2023-09-01T23:02:41,2026-07-21T21:04:47
league3,BTN,2.0,30-35,A7o,2290,84,1700,281,225,0,2023-09-01T11:20:23,2026-07-21T17:43:50
league3,BTN,2.0,30-35,A7s,785,7,600,74,104,0,2023-09-02T22:43:43,2026-07-19T13:34:27
league3,BTN,2.0,30-35,A8o,2249,59,1695,242,253,0,2023-09-01T13:40:26,2026-07-21T21:43:16
league3,BTN,2.0,30-35,A8s,792,4,606,68,114,0,2023-09-06T13:28:21,2026-07-20T22:53:13
league3,BTN,2.0,30-35,A9o,2305,51,1584,297,373,0,2023-09-01T17:52:23,2026-07-21T23:11:58
league3,BTN,2.0,30-35,A9s,751,5,526,82,138,0,2023-09-02T19:19:17,2026-07-19T19:23:51
league3,BTN,2.0,30-35,AA,1240,3,45,1158,34,0,2023-09-03T12:45:50,2026-07-21T13:22:59
league3,BTN,2.0,30-35,AJo,2259,15,573,755,916,0,2023-09-01T16:18:23,2026-07-21T07:51:34
league3,BTN,2.0,30-35,AJs,782,6,226,265,285,0,2023-09-01T16:45:44,2026-07-20T15:37:31
league3,BTN,2.0,30-35,AKo,2287,10,20,1274,983,0,2023-09-02T09:53:55,2026-07-21T17:47:04
league3,BTN,2.0,30-35,AKs,765,3,11,502,249,0,2023-09-02T17:10:42,2026-07-21T21:11:08
league3,BTN,2.0,30-35,AQo,2299,11,154,986,1148,0,2023-09-01T14:49:57,2026-07-20T19:51:15
league3,BTN,2.0,30-35,AQs,759,2,76,367,314,0,2023-09-05T14:02:03,2026-07-20T21:46:29
league3,BTN,2.0,30-35,ATo,2268,16,1127,499,626,0,2023-09-02T14:31:19,2026-07-21T16:28:29
league3,BTN,2.0,30-35,ATs,744,8,388,162,186,0,2023-09-01T21:53:42,2026-07-17T16:25:28
league3,BTN,2.0,30-35,J2o,2069,1355,579,132,3,0,2023-09-01T17:30:37,2026-07-21T21:44:21
league3,BTN,2.0,30-35,J2s,712,49,651,12,0,0,2023-09-04T15:32:24,2026-07-18T17:37:24
league3,BTN,2.0,30-35,J3o,2166,1364,653,147,2,0,2023-09-02T20:52:05,2026-07-21T15:42:32
league3,BTN,2.0,30-35,J3s,682,38,624,18,2,0,2023-09-06T16:42:25,2026-07-21T16:13:46
league3,BTN,2.0,30-35,J4o,2095,1168,782,143,2,0,2023-09-02T10:04:26,2026-07-21T18:48:09
league3,BTN,2.0,30-35,J4s,675,36,627,8,4,0,2023-09-10T12:19:54,2026-07-20T23:11:24
league3,BTN,2.0,30-35,J5o,2064,1004,940,119,1,0,2023-09-01T13:32:09,2026-07-21T17:40:46
league3,BTN,2.0,30-35,J5s,718,31,675,10,2,0,2023-09-02T21:01:45,2026-07-20T18:32:56
league3,BTN,2.0,30-35,J6o,2124,842,1190,92,0,0,2023-09-01T15:26:13,2026-07-19T18:42:51
league3,BTN,2.0,30-35,J6s,684,35,634,12,3,0,2023-09-03T20:04:09,2026-07-21T18:30:31
league3,BTN,2.0,30-35,J7o,2172,498,1625,47,2,0,2023-09-02T08:44:22,2026-07-21T12:45:50
league3,BTN,2.0,30-35,J7s,763,16,732,12,3,0,2023-09-03T19:37:37,2026-07-19T23:17:35
league3,BTN,2.0,30-35,J8o,2158,197,1930,28,3,0,2023-09-01T11:06:13,2026-07-21T16:44:27
league3,BTN,2.0,30-35,J8s,669,10,638,13,8,0,2023-09-10T18:47:04,2026-07-17T19:07:27
league3,BTN,2.0,30-35,J9o,2148,103,2018,27,0,0,2023-09-01T01:22:56,2026-07-21T18:43:54
league3,BTN,2.0,30-35,J9s,746,5,703,25,13,0,2023-09-01T13:52:14,2026-07-19T19:32:37
league3,BTN,2.0,30-35,JJ,1084,4,11,715,354,0,2023-09-02T22:31:10,2026-07-19T22:21:54
league3,BTN,2.0,30-35,JTo,2147,32,2057,41,17,0,2023-09-01T13:31:13,2026-07-21T18:37:44
league3,BTN,2.0,30-35,JTs,785,5,682,41,57,0,2023-09-02T09:13:18,2026-07-21T18:11:46
league3,BTN,2.0,30-35,K2o,2172,637,1196,332,7,0,2023-09-01T15:10:29,2026-07-21T23:36:22
league3,BTN,2.0,30-35,K2s,700,13,605,76,6,0,2023-09-03T13:19:03,2026-07-18T16:03:54
league3,BTN,2.0,30-35,K3o,2167,615,1214,327,11,0,2023-09-01T19:26:22,2026-07-21T05:22:40
league3,BTN,2.0,30-35,K3s,699,10,624,60,5,0,2023-09-03T14:26:37,2026-07-18T00:14:48
league3,BTN,2.0,30-35,K4o,2065,494,1230,331,10,0,2023-09-01T19:07:11,2026-07-21T18:06:18
league3,BTN,2.0,30-35,K4s,725,6,647,64,8,0,2023-09-01T19:42:06,2026-07-21T14:16:25
league3,BTN,2.0,30-35,K5o,2214,433,1474,298,9,0,2023-09-01T17:16:11,2026-07-20T20:36:39
league3,BTN,2.0,30-35,K5s,716,12,634,61,9,0,2023-09-07T16:49:09,2026-07-20T19:15:44
league3,BTN,2.0,30-35,K6o,2113,343,1563,196,11,0,2023-09-01T15:33:16,2026-07-20T02:54:22
league3,BTN,2.0,30-35,K6s,754,16,689,35,14,0,2023-09-02T17:28:46,2026-07-18T19:43:13
league3,BTN,2.0,30-35,K7o,2220,248,1805,151,16,0,2023-09-01T18:28:08,2026-07-21T19:00:28
league3,BTN,2.0,30-35,K7s,708,13,642,41,12,0,2023-09-07T15:21:20,2026-07-19T18:18:01
league3,BTN,2.0,30-35,K8o,2178,168,1909,91,10,0,2023-09-01T09:48:08,2026-07-20T22:28:00
league3,BTN,2.0,30-35,K8s,716,9,643,43,21,0,2023-09-05T19:44:32,2026-07-21T19:02:37
league3,BTN,2.0,30-35,K9o,2149,93,1936,101,19,0,2023-09-01T12:03:01,2026-07-21T22:11:39
league3,BTN,2.0,30-35,K9s,717,3,643,38,33,0,2023-09-01T01:17:08,2026-07-20T18:12:58
league3,BTN,2.0,30-35,KJo,2153,27,1683,275,168,0,2023-09-02T03:47:10,2026-07-20T18:13:29
league3,BTN,2.0,30-35,KJs,734,12,520,105,97,0,2023-09-01T19:47:18,2026-07-17T13:12:06
league3,BTN,2.0,30-35,KK,1102,4,18,1017,63,0,2023-09-02T19:27:03,2026-07-20T19:21:24
league3,BTN,2.0,30-35,KQo,2205,15,1341,479,370,0,2023-09-01T19:01:00,2026-07-21T20:15:59
league3,BTN,2.0,30-35,KQs,764,4,414,188,158,0,2023-09-03T18:02:15,2026-07-20T13:10:49
league3,BTN,2.0,30-35,KTo,2184,34,1921,150,79,0,2023-09-02T22:52:46,2026-07-20T22:49:00
league3,BTN,2.0,30-35,KTs,730,10,581,57,82,0,2023-09-02T16:02:43,2026-07-18T20:50:04
league3,BTN,2.0,30-35,Q2o,2048,975,834,238,1,0,2023-09-02T18:26:01,2026-07-20T18:39:52
league3,BTN,2.0,30-35,Q2s,700,32,642,25,1,0,2023-09-03T17:54:37,2026-07-21T13:19:57
league3,BTN,2.0,30-35,Q3o,2136,1025,935,173,3,0,2023-09-02T09:45:56,2026-07-21T13:03:57
league3,BTN,2.0,30-35,Q3s,727,38,667,20,2,0,2023-09-01T16:27:18,2026-07-20T19:07:25
league3,BTN,2.0,30-35,Q4o,2143,827,1123,190,3,0,2023-09-01T14:38:56,2026-07-21T21:06:29
league3,BTN,2.0,30-35,Q4s,685,25,631,28,1,0,2023-09-02T20:12:27,2026-07-19T08:09:30
league3,BTN,2.0,30-35,Q5o,2099,706,1193,195,5,0,2023-09-01T18:32:52,2026-07-21T21:38:05
league3,BTN,2.0,30-35,Q5s,670,29,618,20,3,0,2023-09-07T14:08:57,2026-07-21T00:07:29
league3,BTN,2.0,30-35,Q6o,2187,592,1449,146,0,0,2023-09-01T19:14:14,2026-07-21T18:49:22
league3,BTN,2.0,30-35,Q6s,698,22,659,16,1,0,2023-09-03T01:16:13,2026-07-20T22:38:18
league3,BTN,2.0,30-35,Q7o,2105,390,1619,94,2,0,2023-09-01T14:37:07,2026-07-20T20:39:48
league3,BTN,2.0,30-35,Q7s,648,7,618,15,8,0,2023-09-08T17:49:45,2026-07-20T22:06:10
league3,BTN,2.0,30-35,Q8o,2203,195,1944,62,2,0,2023-09-01T11:22:59,2026-07-21T23:05:32
league3,BTN,2.0,30-35,Q8s,686,9,654,19,4,0,2023-09-02T13:47:05,2026-07-21T23:54:46
league3,BTN,2.0,30-35,Q9o,2165,113,1991,45,16,0,2023-09-02T20:20:56,2026-07-20T19:25:37
league3,BTN,2.0,30-35,Q9s,699,15,652,20,12,0,2023-09-02T22:19:30,2026-07-20T18:20:19
league3,BTN,2.0,30-35,QJo,2265,34,2050,126,55,0,2023-09-02T10:31:34,2026-07-21T17:39:59
league3,BTN,2.0,30-35,QJs,758,2,615,62,79,0,2023-09-03T17:21:34,2026-07-19T20:19:31
league3,BTN,2.0,30-35,QQ,1141,6,6,973,156,0,2023-09-02T14:44:21,2026-07-21T09:47:34
league3,BTN,2.0,30-35,QTo,2263,53,2114,68,28,0,2023-09-01T15:09:30,2026-07-21T14:29:26
league3,BTN,2.0,30-35,QTs,708,4,639,27,38,0,2023-09-02T10:17:32,2026-07-21T15:37:46
league3,BTN,2.0,30-35,T2o,1984,1677,222,85,0,0,2023-09-02T18:22:55,2026-07-21T20:53:35
league3,BTN,2.0,30-35,T2s,671,80,573,18,0,0,2023-09-04T15:51:53,2026-07-19T20:44:19
league3,BTN,2.0,30-35,T3o,2038,1696,268,73,1,0,2023-09-01T20:01:52,2026-07-20T23:20:44
league3,BTN,2.0,30-35,T3s,678,82,592,4,0,0,2023-09-01T22:39:55,2026-07-21T20:53:03
league3,BTN,2.0,30-35,T4o,2083,1512,491,79,1,0,2023-09-05T18:34:06,2026-07-21T21:12:33
league3,BTN,2.0,30-35,T4s,678,72,602,3,1,0,2023-09-03T20:33:07,2026-07-20T20:35:14
league3,BTN,2.0,30-35,T5o,2084,1332,667,85,0,0,2023-09-01T15:02:18,2026-07-21T08:29:28
league3,BTN,2.0,30-35,T5s,722,41,672,7,2,0,2023-09-02T04:40:43,2026-07-21T19:28:17
league3,BTN,2.0,30-35,T6o,2117,821,1248,46,2,0,2023-09-03T06:53:49,2026-07-21T21:35:50
league3,BTN,2.0,30-35,T6s,697,23,666,7,1,0,2023-09-02T13:34:06,2026-07-21T17:20:06
league3,BTN,2.0,30-35,T7o,2019,383,1603,32,1,0,2023-09-01T15:41:47,2026-07-21T20:24:19
league3,BTN,2.0,30-35,T7s,742,13,716,7,6,0,2023-09-02T19:19:56,2026-07-18T17:31:35
league3,BTN,2.0,30-35,T8o,2071,201,1841,25,4,0,2023-09-02T15:33:44,2026-07-20T23:51:37
league3,BTN,2.0,30-35,T8s,717,11,683,15,8,0,2023-09-04T14:31:30,2026-07-19T16:50:41
league3,BTN,2.0,30-35,T9o,2065,72,1964,26,3,0,2023-09-02T15:10:08,2026-07-20T18:52:38
league3,BTN,2.0,30-35,T9s,778,5,714,29,30,0,2023-09-01T19:53:43,2026-07-21T14:26:58
league3,BTN,2.0,30-35,TT,1056,4,50,444,558,0,2023-09-01T06:22:36,2026-07-20T18:46:04
league3,BTN,2.0,35-40,__MISSING__,32950,9381,18458,4129,982,0,2023-09-01T11:21:27,2026-07-21T23:13:48
league3,BTN,2.0,35-40,22,811,11,682,27,91,0,2023-09-06T15:31:23,2026-07-21T06:54:22
league3,BTN,2.0,35-40,32o,1678,1288,340,49,1,0,2023-09-02T13:06:30,2026-07-20T22:01:00
league3,BTN,2.0,35-40,32s,528,66,456,6,0,0,2023-09-05T06:29:43,2026-07-21T18:46:07
league3,BTN,2.0,35-40,33,833,7,672,26,128,0,2023-09-02T16:34:23,2026-07-20T20:08:50
league3,BTN,2.0,35-40,42o,1602,1271,279,51,1,0,2023-09-02T16:27:24,2026-07-21T20:01:59
league3,BTN,2.0,35-40,42s,592,70,514,8,0,0,2023-09-02T17:52:58,2026-07-17T22:26:53
league3,BTN,2.0,35-40,43o,1722,811,874,37,0,0,2023-09-03T10:18:58,2026-07-21T01:33:20
league3,BTN,2.0,35-40,43s,550,28,516,5,1,0,2023-09-02T13:02:02,2026-07-21T23:38:01
league3,BTN,2.0,35-40,44,856,11,662,22,161,0,2023-09-09T18:19:22,2026-07-19T17:36:44
league3,BTN,2.0,35-40,52o,1784,1426,303,55,0,0,2023-09-01T20:02:14,2026-07-21T18:37:12
league3,BTN,2.0,35-40,52s,577,78,495,4,0,0,2023-09-02T16:07:21,2026-07-18T20:36:20
league3,BTN,2.0,35-40,53o,1735,961,724,50,0,0,2023-09-03T17:05:14,2026-07-21T18:37:06
league3,BTN,2.0,35-40,53s,599,38,556,5,0,0,2023-09-02T11:38:05,2026-07-19T10:28:56
league3,BTN,2.0,35-40,54o,1679,346,1307,26,0,0,2023-09-02T14:42:48,2026-07-21T19:43:42
league3,BTN,2.0,35-40,54s,611,13,584,13,1,0,2023-09-03T14:12:22,2026-07-21T10:07:02
league3,BTN,2.0,35-40,55,891,14,648,27,202,0,2023-09-02T18:39:21,2026-07-21T14:50:41
league3,BTN,2.0,35-40,62o,1695,1493,151,51,0,0,2023-09-01T21:48:32,2026-07-20T23:54:30
league3,BTN,2.0,35-40,62s,547,80,460,7,0,0,2023-09-04T00:06:43,2026-07-20T09:45:40
league3,BTN,2.0,35-40,63o,1711,1124,541,45,1,0,2023-09-02T15:27:39,2026-07-21T23:31:31
league3,BTN,2.0,35-40,63s,599,42,552,5,0,0,2023-09-01T10:04:26,2026-07-20T20:16:18
league3,BTN,2.0,35-40,64o,1727,588,1107,31,1,0,2023-09-04T00:51:36,2026-07-21T17:42:45
league3,BTN,2.0,35-40,64s,568,16,543,9,0,0,2023-09-08T21:38:47,2026-07-21T21:13:15
league3,BTN,2.0,35-40,65o,1749,227,1500,19,3,0,2023-09-02T01:15:59,2026-07-20T19:16:57
league3,BTN,2.0,35-40,65s,612,4,592,15,1,0,2023-09-02T15:47:55,2026-07-20T20:37:28
league3,BTN,2.0,35-40,66,893,10,583,58,242,0,2023-09-02T19:34:52,2026-07-20T18:25:48
league3,BTN,2.0,35-40,72o,1695,1582,57,56,0,0,2023-09-02T19:08:26,2026-07-20T21:26:35
league3,BTN,2.0,35-40,72s,610,122,480,8,0,0,2023-09-02T23:24:57,2026-07-19T11:16:05
league3,BTN,2.0,35-40,73o,1670,1407,226,37,0,0,2023-09-04T17:20:09,2026-07-21T00:06:35
league3,BTN,2.0,35-40,73s,580,57,517,6,0,0,2023-09-03T11:19:08,2026-07-21T20:42:41
league3,BTN,2.0,35-40,74o,1776,976,730,70,0,0,2023-09-02T20:30:56,2026-07-21T21:33:29
league3,BTN,2.0,35-40,74s,573,40,527,5,1,0,2023-09-04T06:46:15,2026-07-19T13:21:52
league3,BTN,2.0,35-40,75o,1636,425,1185,26,0,0,2023-09-01T15:24:33,2026-07-21T14:09:46
league3,BTN,2.0,35-40,75s,592,23,562,5,2,0,2023-09-03T16:53:01,2026-07-21T19:39:22
league3,BTN,2.0,35-40,76o,1758,158,1573,26,1,0,2023-09-01T14:36:01,2026-07-21T14:04:49
league3,BTN,2.0,35-40,76s,590,8,562,15,5,0,2023-09-01T17:06:12,2026-07-17T15:52:29
league3,BTN,2.0,35-40,77,900,8,507,105,280,0,2023-09-03T15:48:50,2026-07-21T13:02:48
league3,BTN,2.0,35-40,82o,1668,1513,84,71,0,0,2023-09-01T13:18:37,2026-07-18T13:09:04
league3,BTN,2.0,35-40,82s,588,82,494,9,3,0,2023-09-01T13:31:10,2026-07-20T19:15:22
league3,BTN,2.0,35-40,83o,1733,1512,152,69,0,0,2023-09-01T17:05:09,2026-07-21T05:26:08
league3,BTN,2.0,35-40,83s,600,75,518,7,0,0,2023-09-05T17:46:28,2026-07-21T18:21:55
league3,BTN,2.0,35-40,84o,1698,1172,476,50,0,0,2023-09-02T12:10:39,2026-07-19T11:01:59
league3,BTN,2.0,35-40,84s,614,46,562,6,0,0,2023-09-04T22:21:22,2026-07-18T22:34:01
league3,BTN,2.0,35-40,85o,1744,759,937,48,0,0,2023-09-01T20:01:45,2026-07-21T18:47:18
league3,BTN,2.0,35-40,85s,572,26,538,7,1,0,2023-09-01T14:48:05,2026-07-21T14:47:24
league3,BTN,2.0,35-40,86o,1724,296,1401,26,1,0,2023-09-02T21:28:07,2026-07-21T14:45:02
league3,BTN,2.0,35-40,86s,571,12,541,14,4,0,2023-09-02T04:49:10,2026-07-20T20:37:50
league3,BTN,2.0,35-40,87o,1717,117,1585,15,0,0,2023-09-03T04:01:53,2026-07-21T19:49:40
league3,BTN,2.0,35-40,87s,610,1,578,29,2,0,2023-09-03T21:02:07,2026-07-21T21:08:58
league3,BTN,2.0,35-40,88,888,6,349,195,338,0,2023-09-01T05:23:48,2026-07-20T23:16:27
league3,BTN,2.0,35-40,92o,1707,1564,80,62,1,0,2023-09-01T14:34:37,2026-07-21T23:17:54
league3,BTN,2.0,35-40,92s,574,102,466,6,0,0,2023-09-04T20:03:23,2026-07-20T22:26:37
league3,BTN,2.0,35-40,93o,1699,1506,142,51,0,0,2023-09-03T22:39:20,2026-07-20T22:02:19
league3,BTN,2.0,35-40,93s,584,85,489,10,0,0,2023-09-02T17:40:42,2026-07-20T22:01:58
league3,BTN,2.0,35-40,94o,1740,1357,305,78,0,0,2023-09-02T12:46:19,2026-07-21T04:02:52
league3,BTN,2.0,35-40,94s,584,57,520,7,0,0,2023-09-02T10:33:09,2026-07-21T20:06:20
league3,BTN,2.0,35-40,95o,1715,971,682,61,1,0,2023-09-01T17:21:51,2026-07-21T18:40:45
league3,BTN,2.0,35-40,95s,601,32,562,7,0,0,2023-09-03T14:50:50,2026-07-20T17:35:43
league3,BTN,2.0,35-40,96o,1791,517,1245,28,1,0,2023-09-01T17:37:40,2026-07-20T19:38:25
league3,BTN,2.0,35-40,96s,611,13,590,7,1,0,2023-09-01T18:04:15,2026-07-21T17:08:46
league3,BTN,2.0,35-40,97o,1706,274,1416,16,0,0,2023-09-01T18:27:09,2026-07-21T21:45:20
league3,BTN,2.0,35-40,97s,600,12,567,19,2,0,2023-09-02T09:34:57,2026-07-19T21:19:47
league3,BTN,2.0,35-40,98o,1815,83,1720,10,2,0,2023-09-01T09:06:42,2026-07-21T21:33:53
league3,BTN,2.0,35-40,98s,617,3,582,27,5,0,2023-09-03T16:25:55,2026-07-20T20:14:51
league3,BTN,2.0,35-40,99,911,7,196,321,387,0,2023-09-03T15:55:15,2026-07-19T17:45:54
league3,BTN,2.0,35-40,A2o,1943,155,1156,584,48,0,2023-09-03T08:37:42,2026-07-21T17:30:26
league3,BTN,2.0,35-40,A2s,675,11,459,181,24,0,2023-09-01T17:41:04,2026-07-18T21:44:57
league3,BTN,2.0,35-40,A3o,1973,130,1216,577,50,0,2023-09-01T12:51:20,2026-07-20T21:51:04
league3,BTN,2.0,35-40,A3s,618,5,416,160,37,0,2023-09-01T16:41:47,2026-07-21T22:12:12
league3,BTN,2.0,35-40,A4o,1851,109,1141,549,52,0,2023-09-02T09:25:58,2026-07-20T17:53:42
league3,BTN,2.0,35-40,A4s,643,6,447,155,35,0,2023-09-01T18:22:33,2026-07-18T14:33:08
league3,BTN,2.0,35-40,A5o,1926,84,1172,603,67,0,2023-09-02T15:12:58,2026-07-21T17:40:15
league3,BTN,2.0,35-40,A5s,614,1,391,183,39,0,2023-09-01T12:48:54,2026-07-20T23:45:15
league3,BTN,2.0,35-40,A6o,1906,98,1443,314,51,0,2023-09-02T18:18:54,2026-07-20T20:28:16
league3,BTN,2.0,35-40,A6s,656,2,563,69,22,0,2023-09-01T17:35:22,2026-07-19T16:29:36
league3,BTN,2.0,35-40,A7o,1899,64,1497,277,61,0,2023-09-01T17:46:44,2026-07-20T18:22:28
league3,BTN,2.0,35-40,A7s,665,4,554,72,35,0,2023-09-01T21:10:59,2026-07-20T18:49:30
league3,BTN,2.0,35-40,A8o,1831,39,1427,281,84,0,2023-09-01T20:30:10,2026-07-21T23:02:48
league3,BTN,2.0,35-40,A8s,654,1,538,68,47,0,2023-09-03T18:02:33,2026-07-20T22:33:11
league3,BTN,2.0,35-40,A9o,1966,27,1450,330,159,0,2023-09-02T05:07:59,2026-07-20T17:44:39
league3,BTN,2.0,35-40,A9s,666,3,507,103,53,0,2023-09-09T13:27:52,2026-07-18T23:08:12
league3,BTN,2.0,35-40,AA,1093,9,30,1038,16,0,2023-09-08T15:13:09,2026-07-20T19:52:40
league3,BTN,2.0,35-40,AJo,1964,19,555,957,433,0,2023-09-01T14:33:28,2026-07-20T13:37:48
league3,BTN,2.0,35-40,AJs,661,0,215,341,105,0,2023-09-04T19:25:38,2026-07-17T11:25:36
league3,BTN,2.0,35-40,AKo,2053,9,16,1471,557,0,2023-09-01T22:30:11,2026-07-20T21:28:03
league3,BTN,2.0,35-40,AKs,680,3,13,543,121,0,2023-09-03T18:20:32,2026-07-19T16:32:36
league3,BTN,2.0,35-40,AQo,1971,7,150,1222,592,0,2023-09-01T14:25:26,2026-07-21T19:18:07
league3,BTN,2.0,35-40,AQs,678,4,70,443,161,0,2023-09-06T12:12:54,2026-07-21T12:13:12
league3,BTN,2.0,35-40,ATo,2006,18,1097,630,261,0,2023-09-01T18:27:38,2026-07-21T21:31:24
league3,BTN,2.0,35-40,ATs,653,3,378,191,81,0,2023-09-01T12:54:08,2026-07-20T19:34:48
league3,BTN,2.0,35-40,J2o,1777,1138,504,133,2,0,2023-09-04T16:07:19,2026-07-20T19:34:30
league3,BTN,2.0,35-40,J2s,653,44,589,20,0,0,2023-09-03T17:41:31,2026-07-20T02:20:25
league3,BTN,2.0,35-40,J3o,1781,1131,529,121,0,0,2023-09-03T16:04:09,2026-07-21T22:20:47
league3,BTN,2.0,35-40,J3s,618,40,569,9,0,0,2023-09-01T18:37:06,2026-07-21T18:01:52
league3,BTN,2.0,35-40,J4o,1731,955,637,137,2,0,2023-09-04T00:10:52,2026-07-21T07:32:05
league3,BTN,2.0,35-40,J4s,602,29,561,10,2,0,2023-09-04T12:40:11,2026-07-21T18:45:34
league3,BTN,2.0,35-40,J5o,1841,913,793,135,0,0,2023-09-03T20:05:38,2026-07-21T19:51:01
league3,BTN,2.0,35-40,J5s,612,30,567,15,0,0,2023-09-03T16:35:02,2026-07-21T20:02:28
league3,BTN,2.0,35-40,J6o,1817,686,1035,96,0,0,2023-09-01T16:06:00,2026-07-20T19:44:43
league3,BTN,2.0,35-40,J6s,608,18,579,10,1,0,2023-09-10T17:39:17,2026-07-21T16:03:00
league3,BTN,2.0,35-40,J7o,1834,345,1444,45,0,0,2023-09-02T16:07:29,2026-07-21T17:42:04
league3,BTN,2.0,35-40,J7s,607,15,578,12,2,0,2023-09-01T18:44:38,2026-07-21T12:17:26
league3,BTN,2.0,35-40,J8o,1833,161,1636,36,0,0,2023-09-03T17:45:45,2026-07-20T20:03:38
league3,BTN,2.0,35-40,J8s,620,7,593,17,3,0,2023-09-05T11:10:00,2026-07-19T23:02:03
league3,BTN,2.0,35-40,J9o,1869,109,1731,27,2,0,2023-09-02T12:20:11,2026-07-21T23:53:06
league3,BTN,2.0,35-40,J9s,586,4,553,22,7,0,2023-09-03T17:34:19,2026-07-19T13:16:37
league3,BTN,2.0,35-40,JJ,984,4,11,773,196,0,2023-09-01T21:17:07,2026-07-21T18:38:28
league3,BTN,2.0,35-40,JTo,1838,29,1745,59,5,0,2023-09-05T13:33:57,2026-07-21T20:17:32
league3,BTN,2.0,35-40,JTs,628,3,575,33,17,0,2023-09-03T15:29:57,2026-07-16T16:07:52
league3,BTN,2.0,35-40,K2o,1765,556,900,307,2,0,2023-09-02T16:26:28,2026-07-21T21:05:44
league3,BTN,2.0,35-40,K2s,556,8,469,73,6,0,2023-09-02T19:09:34,2026-07-19T12:24:21
league3,BTN,2.0,35-40,K3o,1904,488,1085,328,3,0,2023-09-03T19:25:55,2026-07-21T23:31:51
league3,BTN,2.0,35-40,K3s,598,14,523,58,3,0,2023-09-03T15:45:38,2026-07-20T14:04:40
league3,BTN,2.0,35-40,K4o,1891,436,1128,323,4,0,2023-09-01T20:39:44,2026-07-21T10:01:40
league3,BTN,2.0,35-40,K4s,611,7,526,73,5,0,2023-09-02T16:37:03,2026-07-21T17:54:46
league3,BTN,2.0,35-40,K5o,1788,368,1138,279,3,0,2023-09-01T12:43:54,2026-07-20T20:07:57
league3,BTN,2.0,35-40,K5s,658,14,565,75,4,0,2023-09-04T14:13:57,2026-07-19T20:15:00
league3,BTN,2.0,35-40,K6o,1842,297,1344,198,3,0,2023-09-01T17:08:48,2026-07-20T14:45:25
league3,BTN,2.0,35-40,K6s,579,8,530,36,5,0,2023-09-02T15:51:11,2026-07-21T19:16:15
league3,BTN,2.0,35-40,K7o,1779,211,1432,130,6,0,2023-09-04T20:40:59,2026-07-21T21:08:52
league3,BTN,2.0,35-40,K7s,627,6,575,38,8,0,2023-09-04T15:05:10,2026-07-21T23:38:13
league3,BTN,2.0,35-40,K8o,1832,120,1618,91,3,0,2023-09-04T11:15:39,2026-07-20T23:47:20
league3,BTN,2.0,35-40,K8s,640,7,592,34,7,0,2023-09-01T14:21:24,2026-07-20T11:51:36
league3,BTN,2.0,35-40,K9o,1790,86,1598,99,7,0,2023-09-01T20:22:16,2026-07-21T23:21:21
league3,BTN,2.0,35-40,K9s,636,3,584,40,9,0,2023-09-01T19:22:53,2026-07-21T17:25:29
league3,BTN,2.0,35-40,KJo,1960,18,1514,350,78,0,2023-09-01T11:27:05,2026-07-21T23:23:47
league3,BTN,2.0,35-40,KJs,656,3,481,124,48,0,2023-09-01T02:36:28,2026-07-19T09:33:20
league3,BTN,2.0,35-40,KK,984,2,11,947,24,0,2023-09-07T10:10:12,2026-07-21T10:23:40
league3,BTN,2.0,35-40,KQo,1908,17,1210,521,160,0,2023-09-01T14:54:17,2026-07-21T23:06:56
league3,BTN,2.0,35-40,KQs,602,4,369,173,56,0,2023-09-02T14:52:02,2026-07-19T19:32:51
league3,BTN,2.0,35-40,KTo,1987,33,1760,170,24,0,2023-09-01T18:25:31,2026-07-21T23:41:51
league3,BTN,2.0,35-40,KTs,611,3,502,83,23,0,2023-09-03T17:54:00,2026-07-21T08:46:17
league3,BTN,2.0,35-40,Q2o,1750,859,670,220,1,0,2023-09-01T01:36:37,2026-07-21T21:38:31
league3,BTN,2.0,35-40,Q2s,606,28,554,24,0,0,2023-09-04T23:24:12,2026-07-21T14:43:16
league3,BTN,2.0,35-40,Q3o,1817,795,831,190,1,0,2023-09-01T15:30:50,2026-07-20T16:31:03
league3,BTN,2.0,35-40,Q3s,623,28,554,40,1,0,2023-09-04T16:28:29,2026-07-21T22:28:14
league3,BTN,2.0,35-40,Q4o,1786,691,919,175,1,0,2023-09-01T14:48:47,2026-07-19T19:16:04
league3,BTN,2.0,35-40,Q4s,623,24,565,31,3,0,2023-09-04T22:01:01,2026-07-19T23:47:25
league3,BTN,2.0,35-40,Q5o,1727,610,934,182,1,0,2023-09-01T08:38:04,2026-07-20T18:36:29
league3,BTN,2.0,35-40,Q5s,627,17,577,32,1,0,2023-09-13T19:44:13,2026-07-18T05:11:11
league3,BTN,2.0,35-40,Q6o,1850,473,1246,131,0,0,2023-09-01T01:05:04,2026-07-21T15:17:49
league3,BTN,2.0,35-40,Q6s,584,6,555,22,1,0,2023-09-08T19:23:50,2026-07-19T16:05:28
league3,BTN,2.0,35-40,Q7o,1811,353,1384,73,1,0,2023-09-01T10:47:23,2026-07-21T16:18:57
league3,BTN,2.0,35-40,Q7s,629,9,610,10,0,0,2023-09-02T13:37:54,2026-07-21T18:38:16
league3,BTN,2.0,35-40,Q8o,1855,154,1647,53,1,0,2023-09-02T16:05:51,2026-07-21T21:07:51
league3,BTN,2.0,35-40,Q8s,630,10,590,23,7,0,2023-09-01T23:15:13,2026-07-21T19:16:21
league3,BTN,2.0,35-40,Q9o,1904,95,1760,44,5,0,2023-09-02T09:25:59,2026-07-21T20:05:30
league3,BTN,2.0,35-40,Q9s,614,7,578,21,8,0,2023-09-02T20:20:05,2026-07-20T20:47:36
league3,BTN,2.0,35-40,QJo,1892,26,1725,117,24,0,2023-09-05T13:20:08,2026-07-21T15:24:15
league3,BTN,2.0,35-40,QJs,647,5,570,52,20,0,2023-09-02T18:37:39,2026-07-20T20:03:38
league3,BTN,2.0,35-40,QQ,899,3,6,817,73,0,2023-09-02T19:21:51,2026-07-20T17:45:03
league3,BTN,2.0,35-40,QTo,1845,29,1706,101,9,0,2023-09-02T09:06:09,2026-07-21T17:43:59
league3,BTN,2.0,35-40,QTs,650,7,585,41,17,0,2023-09-06T04:24:40,2026-07-19T18:17:14
league3,BTN,2.0,35-40,T2o,1798,1497,227,74,0,0,2023-09-01T12:38:17,2026-07-21T23:28:49
league3,BTN,2.0,35-40,T2s,630,81,538,11,0,0,2023-09-03T20:44:59,2026-07-19T18:47:17
league3,BTN,2.0,35-40,T3o,1694,1358,249,87,0,0,2023-09-01T10:46:08,2026-07-21T20:15:15
league3,BTN,2.0,35-40,T3s,597,59,530,8,0,0,2023-09-01T09:19:19,2026-07-20T01:19:41
league3,BTN,2.0,35-40,T4o,1775,1268,425,81,1,0,2023-09-02T18:18:18,2026-07-19T17:34:51
league3,BTN,2.0,35-40,T4s,603,57,534,10,2,0,2023-09-02T04:23:27,2026-07-20T22:13:27
league3,BTN,2.0,35-40,T5o,1814,1096,629,87,2,0,2023-09-02T01:54:42,2026-07-21T17:30:04
league3,BTN,2.0,35-40,T5s,632,47,575,10,0,0,2023-09-03T17:21:31,2026-07-20T17:39:28
league3,BTN,2.0,35-40,T6o,1768,677,1047,44,0,0,2023-09-01T19:28:04,2026-07-21T19:23:45
league3,BTN,2.0,35-40,T6s,626,29,588,7,2,0,2023-09-04T10:13:00,2026-07-18T22:42:23
league3,BTN,2.0,35-40,T7o,1846,362,1439,45,0,0,2023-09-01T17:06:20,2026-07-21T16:27:29
league3,BTN,2.0,35-40,T7s,604,20,572,8,4,0,2023-09-03T18:47:18,2026-07-17T19:25:59
league3,BTN,2.0,35-40,T8o,1839,167,1646,25,1,0,2023-09-02T18:14:01,2026-07-21T17:33:37
league3,BTN,2.0,35-40,T8s,622,2,607,9,4,0,2023-09-06T20:30:44,2026-07-20T20:12:29
league3,BTN,2.0,35-40,T9o,1918,69,1824,23,2,0,2023-09-03T16:02:39,2026-07-21T23:11:54
league3,BTN,2.0,35-40,T9s,562,5,519,28,10,0,2023-09-01T16:42:27,2026-07-19T08:43:33
league3,BTN,2.0,35-40,TT,908,8,58,551,291,0,2023-09-02T20:27:54,2026-07-16T17:41:38
league3,BTN,2.5,25-30,__MISSING__,2612,1573,861,44,134,0,2023-09-01T14:06:23,2026-07-21T18:43:02
league3,BTN,2.5,25-30,22,136,7,91,1,37,0,2023-09-03T15:49:12,2026-07-08T20:23:32
league3,BTN,2.5,25-30,32o,239,234,3,2,0,0,2023-09-03T18:19:31,2026-07-17T20:54:46
league3,BTN,2.5,25-30,32s,97,52,45,0,0,0,2023-09-05T20:31:16,2026-07-13T22:46:38
league3,BTN,2.5,25-30,33,137,3,81,0,53,0,2023-09-10T16:31:33,2026-07-20T15:53:55
league3,BTN,2.5,25-30,42o,266,261,4,1,0,0,2023-09-06T08:04:21,2026-07-15T19:19:33
league3,BTN,2.5,25-30,42s,90,55,34,1,0,0,2023-10-10T19:24:21,2026-07-11T20:18:24
league3,BTN,2.5,25-30,43o,244,217,25,1,1,0,2023-10-12T18:47:29,2026-07-20T16:22:08
league3,BTN,2.5,25-30,43s,81,37,44,0,0,0,2023-09-02T19:37:18,2026-07-21T07:40:13
league3,BTN,2.5,25-30,44,148,0,93,1,54,0,2023-09-05T09:51:05,2026-06-17T06:37:31
league3,BTN,2.5,25-30,52o,299,295,4,0,0,0,2023-09-05T18:28:04,2026-07-21T21:35:07
league3,BTN,2.5,25-30,52s,93,51,41,1,0,0,2023-09-06T17:35:23,2026-07-20T21:23:49
league3,BTN,2.5,25-30,53o,273,255,16,2,0,0,2023-09-07T13:28:18,2026-07-18T17:37:56
league3,BTN,2.5,25-30,53s,95,43,52,0,0,0,2023-09-12T05:13:56,2026-06-24T00:02:09
league3,BTN,2.5,25-30,54o,266,202,64,0,0,0,2023-09-05T13:36:12,2026-07-13T17:34:53
league3,BTN,2.5,25-30,54s,91,11,80,0,0,0,2023-09-08T00:23:20,2026-07-16T20:07:08
league3,BTN,2.5,25-30,55,142,3,73,0,66,0,2023-09-03T13:15:32,2026-07-18T15:42:20
league3,BTN,2.5,25-30,62o,267,266,1,0,0,0,2023-09-19T19:29:17,2026-07-19T22:23:14
league3,BTN,2.5,25-30,62s,103,62,41,0,0,0,2023-09-02T08:46:26,2026-07-20T20:18:22
league3,BTN,2.5,25-30,63o,257,245,11,1,0,0,2023-09-26T11:46:40,2026-07-19T17:25:53
league3,BTN,2.5,25-30,63s,94,45,49,0,0,0,2023-09-27T23:53:58,2026-07-17T23:04:45
league3,BTN,2.5,25-30,64o,275,239,36,0,0,0,2023-09-02T14:20:19,2026-07-16T22:29:48
league3,BTN,2.5,25-30,64s,81,19,62,0,0,0,2023-09-14T14:23:26,2026-07-20T20:33:16
league3,BTN,2.5,25-30,65o,271,165,106,0,0,0,2023-09-02T21:04:37,2026-07-20T19:43:23
league3,BTN,2.5,25-30,65s,87,7,80,0,0,0,2023-09-03T15:20:36,2026-07-07T12:45:16
league3,BTN,2.5,25-30,66,135,1,62,1,71,0,2023-09-04T21:22:23,2026-07-21T21:31:25
league3,BTN,2.5,25-30,72o,252,247,3,2,0,0,2023-09-02T23:33:55,2026-07-19T19:06:54
league3,BTN,2.5,25-30,72s,109,79,30,0,0,0,2023-09-02T16:27:16,2026-07-04T18:26:31
league3,BTN,2.5,25-30,73o,260,256,3,1,0,0,2023-09-01T15:33:20,2026-07-21T01:16:07
league3,BTN,2.5,25-30,73s,78,45,33,0,0,0,2023-09-26T19:12:15,2026-07-18T22:23:30
league3,BTN,2.5,25-30,74o,279,261,16,1,1,0,2023-09-06T17:46:23,2026-07-19T21:33:21
league3,BTN,2.5,25-30,74s,98,36,62,0,0,0,2023-10-07T22:12:23,2026-06-30T16:34:35
league3,BTN,2.5,25-30,75o,250,215,34,1,0,0,2023-09-06T06:52:20,2026-07-10T15:34:56
league3,BTN,2.5,25-30,75s,94,28,65,0,1,0,2023-09-17T20:33:01,2026-07-10T11:25:31
league3,BTN,2.5,25-30,76o,256,134,122,0,0,0,2023-09-07T13:24:54,2026-07-20T15:33:42
league3,BTN,2.5,25-30,76s,97,9,86,1,1,0,2023-09-11T11:33:25,2026-07-16T19:09:48
league3,BTN,2.5,25-30,77,119,0,44,2,73,0,2023-10-08T20:53:20,2026-06-30T15:11:05
league3,BTN,2.5,25-30,82o,291,287,2,2,0,0,2023-09-08T16:05:51,2026-07-16T16:26:46
league3,BTN,2.5,25-30,82s,92,68,24,0,0,0,2023-09-11T18:21:21,2026-07-21T11:15:24
league3,BTN,2.5,25-30,83o,270,267,2,1,0,0,2023-09-06T17:43:10,2026-07-17T15:37:54
league3,BTN,2.5,25-30,83s,94,64,30,0,0,0,2023-09-06T20:17:15,2026-07-10T19:52:41
league3,BTN,2.5,25-30,84o,266,262,4,0,0,0,2023-09-06T13:17:32,2026-07-17T15:28:54
league3,BTN,2.5,25-30,84s,82,42,40,0,0,0,2023-09-06T20:41:25,2026-07-17T20:15:33
league3,BTN,2.5,25-30,85o,298,273,25,0,0,0,2023-09-06T19:33:35,2026-07-17T18:05:10
league3,BTN,2.5,25-30,85s,98,31,66,1,0,0,2023-10-01T16:17:21,2026-07-09T00:24:51
league3,BTN,2.5,25-30,86o,287,208,78,1,0,0,2023-09-04T06:45:46,2026-07-07T17:48:20
league3,BTN,2.5,25-30,86s,87,16,71,0,0,0,2023-10-09T16:27:56,2026-07-07T17:18:59
league3,BTN,2.5,25-30,87o,290,138,151,1,0,0,2023-09-06T19:30:20,2026-07-16T22:40:44
league3,BTN,2.5,25-30,87s,101,1,99,0,1,0,2023-09-02T08:06:54,2026-07-19T10:04:56
league3,BTN,2.5,25-30,88,140,1,29,6,104,0,2023-10-07T19:37:01,2026-07-17T23:09:38
league3,BTN,2.5,25-30,92o,256,255,1,0,0,0,2023-09-04T17:22:47,2026-07-19T19:53:19
league3,BTN,2.5,25-30,92s,87,64,23,0,0,0,2023-09-05T23:25:04,2026-07-13T18:54:25
league3,BTN,2.5,25-30,93o,243,243,0,0,0,0,2023-09-03T18:18:02,2026-07-19T21:47:16
league3,BTN,2.5,25-30,93s,84,48,36,0,0,0,2023-09-12T00:46:48,2026-07-14T11:31:04
league3,BTN,2.5,25-30,94o,285,280,3,2,0,0,2023-09-03T19:30:26,2026-07-17T20:29:14
league3,BTN,2.5,25-30,94s,83,42,41,0,0,0,2023-09-08T16:41:19,2026-07-16T02:42:15
league3,BTN,2.5,25-30,95o,282,269,13,0,0,0,2023-09-01T12:39:46,2026-07-20T12:27:11
league3,BTN,2.5,25-30,95s,85,33,51,0,1,0,2023-09-03T20:43:57,2026-07-04T15:07:58
league3,BTN,2.5,25-30,96o,286,239,45,1,1,0,2023-09-02T08:18:38,2026-07-21T09:50:45
league3,BTN,2.5,25-30,96s,75,17,58,0,0,0,2023-09-02T12:28:39,2026-07-09T19:11:11
league3,BTN,2.5,25-30,97o,291,188,103,0,0,0,2023-09-06T19:08:35,2026-07-20T00:09:02
league3,BTN,2.5,25-30,97s,92,16,75,0,1,0,2023-09-16T09:05:27,2026-07-21T18:22:11
league3,BTN,2.5,25-30,98o,276,103,173,0,0,0,2023-09-01T20:34:40,2026-07-20T22:26:32
league3,BTN,2.5,25-30,98s,76,1,73,0,2,0,2023-09-05T11:27:57,2026-07-11T22:34:32
league3,BTN,2.5,25-30,99,144,0,23,6,115,0,2023-10-16T14:06:43,2026-07-21T14:26:13
league3,BTN,2.5,25-30,A2o,264,119,118,14,13,0,2023-10-01T20:02:06,2026-07-17T19:20:44
league3,BTN,2.5,25-30,A2s,88,2,67,5,14,0,2023-09-20T15:04:36,2026-07-17T06:52:19
league3,BTN,2.5,25-30,A3o,300,108,143,17,32,0,2023-09-17T19:30:43,2026-07-21T18:41:23
league3,BTN,2.5,25-30,A3s,102,2,82,5,13,0,2023-09-07T21:11:27,2026-07-11T19:36:28
league3,BTN,2.5,25-30,A4o,288,103,147,8,30,0,2023-09-02T19:39:12,2026-07-19T23:11:56
league3,BTN,2.5,25-30,A4s,80,2,60,2,16,0,2023-09-02T20:09:57,2026-07-18T18:48:49
league3,BTN,2.5,25-30,A5o,307,83,176,11,37,0,2023-09-04T17:46:25,2026-07-18T09:40:16
league3,BTN,2.5,25-30,A5s,106,2,73,5,26,0,2023-09-01T19:48:36,2026-07-11T02:37:34
league3,BTN,2.5,25-30,A6o,268,82,153,6,27,0,2023-09-03T15:48:01,2026-07-15T15:44:09
league3,BTN,2.5,25-30,A6s,90,2,69,1,18,0,2023-10-14T17:48:15,2026-07-19T15:48:06
league3,BTN,2.5,25-30,A7o,285,57,180,5,43,0,2023-09-02T18:45:13,2026-07-16T00:15:47
league3,BTN,2.5,25-30,A7s,102,6,79,1,16,0,2023-09-19T14:31:42,2026-07-04T15:25:36
league3,BTN,2.5,25-30,A8o,277,40,169,11,57,0,2023-09-02T18:13:57,2026-07-21T18:38:01
league3,BTN,2.5,25-30,A8s,96,1,64,2,29,0,2023-10-21T19:41:46,2026-07-19T14:06:54
league3,BTN,2.5,25-30,A9o,277,41,166,3,67,0,2023-09-03T09:13:54,2026-07-17T21:35:15
league3,BTN,2.5,25-30,A9s,96,1,63,1,31,0,2023-09-02T19:40:32,2026-07-13T10:20:12
league3,BTN,2.5,25-30,AA,147,1,12,114,20,0,2023-09-03T15:40:00,2026-07-03T23:37:25
league3,BTN,2.5,25-30,AJo,308,7,86,31,184,0,2023-09-02T18:19:37,2026-07-18T14:16:58
league3,BTN,2.5,25-30,AJs,100,0,26,13,61,0,2023-09-03T17:51:11,2026-07-11T00:02:27
league3,BTN,2.5,25-30,AKo,310,2,3,65,240,0,2023-09-23T21:14:17,2026-07-20T16:24:52
league3,BTN,2.5,25-30,AKs,95,0,2,20,73,0,2023-09-03T13:36:51,2026-07-18T17:47:37
league3,BTN,2.5,25-30,AQo,294,2,24,43,225,0,2023-09-09T18:31:10,2026-07-19T00:34:16
league3,BTN,2.5,25-30,AQs,97,0,8,12,77,0,2023-09-22T06:06:39,2026-07-10T09:27:23
league3,BTN,2.5,25-30,ATo,270,7,136,18,109,0,2023-09-03T16:54:42,2026-07-17T13:31:25
league3,BTN,2.5,25-30,ATs,106,1,54,7,44,0,2023-09-05T14:26:47,2026-07-13T09:02:47
league3,BTN,2.5,25-30,J2o,242,232,10,0,0,0,2023-09-06T21:01:07,2026-07-18T22:10:08
league3,BTN,2.5,25-30,J2s,96,48,47,1,0,0,2023-09-15T19:40:33,2026-07-21T16:21:51
league3,BTN,2.5,25-30,J3o,279,261,17,1,0,0,2023-09-04T18:22:58,2026-07-21T02:29:48
league3,BTN,2.5,25-30,J3s,95,42,52,1,0,0,2023-09-27T18:08:34,2026-06-30T23:53:42
league3,BTN,2.5,25-30,J4o,270,253,15,2,0,0,2023-09-03T20:28:31,2026-07-17T16:32:32
league3,BTN,2.5,25-30,J4s,97,43,54,0,0,0,2023-09-20T16:42:43,2026-07-13T19:17:45
league3,BTN,2.5,25-30,J5o,271,246,25,0,0,0,2023-09-03T22:20:50,2026-07-20T19:38:50
league3,BTN,2.5,25-30,J5s,87,37,49,1,0,0,2023-10-01T16:10:23,2026-07-17T18:45:04
league3,BTN,2.5,25-30,J6o,278,248,25,4,1,0,2023-09-10T19:25:14,2026-07-19T21:15:06
league3,BTN,2.5,25-30,J6s,93,22,70,1,0,0,2023-11-14T00:12:25,2026-07-11T20:01:00
league3,BTN,2.5,25-30,J7o,286,217,68,1,0,0,2023-09-03T16:26:38,2026-07-20T11:54:45
league3,BTN,2.5,25-30,J7s,104,15,89,0,0,0,2023-09-09T20:13:02,2026-07-14T15:43:03
league3,BTN,2.5,25-30,J8o,267,129,137,1,0,0,2023-09-01T16:38:54,2026-07-20T02:18:04
league3,BTN,2.5,25-30,J8s,86,1,83,0,2,0,2023-09-10T07:54:59,2026-07-06T17:18:34
league3,BTN,2.5,25-30,J9o,284,93,186,3,2,0,2023-09-03T14:37:50,2026-07-20T15:27:46
league3,BTN,2.5,25-30,J9s,99,10,88,0,1,0,2023-09-14T07:10:48,2026-07-07T18:14:20
league3,BTN,2.5,25-30,JJ,116,1,3,39,73,0,2023-09-30T21:34:18,2026-07-09T11:08:40
league3,BTN,2.5,25-30,JTo,308,37,269,2,0,0,2023-09-03T18:21:55,2026-07-16T00:09:07
league3,BTN,2.5,25-30,JTs,94,2,80,2,10,0,2023-10-14T18:02:30,2026-06-16T22:52:14
league3,BTN,2.5,25-30,K2o,270,233,31,4,2,0,2023-09-03T16:41:18,2026-07-21T21:03:09
league3,BTN,2.5,25-30,K2s,94,12,80,2,0,0,2023-09-05T18:43:47,2026-07-15T21:06:39
league3,BTN,2.5,25-30,K3o,267,207,50,9,1,0,2023-09-08T13:50:51,2026-07-20T18:23:14
league3,BTN,2.5,25-30,K3s,98,15,82,0,1,0,2023-10-04T18:16:13,2026-07-04T22:07:09
league3,BTN,2.5,25-30,K4o,251,194,50,4,3,0,2023-09-01T19:34:04,2026-07-18T22:08:17
league3,BTN,2.5,25-30,K4s,93,16,74,1,2,0,2023-09-05T20:50:17,2026-07-16T16:07:56
league3,BTN,2.5,25-30,K5o,285,210,68,5,2,0,2023-09-11T15:15:55,2026-07-10T10:40:51
league3,BTN,2.5,25-30,K5s,91,16,71,3,1,0,2023-09-08T07:07:13,2026-07-12T17:52:55
league3,BTN,2.5,25-30,K6o,288,193,92,3,0,0,2023-09-13T19:23:30,2026-07-20T17:43:34
league3,BTN,2.5,25-30,K6s,102,11,88,0,3,0,2023-10-12T13:17:54,2026-07-11T22:25:10
league3,BTN,2.5,25-30,K7o,271,158,109,3,1,0,2023-09-03T13:42:28,2026-07-18T22:38:41
league3,BTN,2.5,25-30,K7s,111,3,104,1,3,0,2023-09-28T19:45:10,2026-07-20T00:10:04
league3,BTN,2.5,25-30,K8o,248,88,152,5,3,0,2023-09-01T19:30:15,2026-07-15T10:32:56
league3,BTN,2.5,25-30,K8s,96,10,84,0,2,0,2023-09-04T07:41:03,2026-07-04T09:36:08
league3,BTN,2.5,25-30,K9o,271,80,190,1,0,0,2023-09-02T20:28:57,2026-07-21T21:54:44
league3,BTN,2.5,25-30,K9s,91,7,74,0,10,0,2023-09-19T15:31:37,2026-07-18T07:02:17
league3,BTN,2.5,25-30,KJo,304,14,235,13,42,0,2023-09-20T11:47:12,2026-07-19T18:02:49
league3,BTN,2.5,25-30,KJs,111,0,80,5,26,0,2023-09-08T23:27:33,2026-07-18T02:41:15
league3,BTN,2.5,25-30,KK,136,0,4,104,28,0,2023-09-22T18:27:23,2026-07-16T13:11:54
league3,BTN,2.5,25-30,KQo,290,4,207,9,70,0,2023-09-09T04:54:56,2026-07-21T19:32:06
league3,BTN,2.5,25-30,KQs,111,1,72,6,32,0,2023-09-09T15:44:01,2026-07-17T21:33:13
league3,BTN,2.5,25-30,KTo,268,32,223,1,12,0,2023-09-11T18:40:56,2026-07-19T10:32:07
league3,BTN,2.5,25-30,KTs,91,2,75,1,13,0,2023-09-06T15:28:54,2026-07-09T21:06:07
league3,BTN,2.5,25-30,Q2o,273,253,19,1,0,0,2023-09-04T18:19:26,2026-07-17T19:18:41
league3,BTN,2.5,25-30,Q2s,79,32,46,1,0,0,2023-09-09T20:36:33,2026-07-17T18:21:28
league3,BTN,2.5,25-30,Q3o,276,257,18,1,0,0,2023-09-02T19:05:28,2026-07-16T20:26:35
league3,BTN,2.5,25-30,Q3s,90,26,64,0,0,0,2023-09-02T19:17:42,2026-07-18T20:44:07
league3,BTN,2.5,25-30,Q4o,260,233,26,1,0,0,2023-09-05T00:07:55,2026-07-21T21:15:17
league3,BTN,2.5,25-30,Q4s,93,25,66,2,0,0,2023-09-07T16:24:12,2026-07-10T12:19:25
league3,BTN,2.5,25-30,Q5o,253,215,35,3,0,0,2023-09-09T18:30:25,2026-07-18T12:39:51
league3,BTN,2.5,25-30,Q5s,88,21,65,2,0,0,2023-09-03T14:44:17,2026-07-20T10:35:12
league3,BTN,2.5,25-30,Q6o,260,219,41,0,0,0,2023-09-03T19:34:24,2026-07-20T10:47:21
league3,BTN,2.5,25-30,Q6s,76,16,60,0,0,0,2023-10-15T21:11:50,2026-06-30T15:17:12
league3,BTN,2.5,25-30,Q7o,288,218,69,1,0,0,2023-09-02T19:28:53,2026-07-19T21:08:10
league3,BTN,2.5,25-30,Q7s,83,11,72,0,0,0,2023-09-14T11:41:20,2026-07-17T19:18:19
league3,BTN,2.5,25-30,Q8o,262,144,116,1,1,0,2023-09-06T16:40:21,2026-07-19T01:52:07
league3,BTN,2.5,25-30,Q8s,82,6,75,0,1,0,2023-09-05T17:04:42,2026-07-04T14:54:18
league3,BTN,2.5,25-30,Q9o,287,106,179,1,1,0,2023-09-04T15:53:20,2026-07-18T23:18:42
league3,BTN,2.5,25-30,Q9s,82,2,80,0,0,0,2023-09-16T15:11:39,2026-07-18T05:41:04
league3,BTN,2.5,25-30,QJo,282,20,252,0,10,0,2023-09-03T18:17:48,2026-07-20T16:47:00
league3,BTN,2.5,25-30,QJs,78,0,67,2,9,0,2023-09-26T10:14:46,2026-07-15T14:22:19
league3,BTN,2.5,25-30,QQ,160,1,2,85,72,0,2023-09-27T15:31:04,2026-07-11T14:18:20
league3,BTN,2.5,25-30,QTo,271,28,237,2,4,0,2023-09-15T09:10:15,2026-07-19T14:26:46
league3,BTN,2.5,25-30,QTs,94,1,89,0,4,0,2023-09-03T19:22:07,2026-07-04T17:32:12
league3,BTN,2.5,25-30,T2o,260,257,3,0,0,0,2023-09-03T15:41:49,2026-07-18T16:35:41
league3,BTN,2.5,25-30,T2s,110,62,48,0,0,0,2023-09-05T20:13:46,2026-06-27T21:25:27
league3,BTN,2.5,25-30,T3o,262,253,6,3,0,0,2023-09-04T09:14:01,2026-07-16T01:19:11
league3,BTN,2.5,25-30,T3s,87,48,39,0,0,0,2023-09-05T22:10:44,2026-07-03T11:27:11
league3,BTN,2.5,25-30,T4o,296,283,11,1,1,0,2023-09-06T14:52:46,2026-07-19T11:26:16
league3,BTN,2.5,25-30,T4s,93,51,42,0,0,0,2023-09-01T20:44:21,2026-07-15T15:08:39
league3,BTN,2.5,25-30,T5o,271,259,11,1,0,0,2023-09-05T15:23:32,2026-07-16T12:24:26
league3,BTN,2.5,25-30,T5s,77,36,41,0,0,0,2023-09-24T17:36:54,2026-07-06T13:34:22
league3,BTN,2.5,25-30,T6o,267,238,27,2,0,0,2023-09-08T17:27:38,2026-07-07T00:38:52
league3,BTN,2.5,25-30,T6s,83,34,49,0,0,0,2023-09-14T13:34:24,2026-07-10T19:02:57
league3,BTN,2.5,25-30,T7o,266,195,71,0,0,0,2023-09-02T16:51:37,2026-07-18T22:40:59
league3,BTN,2.5,25-30,T7s,103,21,82,0,0,0,2023-09-04T13:44:23,2026-07-13T21:35:17
league3,BTN,2.5,25-30,T8o,288,145,143,0,0,0,2023-09-04T22:18:50,2026-07-21T19:21:53
league3,BTN,2.5,25-30,T8s,77,5,72,0,0,0,2023-10-06T10:03:40,2026-07-06T19:35:14
league3,BTN,2.5,25-30,T9o,263,94,169,0,0,0,2023-09-10T15:09:21,2026-07-11T21:06:11
league3,BTN,2.5,25-30,T9s,95,1,91,1,2,0,2023-09-18T19:16:38,2026-07-19T00:34:30
league3,BTN,2.5,25-30,TT,160,0,8,36,116,0,2023-09-09T18:25:41,2026-07-20T22:44:50
league3,BTN,2.5,30-35,__MISSING__,2504,1431,884,83,106,0,2023-09-01T17:43:05,2026-07-21T18:54:53
league3,BTN,2.5,30-35,22,129,3,98,0,28,0,2023-09-09T11:27:20,2026-07-12T19:07:06
league3,BTN,2.5,30-35,32o,224,218,3,3,0,0,2023-09-07T14:52:17,2026-07-20T16:47:19
league3,BTN,2.5,30-35,32s,72,39,33,0,0,0,2023-09-17T08:25:38,2026-07-03T22:17:16
league3,BTN,2.5,30-35,33,122,9,89,3,21,0,2023-09-20T19:18:46,2026-07-20T19:13:30
league3,BTN,2.5,30-35,42o,248,241,6,1,0,0,2023-09-09T20:04:19,2026-07-21T19:25:30
league3,BTN,2.5,30-35,42s,88,48,40,0,0,0,2023-09-21T09:08:33,2026-07-17T21:05:16
league3,BTN,2.5,30-35,43o,242,209,32,1,0,0,2023-09-01T16:48:03,2026-07-20T21:36:18
league3,BTN,2.5,30-35,43s,81,23,58,0,0,0,2023-09-03T01:35:29,2026-06-19T18:37:36
league3,BTN,2.5,30-35,44,122,2,79,4,37,0,2023-09-04T21:17:10,2026-07-16T14:34:35
league3,BTN,2.5,30-35,52o,234,229,4,1,0,0,2023-09-03T19:30:25,2026-07-18T22:06:51
league3,BTN,2.5,30-35,52s,74,42,32,0,0,0,2023-09-22T20:54:09,2026-07-21T13:33:48
league3,BTN,2.5,30-35,53o,245,232,12,1,0,0,2023-09-03T19:35:33,2026-07-18T13:04:16
league3,BTN,2.5,30-35,53s,96,30,65,0,1,0,2023-10-10T19:51:32,2026-07-02T11:15:16
league3,BTN,2.5,30-35,54o,250,174,73,3,0,0,2023-09-25T12:10:50,2026-07-20T21:45:55
league3,BTN,2.5,30-35,54s,68,9,59,0,0,0,2023-09-18T13:17:32,2026-06-16T11:07:09
league3,BTN,2.5,30-35,55,122,2,79,4,37,0,2023-09-12T11:12:49,2026-07-16T18:20:44
league3,BTN,2.5,30-35,62o,243,240,3,0,0,0,2023-09-07T16:10:06,2026-07-19T22:38:38
league3,BTN,2.5,30-35,62s,93,57,34,2,0,0,2023-09-16T20:25:56,2026-07-21T06:33:49
league3,BTN,2.5,30-35,63o,227,219,8,0,0,0,2023-09-02T16:29:10,2026-07-20T19:32:33
league3,BTN,2.5,30-35,63s,85,39,46,0,0,0,2023-10-01T17:27:51,2026-06-27T21:09:16
league3,BTN,2.5,30-35,64o,238,201,37,0,0,0,2023-09-05T21:47:13,2026-07-15T18:00:57
league3,BTN,2.5,30-35,64s,81,16,65,0,0,0,2023-09-06T20:16:01,2026-07-21T23:05:14
league3,BTN,2.5,30-35,65o,265,163,102,0,0,0,2023-09-07T19:18:56,2026-07-15T02:08:49
league3,BTN,2.5,30-35,65s,89,6,83,0,0,0,2023-09-01T09:32:00,2026-07-12T20:10:38
league3,BTN,2.5,30-35,66,102,0,58,6,38,0,2023-09-20T18:18:58,2026-07-16T08:50:10
league3,BTN,2.5,30-35,72o,246,243,0,3,0,0,2023-09-05T22:14:11,2026-07-21T19:09:05
league3,BTN,2.5,30-35,72s,88,54,34,0,0,0,2023-09-05T23:44:07,2026-07-11T13:27:12
league3,BTN,2.5,30-35,73o,257,247,4,6,0,0,2023-09-04T21:51:21,2026-07-19T15:38:07
league3,BTN,2.5,30-35,73s,78,48,30,0,0,0,2023-09-11T15:17:38,2026-07-19T09:31:37
league3,BTN,2.5,30-35,74o,258,239,17,2,0,0,2023-09-05T00:06:16,2026-07-19T21:13:59
league3,BTN,2.5,30-35,74s,78,34,44,0,0,0,2023-12-07T10:18:47,2026-07-14T20:50:24
league3,BTN,2.5,30-35,75o,247,192,53,2,0,0,2023-09-02T19:51:13,2026-07-13T22:26:57
league3,BTN,2.5,30-35,75s,72,15,56,1,0,0,2023-09-10T10:17:41,2026-07-13T10:17:57
league3,BTN,2.5,30-35,76o,249,134,114,1,0,0,2023-09-02T18:02:04,2026-07-17T13:42:09
league3,BTN,2.5,30-35,76s,76,2,72,1,1,0,2023-09-05T19:25:24,2026-07-20T22:14:43
league3,BTN,2.5,30-35,77,125,0,63,8,54,0,2023-09-03T16:15:50,2026-07-14T11:06:05
league3,BTN,2.5,30-35,82o,248,246,1,1,0,0,2023-09-10T13:05:56,2026-07-18T19:25:56
league3,BTN,2.5,30-35,82s,83,55,27,1,0,0,2023-09-10T14:25:16,2026-07-06T21:38:13
league3,BTN,2.5,30-35,83o,257,256,0,1,0,0,2023-09-15T17:51:51,2026-07-16T20:24:39
league3,BTN,2.5,30-35,83s,90,60,30,0,0,0,2023-09-01T19:34:31,2026-07-02T20:33:07
league3,BTN,2.5,30-35,84o,250,237,11,2,0,0,2023-09-09T19:44:31,2026-07-21T21:07:49
league3,BTN,2.5,30-35,84s,89,39,50,0,0,0,2023-09-13T13:14:33,2026-07-14T11:03:54
league3,BTN,2.5,30-35,85o,256,221,35,0,0,0,2023-09-02T15:18:26,2026-07-15T15:04:00
league3,BTN,2.5,30-35,85s,84,21,62,0,1,0,2023-09-02T11:17:06,2026-07-08T19:24:23
league3,BTN,2.5,30-35,86o,288,219,68,1,0,0,2023-09-04T18:46:33,2026-07-20T13:34:56
league3,BTN,2.5,30-35,86s,83,9,73,0,1,0,2023-09-19T13:37:41,2026-07-19T20:07:04
league3,BTN,2.5,30-35,87o,257,114,142,1,0,0,2023-09-15T23:11:41,2026-07-19T22:32:29
league3,BTN,2.5,30-35,87s,87,2,84,1,0,0,2023-09-04T20:15:10,2026-06-28T14:44:13
league3,BTN,2.5,30-35,88,111,1,41,8,61,0,2023-09-11T08:54:15,2026-07-19T11:53:50
league3,BTN,2.5,30-35,92o,241,240,0,0,1,0,2023-09-07T15:29:12,2026-07-21T21:53:52
league3,BTN,2.5,30-35,92s,76,55,21,0,0,0,2023-09-08T12:24:49,2026-07-21T16:37:28
league3,BTN,2.5,30-35,93o,250,248,2,0,0,0,2023-09-05T14:44:38,2026-07-10T16:36:50
league3,BTN,2.5,30-35,93s,73,46,27,0,0,0,2023-09-13T15:09:08,2026-07-16T19:20:57
league3,BTN,2.5,30-35,94o,247,240,7,0,0,0,2023-09-02T16:43:37,2026-07-18T18:10:25
league3,BTN,2.5,30-35,94s,90,55,35,0,0,0,2023-09-03T15:29:02,2026-07-06T22:21:07
league3,BTN,2.5,30-35,95o,261,248,11,2,0,0,2023-09-02T15:37:17,2026-07-16T15:12:52
league3,BTN,2.5,30-35,95s,92,31,61,0,0,0,2023-12-01T18:39:43,2026-07-17T18:42:54
league3,BTN,2.5,30-35,96o,230,193,37,0,0,0,2023-09-08T22:17:21,2026-07-20T18:07:35
league3,BTN,2.5,30-35,96s,83,13,70,0,0,0,2023-09-04T22:18:55,2026-07-15T22:42:17
league3,BTN,2.5,30-35,97o,258,151,106,1,0,0,2023-09-08T21:14:46,2026-07-21T04:00:55
league3,BTN,2.5,30-35,97s,101,7,93,1,0,0,2023-09-03T22:50:56,2026-07-20T20:33:01
league3,BTN,2.5,30-35,98o,244,67,177,0,0,0,2023-09-09T19:39:24,2026-07-21T17:30:47
league3,BTN,2.5,30-35,98s,93,5,85,1,2,0,2023-09-03T14:15:19,2026-06-26T19:23:20
league3,BTN,2.5,30-35,99,114,0,26,15,73,0,2023-09-12T19:14:48,2026-06-21T15:04:27
league3,BTN,2.5,30-35,A2o,242,88,122,21,11,0,2023-09-01T14:36:25,2026-07-15T18:20:35
league3,BTN,2.5,30-35,A2s,81,2,66,6,7,0,2023-09-04T18:38:29,2026-07-10T16:10:30
league3,BTN,2.5,30-35,A3o,296,112,155,15,14,0,2023-09-03T15:29:48,2026-07-12T15:29:12
league3,BTN,2.5,30-35,A3s,80,3,66,6,5,0,2023-10-14T17:41:59,2026-07-18T13:41:42
league3,BTN,2.5,30-35,A4o,265,88,152,14,11,0,2023-09-17T20:29:44,2026-07-15T19:02:43
league3,BTN,2.5,30-35,A4s,79,2,65,7,5,0,2023-09-29T12:40:27,2026-06-16T14:43:33
league3,BTN,2.5,30-35,A5o,258,75,140,23,20,0,2023-09-06T22:16:11,2026-07-06T14:27:50
league3,BTN,2.5,30-35,A5s,82,3,62,9,8,0,2023-09-04T13:46:17,2026-07-15T20:40:58
league3,BTN,2.5,30-35,A6o,268,80,164,9,15,0,2023-09-14T20:01:30,2026-07-21T18:32:10
league3,BTN,2.5,30-35,A6s,83,1,73,2,7,0,2023-09-11T17:08:56,2026-07-15T18:05:39
league3,BTN,2.5,30-35,A7o,242,43,182,7,10,0,2023-09-03T19:47:55,2026-07-20T19:51:28
league3,BTN,2.5,30-35,A7s,83,1,74,1,7,0,2023-09-08T15:13:39,2026-07-20T21:09:36
league3,BTN,2.5,30-35,A8o,252,28,188,9,27,0,2023-09-07T17:11:16,2026-07-19T18:01:38
league3,BTN,2.5,30-35,A8s,87,0,70,4,13,0,2023-09-14T09:13:36,2026-06-26T22:16:15
league3,BTN,2.5,30-35,A9o,296,27,204,16,49,0,2023-09-01T17:18:35,2026-07-19T20:26:20
league3,BTN,2.5,30-35,A9s,98,2,73,10,13,0,2023-10-03T17:35:57,2026-07-12T12:42:27
league3,BTN,2.5,30-35,AA,154,0,8,140,6,0,2023-09-02T13:05:58,2026-06-23T09:12:15
league3,BTN,2.5,30-35,AJo,231,2,88,35,106,0,2023-09-07T15:22:25,2026-07-17T15:08:08
league3,BTN,2.5,30-35,AJs,103,1,35,24,43,0,2023-09-08T00:50:33,2026-07-18T11:51:31
league3,BTN,2.5,30-35,AKo,290,1,0,96,193,0,2023-09-11T19:09:10,2026-07-17T07:34:23
league3,BTN,2.5,30-35,AKs,80,1,3,30,46,0,2023-09-09T12:30:17,2026-07-10T12:35:08
league3,BTN,2.5,30-35,AQo,255,0,23,62,170,0,2023-09-04T22:22:55,2026-07-17T08:54:26
league3,BTN,2.5,30-35,AQs,101,0,13,28,60,0,2023-09-20T23:31:13,2026-06-24T14:37:04
league3,BTN,2.5,30-35,ATo,256,5,151,22,78,0,2023-09-12T17:10:43,2026-07-15T22:20:49
league3,BTN,2.5,30-35,ATs,116,0,78,5,33,0,2023-09-07T06:50:06,2026-07-10T17:32:45
league3,BTN,2.5,30-35,J2o,251,239,9,3,0,0,2023-09-26T17:28:32,2026-07-21T17:34:32
league3,BTN,2.5,30-35,J2s,112,54,56,2,0,0,2023-09-03T17:51:01,2026-06-21T18:20:13
league3,BTN,2.5,30-35,J3o,259,252,5,2,0,0,2023-09-10T16:44:43,2026-07-20T18:46:18
league3,BTN,2.5,30-35,J3s,97,35,61,1,0,0,2023-09-12T15:24:58,2026-07-17T23:04:09
league3,BTN,2.5,30-35,J4o,243,231,11,1,0,0,2023-09-06T21:02:17,2026-07-21T18:30:26
league3,BTN,2.5,30-35,J4s,94,31,63,0,0,0,2023-09-17T18:47:24,2026-07-11T20:38:02
league3,BTN,2.5,30-35,J5o,256,236,19,1,0,0,2023-09-05T19:50:51,2026-07-20T17:48:12
league3,BTN,2.5,30-35,J5s,74,24,50,0,0,0,2023-09-19T17:04:22,2026-07-20T10:40:07
league3,BTN,2.5,30-35,J6o,232,214,18,0,0,0,2023-09-05T12:09:00,2026-07-12T14:47:21
league3,BTN,2.5,30-35,J6s,81,22,59,0,0,0,2023-09-05T10:32:23,2026-07-10T15:21:26
league3,BTN,2.5,30-35,J7o,229,175,52,2,0,0,2023-09-02T07:51:03,2026-07-21T16:32:52
league3,BTN,2.5,30-35,J7s,88,10,77,0,1,0,2023-09-07T16:44:39,2026-07-19T12:07:49
league3,BTN,2.5,30-35,J8o,261,115,145,1,0,0,2023-09-05T08:39:38,2026-07-21T17:54:29
league3,BTN,2.5,30-35,J8s,82,2,79,0,1,0,2023-10-05T20:31:21,2026-07-06T02:37:30
league3,BTN,2.5,30-35,J9o,260,91,166,1,2,0,2023-09-04T18:49:25,2026-07-19T21:02:23
league3,BTN,2.5,30-35,J9s,85,5,77,3,0,0,2023-09-10T15:37:47,2026-06-27T19:21:06
league3,BTN,2.5,30-35,JJ,141,0,3,68,70,0,2023-09-01T19:46:44,2026-07-09T12:21:46
league3,BTN,2.5,30-35,JTo,241,20,220,1,0,0,2023-09-08T17:37:51,2026-07-17T19:17:02
league3,BTN,2.5,30-35,JTs,91,0,83,2,6,0,2023-09-11T18:02:26,2026-06-24T18:25:26
league3,BTN,2.5,30-35,K2o,250,209,26,15,0,0,2023-09-09T19:32:53,2026-07-16T12:51:39
league3,BTN,2.5,30-35,K2s,89,18,69,0,2,0,2023-09-03T19:43:47,2026-07-17T00:37:24
league3,BTN,2.5,30-35,K3o,247,194,41,12,0,0,2023-09-08T11:10:25,2026-07-18T19:13:12
league3,BTN,2.5,30-35,K3s,89,25,63,0,1,0,2023-09-11T22:07:07,2026-07-21T18:12:09
league3,BTN,2.5,30-35,K4o,257,198,51,7,1,0,2023-09-03T15:10:56,2026-07-13T13:25:29
league3,BTN,2.5,30-35,K4s,105,15,87,1,2,0,2023-09-06T14:44:14,2026-07-03T18:42:57
league3,BTN,2.5,30-35,K5o,245,174,68,3,0,0,2023-09-07T17:30:53,2026-07-20T17:51:26
league3,BTN,2.5,30-35,K5s,74,7,65,2,0,0,2023-11-09T20:36:58,2026-07-19T16:53:10
league3,BTN,2.5,30-35,K6o,258,172,79,6,1,0,2023-09-07T11:07:43,2026-07-20T17:45:39
league3,BTN,2.5,30-35,K6s,98,9,87,1,1,0,2023-09-13T16:14:06,2026-07-08T18:30:58
league3,BTN,2.5,30-35,K7o,264,131,126,5,2,0,2023-09-08T21:37:06,2026-07-20T19:08:58
league3,BTN,2.5,30-35,K7s,76,4,71,1,0,0,2023-09-29T17:41:09,2026-07-09T14:35:49
league3,BTN,2.5,30-35,K8o,225,83,137,5,0,0,2023-09-16T03:10:15,2026-07-19T21:30:57
league3,BTN,2.5,30-35,K8s,91,1,89,0,1,0,2023-09-09T22:44:23,2026-07-18T15:29:12
league3,BTN,2.5,30-35,K9o,254,59,190,3,2,0,2023-09-09T20:10:42,2026-07-20T10:36:14
league3,BTN,2.5,30-35,K9s,93,1,90,0,2,0,2023-09-06T17:05:54,2026-07-18T16:22:34
league3,BTN,2.5,30-35,KJo,274,4,244,12,14,0,2023-09-15T08:19:44,2026-07-17T16:38:47
league3,BTN,2.5,30-35,KJs,90,1,69,7,13,0,2023-09-04T20:48:27,2026-07-17T19:10:56
league3,BTN,2.5,30-35,KK,127,0,2,113,12,0,2023-09-21T16:18:58,2026-07-18T10:26:59
league3,BTN,2.5,30-35,KQo,261,4,193,20,44,0,2023-09-02T12:25:28,2026-07-13T02:46:20
league3,BTN,2.5,30-35,KQs,79,0,54,9,16,0,2023-09-09T00:08:50,2026-07-20T23:10:42
league3,BTN,2.5,30-35,KTo,263,17,236,5,5,0,2023-09-05T19:26:51,2026-07-16T19:29:10
league3,BTN,2.5,30-35,KTs,81,0,75,2,4,0,2023-09-06T19:35:16,2026-07-17T12:17:06
league3,BTN,2.5,30-35,Q2o,251,227,21,3,0,0,2023-09-04T19:13:16,2026-07-18T18:33:12
league3,BTN,2.5,30-35,Q2s,82,29,52,1,0,0,2023-09-02T22:01:58,2026-07-11T02:19:34
league3,BTN,2.5,30-35,Q3o,270,249,19,2,0,0,2023-09-04T17:50:11,2026-07-16T17:15:54
league3,BTN,2.5,30-35,Q3s,80,22,58,0,0,0,2023-09-09T12:53:19,2026-06-23T15:33:50
league3,BTN,2.5,30-35,Q4o,245,216,25,4,0,0,2023-09-01T12:11:07,2026-07-17T19:27:15
league3,BTN,2.5,30-35,Q4s,92,22,70,0,0,0,2023-09-05T13:50:29,2026-07-10T14:22:46
league3,BTN,2.5,30-35,Q5o,278,248,26,4,0,0,2023-09-05T15:39:50,2026-07-21T18:30:35
league3,BTN,2.5,30-35,Q5s,74,15,59,0,0,0,2023-09-03T17:46:32,2026-07-16T16:45:42
league3,BTN,2.5,30-35,Q6o,242,196,44,2,0,0,2023-09-05T14:48:50,2026-07-21T18:07:15
league3,BTN,2.5,30-35,Q6s,82,12,70,0,0,0,2023-09-06T06:08:05,2026-07-21T02:12:26
league3,BTN,2.5,30-35,Q7o,254,174,75,5,0,0,2023-09-05T19:25:38,2026-07-18T00:35:43
league3,BTN,2.5,30-35,Q7s,71,4,66,1,0,0,2023-09-06T17:44:11,2026-07-20T16:49:30
league3,BTN,2.5,30-35,Q8o,240,113,126,1,0,0,2023-09-02T18:17:03,2026-07-12T11:19:22
league3,BTN,2.5,30-35,Q8s,97,2,95,0,0,0,2023-09-19T08:26:13,2026-07-10T22:03:46
league3,BTN,2.5,30-35,Q9o,256,86,169,1,0,0,2023-09-12T17:17:23,2026-07-08T16:13:32
league3,BTN,2.5,30-35,Q9s,85,1,82,1,1,0,2023-09-09T13:21:49,2026-07-21T21:03:49
league3,BTN,2.5,30-35,QJo,275,12,253,9,1,0,2023-09-09T18:43:17,2026-07-15T17:33:50
league3,BTN,2.5,30-35,QJs,86,2,73,3,8,0,2023-09-04T21:36:50,2026-06-20T09:36:21
league3,BTN,2.5,30-35,QQ,139,2,3,85,49,0,2023-09-05T12:22:16,2026-06-23T15:33:53
league3,BTN,2.5,30-35,QTo,280,28,249,1,2,0,2023-09-03T17:42:44,2026-07-17T20:23:19
league3,BTN,2.5,30-35,QTs,80,1,72,1,6,0,2023-09-19T16:08:54,2026-07-19T15:41:45
league3,BTN,2.5,30-35,T2o,249,247,2,0,0,0,2023-09-03T00:15:10,2026-07-10T16:39:14
league3,BTN,2.5,30-35,T2s,75,42,33,0,0,0,2023-09-15T16:18:42,2026-06-14T20:30:00
league3,BTN,2.5,30-35,T3o,247,239,6,2,0,0,2023-10-14T09:22:12,2026-07-19T21:23:25
league3,BTN,2.5,30-35,T3s,99,56,43,0,0,0,2023-09-03T17:43:46,2026-07-19T20:08:57
league3,BTN,2.5,30-35,T4o,246,245,1,0,0,0,2023-09-05T17:14:38,2026-07-20T19:47:27
league3,BTN,2.5,30-35,T4s,69,33,36,0,0,0,2023-10-07T02:32:57,2026-07-20T11:53:51
league3,BTN,2.5,30-35,T5o,273,257,15,1,0,0,2023-09-06T04:31:30,2026-07-21T02:20:13
league3,BTN,2.5,30-35,T5s,80,32,48,0,0,0,2023-09-17T19:05:28,2026-07-05T19:46:58
league3,BTN,2.5,30-35,T6o,258,226,31,1,0,0,2023-09-03T17:42:59,2026-07-17T20:33:50
league3,BTN,2.5,30-35,T6s,80,17,63,0,0,0,2023-09-27T12:27:32,2026-06-06T20:30:10
league3,BTN,2.5,30-35,T7o,234,175,59,0,0,0,2023-09-13T19:09:50,2026-07-20T16:33:43
league3,BTN,2.5,30-35,T7s,74,8,66,0,0,0,2023-09-19T11:26:58,2026-06-30T00:30:54
league3,BTN,2.5,30-35,T8o,253,123,128,2,0,0,2023-09-05T22:07:21,2026-07-19T21:21:01
league3,BTN,2.5,30-35,T8s,84,4,80,0,0,0,2023-09-02T19:51:38,2026-07-03T23:40:39
league3,BTN,2.5,30-35,T9o,262,61,200,1,0,0,2023-09-01T20:01:21,2026-07-13T22:39:55
league3,BTN,2.5,30-35,T9s,75,0,74,1,0,0,2023-09-02T01:40:11,2026-07-17T20:52:59
league3,BTN,2.5,30-35,TT,152,3,5,43,101,0,2023-09-08T14:19:29,2026-07-21T21:49:27
league3,BTN,2.5,35-40,__MISSING__,2496,1364,961,114,57,0,2023-09-03T15:51:30,2026-07-21T11:46:35
league3,BTN,2.5,35-40,22,114,3,99,1,11,0,2023-09-05T17:03:37,2026-07-15T22:28:04
league3,BTN,2.5,35-40,32o,211,207,4,0,0,0,2023-09-05T21:35:13,2026-07-17T15:03:10
league3,BTN,2.5,35-40,32s,64,31,31,2,0,0,2023-09-04T14:43:51,2026-07-16T14:52:27
league3,BTN,2.5,35-40,33,115,2,98,0,15,0,2023-09-06T21:14:36,2026-07-10T16:19:54
league3,BTN,2.5,35-40,42o,244,241,2,1,0,0,2023-09-02T19:51:00,2026-07-12T18:43:33
league3,BTN,2.5,35-40,42s,68,28,39,1,0,0,2023-10-07T12:23:22,2026-07-15T19:53:57
league3,BTN,2.5,35-40,43o,234,210,24,0,0,0,2023-09-04T17:52:53,2026-07-14T18:18:06
league3,BTN,2.5,35-40,43s,79,19,59,1,0,0,2023-09-01T17:43:01,2026-06-30T20:15:47
league3,BTN,2.5,35-40,44,124,2,107,1,14,0,2023-09-29T16:39:01,2026-07-17T21:06:12
league3,BTN,2.5,35-40,52o,237,226,9,2,0,0,2023-09-05T20:48:19,2026-07-20T22:31:04
league3,BTN,2.5,35-40,52s,84,32,50,2,0,0,2023-09-01T18:45:28,2026-06-27T20:28:48
league3,BTN,2.5,35-40,53o,230,212,17,1,0,0,2023-09-04T14:06:54,2026-07-12T19:31:21
league3,BTN,2.5,35-40,53s,56,15,41,0,0,0,2023-09-30T06:30:31,2026-07-12T17:37:33
league3,BTN,2.5,35-40,54o,236,159,75,2,0,0,2023-09-10T15:28:32,2026-07-10T22:37:20
league3,BTN,2.5,35-40,54s,77,5,72,0,0,0,2023-09-03T21:41:16,2026-07-20T07:50:54
league3,BTN,2.5,35-40,55,130,1,101,3,25,0,2023-09-21T22:29:13,2026-07-17T20:48:14
league3,BTN,2.5,35-40,62o,225,221,3,1,0,0,2023-09-03T20:36:33,2026-07-20T20:30:53
league3,BTN,2.5,35-40,62s,82,48,34,0,0,0,2023-09-23T15:33:29,2026-07-19T11:54:50
league3,BTN,2.5,35-40,63o,209,200,7,2,0,0,2023-09-07T17:12:14,2026-07-20T20:25:08
league3,BTN,2.5,35-40,63s,87,38,48,1,0,0,2023-09-12T13:21:38,2026-07-16T11:24:10
league3,BTN,2.5,35-40,64o,234,212,22,0,0,0,2023-09-09T19:28:12,2026-07-18T20:10:39
league3,BTN,2.5,35-40,64s,84,15,68,1,0,0,2023-09-05T19:48:55,2026-07-14T21:13:48
league3,BTN,2.5,35-40,65o,213,133,80,0,0,0,2023-09-01T14:05:06,2026-07-20T19:46:42
league3,BTN,2.5,35-40,65s,79,3,74,2,0,0,2023-09-08T16:19:19,2026-06-10T20:31:45
league3,BTN,2.5,35-40,66,121,1,86,1,33,0,2023-09-04T11:40:50,2026-06-26T15:15:10
league3,BTN,2.5,35-40,72o,222,219,1,2,0,0,2023-09-03T17:27:06,2026-07-16T20:35:58
league3,BTN,2.5,35-40,72s,73,49,24,0,0,0,2023-09-19T21:47:15,2026-07-03T13:46:31
league3,BTN,2.5,35-40,73o,230,226,3,1,0,0,2023-09-01T20:49:19,2026-07-11T15:08:55
league3,BTN,2.5,35-40,73s,78,40,38,0,0,0,2023-09-10T22:29:21,2026-07-15T19:17:53
league3,BTN,2.5,35-40,74o,219,202,17,0,0,0,2023-09-02T17:34:54,2026-07-15T18:31:07
league3,BTN,2.5,35-40,74s,87,34,52,1,0,0,2023-09-12T22:18:22,2026-07-20T20:04:48
league3,BTN,2.5,35-40,75o,240,182,57,1,0,0,2023-09-02T17:13:08,2026-07-17T21:03:07
league3,BTN,2.5,35-40,75s,64,10,54,0,0,0,2023-12-06T02:16:13,2026-07-17T19:50:13
league3,BTN,2.5,35-40,76o,220,107,113,0,0,0,2023-09-02T16:02:23,2026-07-11T22:28:51
league3,BTN,2.5,35-40,76s,73,3,70,0,0,0,2023-10-12T08:52:35,2026-06-28T16:25:36
league3,BTN,2.5,35-40,77,117,0,71,10,36,0,2023-09-12T19:10:14,2026-07-18T16:31:41
league3,BTN,2.5,35-40,82o,214,210,2,2,0,0,2023-09-06T17:27:07,2026-07-21T12:40:01
league3,BTN,2.5,35-40,82s,74,55,19,0,0,0,2023-10-05T12:27:44,2026-07-03T12:33:15
league3,BTN,2.5,35-40,83o,218,217,1,0,0,0,2023-09-01T13:04:31,2026-07-15T14:08:10
league3,BTN,2.5,35-40,83s,87,53,34,0,0,0,2023-09-12T20:26:43,2026-07-07T22:39:25
league3,BTN,2.5,35-40,84o,194,183,8,3,0,0,2023-09-02T00:14:01,2026-07-21T16:14:37
league3,BTN,2.5,35-40,84s,76,37,39,0,0,0,2023-11-09T21:46:25,2026-07-04T17:43:43
league3,BTN,2.5,35-40,85o,238,206,31,1,0,0,2023-09-06T20:42:34,2026-07-18T20:23:28
league3,BTN,2.5,35-40,85s,87,16,71,0,0,0,2023-09-02T15:41:52,2026-06-28T16:22:00
league3,BTN,2.5,35-40,86o,242,161,79,2,0,0,2023-09-04T17:21:04,2026-07-16T16:50:08
league3,BTN,2.5,35-40,86s,79,10,68,1,0,0,2023-09-04T11:41:16,2026-07-05T19:24:18
league3,BTN,2.5,35-40,87o,205,73,131,0,1,0,2023-09-13T19:12:01,2026-07-17T19:29:58
league3,BTN,2.5,35-40,87s,78,1,77,0,0,0,2023-09-02T19:49:58,2026-07-21T12:38:40
league3,BTN,2.5,35-40,88,128,0,61,8,59,0,2023-09-29T12:54:57,2026-07-14T20:17:46
league3,BTN,2.5,35-40,92o,225,222,3,0,0,0,2023-09-08T00:20:19,2026-07-19T13:03:00
league3,BTN,2.5,35-40,92s,82,55,27,0,0,0,2023-10-15T17:48:06,2026-07-18T17:26:20
league3,BTN,2.5,35-40,93o,216,215,1,0,0,0,2023-09-02T12:16:44,2026-07-16T16:50:38
league3,BTN,2.5,35-40,93s,67,34,32,1,0,0,2023-09-29T21:26:23,2026-07-11T07:04:20
league3,BTN,2.5,35-40,94o,196,191,3,2,0,0,2023-09-06T19:34:19,2026-07-19T19:19:16
league3,BTN,2.5,35-40,94s,78,38,39,1,0,0,2023-09-09T13:22:46,2026-07-21T13:15:48
league3,BTN,2.5,35-40,95o,259,239,18,2,0,0,2023-09-05T11:06:25,2026-07-19T16:13:43
league3,BTN,2.5,35-40,95s,79,30,49,0,0,0,2023-09-05T13:34:31,2026-07-21T09:48:20
league3,BTN,2.5,35-40,96o,194,154,40,0,0,0,2023-09-08T21:12:57,2026-07-12T21:29:10
league3,BTN,2.5,35-40,96s,88,14,74,0,0,0,2023-09-03T19:28:37,2026-07-11T18:07:05
league3,BTN,2.5,35-40,97o,240,159,81,0,0,0,2023-09-12T18:12:55,2026-07-17T10:28:20
league3,BTN,2.5,35-40,97s,69,9,60,0,0,0,2023-09-24T16:05:28,2026-07-12T20:26:40
league3,BTN,2.5,35-40,98o,246,87,157,2,0,0,2023-09-06T18:30:39,2026-07-19T17:50:09
league3,BTN,2.5,35-40,98s,85,2,81,2,0,0,2023-09-12T20:01:01,2026-07-09T12:36:48
league3,BTN,2.5,35-40,99,138,0,43,24,71,0,2023-09-22T16:16:00,2026-07-02T12:24:49
league3,BTN,2.5,35-40,A2o,230,80,122,25,3,0,2023-09-05T09:11:23,2026-07-13T21:04:49
league3,BTN,2.5,35-40,A2s,72,1,60,7,4,0,2023-09-02T15:43:30,2026-07-16T15:09:08
league3,BTN,2.5,35-40,A3o,230,81,125,18,6,0,2023-09-07T18:28:17,2026-07-12T17:16:39
league3,BTN,2.5,35-40,A3s,78,1,64,8,5,0,2023-10-02T18:06:12,2026-07-17T12:29:15
league3,BTN,2.5,35-40,A4o,271,75,155,32,9,0,2023-09-03T14:26:45,2026-07-15T17:09:23
league3,BTN,2.5,35-40,A4s,100,2,86,9,3,0,2023-09-23T19:09:06,2026-06-29T13:15:09
league3,BTN,2.5,35-40,A5o,243,47,157,31,8,0,2023-09-16T16:17:07,2026-07-19T11:42:10
league3,BTN,2.5,35-40,A5s,83,3,61,14,5,0,2023-09-12T20:10:04,2026-07-17T23:34:43
league3,BTN,2.5,35-40,A6o,240,68,156,11,5,0,2023-09-01T19:29:02,2026-07-19T22:22:37
league3,BTN,2.5,35-40,A6s,77,4,66,3,4,0,2023-09-17T21:13:46,2026-07-17T18:14:12
league3,BTN,2.5,35-40,A7o,226,40,166,13,7,0,2023-09-01T12:31:54,2026-07-21T21:39:56
league3,BTN,2.5,35-40,A7s,69,2,61,5,1,0,2023-09-12T13:30:44,2026-07-16T17:41:14
league3,BTN,2.5,35-40,A8o,243,39,175,16,13,0,2023-09-02T12:23:45,2026-07-18T09:32:12
league3,BTN,2.5,35-40,A8s,77,1,67,4,5,0,2023-09-16T16:09:42,2026-07-19T20:13:34
league3,BTN,2.5,35-40,A9o,256,18,192,22,24,0,2023-09-06T13:15:42,2026-07-04T22:07:06
league3,BTN,2.5,35-40,A9s,80,0,68,5,7,0,2023-09-23T14:26:51,2026-07-14T17:34:55
league3,BTN,2.5,35-40,AA,138,0,4,129,5,0,2023-09-06T17:27:48,2026-07-18T19:08:42
league3,BTN,2.5,35-40,AJo,237,3,107,56,71,0,2023-09-03T19:39:11,2026-07-21T16:46:00
league3,BTN,2.5,35-40,AJs,77,0,36,19,22,0,2023-10-16T22:17:54,2026-07-21T21:27:01
league3,BTN,2.5,35-40,AKo,247,1,5,124,117,0,2023-09-07T12:41:29,2026-07-21T13:52:38
league3,BTN,2.5,35-40,AKs,88,0,0,54,34,0,2023-10-16T13:32:40,2026-07-03T14:07:23
league3,BTN,2.5,35-40,AQo,248,4,40,101,103,0,2023-09-02T13:19:21,2026-07-20T19:30:04
league3,BTN,2.5,35-40,AQs,97,1,16,46,34,0,2023-09-25T17:54:28,2026-07-18T19:16:03
league3,BTN,2.5,35-40,ATo,260,6,180,36,38,0,2023-09-03T13:27:37,2026-07-18T04:23:15
league3,BTN,2.5,35-40,ATs,88,0,62,8,18,0,2023-10-04T19:42:01,2026-07-17T23:23:39
league3,BTN,2.5,35-40,J2o,198,190,5,3,0,0,2023-09-08T15:14:56,2026-07-16T21:07:23
league3,BTN,2.5,35-40,J2s,65,27,38,0,0,0,2023-09-04T17:12:03,2026-07-16T19:40:17
league3,BTN,2.5,35-40,J3o,215,205,9,0,1,0,2023-09-03T18:30:57,2026-07-20T19:21:20
league3,BTN,2.5,35-40,J3s,78,29,49,0,0,0,2023-09-25T12:29:41,2026-07-05T15:24:20
league3,BTN,2.5,35-40,J4o,230,214,15,1,0,0,2023-09-06T20:10:40,2026-07-19T14:16:48
league3,BTN,2.5,35-40,J4s,83,28,55,0,0,0,2023-09-07T02:21:50,2026-07-17T18:11:45
league3,BTN,2.5,35-40,J5o,263,239,19,5,0,0,2023-09-01T16:29:08,2026-07-18T21:05:02
league3,BTN,2.5,35-40,J5s,76,21,55,0,0,0,2023-09-05T04:09:42,2026-07-03T21:36:49
league3,BTN,2.5,35-40,J6o,233,207,26,0,0,0,2023-09-10T15:46:25,2026-07-19T18:44:53
league3,BTN,2.5,35-40,J6s,74,20,53,1,0,0,2023-09-04T20:49:48,2026-06-19T18:37:41
league3,BTN,2.5,35-40,J7o,239,178,58,3,0,0,2023-09-03T14:36:26,2026-07-18T20:47:31
league3,BTN,2.5,35-40,J7s,68,8,59,0,1,0,2023-10-05T07:31:28,2026-07-18T17:26:12
league3,BTN,2.5,35-40,J8o,254,113,138,3,0,0,2023-09-05T11:20:25,2026-07-20T10:21:21
league3,BTN,2.5,35-40,J8s,91,5,85,1,0,0,2023-09-05T18:50:15,2026-07-17T15:47:49
league3,BTN,2.5,35-40,J9o,228,63,165,0,0,0,2023-09-20T11:51:03,2026-07-18T17:34:01
league3,BTN,2.5,35-40,J9s,85,1,80,4,0,0,2023-09-06T13:49:02,2026-07-19T21:14:42
league3,BTN,2.5,35-40,JJ,117,2,1,69,45,0,2023-09-19T22:12:24,2026-06-24T17:05:08
league3,BTN,2.5,35-40,JTo,246,23,223,0,0,0,2023-09-04T19:17:39,2026-07-21T18:21:32
league3,BTN,2.5,35-40,JTs,93,0,89,1,3,0,2023-11-12T11:35:00,2026-07-18T18:02:58
league3,BTN,2.5,35-40,K2o,195,158,28,9,0,0,2023-09-04T16:10:50,2026-07-20T19:30:33
league3,BTN,2.5,35-40,K2s,76,17,56,2,1,0,2023-09-01T17:34:56,2026-07-05T23:28:10
league3,BTN,2.5,35-40,K3o,233,188,35,10,0,0,2023-09-05T17:29:13,2026-07-17T15:24:32
league3,BTN,2.5,35-40,K3s,64,7,54,3,0,0,2023-09-09T17:03:37,2026-07-15T12:06:07
league3,BTN,2.5,35-40,K4o,219,160,53,6,0,0,2023-09-03T02:45:59,2026-07-04T12:37:35
league3,BTN,2.5,35-40,K4s,79,8,68,3,0,0,2023-09-04T18:31:21,2026-07-04T20:27:15
league3,BTN,2.5,35-40,K5o,245,172,65,8,0,0,2023-09-09T19:14:29,2026-07-21T16:24:48
league3,BTN,2.5,35-40,K5s,78,5,70,3,0,0,2023-09-14T12:46:56,2026-06-19T20:02:41
league3,BTN,2.5,35-40,K6o,236,143,84,9,0,0,2023-09-12T08:53:29,2026-07-19T21:41:39
league3,BTN,2.5,35-40,K6s,71,7,64,0,0,0,2023-09-25T10:12:40,2026-07-15T17:40:47
league3,BTN,2.5,35-40,K7o,260,124,130,5,1,0,2023-09-11T15:10:44,2026-07-16T18:47:29
league3,BTN,2.5,35-40,K7s,75,3,71,1,0,0,2023-10-09T14:31:54,2026-07-03T17:25:54
league3,BTN,2.5,35-40,K8o,220,82,131,7,0,0,2023-09-06T18:15:12,2026-07-17T15:44:08
league3,BTN,2.5,35-40,K8s,63,2,60,1,0,0,2023-10-16T11:07:23,2026-06-10T13:08:44
league3,BTN,2.5,35-40,K9o,264,60,198,6,0,0,2023-09-10T14:30:54,2026-07-20T00:06:00
league3,BTN,2.5,35-40,K9s,70,2,66,1,1,0,2023-09-12T19:21:59,2026-07-14T03:09:30
league3,BTN,2.5,35-40,KJo,216,10,181,12,13,0,2023-09-13T21:02:35,2026-07-20T18:16:38
league3,BTN,2.5,35-40,KJs,76,1,63,7,5,0,2023-10-09T15:31:06,2026-07-14T17:14:02
league3,BTN,2.5,35-40,KK,127,0,0,115,12,0,2023-09-04T22:20:32,2026-07-14T17:19:42
league3,BTN,2.5,35-40,KQo,273,1,220,25,27,0,2023-09-04T14:24:05,2026-07-17T00:23:12
league3,BTN,2.5,35-40,KQs,75,0,60,8,7,0,2023-09-13T08:15:31,2026-06-25T17:36:04
league3,BTN,2.5,35-40,KTo,205,13,189,2,1,0,2023-09-04T17:27:41,2026-07-21T20:02:23
league3,BTN,2.5,35-40,KTs,81,2,74,2,3,0,2023-09-01T15:25:27,2026-05-18T18:34:44
league3,BTN,2.5,35-40,Q2o,221,190,22,9,0,0,2023-09-01T12:24:25,2026-07-13T20:50:53
league3,BTN,2.5,35-40,Q2s,75,12,62,0,1,0,2023-09-16T07:27:27,2026-07-08T22:50:31
league3,BTN,2.5,35-40,Q3o,211,185,21,5,0,0,2023-09-03T15:29:38,2026-07-21T13:24:26
league3,BTN,2.5,35-40,Q3s,79,22,57,0,0,0,2023-10-07T23:46:11,2026-07-18T12:28:17
league3,BTN,2.5,35-40,Q4o,262,228,30,4,0,0,2023-09-02T19:29:19,2026-07-16T20:24:56
league3,BTN,2.5,35-40,Q4s,93,20,71,2,0,0,2023-09-04T19:16:34,2026-07-08T22:40:48
league3,BTN,2.5,35-40,Q5o,254,212,38,4,0,0,2023-09-02T10:28:52,2026-07-20T17:02:44
league3,BTN,2.5,35-40,Q5s,82,10,72,0,0,0,2023-09-15T09:28:20,2026-07-18T23:49:27
league3,BTN,2.5,35-40,Q6o,230,184,40,5,1,0,2023-09-07T15:28:26,2026-07-20T21:08:01
league3,BTN,2.5,35-40,Q6s,79,10,69,0,0,0,2023-09-15T12:18:21,2026-07-04T19:38:02
league3,BTN,2.5,35-40,Q7o,264,192,64,8,0,0,2023-09-03T13:01:00,2026-07-13T21:04:08
league3,BTN,2.5,35-40,Q7s,77,7,70,0,0,0,2023-09-06T08:05:15,2026-07-12T17:44:54
league3,BTN,2.5,35-40,Q8o,238,114,122,2,0,0,2023-09-08T11:42:47,2026-07-18T21:35:20
league3,BTN,2.5,35-40,Q8s,80,7,73,0,0,0,2023-09-21T15:15:14,2026-07-19T17:21:04
league3,BTN,2.5,35-40,Q9o,244,68,171,4,1,0,2023-09-08T19:17:21,2026-07-17T15:19:37
league3,BTN,2.5,35-40,Q9s,77,3,73,0,1,0,2023-09-11T12:25:55,2026-07-10T17:09:20
league3,BTN,2.5,35-40,QJo,251,15,227,4,5,0,2023-09-02T10:22:28,2026-07-18T22:13:57
league3,BTN,2.5,35-40,QJs,96,0,88,2,6,0,2023-09-04T15:51:43,2026-07-20T19:20:05
league3,BTN,2.5,35-40,QQ,131,1,0,105,25,0,2023-10-07T08:10:04,2026-07-19T19:45:18
league3,BTN,2.5,35-40,QTo,258,31,223,4,0,0,2023-09-11T15:26:21,2026-07-13T20:52:36
league3,BTN,2.5,35-40,QTs,90,0,87,1,2,0,2023-09-12T07:42:13,2026-06-18T12:23:29
league3,BTN,2.5,35-40,T2o,242,234,6,1,1,0,2023-09-04T21:30:39,2026-07-12T20:23:32
league3,BTN,2.5,35-40,T2s,83,43,40,0,0,0,2023-09-03T21:02:52,2026-07-20T20:11:35
league3,BTN,2.5,35-40,T3o,221,219,1,1,0,0,2023-09-02T19:21:12,2026-07-19T14:24:46
league3,BTN,2.5,35-40,T3s,88,50,38,0,0,0,2023-09-19T15:07:09,2026-07-16T11:08:44
league3,BTN,2.5,35-40,T4o,211,210,1,0,0,0,2023-09-16T23:31:22,2026-07-18T20:06:13
league3,BTN,2.5,35-40,T4s,62,28,34,0,0,0,2023-10-29T18:15:39,2026-07-09T11:22:32
league3,BTN,2.5,35-40,T5o,219,213,5,1,0,0,2023-09-03T19:38:42,2026-07-09T17:11:34
league3,BTN,2.5,35-40,T5s,69,32,37,0,0,0,2023-09-09T08:16:32,2026-07-04T14:23:47
league3,BTN,2.5,35-40,T6o,232,197,33,2,0,0,2023-09-03T16:10:43,2026-07-04T02:15:16
league3,BTN,2.5,35-40,T6s,64,13,51,0,0,0,2023-09-03T11:35:23,2026-07-12T17:29:20
league3,BTN,2.5,35-40,T7o,228,152,75,1,0,0,2023-09-04T18:42:19,2026-07-16T15:37:49
league3,BTN,2.5,35-40,T7s,67,3,64,0,0,0,2023-09-05T12:42:10,2026-07-11T19:43:32
league3,BTN,2.5,35-40,T8o,235,99,136,0,0,0,2023-09-02T10:23:39,2026-07-14T10:37:22
league3,BTN,2.5,35-40,T8s,92,6,86,0,0,0,2023-09-03T17:29:14,2026-07-01T01:30:47
league3,BTN,2.5,35-40,T9o,228,59,167,2,0,0,2023-09-05T16:27:24,2026-07-20T17:43:42
league3,BTN,2.5,35-40,T9s,89,3,85,1,0,0,2023-10-11T14:15:35,2026-07-21T20:17:30
league3,BTN,2.5,35-40,TT,109,0,12,35,62,0,2023-09-03T16:03:34,2026-07-20T15:34:37
league3,BTN,3.0,25-30,__MISSING__,3286,2583,562,31,110,0,2023-09-01T21:15:13,2026-07-21T22:12:25
league3,BTN,3.0,25-30,22,149,52,73,0,24,0,2023-09-06T22:24:00,2026-07-21T19:34:32
league3,BTN,3.0,25-30,32o,288,287,1,0,0,0,2023-09-02T14:20:30,2026-07-21T23:22:01
league3,BTN,3.0,25-30,32s,108,94,14,0,0,0,2023-09-18T17:46:03,2026-07-14T13:48:02
league3,BTN,3.0,25-30,33,152,29,94,0,29,0,2023-09-03T20:25:53,2026-07-07T18:44:32
league3,BTN,3.0,25-30,42o,284,282,2,0,0,0,2023-09-05T14:49:14,2026-07-07T17:29:45
league3,BTN,3.0,25-30,42s,90,82,8,0,0,0,2023-09-19T15:52:16,2026-07-16T21:10:55
league3,BTN,3.0,25-30,43o,297,293,4,0,0,0,2023-09-01T22:16:36,2026-07-12T16:03:32
league3,BTN,3.0,25-30,43s,110,75,35,0,0,0,2023-09-16T05:03:17,2026-07-20T21:22:48
league3,BTN,3.0,25-30,44,151,22,99,0,30,0,2023-09-02T20:24:22,2026-07-18T17:37:40
league3,BTN,3.0,25-30,52o,293,292,1,0,0,0,2023-09-02T16:54:09,2026-07-19T18:28:24
league3,BTN,3.0,25-30,52s,84,68,16,0,0,0,2023-09-08T14:07:52,2026-07-12T17:06:40
league3,BTN,3.0,25-30,53o,276,276,0,0,0,0,2023-09-03T15:28:00,2026-07-18T08:06:07
league3,BTN,3.0,25-30,53s,98,78,20,0,0,0,2023-09-09T13:14:31,2026-07-16T12:11:26
league3,BTN,3.0,25-30,54o,298,278,20,0,0,0,2023-09-03T19:12:06,2026-07-18T20:54:52
league3,BTN,3.0,25-30,54s,84,43,41,0,0,0,2023-09-26T13:12:39,2026-06-19T18:09:50
league3,BTN,3.0,25-30,55,161,15,94,2,50,0,2023-09-06T11:21:03,2026-07-06T16:19:36
league3,BTN,3.0,25-30,62o,283,283,0,0,0,0,2023-09-04T20:50:21,2026-07-20T18:09:24
league3,BTN,3.0,25-30,62s,85,72,13,0,0,0,2023-09-15T18:54:48,2026-07-04T21:05:05
league3,BTN,3.0,25-30,63o,279,278,1,0,0,0,2023-09-02T13:27:06,2026-07-20T17:50:05
league3,BTN,3.0,25-30,63s,92,79,13,0,0,0,2023-09-08T09:33:53,2026-07-21T10:27:19
league3,BTN,3.0,25-30,64o,314,307,7,0,0,0,2023-09-02T05:43:09,2026-07-20T23:11:25
league3,BTN,3.0,25-30,64s,98,66,32,0,0,0,2023-09-02T15:05:43,2026-07-16T01:48:16
league3,BTN,3.0,25-30,65o,270,239,30,0,1,0,2023-09-02T01:25:02,2026-07-19T21:50:14
league3,BTN,3.0,25-30,65s,105,36,68,0,1,0,2023-09-19T14:36:28,2026-06-22T17:35:30
league3,BTN,3.0,25-30,66,131,9,66,1,55,0,2023-09-04T17:31:54,2026-07-18T16:40:07
league3,BTN,3.0,25-30,72o,278,278,0,0,0,0,2023-09-02T04:07:40,2026-07-20T19:19:24
league3,BTN,3.0,25-30,72s,98,91,7,0,0,0,2023-09-02T18:45:04,2026-07-16T21:26:52
league3,BTN,3.0,25-30,73o,297,296,1,0,0,0,2023-09-01T18:41:57,2026-07-19T19:21:22
league3,BTN,3.0,25-30,73s,96,86,10,0,0,0,2023-09-08T22:28:23,2026-07-18T23:48:45
league3,BTN,3.0,25-30,74o,284,283,1,0,0,0,2023-09-05T09:09:17,2026-07-18T20:17:28
league3,BTN,3.0,25-30,74s,95,76,19,0,0,0,2023-09-29T12:14:48,2026-07-10T00:31:35
league3,BTN,3.0,25-30,75o,321,307,14,0,0,0,2023-09-04T20:16:35,2026-07-20T23:25:21
league3,BTN,3.0,25-30,75s,103,64,39,0,0,0,2023-09-06T14:47:11,2026-07-12T21:42:47
league3,BTN,3.0,25-30,76o,258,216,41,1,0,0,2023-09-02T01:38:23,2026-07-19T00:05:21
league3,BTN,3.0,25-30,76s,91,31,59,1,0,0,2023-10-03T13:35:56,2026-07-07T22:08:45
league3,BTN,3.0,25-30,77,130,7,41,0,82,0,2023-09-26T23:10:17,2026-07-17T20:25:45
league3,BTN,3.0,25-30,82o,270,269,1,0,0,0,2023-09-04T01:25:13,2026-07-17T09:45:01
league3,BTN,3.0,25-30,82s,82,79,3,0,0,0,2023-09-11T21:48:08,2026-07-04T18:04:36
league3,BTN,3.0,25-30,83o,294,293,1,0,0,0,2023-09-05T17:36:39,2026-07-17T17:39:56
league3,BTN,3.0,25-30,83s,104,96,7,1,0,0,2023-09-08T21:11:19,2026-07-10T19:20:46
league3,BTN,3.0,25-30,84o,273,271,2,0,0,0,2023-09-02T21:10:29,2026-07-17T09:08:04
league3,BTN,3.0,25-30,84s,100,82,18,0,0,0,2023-09-15T20:43:37,2026-07-05T15:35:07
league3,BTN,3.0,25-30,85o,284,279,5,0,0,0,2023-09-06T18:37:40,2026-07-18T20:52:39
league3,BTN,3.0,25-30,85s,91,61,30,0,0,0,2023-10-06T14:53:38,2026-07-20T14:19:06
league3,BTN,3.0,25-30,86o,291,277,14,0,0,0,2023-09-02T12:19:59,2026-07-19T16:39:38
league3,BTN,3.0,25-30,86s,95,53,42,0,0,0,2023-09-01T08:53:52,2026-07-18T20:54:21
league3,BTN,3.0,25-30,87o,300,244,56,0,0,0,2023-09-03T22:13:36,2026-07-21T18:29:59
league3,BTN,3.0,25-30,87s,105,24,80,0,1,0,2023-09-05T14:43:00,2026-07-20T21:23:47
league3,BTN,3.0,25-30,88,161,3,38,4,116,0,2023-09-02T17:15:10,2026-07-20T15:14:05
league3,BTN,3.0,25-30,92o,314,314,0,0,0,0,2023-09-16T16:34:29,2026-07-19T22:47:11
league3,BTN,3.0,25-30,92s,83,79,4,0,0,0,2023-09-22T17:28:52,2026-07-19T22:21:06
league3,BTN,3.0,25-30,93o,267,266,1,0,0,0,2023-09-13T21:33:05,2026-07-18T23:48:29
league3,BTN,3.0,25-30,93s,83,74,9,0,0,0,2023-09-16T19:36:47,2026-07-17T22:50:43
league3,BTN,3.0,25-30,94o,293,291,1,0,1,0,2023-09-11T16:45:00,2026-07-19T13:33:00
league3,BTN,3.0,25-30,94s,88,84,4,0,0,0,2023-09-23T15:16:34,2026-07-07T19:30:12
league3,BTN,3.0,25-30,95o,276,275,1,0,0,0,2023-09-04T06:25:09,2026-07-14T11:04:36
league3,BTN,3.0,25-30,95s,94,74,20,0,0,0,2023-09-09T14:02:10,2026-07-09T20:22:44
league3,BTN,3.0,25-30,96o,279,270,9,0,0,0,2023-09-03T21:53:40,2026-07-12T20:10:41
league3,BTN,3.0,25-30,96s,89,55,34,0,0,0,2023-09-07T20:17:04,2026-07-03T22:30:32
league3,BTN,3.0,25-30,97o,282,259,22,0,1,0,2023-09-03T11:20:53,2026-07-20T13:24:19
league3,BTN,3.0,25-30,97s,106,37,69,0,0,0,2023-09-08T17:29:17,2026-07-20T23:09:36
league3,BTN,3.0,25-30,98o,319,241,78,0,0,0,2023-09-04T21:34:43,2026-07-19T00:39:37
league3,BTN,3.0,25-30,98s,110,19,91,0,0,0,2023-09-16T12:09:58,2026-07-13T23:23:53
league3,BTN,3.0,25-30,99,130,1,26,6,97,0,2023-09-04T20:31:29,2026-07-19T12:28:06
league3,BTN,3.0,25-30,A2o,288,229,47,1,11,0,2023-09-20T10:04:25,2026-07-18T22:35:19
league3,BTN,3.0,25-30,A2s,115,34,69,1,11,0,2023-09-28T00:26:55,2026-07-18T19:43:03
league3,BTN,3.0,25-30,A3o,287,212,61,4,10,0,2023-09-01T15:31:11,2026-07-18T21:41:28
league3,BTN,3.0,25-30,A3s,118,17,97,0,4,0,2023-09-04T21:04:19,2026-07-16T23:01:56
league3,BTN,3.0,25-30,A4o,264,181,65,5,13,0,2023-09-03T08:13:07,2026-07-17T20:12:33
league3,BTN,3.0,25-30,A4s,99,15,68,0,16,0,2023-09-27T19:20:03,2026-06-24T12:20:39
league3,BTN,3.0,25-30,A5o,282,191,71,0,20,0,2023-09-06T04:52:05,2026-07-21T19:25:54
league3,BTN,3.0,25-30,A5s,83,10,57,0,16,0,2023-09-16T15:16:03,2026-07-16T20:11:22
league3,BTN,3.0,25-30,A6o,317,226,72,2,17,0,2023-09-01T22:09:56,2026-07-18T11:30:44
league3,BTN,3.0,25-30,A6s,97,12,75,1,9,0,2023-10-20T22:49:15,2026-07-16T16:03:07
league3,BTN,3.0,25-30,A7o,289,181,85,1,22,0,2023-09-03T16:38:48,2026-07-12T23:14:14
league3,BTN,3.0,25-30,A7s,102,18,69,3,12,0,2023-09-07T12:52:11,2026-07-18T18:48:43
league3,BTN,3.0,25-30,A8o,279,131,114,2,32,0,2023-09-03T12:04:01,2026-07-21T10:15:15
league3,BTN,3.0,25-30,A8s,112,13,81,1,17,0,2023-09-01T13:06:06,2026-07-19T15:47:13
league3,BTN,3.0,25-30,A9o,302,125,120,1,56,0,2023-09-02T13:25:46,2026-07-20T00:03:29
league3,BTN,3.0,25-30,A9s,99,9,69,0,21,0,2023-09-05T16:28:25,2026-07-11T20:33:13
league3,BTN,3.0,25-30,AA,132,2,10,88,32,0,2023-09-06T13:23:55,2026-07-20T00:02:32
league3,BTN,3.0,25-30,AJo,315,14,99,23,179,0,2023-09-02T00:27:53,2026-07-12T12:12:05
league3,BTN,3.0,25-30,AJs,86,0,32,5,49,0,2023-09-01T20:08:26,2026-07-09T15:30:43
league3,BTN,3.0,25-30,AKo,320,3,7,39,271,0,2023-09-09T06:14:18,2026-07-21T00:15:34
league3,BTN,3.0,25-30,AKs,91,0,2,15,74,0,2023-10-10T15:10:20,2026-07-13T20:28:56
league3,BTN,3.0,25-30,AQo,304,3,30,21,250,0,2023-09-04T19:03:41,2026-07-19T21:33:41
league3,BTN,3.0,25-30,AQs,109,0,17,12,80,0,2023-09-06T09:49:53,2026-07-13T18:40:11
league3,BTN,3.0,25-30,ATo,319,45,174,7,93,0,2023-09-09T20:40:50,2026-07-16T20:29:58
league3,BTN,3.0,25-30,ATs,103,2,64,1,36,0,2023-09-09T00:52:11,2026-07-12T20:41:37
league3,BTN,3.0,25-30,J2o,283,281,0,1,1,0,2023-09-02T11:01:00,2026-07-21T00:25:02
league3,BTN,3.0,25-30,J2s,95,80,15,0,0,0,2023-11-02T10:25:33,2026-07-21T16:15:30
league3,BTN,3.0,25-30,J3o,312,308,4,0,0,0,2023-09-22T21:37:51,2026-07-20T09:53:46
league3,BTN,3.0,25-30,J3s,109,86,23,0,0,0,2023-10-01T19:41:06,2026-07-18T20:02:58
league3,BTN,3.0,25-30,J4o,292,287,5,0,0,0,2023-09-09T21:06:31,2026-07-21T16:25:24
league3,BTN,3.0,25-30,J4s,78,57,20,0,1,0,2023-09-01T19:02:57,2026-07-16T22:36:43
league3,BTN,3.0,25-30,J5o,263,258,5,0,0,0,2023-09-08T22:38:05,2026-07-16T16:48:23
league3,BTN,3.0,25-30,J5s,96,66,29,1,0,0,2023-09-13T10:50:01,2026-07-15T18:19:19
league3,BTN,3.0,25-30,J6o,294,285,8,1,0,0,2023-09-13T20:21:36,2026-07-17T03:54:28
league3,BTN,3.0,25-30,J6s,88,62,26,0,0,0,2023-09-01T15:21:56,2026-07-12T19:38:50
league3,BTN,3.0,25-30,J7o,306,288,18,0,0,0,2023-09-03T14:43:53,2026-07-18T00:08:01
league3,BTN,3.0,25-30,J7s,96,50,46,0,0,0,2023-10-01T16:09:22,2026-07-14T02:24:27
league3,BTN,3.0,25-30,J8o,309,263,46,0,0,0,2023-09-08T14:19:30,2026-07-20T20:31:06
league3,BTN,3.0,25-30,J8s,83,29,54,0,0,0,2023-09-13T15:08:46,2026-07-13T08:45:21
league3,BTN,3.0,25-30,J9o,292,223,68,1,0,0,2023-09-02T21:53:25,2026-07-12T12:24:50
league3,BTN,3.0,25-30,J9s,111,16,94,0,1,0,2023-09-01T13:31:48,2026-07-14T16:47:21
league3,BTN,3.0,25-30,JJ,149,2,5,28,114,0,2023-10-11T17:46:22,2026-07-16T16:42:53
league3,BTN,3.0,25-30,JTo,297,137,159,0,1,0,2023-09-01T20:13:29,2026-07-21T15:32:23
league3,BTN,3.0,25-30,JTs,85,3,75,2,5,0,2023-09-05T20:20:15,2026-06-28T16:17:19
league3,BTN,3.0,25-30,K2o,274,268,5,1,0,0,2023-09-04T17:30:21,2026-07-20T19:49:53
league3,BTN,3.0,25-30,K2s,103,61,40,1,1,0,2023-09-05T23:33:47,2026-07-12T21:10:27
league3,BTN,3.0,25-30,K3o,304,297,6,0,1,0,2023-09-03T17:34:39,2026-07-20T04:27:00
league3,BTN,3.0,25-30,K3s,106,63,43,0,0,0,2023-10-17T19:52:03,2026-07-19T10:17:21
league3,BTN,3.0,25-30,K4o,276,264,10,2,0,0,2023-09-12T13:26:27,2026-07-20T00:24:37
league3,BTN,3.0,25-30,K4s,104,64,39,1,0,0,2023-09-16T15:15:51,2026-07-15T10:33:59
league3,BTN,3.0,25-30,K5o,301,284,14,1,2,0,2023-09-02T17:48:05,2026-07-19T10:50:43
league3,BTN,3.0,25-30,K5s,78,33,45,0,0,0,2023-10-09T15:10:37,2026-07-17T20:45:52
league3,BTN,3.0,25-30,K6o,280,257,22,0,1,0,2023-09-06T18:32:15,2026-07-15T19:20:52
league3,BTN,3.0,25-30,K6s,99,51,46,2,0,0,2023-09-08T14:35:14,2026-07-12T17:39:09
league3,BTN,3.0,25-30,K7o,295,260,33,1,1,0,2023-09-01T15:29:05,2026-07-21T14:18:03
league3,BTN,3.0,25-30,K7s,88,36,51,0,1,0,2023-09-03T00:06:17,2026-07-16T21:38:53
league3,BTN,3.0,25-30,K8o,291,250,40,0,1,0,2023-09-11T07:20:06,2026-07-17T17:50:59
league3,BTN,3.0,25-30,K8s,92,28,62,0,2,0,2023-09-05T17:15:30,2026-07-08T16:21:03
league3,BTN,3.0,25-30,K9o,302,198,101,0,3,0,2023-09-01T20:21:21,2026-07-18T22:23:48
league3,BTN,3.0,25-30,K9s,91,16,72,0,3,0,2023-09-05T17:25:19,2026-05-02T21:04:38
league3,BTN,3.0,25-30,KJo,275,54,191,2,28,0,2023-09-01T20:42:00,2026-07-18T21:23:09
league3,BTN,3.0,25-30,KJs,113,5,87,1,20,0,2023-09-05T18:07:12,2026-07-16T15:01:00
league3,BTN,3.0,25-30,KK,141,1,2,83,55,0,2023-09-28T10:50:12,2026-07-13T10:25:11
league3,BTN,3.0,25-30,KQo,315,26,229,4,56,0,2023-09-04T18:14:35,2026-07-17T20:54:23
league3,BTN,3.0,25-30,KQs,87,3,54,1,29,0,2023-09-22T14:45:41,2026-07-07T12:45:15
league3,BTN,3.0,25-30,KTo,295,114,173,1,7,0,2023-09-17T19:50:53,2026-07-21T22:40:55
league3,BTN,3.0,25-30,KTs,99,1,92,0,6,0,2023-09-08T13:21:03,2026-07-14T17:53:31
league3,BTN,3.0,25-30,Q2o,275,275,0,0,0,0,2023-09-03T12:37:02,2026-07-20T02:24:39
league3,BTN,3.0,25-30,Q2s,99,74,25,0,0,0,2023-10-25T15:31:32,2026-07-17T22:01:58
league3,BTN,3.0,25-30,Q3o,299,295,4,0,0,0,2023-09-11T03:16:25,2026-07-17T16:14:16
league3,BTN,3.0,25-30,Q3s,107,79,28,0,0,0,2023-09-13T07:23:47,2026-07-21T22:20:55
league3,BTN,3.0,25-30,Q4o,278,276,2,0,0,0,2023-09-13T05:54:55,2026-07-20T23:10:29
league3,BTN,3.0,25-30,Q4s,90,66,24,0,0,0,2023-09-06T14:08:23,2026-07-11T20:28:21
league3,BTN,3.0,25-30,Q5o,270,267,3,0,0,0,2023-09-02T13:17:30,2026-07-19T20:13:11
league3,BTN,3.0,25-30,Q5s,75,52,22,0,1,0,2023-09-08T20:05:14,2026-07-15T11:12:44
league3,BTN,3.0,25-30,Q6o,307,301,6,0,0,0,2023-09-03T16:33:18,2026-07-18T21:23:37
league3,BTN,3.0,25-30,Q6s,85,49,35,0,1,0,2023-09-01T13:54:43,2026-07-18T14:44:45
league3,BTN,3.0,25-30,Q7o,294,279,15,0,0,0,2023-09-01T14:31:22,2026-07-21T23:37:26
league3,BTN,3.0,25-30,Q7s,101,54,47,0,0,0,2023-09-14T15:44:27,2026-07-11T09:22:18
league3,BTN,3.0,25-30,Q8o,300,255,44,0,1,0,2023-09-09T13:29:21,2026-07-15T17:15:53
league3,BTN,3.0,25-30,Q8s,93,32,61,0,0,0,2023-09-09T12:08:57,2026-07-11T04:04:41
league3,BTN,3.0,25-30,Q9o,320,245,74,0,1,0,2023-09-02T01:31:07,2026-07-19T00:12:19
league3,BTN,3.0,25-30,Q9s,86,15,70,0,1,0,2023-09-03T21:30:15,2026-06-23T13:07:45
league3,BTN,3.0,25-30,QJo,300,105,191,1,3,0,2023-09-04T19:13:09,2026-07-20T19:54:47
league3,BTN,3.0,25-30,QJs,101,6,86,1,8,0,2023-10-24T19:49:30,2026-07-17T19:29:47
league3,BTN,3.0,25-30,QQ,176,0,2,51,123,0,2023-09-02T19:41:39,2026-07-21T20:32:24
league3,BTN,3.0,25-30,QTo,286,115,168,2,1,0,2023-09-08T20:31:42,2026-07-16T14:07:10
league3,BTN,3.0,25-30,QTs,106,1,103,0,2,0,2023-09-04T14:53:26,2026-07-14T23:53:48
league3,BTN,3.0,25-30,T2o,279,278,0,1,0,0,2023-09-08T12:21:49,2026-07-18T17:46:01
league3,BTN,3.0,25-30,T2s,96,85,11,0,0,0,2023-09-04T14:10:00,2026-07-05T00:49:45
league3,BTN,3.0,25-30,T3o,273,271,2,0,0,0,2023-09-03T14:25:25,2026-07-10T23:18:02
league3,BTN,3.0,25-30,T3s,98,86,12,0,0,0,2023-11-15T18:37:25,2026-06-24T16:06:26
league3,BTN,3.0,25-30,T4o,294,294,0,0,0,0,2023-09-02T14:10:09,2026-07-20T15:03:27
league3,BTN,3.0,25-30,T4s,93,77,16,0,0,0,2023-10-11T11:39:37,2026-07-13T21:06:03
league3,BTN,3.0,25-30,T5o,294,289,5,0,0,0,2023-09-03T19:08:13,2026-07-17T18:38:38
league3,BTN,3.0,25-30,T5s,107,83,24,0,0,0,2023-09-07T06:08:55,2026-07-07T13:11:25
league3,BTN,3.0,25-30,T6o,327,317,10,0,0,0,2023-09-02T18:28:08,2026-07-17T23:54:54
league3,BTN,3.0,25-30,T6s,104,73,30,0,1,0,2023-10-06T14:33:06,2026-07-08T16:29:48
league3,BTN,3.0,25-30,T7o,311,295,16,0,0,0,2023-09-04T19:32:34,2026-07-13T20:08:43
league3,BTN,3.0,25-30,T7s,90,45,45,0,0,0,2023-09-14T19:04:50,2026-07-10T19:32:30
league3,BTN,3.0,25-30,T8o,285,251,34,0,0,0,2023-09-08T23:03:21,2026-07-17T20:16:32
league3,BTN,3.0,25-30,T8s,95,31,64,0,0,0,2023-10-13T12:11:21,2026-07-11T00:35:11
league3,BTN,3.0,25-30,T9o,286,208,78,0,0,0,2023-09-14T06:54:49,2026-07-18T22:10:51
league3,BTN,3.0,25-30,T9s,90,17,73,0,0,0,2023-09-21T20:36:13,2026-07-07T14:51:49
league3,BTN,3.0,25-30,TT,154,2,9,16,127,0,2023-09-16T12:30:08,2026-07-02T23:48:25
league3,BTN,3.0,30-35,__MISSING__,3131,2396,604,40,91,0,2023-09-01T14:30:47,2026-07-20T20:47:43
league3,BTN,3.0,30-35,22,126,23,90,0,13,0,2023-09-09T16:45:22,2026-07-05T13:47:04
league3,BTN,3.0,30-35,32o,252,250,2,0,0,0,2023-09-01T14:01:28,2026-07-16T13:19:12
league3,BTN,3.0,30-35,32s,86,74,12,0,0,0,2023-09-06T17:15:56,2026-07-20T14:51:39
league3,BTN,3.0,30-35,33,140,11,107,0,22,0,2023-09-03T17:37:28,2026-07-19T15:48:28
league3,BTN,3.0,30-35,42o,233,228,5,0,0,0,2023-09-09T21:46:10,2026-07-19T17:13:26
league3,BTN,3.0,30-35,42s,86,69,17,0,0,0,2023-09-05T20:24:13,2026-06-26T20:32:54
league3,BTN,3.0,30-35,43o,263,255,8,0,0,0,2023-09-02T19:16:38,2026-06-30T16:30:40
league3,BTN,3.0,30-35,43s,114,78,36,0,0,0,2023-09-08T09:47:28,2026-07-20T14:10:55
league3,BTN,3.0,30-35,44,130,13,98,1,18,0,2023-10-05T16:02:43,2026-07-13T00:35:49
league3,BTN,3.0,30-35,52o,281,280,0,1,0,0,2023-09-03T14:37:47,2026-07-17T09:05:01
league3,BTN,3.0,30-35,52s,93,78,15,0,0,0,2023-11-21T16:30:43,2026-07-11T19:33:34
league3,BTN,3.0,30-35,53o,239,237,1,1,0,0,2023-09-07T03:50:31,2026-07-18T20:10:32
league3,BTN,3.0,30-35,53s,80,62,18,0,0,0,2023-09-30T12:20:25,2026-07-21T19:29:33
league3,BTN,3.0,30-35,54o,270,252,18,0,0,0,2023-09-04T02:35:10,2026-07-16T21:08:08
league3,BTN,3.0,30-35,54s,95,36,59,0,0,0,2023-09-14T15:12:47,2026-07-17T10:48:00
league3,BTN,3.0,30-35,55,142,15,93,2,32,0,2023-09-09T14:27:07,2026-07-19T15:04:24
league3,BTN,3.0,30-35,62o,261,259,2,0,0,0,2023-09-11T12:13:57,2026-07-16T18:25:14
league3,BTN,3.0,30-35,62s,82,73,9,0,0,0,2023-09-10T07:37:49,2026-07-05T03:43:44
league3,BTN,3.0,30-35,63o,254,253,1,0,0,0,2023-09-16T18:08:27,2026-07-20T15:29:53
league3,BTN,3.0,30-35,63s,95,72,23,0,0,0,2023-09-03T22:53:14,2026-07-18T22:51:05
league3,BTN,3.0,30-35,64o,257,246,10,0,1,0,2023-09-07T17:53:48,2026-07-19T17:04:38
league3,BTN,3.0,30-35,64s,86,47,39,0,0,0,2023-09-23T06:09:53,2026-07-10T16:06:25
league3,BTN,3.0,30-35,65o,263,232,30,1,0,0,2023-09-08T17:33:30,2026-07-19T15:08:54
league3,BTN,3.0,30-35,65s,100,35,65,0,0,0,2023-10-03T19:04:37,2026-07-17T20:34:01
league3,BTN,3.0,30-35,66,147,5,99,3,40,0,2023-09-12T16:09:57,2026-06-23T08:53:59
league3,BTN,3.0,30-35,72o,270,268,2,0,0,0,2023-09-04T08:22:56,2026-07-21T14:50:15
league3,BTN,3.0,30-35,72s,92,83,9,0,0,0,2023-09-05T17:29:49,2026-06-25T14:49:29
league3,BTN,3.0,30-35,73o,276,275,1,0,0,0,2023-09-03T21:20:33,2026-07-17T17:48:10
league3,BTN,3.0,30-35,73s,96,83,13,0,0,0,2023-09-08T09:31:05,2026-06-28T12:21:27
league3,BTN,3.0,30-35,74o,282,273,8,1,0,0,2023-09-06T15:01:44,2026-07-13T15:04:58
league3,BTN,3.0,30-35,74s,78,59,19,0,0,0,2023-09-02T01:10:27,2026-05-28T07:14:48
league3,BTN,3.0,30-35,75o,284,275,8,1,0,0,2023-09-17T22:38:42,2026-07-19T17:30:50
league3,BTN,3.0,30-35,75s,113,56,57,0,0,0,2023-09-29T19:28:24,2026-06-04T20:20:15
league3,BTN,3.0,30-35,76o,262,214,48,0,0,0,2023-09-02T12:45:29,2026-07-11T23:47:09
league3,BTN,3.0,30-35,76s,95,24,71,0,0,0,2023-09-10T16:19:26,2026-07-07T11:13:24
league3,BTN,3.0,30-35,77,122,7,68,0,47,0,2023-09-18T21:40:21,2026-07-18T17:36:55
league3,BTN,3.0,30-35,82o,248,244,3,1,0,0,2023-09-03T19:29:34,2026-07-20T20:28:45
league3,BTN,3.0,30-35,82s,83,73,10,0,0,0,2023-09-12T14:35:31,2026-07-21T00:30:25
league3,BTN,3.0,30-35,83o,241,240,1,0,0,0,2023-09-11T22:40:47,2026-07-19T19:26:34
league3,BTN,3.0,30-35,83s,91,83,8,0,0,0,2023-09-01T01:51:37,2026-07-20T11:09:08
league3,BTN,3.0,30-35,84o,246,242,3,0,1,0,2023-09-10T18:02:58,2026-07-15T19:54:18
league3,BTN,3.0,30-35,84s,101,77,24,0,0,0,2023-09-09T13:32:35,2026-07-15T17:37:31
league3,BTN,3.0,30-35,85o,241,239,2,0,0,0,2023-09-03T19:34:03,2026-07-16T19:13:20
league3,BTN,3.0,30-35,85s,74,45,29,0,0,0,2023-09-10T16:21:52,2026-07-16T17:05:26
league3,BTN,3.0,30-35,86o,264,246,18,0,0,0,2023-09-01T20:07:10,2026-07-19T23:16:31
league3,BTN,3.0,30-35,86s,97,51,46,0,0,0,2023-10-06T18:38:37,2026-07-12T15:24:09
league3,BTN,3.0,30-35,87o,292,238,54,0,0,0,2023-09-04T20:50:12,2026-07-19T13:29:47
league3,BTN,3.0,30-35,87s,77,18,59,0,0,0,2023-10-04T16:29:18,2026-07-01T11:29:22
league3,BTN,3.0,30-35,88,137,1,60,1,75,0,2023-09-10T22:27:10,2026-07-19T19:01:25
league3,BTN,3.0,30-35,92o,271,268,2,1,0,0,2023-09-04T07:40:46,2026-07-12T17:19:30
league3,BTN,3.0,30-35,92s,84,80,4,0,0,0,2023-09-15T18:15:51,2026-07-16T18:30:01
league3,BTN,3.0,30-35,93o,240,240,0,0,0,0,2023-09-12T18:44:38,2026-07-20T14:37:42
league3,BTN,3.0,30-35,93s,87,78,9,0,0,0,2023-09-03T17:32:20,2026-07-06T22:03:33
league3,BTN,3.0,30-35,94o,295,292,2,1,0,0,2023-09-02T17:45:52,2026-07-20T16:43:44
league3,BTN,3.0,30-35,94s,98,80,18,0,0,0,2023-09-14T19:19:15,2026-07-20T23:14:21
league3,BTN,3.0,30-35,95o,254,252,0,1,1,0,2023-09-13T05:52:27,2026-07-15T13:26:48
league3,BTN,3.0,30-35,95s,87,68,19,0,0,0,2023-09-15T15:23:21,2026-07-18T16:25:37
league3,BTN,3.0,30-35,96o,298,286,11,1,0,0,2023-09-03T19:11:47,2026-07-11T19:17:05
league3,BTN,3.0,30-35,96s,95,55,40,0,0,0,2023-09-05T13:47:51,2026-07-10T13:51:33
league3,BTN,3.0,30-35,97o,273,246,27,0,0,0,2023-09-07T18:09:23,2026-07-08T09:19:04
league3,BTN,3.0,30-35,97s,82,31,51,0,0,0,2023-09-17T21:35:18,2026-07-15T22:49:14
league3,BTN,3.0,30-35,98o,275,213,62,0,0,0,2023-09-06T16:30:22,2026-07-16T17:38:28
league3,BTN,3.0,30-35,98s,84,12,72,0,0,0,2023-09-23T16:42:50,2026-07-14T03:03:43
league3,BTN,3.0,30-35,99,132,0,42,5,85,0,2023-09-13T18:12:40,2026-06-30T20:50:10
league3,BTN,3.0,30-35,A2o,257,198,50,5,4,0,2023-09-12T20:53:20,2026-07-20T21:10:23
league3,BTN,3.0,30-35,A2s,101,18,81,0,2,0,2023-10-19T15:23:14,2026-07-03T10:19:16
league3,BTN,3.0,30-35,A3o,275,211,58,4,2,0,2023-09-16T08:28:00,2026-07-12T19:48:20
league3,BTN,3.0,30-35,A3s,82,16,58,2,6,0,2023-09-02T09:21:05,2026-07-02T11:54:40
league3,BTN,3.0,30-35,A4o,301,224,67,6,4,0,2023-09-12T08:09:42,2026-07-18T15:09:15
league3,BTN,3.0,30-35,A4s,102,10,84,2,6,0,2023-10-07T17:39:01,2026-07-10T20:37:03
league3,BTN,3.0,30-35,A5o,282,184,83,6,9,0,2023-09-11T07:44:54,2026-07-21T00:10:18
league3,BTN,3.0,30-35,A5s,84,7,69,2,6,0,2023-10-27T23:41:44,2026-07-14T21:03:57
league3,BTN,3.0,30-35,A6o,283,204,69,1,9,0,2023-09-05T15:37:17,2026-07-17T19:05:46
league3,BTN,3.0,30-35,A6s,96,12,83,0,1,0,2023-09-24T04:49:19,2026-07-17T13:32:09
league3,BTN,3.0,30-35,A7o,250,165,77,1,7,0,2023-09-04T13:54:50,2026-07-18T16:40:42
league3,BTN,3.0,30-35,A7s,88,10,69,2,7,0,2023-09-26T02:49:55,2026-07-05T21:08:13
league3,BTN,3.0,30-35,A8o,277,132,122,2,21,0,2023-09-01T17:32:48,2026-07-13T09:09:12
league3,BTN,3.0,30-35,A8s,98,7,80,2,9,0,2023-09-02T05:20:35,2026-07-14T08:00:33
league3,BTN,3.0,30-35,A9o,284,119,136,8,21,0,2023-09-01T01:16:51,2026-07-19T21:09:18
league3,BTN,3.0,30-35,A9s,67,2,51,1,13,0,2023-09-29T11:50:07,2026-07-06T20:42:03
league3,BTN,3.0,30-35,AA,147,0,9,125,13,0,2023-09-02T17:08:35,2026-07-01T22:43:36
league3,BTN,3.0,30-35,AJo,293,12,151,29,101,0,2023-09-03T10:43:05,2026-07-17T07:28:56
league3,BTN,3.0,30-35,AJs,78,2,44,7,25,0,2023-09-10T08:53:07,2026-06-28T19:53:25
league3,BTN,3.0,30-35,AKo,288,2,8,59,219,0,2023-09-08T16:17:20,2026-07-13T22:07:23
league3,BTN,3.0,30-35,AKs,97,1,2,25,69,0,2023-09-02T20:42:55,2026-07-17T12:10:50
league3,BTN,3.0,30-35,AQo,257,1,59,40,157,0,2023-09-17T17:44:55,2026-07-21T19:39:12
league3,BTN,3.0,30-35,AQs,92,1,20,14,57,0,2023-09-10T20:46:57,2026-07-07T13:08:00
league3,BTN,3.0,30-35,ATo,277,34,178,2,63,0,2023-09-02T05:28:57,2026-07-14T14:44:47
league3,BTN,3.0,30-35,ATs,112,0,85,5,22,0,2023-09-18T15:42:07,2026-06-17T16:39:59
league3,BTN,3.0,30-35,J2o,266,264,1,0,1,0,2023-09-03T20:25:55,2026-07-18T22:45:20
league3,BTN,3.0,30-35,J2s,96,75,21,0,0,0,2023-09-07T18:03:51,2026-07-15T19:20:21
league3,BTN,3.0,30-35,J3o,288,284,4,0,0,0,2023-09-14T11:13:52,2026-07-21T16:24:33
league3,BTN,3.0,30-35,J3s,100,80,20,0,0,0,2023-09-16T16:10:58,2026-07-18T13:12:31
league3,BTN,3.0,30-35,J4o,271,270,1,0,0,0,2023-09-03T23:17:22,2026-07-16T00:40:02
league3,BTN,3.0,30-35,J4s,90,67,23,0,0,0,2023-09-21T20:11:53,2026-07-11T04:15:46
league3,BTN,3.0,30-35,J5o,246,242,4,0,0,0,2023-09-03T19:15:40,2026-07-21T12:15:00
league3,BTN,3.0,30-35,J5s,97,72,25,0,0,0,2023-09-04T13:53:43,2026-07-20T20:13:40
league3,BTN,3.0,30-35,J6o,262,259,2,1,0,0,2023-09-02T20:02:10,2026-07-19T18:51:09
league3,BTN,3.0,30-35,J6s,103,76,27,0,0,0,2023-09-02T21:31:48,2026-07-03T22:04:27
league3,BTN,3.0,30-35,J7o,257,239,18,0,0,0,2023-09-01T06:53:13,2026-07-19T17:26:03
league3,BTN,3.0,30-35,J7s,101,58,42,0,1,0,2023-09-12T14:45:10,2026-07-18T19:36:39
league3,BTN,3.0,30-35,J8o,249,212,37,0,0,0,2023-09-02T19:48:07,2026-07-19T13:01:40
league3,BTN,3.0,30-35,J8s,96,40,56,0,0,0,2023-09-01T15:07:02,2026-07-11T11:20:23
league3,BTN,3.0,30-35,J9o,252,193,59,0,0,0,2023-09-09T18:14:28,2026-07-20T20:19:39
league3,BTN,3.0,30-35,J9s,98,21,77,0,0,0,2023-09-03T01:29:05,2026-07-18T20:18:20
league3,BTN,3.0,30-35,JJ,138,0,7,48,83,0,2023-09-10T16:23:31,2026-07-19T08:12:28
league3,BTN,3.0,30-35,JTo,291,116,173,0,2,0,2023-09-03T15:28:59,2026-07-15T23:15:20
league3,BTN,3.0,30-35,JTs,112,8,101,1,2,0,2023-09-15T07:52:42,2026-07-13T14:33:46
league3,BTN,3.0,30-35,K2o,238,226,11,1,0,0,2023-09-02T18:27:59,2026-07-21T20:21:08
league3,BTN,3.0,30-35,K2s,102,46,52,2,2,0,2023-09-02T03:30:42,2026-07-16T17:53:06
league3,BTN,3.0,30-35,K3o,283,271,10,2,0,0,2023-09-05T04:43:28,2026-07-21T12:43:20
league3,BTN,3.0,30-35,K3s,81,44,37,0,0,0,2023-09-14T17:28:48,2026-06-21T00:31:02
league3,BTN,3.0,30-35,K4o,268,253,15,0,0,0,2023-09-02T18:18:05,2026-07-20T22:41:48
league3,BTN,3.0,30-35,K4s,113,61,51,1,0,0,2023-09-02T19:32:20,2026-07-13T14:18:47
league3,BTN,3.0,30-35,K5o,266,251,15,0,0,0,2023-09-03T13:38:56,2026-07-16T19:23:51
league3,BTN,3.0,30-35,K5s,96,48,47,1,0,0,2023-10-07T20:28:14,2026-07-18T19:42:04
league3,BTN,3.0,30-35,K6o,267,249,17,1,0,0,2023-09-08T20:15:15,2026-07-19T17:49:22
league3,BTN,3.0,30-35,K6s,105,45,60,0,0,0,2023-10-09T16:04:49,2026-07-18T14:33:31
league3,BTN,3.0,30-35,K7o,282,248,33,0,1,0,2023-09-08T16:40:41,2026-07-19T20:13:13
league3,BTN,3.0,30-35,K7s,83,21,60,0,2,0,2023-10-11T10:37:26,2026-07-13T04:53:13
league3,BTN,3.0,30-35,K8o,277,239,37,0,1,0,2023-09-03T16:15:32,2026-07-18T16:10:19
league3,BTN,3.0,30-35,K8s,89,18,71,0,0,0,2023-09-10T04:15:06,2026-07-12T06:47:00
league3,BTN,3.0,30-35,K9o,265,182,81,0,2,0,2023-09-05T18:35:14,2026-07-19T13:22:59
league3,BTN,3.0,30-35,K9s,91,13,78,0,0,0,2023-09-09T17:52:28,2026-07-12T21:17:20
league3,BTN,3.0,30-35,KJo,273,40,216,7,10,0,2023-09-02T11:34:22,2026-07-18T21:42:49
league3,BTN,3.0,30-35,KJs,83,1,74,0,8,0,2023-09-04T11:05:41,2026-07-09T14:17:22
league3,BTN,3.0,30-35,KK,151,0,10,107,34,0,2023-09-01T20:04:35,2026-07-13T15:12:50
league3,BTN,3.0,30-35,KQo,259,14,216,3,26,0,2023-09-09T20:06:12,2026-07-19T20:33:30
league3,BTN,3.0,30-35,KQs,100,3,73,7,17,0,2023-09-10T15:14:30,2026-07-18T20:04:58
league3,BTN,3.0,30-35,KTo,270,89,177,2,2,0,2023-09-05T17:15:07,2026-07-17T02:53:45
league3,BTN,3.0,30-35,KTs,114,10,100,0,4,0,2023-10-07T21:48:22,2026-07-03T22:07:19
league3,BTN,3.0,30-35,Q2o,268,265,3,0,0,0,2023-09-01T13:48:18,2026-07-11T20:37:13
league3,BTN,3.0,30-35,Q2s,102,73,29,0,0,0,2023-09-13T16:38:03,2026-07-12T18:15:42
league3,BTN,3.0,30-35,Q3o,267,263,3,1,0,0,2023-09-06T19:22:09,2026-07-19T14:37:49
league3,BTN,3.0,30-35,Q3s,111,83,27,0,1,0,2023-09-03T18:22:53,2026-07-17T00:07:17
league3,BTN,3.0,30-35,Q4o,265,261,4,0,0,0,2023-09-29T11:47:24,2026-07-21T21:11:27
league3,BTN,3.0,30-35,Q4s,105,73,31,1,0,0,2023-09-04T16:13:31,2026-07-08T21:27:14
league3,BTN,3.0,30-35,Q5o,246,242,4,0,0,0,2023-09-04T20:16:47,2026-07-21T20:35:04
league3,BTN,3.0,30-35,Q5s,87,54,33,0,0,0,2023-09-23T20:38:12,2026-07-05T18:11:46
league3,BTN,3.0,30-35,Q6o,259,248,11,0,0,0,2023-09-07T13:53:28,2026-07-19T16:09:30
league3,BTN,3.0,30-35,Q6s,87,57,30,0,0,0,2023-10-01T05:44:37,2026-06-30T22:13:39
league3,BTN,3.0,30-35,Q7o,272,250,20,1,1,0,2023-09-06T23:14:52,2026-07-13T21:11:52
league3,BTN,3.0,30-35,Q7s,105,45,60,0,0,0,2023-09-10T19:48:15,2026-07-17T19:23:03
league3,BTN,3.0,30-35,Q8o,267,223,43,1,0,0,2023-09-07T08:28:01,2026-07-19T03:38:04
league3,BTN,3.0,30-35,Q8s,121,39,80,0,2,0,2023-09-08T17:37:08,2026-07-19T15:52:12
league3,BTN,3.0,30-35,Q9o,291,220,71,0,0,0,2023-09-11T20:04:08,2026-07-17T16:31:34
league3,BTN,3.0,30-35,Q9s,94,23,70,0,1,0,2023-09-17T00:34:18,2026-06-20T17:28:41
league3,BTN,3.0,30-35,QJo,278,75,198,0,5,0,2023-09-04T21:26:58,2026-07-16T16:00:55
league3,BTN,3.0,30-35,QJs,112,0,103,1,8,0,2023-09-16T19:16:10,2026-07-12T18:18:15
league3,BTN,3.0,30-35,QQ,148,0,0,75,73,0,2023-09-25T16:08:37,2026-07-20T13:26:02
league3,BTN,3.0,30-35,QTo,283,113,165,1,4,0,2023-09-10T17:50:47,2026-07-17T12:54:46
league3,BTN,3.0,30-35,QTs,81,5,73,0,3,0,2023-09-25T09:01:00,2026-07-16T23:50:56
league3,BTN,3.0,30-35,T2o,268,267,0,1,0,0,2023-09-04T16:08:38,2026-07-15T14:43:52
league3,BTN,3.0,30-35,T2s,99,83,15,0,1,0,2023-09-02T19:16:21,2026-07-15T11:01:00
league3,BTN,3.0,30-35,T3o,300,298,1,1,0,0,2023-09-05T21:51:08,2026-07-18T20:54:50
league3,BTN,3.0,30-35,T3s,100,88,12,0,0,0,2023-09-05T12:36:21,2026-07-16T19:13:31
league3,BTN,3.0,30-35,T4o,283,279,4,0,0,0,2023-09-02T20:49:25,2026-07-17T15:48:19
league3,BTN,3.0,30-35,T4s,96,76,20,0,0,0,2023-09-15T07:04:42,2026-07-12T18:18:56
league3,BTN,3.0,30-35,T5o,285,283,1,0,1,0,2023-09-13T15:45:30,2026-07-19T21:49:36
league3,BTN,3.0,30-35,T5s,113,88,25,0,0,0,2023-09-09T17:31:05,2026-06-25T15:49:06
league3,BTN,3.0,30-35,T6o,267,262,5,0,0,0,2023-09-15T00:25:18,2026-07-19T13:39:15
league3,BTN,3.0,30-35,T6s,93,56,37,0,0,0,2023-09-10T23:30:27,2026-06-30T16:07:56
league3,BTN,3.0,30-35,T7o,260,244,16,0,0,0,2023-09-12T23:05:43,2026-07-18T09:43:25
league3,BTN,3.0,30-35,T7s,79,36,43,0,0,0,2023-09-09T19:27:14,2026-07-15T18:40:16
league3,BTN,3.0,30-35,T8o,241,207,34,0,0,0,2023-10-14T21:03:58,2026-07-08T20:45:00
league3,BTN,3.0,30-35,T8s,96,26,70,0,0,0,2023-09-15T10:48:04,2026-07-17T09:18:38
league3,BTN,3.0,30-35,T9o,284,195,87,2,0,0,2023-09-02T16:50:39,2026-07-18T13:01:00
league3,BTN,3.0,30-35,T9s,77,6,69,1,1,0,2023-09-23T17:52:34,2026-07-18T19:14:54
league3,BTN,3.0,30-35,TT,155,0,19,18,118,0,2023-09-12T15:29:13,2026-07-21T09:06:41
league3,BTN,3.0,35-40,__MISSING__,2862,2182,575,55,50,0,2023-09-01T19:30:05,2026-07-21T15:11:26
league3,BTN,3.0,35-40,22,127,31,88,0,8,0,2023-09-30T14:49:38,2026-07-18T17:14:14
league3,BTN,3.0,35-40,32o,245,245,0,0,0,0,2023-09-02T19:45:29,2026-07-16T16:42:49
league3,BTN,3.0,35-40,32s,92,74,17,1,0,0,2023-09-01T20:05:39,2026-07-11T20:39:22
league3,BTN,3.0,35-40,33,116,8,101,0,7,0,2023-09-10T19:02:39,2026-07-20T11:54:17
league3,BTN,3.0,35-40,42o,231,230,1,0,0,0,2023-09-02T13:22:39,2026-07-20T23:24:03
league3,BTN,3.0,35-40,42s,102,86,16,0,0,0,2023-09-02T01:34:49,2026-07-08T17:39:44
league3,BTN,3.0,35-40,43o,232,227,4,1,0,0,2023-09-02T17:10:43,2026-07-12T22:50:03
league3,BTN,3.0,35-40,43s,87,60,27,0,0,0,2023-09-02T19:47:26,2026-06-17T19:42:22
league3,BTN,3.0,35-40,44,105,10,83,0,12,0,2023-09-07T19:38:33,2026-07-17T18:16:44
league3,BTN,3.0,35-40,52o,240,239,1,0,0,0,2023-09-03T14:46:18,2026-07-17T16:21:36
league3,BTN,3.0,35-40,52s,72,60,12,0,0,0,2023-09-15T02:32:19,2026-07-03T15:44:23
league3,BTN,3.0,35-40,53o,214,211,3,0,0,0,2023-09-03T16:42:56,2026-07-18T23:25:33
league3,BTN,3.0,35-40,53s,68,52,16,0,0,0,2023-10-18T11:29:49,2026-07-17T12:30:29
league3,BTN,3.0,35-40,54o,248,229,19,0,0,0,2023-10-05T18:02:58,2026-07-20T18:04:08
league3,BTN,3.0,35-40,54s,91,36,55,0,0,0,2023-09-11T18:54:30,2026-07-18T06:12:38
league3,BTN,3.0,35-40,55,131,6,107,2,16,0,2023-09-17T15:05:04,2026-07-17T22:42:20
league3,BTN,3.0,35-40,62o,218,216,2,0,0,0,2023-09-13T22:27:19,2026-07-18T13:02:06
league3,BTN,3.0,35-40,62s,74,67,7,0,0,0,2023-09-18T16:25:15,2026-06-08T23:13:49
league3,BTN,3.0,35-40,63o,240,239,1,0,0,0,2023-09-02T15:34:39,2026-07-10T15:16:11
league3,BTN,3.0,35-40,63s,64,49,15,0,0,0,2023-09-03T14:39:49,2026-07-11T02:34:49
league3,BTN,3.0,35-40,64o,228,219,9,0,0,0,2023-09-04T16:35:43,2026-07-12T16:26:11
league3,BTN,3.0,35-40,64s,78,51,26,0,1,0,2023-09-10T13:13:59,2026-07-11T21:41:37
league3,BTN,3.0,35-40,65o,234,208,26,0,0,0,2023-09-16T13:19:44,2026-07-21T10:40:07
league3,BTN,3.0,35-40,65s,78,21,57,0,0,0,2023-09-04T16:22:18,2026-07-20T18:22:24
league3,BTN,3.0,35-40,66,121,9,86,4,22,0,2023-09-18T21:48:43,2026-07-04T20:19:54
league3,BTN,3.0,35-40,72o,223,223,0,0,0,0,2023-09-05T20:37:17,2026-07-11T17:15:18
league3,BTN,3.0,35-40,72s,84,77,6,0,1,0,2023-09-07T02:42:28,2026-06-19T19:40:31
league3,BTN,3.0,35-40,73o,209,206,3,0,0,0,2023-10-03T04:29:51,2026-07-19T02:51:45
league3,BTN,3.0,35-40,73s,80,69,10,1,0,0,2023-09-22T13:30:30,2026-07-21T16:34:39
league3,BTN,3.0,35-40,74o,259,256,3,0,0,0,2023-09-02T19:16:01,2026-07-17T18:33:27
league3,BTN,3.0,35-40,74s,88,68,20,0,0,0,2023-09-01T20:06:10,2026-07-17T02:46:47
league3,BTN,3.0,35-40,75o,245,232,13,0,0,0,2023-09-26T12:24:34,2026-07-16T10:52:44
league3,BTN,3.0,35-40,75s,71,41,29,1,0,0,2023-09-22T14:40:11,2026-07-20T00:42:39
league3,BTN,3.0,35-40,76o,249,212,37,0,0,0,2023-09-03T11:13:50,2026-07-08T12:00:32
league3,BTN,3.0,35-40,76s,75,9,66,0,0,0,2023-09-05T17:17:35,2026-07-08T20:12:11
league3,BTN,3.0,35-40,77,107,1,77,3,26,0,2023-09-02T20:41:09,2026-06-20T17:16:22
league3,BTN,3.0,35-40,82o,227,227,0,0,0,0,2023-09-01T18:31:33,2026-07-13T14:13:26
league3,BTN,3.0,35-40,82s,89,84,5,0,0,0,2023-09-02T16:20:03,2026-06-14T11:29:02
league3,BTN,3.0,35-40,83o,241,238,2,1,0,0,2023-09-04T18:16:28,2026-07-08T23:15:18
league3,BTN,3.0,35-40,83s,83,70,12,1,0,0,2023-09-04T11:35:08,2026-07-05T00:47:23
league3,BTN,3.0,35-40,84o,262,261,0,1,0,0,2023-09-04T15:53:46,2026-07-18T17:27:52
league3,BTN,3.0,35-40,84s,54,48,6,0,0,0,2023-09-05T17:09:56,2026-07-04T21:04:51
league3,BTN,3.0,35-40,85o,249,243,6,0,0,0,2023-09-02T19:35:30,2026-07-19T15:27:07
league3,BTN,3.0,35-40,85s,75,53,22,0,0,0,2023-09-17T19:54:59,2026-07-20T19:37:04
league3,BTN,3.0,35-40,86o,227,211,16,0,0,0,2023-09-05T17:54:34,2026-07-08T04:28:06
league3,BTN,3.0,35-40,86s,65,32,33,0,0,0,2023-09-16T15:24:09,2026-07-12T16:03:43
league3,BTN,3.0,35-40,87o,273,215,58,0,0,0,2023-09-23T16:24:36,2026-07-11T00:37:54
league3,BTN,3.0,35-40,87s,66,13,53,0,0,0,2023-09-06T14:47:23,2026-06-19T01:40:16
league3,BTN,3.0,35-40,88,149,3,84,8,54,0,2023-09-02T20:44:40,2026-07-02T21:46:02
league3,BTN,3.0,35-40,92o,246,245,0,1,0,0,2023-09-05T11:47:27,2026-07-17T13:35:45
league3,BTN,3.0,35-40,92s,80,71,9,0,0,0,2023-09-12T21:02:17,2026-07-10T21:06:16
league3,BTN,3.0,35-40,93o,253,252,0,1,0,0,2023-09-02T13:31:44,2026-07-19T20:27:42
league3,BTN,3.0,35-40,93s,87,78,9,0,0,0,2023-09-13T15:40:27,2026-07-11T15:32:58
league3,BTN,3.0,35-40,94o,236,235,1,0,0,0,2023-09-02T18:05:30,2026-07-20T13:43:19
league3,BTN,3.0,35-40,94s,71,60,11,0,0,0,2023-09-01T13:05:09,2026-07-12T20:18:43
league3,BTN,3.0,35-40,95o,247,245,2,0,0,0,2023-09-11T11:45:17,2026-07-18T16:37:27
league3,BTN,3.0,35-40,95s,82,60,22,0,0,0,2023-09-02T19:25:56,2026-06-27T21:38:05
league3,BTN,3.0,35-40,96o,269,261,8,0,0,0,2023-09-03T17:30:57,2026-07-16T15:42:07
league3,BTN,3.0,35-40,96s,76,47,29,0,0,0,2023-09-06T13:36:17,2026-06-30T12:51:09
league3,BTN,3.0,35-40,97o,255,235,20,0,0,0,2023-09-07T09:18:16,2026-07-16T20:24:53
league3,BTN,3.0,35-40,97s,90,25,64,1,0,0,2023-09-14T13:21:44,2026-07-20T10:27:49
league3,BTN,3.0,35-40,98o,257,199,58,0,0,0,2023-09-02T20:21:57,2026-07-16T21:33:28
league3,BTN,3.0,35-40,98s,81,14,67,0,0,0,2023-09-01T18:25:53,2026-07-07T15:35:22
league3,BTN,3.0,35-40,99,116,2,41,12,61,0,2023-09-12T11:19:29,2026-07-11T03:42:14
league3,BTN,3.0,35-40,A2o,242,179,52,9,2,0,2023-09-08T13:53:58,2026-07-18T22:29:11
league3,BTN,3.0,35-40,A2s,85,13,68,3,1,0,2023-09-09T13:43:02,2026-07-09T23:50:16
league3,BTN,3.0,35-40,A3o,249,182,62,4,1,0,2023-09-10T17:51:58,2026-07-18T16:18:07
league3,BTN,3.0,35-40,A3s,82,12,61,2,7,0,2023-10-06T14:43:15,2026-07-20T12:03:50
league3,BTN,3.0,35-40,A4o,272,203,60,7,2,0,2023-09-10T19:39:57,2026-07-21T00:10:22
league3,BTN,3.0,35-40,A4s,93,10,82,1,0,0,2023-09-23T13:45:21,2026-06-27T19:28:37
league3,BTN,3.0,35-40,A5o,236,151,70,7,8,0,2023-09-04T21:34:49,2026-07-16T14:49:30
league3,BTN,3.0,35-40,A5s,77,11,61,3,2,0,2023-09-26T13:24:12,2026-07-20T01:47:11
league3,BTN,3.0,35-40,A6o,255,174,74,4,3,0,2023-09-08T15:52:16,2026-07-17T18:18:00
league3,BTN,3.0,35-40,A6s,95,6,85,2,2,0,2023-09-06T23:28:39,2026-07-21T22:39:54
league3,BTN,3.0,35-40,A7o,265,161,89,4,11,0,2023-09-02T08:47:35,2026-07-21T21:36:18
league3,BTN,3.0,35-40,A7s,68,7,60,0,1,0,2023-09-17T09:14:18,2026-07-13T00:19:00
league3,BTN,3.0,35-40,A8o,251,125,115,4,7,0,2023-09-01T20:54:28,2026-07-13T09:31:17
league3,BTN,3.0,35-40,A8s,100,5,93,0,2,0,2023-09-07T19:12:17,2026-07-10T21:28:41
league3,BTN,3.0,35-40,A9o,273,106,153,6,8,0,2023-09-04T14:17:51,2026-07-19T22:27:53
league3,BTN,3.0,35-40,A9s,78,7,66,0,5,0,2023-09-15T15:07:18,2026-07-09T17:38:11
league3,BTN,3.0,35-40,AA,124,0,6,110,8,0,2023-09-09T14:40:34,2026-06-30T14:03:16
league3,BTN,3.0,35-40,AJo,254,11,145,34,64,0,2023-09-09T09:47:09,2026-07-19T22:01:47
league3,BTN,3.0,35-40,AJs,91,0,59,11,21,0,2023-11-03T23:05:04,2026-07-18T23:33:12
league3,BTN,3.0,35-40,AKo,243,1,4,74,164,0,2023-09-04T11:33:02,2026-07-18T21:39:30
league3,BTN,3.0,35-40,AKs,62,0,2,20,40,0,2023-09-27T14:13:20,2026-07-02T22:26:36
league3,BTN,3.0,35-40,AQo,257,4,77,76,100,0,2023-09-02T16:36:43,2026-07-12T01:52:18
league3,BTN,3.0,35-40,AQs,96,1,27,23,45,0,2023-09-30T21:12:20,2026-07-21T09:14:23
league3,BTN,3.0,35-40,ATo,224,26,161,9,28,0,2023-09-03T19:06:55,2026-07-21T23:28:28
league3,BTN,3.0,35-40,ATs,93,1,72,8,12,0,2023-09-01T20:03:23,2026-06-20T20:26:32
league3,BTN,3.0,35-40,J2o,247,244,1,2,0,0,2023-09-02T10:25:52,2026-07-21T19:25:07
league3,BTN,3.0,35-40,J2s,83,68,15,0,0,0,2023-10-07T21:08:11,2026-06-13T05:47:25
league3,BTN,3.0,35-40,J3o,246,245,1,0,0,0,2023-09-04T18:33:07,2026-07-10T10:32:26
league3,BTN,3.0,35-40,J3s,84,62,22,0,0,0,2023-09-29T19:29:57,2026-05-17T09:44:22
league3,BTN,3.0,35-40,J4o,225,220,3,2,0,0,2023-09-01T21:16:56,2026-07-20T00:20:30
league3,BTN,3.0,35-40,J4s,84,66,18,0,0,0,2023-09-19T14:16:44,2026-07-21T19:37:48
league3,BTN,3.0,35-40,J5o,243,242,1,0,0,0,2023-09-14T04:38:08,2026-07-19T15:52:16
league3,BTN,3.0,35-40,J5s,74,57,17,0,0,0,2023-09-09T18:24:38,2026-06-07T18:20:47
league3,BTN,3.0,35-40,J6o,235,233,2,0,0,0,2023-09-02T19:32:04,2026-07-19T16:11:23
league3,BTN,3.0,35-40,J6s,73,51,22,0,0,0,2023-09-08T08:05:32,2026-07-11T19:25:27
league3,BTN,3.0,35-40,J7o,247,232,15,0,0,0,2023-09-06T10:05:59,2026-07-09T20:54:31
league3,BTN,3.0,35-40,J7s,80,34,46,0,0,0,2023-09-08T15:53:20,2026-06-25T21:21:02
league3,BTN,3.0,35-40,J8o,238,202,36,0,0,0,2023-09-03T19:54:01,2026-07-20T17:34:31
league3,BTN,3.0,35-40,J8s,68,20,48,0,0,0,2023-09-11T11:44:28,2026-07-19T19:04:12
league3,BTN,3.0,35-40,J9o,246,175,71,0,0,0,2023-09-03T14:24:47,2026-07-21T23:50:39
league3,BTN,3.0,35-40,J9s,80,11,69,0,0,0,2023-09-10T06:37:19,2026-07-14T01:28:25
league3,BTN,3.0,35-40,JJ,131,2,8,58,63,0,2023-09-13T09:39:59,2026-07-20T08:43:48
league3,BTN,3.0,35-40,JTo,226,94,130,2,0,0,2023-09-11T18:14:22,2026-07-19T20:28:48
league3,BTN,3.0,35-40,JTs,90,4,83,1,2,0,2023-10-01T17:41:31,2026-07-17T19:11:58
league3,BTN,3.0,35-40,K2o,247,237,9,1,0,0,2023-09-04T16:05:24,2026-07-18T19:20:52
league3,BTN,3.0,35-40,K2s,80,37,42,1,0,0,2023-09-07T18:18:08,2026-07-18T15:05:06
league3,BTN,3.0,35-40,K3o,254,242,10,1,1,0,2023-09-08T21:14:09,2026-07-13T14:06:21
league3,BTN,3.0,35-40,K3s,86,40,45,1,0,0,2023-09-07T20:01:03,2026-07-05T22:28:07
league3,BTN,3.0,35-40,K4o,227,214,12,1,0,0,2023-09-03T00:18:38,2026-07-16T13:30:48
league3,BTN,3.0,35-40,K4s,73,35,38,0,0,0,2023-09-23T20:14:08,2026-06-29T20:27:44
league3,BTN,3.0,35-40,K5o,241,226,13,2,0,0,2023-09-04T00:54:54,2026-07-17T09:17:04
league3,BTN,3.0,35-40,K5s,79,34,45,0,0,0,2023-09-14T22:51:14,2026-07-21T09:43:18
league3,BTN,3.0,35-40,K6o,255,240,13,1,1,0,2023-09-01T14:21:36,2026-06-30T11:04:55
league3,BTN,3.0,35-40,K6s,87,31,55,1,0,0,2023-09-29T14:49:13,2026-07-17T20:32:11
league3,BTN,3.0,35-40,K7o,220,191,29,0,0,0,2023-10-03T18:32:46,2026-07-18T15:45:48
league3,BTN,3.0,35-40,K7s,86,28,58,0,0,0,2023-09-16T22:03:51,2026-07-06T20:03:45
league3,BTN,3.0,35-40,K8o,242,205,36,0,1,0,2023-09-02T12:11:31,2026-07-21T19:51:32
league3,BTN,3.0,35-40,K8s,78,19,59,0,0,0,2023-10-14T13:10:31,2026-07-03T13:26:09
league3,BTN,3.0,35-40,K9o,274,180,92,2,0,0,2023-09-04T07:54:27,2026-07-21T11:16:12
league3,BTN,3.0,35-40,K9s,95,12,82,1,0,0,2023-09-23T20:29:05,2026-07-11T23:32:07
league3,BTN,3.0,35-40,KJo,257,30,208,5,14,0,2023-09-05T18:47:17,2026-07-06T17:37:48
league3,BTN,3.0,35-40,KJs,71,2,65,2,2,0,2023-10-04T11:18:35,2026-06-15T20:22:45
league3,BTN,3.0,35-40,KK,126,0,3,105,18,0,2023-09-03T17:22:17,2026-07-18T12:30:36
league3,BTN,3.0,35-40,KQo,260,10,221,15,14,0,2023-09-03T06:25:09,2026-07-11T14:29:54
league3,BTN,3.0,35-40,KQs,87,0,78,5,4,0,2023-09-09T12:46:52,2026-07-16T18:04:28
league3,BTN,3.0,35-40,KTo,246,85,155,3,3,0,2023-09-02T13:43:42,2026-07-18T22:12:59
league3,BTN,3.0,35-40,KTs,91,2,87,1,1,0,2023-09-07T10:35:47,2026-07-03T19:47:44
league3,BTN,3.0,35-40,Q2o,250,244,5,1,0,0,2023-09-02T19:43:47,2026-07-19T20:49:47
league3,BTN,3.0,35-40,Q2s,77,54,23,0,0,0,2023-10-09T20:34:56,2026-07-14T19:52:03
league3,BTN,3.0,35-40,Q3o,246,242,3,1,0,0,2023-09-05T14:46:52,2026-07-05T21:48:19
league3,BTN,3.0,35-40,Q3s,79,58,21,0,0,0,2023-09-08T20:13:45,2026-07-15T22:26:39
league3,BTN,3.0,35-40,Q4o,239,238,1,0,0,0,2023-09-02T20:32:33,2026-07-18T20:23:41
league3,BTN,3.0,35-40,Q4s,77,50,27,0,0,0,2023-09-05T11:44:29,2026-07-09T06:33:16
league3,BTN,3.0,35-40,Q5o,247,243,4,0,0,0,2023-09-03T04:44:10,2026-07-13T17:08:46
league3,BTN,3.0,35-40,Q5s,70,46,22,2,0,0,2023-09-02T13:04:02,2026-07-16T16:30:34
league3,BTN,3.0,35-40,Q6o,269,255,13,1,0,0,2023-09-05T19:54:24,2026-07-17T16:33:36
league3,BTN,3.0,35-40,Q6s,85,49,35,0,1,0,2023-10-13T09:51:11,2026-07-17T17:51:13
league3,BTN,3.0,35-40,Q7o,225,206,19,0,0,0,2023-09-15T19:52:07,2026-07-10T08:20:23
league3,BTN,3.0,35-40,Q7s,81,32,49,0,0,0,2023-09-08T15:27:46,2026-07-10T16:36:56
league3,BTN,3.0,35-40,Q8o,233,197,36,0,0,0,2023-09-06T21:45:32,2026-07-21T01:00:38
league3,BTN,3.0,35-40,Q8s,88,22,66,0,0,0,2023-09-28T21:40:36,2026-06-23T01:16:57
league3,BTN,3.0,35-40,Q9o,228,160,67,0,1,0,2023-09-03T16:37:08,2026-07-15T12:51:56
league3,BTN,3.0,35-40,Q9s,90,12,77,1,0,0,2023-09-06T04:01:28,2026-07-09T07:11:40
league3,BTN,3.0,35-40,QJo,257,64,189,3,1,0,2023-09-08T21:47:48,2026-07-18T11:28:04
league3,BTN,3.0,35-40,QJs,85,2,78,2,3,0,2023-09-21T20:21:47,2026-07-03T04:37:37
league3,BTN,3.0,35-40,QQ,124,0,3,76,45,0,2023-09-12T00:03:37,2026-07-09T19:10:23
league3,BTN,3.0,35-40,QTo,264,111,151,1,1,0,2023-09-05T20:25:54,2026-07-12T14:40:30
league3,BTN,3.0,35-40,QTs,95,6,87,2,0,0,2023-09-06T07:14:25,2026-06-27T17:21:04
league3,BTN,3.0,35-40,T2o,250,249,1,0,0,0,2023-09-03T16:36:24,2026-07-20T10:35:30
league3,BTN,3.0,35-40,T2s,86,75,11,0,0,0,2023-09-19T14:52:01,2026-06-26T18:38:54
league3,BTN,3.0,35-40,T3o,260,258,0,2,0,0,2023-09-05T16:25:33,2026-07-13T00:09:50
league3,BTN,3.0,35-40,T3s,90,81,9,0,0,0,2023-12-06T00:35:26,2026-07-13T17:17:02
league3,BTN,3.0,35-40,T4o,260,260,0,0,0,0,2023-09-07T16:37:37,2026-07-20T21:54:36
league3,BTN,3.0,35-40,T4s,84,64,20,0,0,0,2023-09-09T16:16:12,2026-06-23T08:20:09
league3,BTN,3.0,35-40,T5o,240,236,3,1,0,0,2023-09-01T21:46:09,2026-07-14T15:20:35
league3,BTN,3.0,35-40,T5s,87,68,19,0,0,0,2023-09-28T09:23:47,2026-07-18T22:28:38
league3,BTN,3.0,35-40,T6o,244,239,5,0,0,0,2023-09-08T20:04:57,2026-07-19T12:43:01
league3,BTN,3.0,35-40,T6s,61,40,21,0,0,0,2023-09-05T21:52:15,2026-07-16T19:14:45
league3,BTN,3.0,35-40,T7o,237,221,16,0,0,0,2023-09-12T08:14:55,2026-07-21T19:51:51
league3,BTN,3.0,35-40,T7s,80,31,49,0,0,0,2023-10-05T18:16:14,2026-07-11T14:08:52
league3,BTN,3.0,35-40,T8o,260,230,30,0,0,0,2023-09-02T14:48:31,2026-07-21T00:19:07
league3,BTN,3.0,35-40,T8s,76,18,57,0,1,0,2023-09-16T09:33:48,2026-07-18T20:37:44
league3,BTN,3.0,35-40,T9o,258,160,98,0,0,0,2023-09-09T18:25:05,2026-07-13T23:20:20
league3,BTN,3.0,35-40,T9s,68,6,61,0,1,0,2023-09-04T02:50:46,2026-07-02T20:02:35
league3,BTN,3.0,35-40,TT,114,0,27,25,62,0,2023-10-28T18:23:53,2026-06-13T23:11:43
league3,CO,2.0,25-30,__MISSING__,31742,11799,16777,1422,1744,0,2023-09-01T08:37:48,2026-07-21T23:41:07
league3,CO,2.0,25-30,22,996,11,799,8,178,0,2023-09-01T01:44:56,2026-07-20T21:03:25
league3,CO,2.0,25-30,32o,1883,1637,234,12,0,0,2023-09-02T18:43:53,2026-07-21T17:10:16
league3,CO,2.0,25-30,32s,644,102,541,1,0,0,2023-09-02T17:52:38,2026-07-20T07:21:37
league3,CO,2.0,25-30,33,1024,11,748,5,260,0,2023-09-03T16:22:28,2026-07-21T21:06:29
league3,CO,2.0,25-30,42o,1969,1757,206,6,0,0,2023-09-02T14:28:14,2026-07-21T22:35:16
league3,CO,2.0,25-30,42s,653,93,558,2,0,0,2023-09-02T12:38:50,2026-07-21T00:22:28
league3,CO,2.0,25-30,43o,1947,1180,759,7,1,0,2023-09-03T19:13:41,2026-07-21T11:46:56
league3,CO,2.0,25-30,43s,669,40,626,2,1,0,2023-09-01T19:07:03,2026-07-21T18:20:53
league3,CO,2.0,25-30,44,1027,8,719,5,295,0,2023-09-01T19:29:48,2026-07-20T17:40:08
league3,CO,2.0,25-30,52o,1930,1715,205,10,0,0,2023-09-01T19:21:49,2026-07-21T22:31:44
league3,CO,2.0,25-30,52s,648,114,530,4,0,0,2023-09-03T13:27:53,2026-07-21T15:07:23
league3,CO,2.0,25-30,53o,2001,1404,583,14,0,0,2023-09-01T17:06:38,2026-07-21T21:01:00
league3,CO,2.0,25-30,53s,608,60,548,0,0,0,2023-09-03T21:36:47,2026-07-20T17:48:27
league3,CO,2.0,25-30,54o,1964,578,1382,2,2,0,2023-09-02T16:54:45,2026-07-20T11:02:28
league3,CO,2.0,25-30,54s,655,18,630,3,4,0,2023-09-03T17:37:56,2026-07-20T14:51:23
league3,CO,2.0,25-30,55,1030,12,635,12,371,0,2023-09-01T18:25:45,2026-07-21T18:29:17
league3,CO,2.0,25-30,62o,1986,1875,96,15,0,0,2023-09-01T23:12:02,2026-07-20T11:18:30
league3,CO,2.0,25-30,62s,625,121,502,2,0,0,2023-09-02T18:12:58,2026-07-21T18:37:24
league3,CO,2.0,25-30,63o,1920,1539,366,15,0,0,2023-09-01T17:10:13,2026-07-21T15:16:33
league3,CO,2.0,25-30,63s,656,67,585,2,2,0,2023-09-02T17:11:15,2026-07-21T17:11:28
league3,CO,2.0,25-30,64o,1947,927,1009,11,0,0,2023-09-03T20:24:28,2026-07-21T21:23:37
league3,CO,2.0,25-30,64s,654,25,626,2,1,0,2023-09-03T17:04:09,2026-07-14T22:12:16
league3,CO,2.0,25-30,65o,2060,382,1671,6,1,0,2023-09-02T14:02:11,2026-07-21T20:30:01
league3,CO,2.0,25-30,65s,665,14,644,5,2,0,2023-09-01T19:08:55,2026-07-21T21:37:57
league3,CO,2.0,25-30,66,988,9,551,20,408,0,2023-09-02T16:28:47,2026-07-21T16:10:58
league3,CO,2.0,25-30,72o,1903,1844,41,17,1,0,2023-09-01T01:22:55,2026-07-21T03:39:16
league3,CO,2.0,25-30,72s,672,176,491,5,0,0,2023-09-02T06:25:48,2026-07-21T19:21:57
league3,CO,2.0,25-30,73o,1892,1717,158,17,0,0,2023-09-03T21:06:35,2026-07-21T23:50:52
league3,CO,2.0,25-30,73s,651,99,551,1,0,0,2023-09-02T19:09:13,2026-07-19T14:24:25
league3,CO,2.0,25-30,74o,1962,1323,618,21,0,0,2023-09-01T17:16:15,2026-07-21T23:16:16
league3,CO,2.0,25-30,74s,620,53,565,1,1,0,2023-09-02T19:39:14,2026-07-21T15:20:01
league3,CO,2.0,25-30,75o,1953,753,1194,5,1,0,2023-09-01T18:39:42,2026-07-21T21:06:29
league3,CO,2.0,25-30,75s,708,22,683,2,1,0,2023-09-01T12:27:28,2026-07-21T14:37:30
league3,CO,2.0,25-30,76o,2024,249,1771,4,0,0,2023-09-01T19:16:44,2026-07-20T23:35:48
league3,CO,2.0,25-30,76s,656,11,637,5,3,0,2023-09-02T21:01:43,2026-07-20T21:50:47
league3,CO,2.0,25-30,77,997,7,458,34,498,0,2023-09-02T09:47:12,2026-07-20T20:25:36
league3,CO,2.0,25-30,82o,1868,1811,43,14,0,0,2023-09-02T05:16:49,2026-07-20T18:33:15
league3,CO,2.0,25-30,82s,660,150,505,4,1,0,2023-09-02T06:24:54,2026-07-21T01:47:54
league3,CO,2.0,25-30,83o,1911,1808,85,18,0,0,2023-09-03T23:18:48,2026-07-21T19:16:31
league3,CO,2.0,25-30,83s,659,135,519,5,0,0,2023-09-01T19:32:26,2026-07-21T12:41:14
league3,CO,2.0,25-30,84o,2004,1663,320,20,1,0,2023-09-03T16:11:18,2026-07-20T21:16:25
league3,CO,2.0,25-30,84s,663,61,599,2,1,0,2023-09-01T19:10:58,2026-07-19T16:27:34
league3,CO,2.0,25-30,85o,1966,1161,798,7,0,0,2023-09-02T13:15:42,2026-07-21T14:03:35
league3,CO,2.0,25-30,85s,644,33,611,0,0,0,2023-09-01T13:37:34,2026-07-19T17:13:30
league3,CO,2.0,25-30,86o,1905,525,1375,3,2,0,2023-09-03T02:09:58,2026-07-21T15:10:28
league3,CO,2.0,25-30,86s,663,12,651,0,0,0,2023-09-01T15:03:29,2026-07-21T18:39:01
league3,CO,2.0,25-30,87o,1978,171,1800,4,3,0,2023-09-01T15:19:39,2026-07-20T16:34:38
league3,CO,2.0,25-30,87s,651,6,630,9,6,0,2023-09-12T05:23:35,2026-07-19T21:18:56
league3,CO,2.0,25-30,88,1015,4,297,68,646,0,2023-09-02T15:10:46,2026-07-21T22:51:18
league3,CO,2.0,25-30,92o,1975,1905,55,14,1,0,2023-09-01T22:41:24,2026-07-21T20:13:58
league3,CO,2.0,25-30,92s,655,163,487,4,1,0,2023-09-02T13:21:00,2026-07-19T19:11:39
league3,CO,2.0,25-30,93o,1951,1859,76,16,0,0,2023-09-02T15:49:03,2026-07-20T19:48:31
league3,CO,2.0,25-30,93s,675,130,543,1,1,0,2023-09-02T21:18:39,2026-07-21T18:23:52
league3,CO,2.0,25-30,94o,2011,1805,187,18,1,0,2023-09-01T19:33:54,2026-07-20T06:14:41
league3,CO,2.0,25-30,94s,670,91,576,2,1,0,2023-09-04T17:15:25,2026-07-21T19:40:30
league3,CO,2.0,25-30,95o,1892,1420,460,12,0,0,2023-09-01T17:15:40,2026-07-20T19:37:01
league3,CO,2.0,25-30,95s,673,45,628,0,0,0,2023-09-02T19:08:54,2026-07-20T05:11:26
league3,CO,2.0,25-30,96o,1966,806,1150,10,0,0,2023-09-01T13:15:25,2026-07-21T13:13:42
league3,CO,2.0,25-30,96s,653,22,627,2,2,0,2023-09-02T00:54:48,2026-07-18T20:29:20
league3,CO,2.0,25-30,97o,1951,421,1529,1,0,0,2023-09-01T21:36:56,2026-07-21T07:28:59
league3,CO,2.0,25-30,97s,711,9,696,2,4,0,2023-09-10T21:27:18,2026-07-21T18:34:02
league3,CO,2.0,25-30,98o,1996,112,1876,6,2,0,2023-09-01T01:38:27,2026-07-21T21:49:45
league3,CO,2.0,25-30,98s,679,3,659,4,13,0,2023-09-04T22:34:05,2026-07-18T17:30:05
league3,CO,2.0,25-30,99,1052,4,202,133,713,0,2023-09-01T18:28:54,2026-07-20T22:26:28
league3,CO,2.0,25-30,A2o,2100,281,1502,218,99,0,2023-09-02T18:55:00,2026-07-21T09:38:25
league3,CO,2.0,25-30,A2s,694,8,542,68,76,0,2023-09-03T13:35:39,2026-07-18T13:45:20
league3,CO,2.0,25-30,A3o,2067,238,1519,198,112,0,2023-09-02T17:31:16,2026-07-20T19:15:50
league3,CO,2.0,25-30,A3s,720,5,568,64,83,0,2023-09-01T18:54:07,2026-07-18T19:14:59
league3,CO,2.0,25-30,A4o,2131,193,1598,237,103,0,2023-09-01T15:20:48,2026-07-19T21:23:46
league3,CO,2.0,25-30,A4s,708,4,559,59,86,0,2023-09-02T20:52:56,2026-07-21T19:36:08
league3,CO,2.0,25-30,A5o,2069,128,1573,202,166,0,2023-09-02T15:27:00,2026-07-21T20:06:14
league3,CO,2.0,25-30,A5s,745,7,550,71,117,0,2023-09-02T10:18:41,2026-07-17T21:43:21
league3,CO,2.0,25-30,A6o,2035,158,1667,93,117,0,2023-09-01T19:00:59,2026-07-21T06:45:56
league3,CO,2.0,25-30,A6s,678,5,579,19,75,0,2023-09-03T18:28:44,2026-07-21T20:15:41
league3,CO,2.0,25-30,A7o,2090,103,1765,74,148,0,2023-09-01T13:23:54,2026-07-20T22:14:49
league3,CO,2.0,25-30,A7s,747,3,645,12,87,0,2023-09-03T19:03:16,2026-07-19T21:15:02
league3,CO,2.0,25-30,A8o,2149,89,1765,83,212,0,2023-09-01T12:19:55,2026-07-21T17:02:15
league3,CO,2.0,25-30,A8s,714,5,597,19,93,0,2023-09-06T09:05:56,2026-07-21T17:43:18
league3,CO,2.0,25-30,A9o,2148,55,1696,65,332,0,2023-09-01T20:39:50,2026-07-21T20:33:34
league3,CO,2.0,25-30,A9s,678,8,525,25,120,0,2023-09-02T16:24:15,2026-07-21T00:23:01
league3,CO,2.0,25-30,AA,1142,7,67,980,88,0,2023-09-02T19:24:40,2026-07-20T19:51:10
league3,CO,2.0,25-30,AJo,2143,15,752,377,999,0,2023-09-03T19:12:39,2026-07-21T21:42:59
league3,CO,2.0,25-30,AJs,715,3,252,124,336,0,2023-09-03T14:11:10,2026-07-18T20:18:28
league3,CO,2.0,25-30,AKo,2168,11,21,715,1421,0,2023-09-01T18:06:08,2026-07-21T22:10:48
league3,CO,2.0,25-30,AKs,753,3,3,327,420,0,2023-09-02T01:19:22,2026-07-21T16:33:57
league3,CO,2.0,25-30,AQo,2107,16,252,513,1326,0,2023-09-01T16:15:56,2026-07-21T22:40:55
league3,CO,2.0,25-30,AQs,715,2,100,192,421,0,2023-09-08T23:04:08,2026-07-17T22:40:57
league3,CO,2.0,25-30,ATo,2137,18,1313,196,610,0,2023-09-01T14:32:42,2026-07-20T17:13:19
league3,CO,2.0,25-30,ATs,725,4,438,71,212,0,2023-09-03T16:47:06,2026-07-21T15:38:33
league3,CO,2.0,25-30,J2o,1943,1617,274,50,2,0,2023-09-02T20:40:34,2026-07-21T18:50:40
league3,CO,2.0,25-30,J2s,665,65,593,5,2,0,2023-09-06T16:34:55,2026-07-20T20:22:53
league3,CO,2.0,25-30,J3o,1975,1574,359,41,1,0,2023-09-01T19:35:13,2026-07-21T22:49:43
league3,CO,2.0,25-30,J3s,662,78,579,4,1,0,2023-09-05T06:31:44,2026-07-19T23:52:14
league3,CO,2.0,25-30,J4o,1973,1453,482,38,0,0,2023-09-01T17:46:51,2026-07-18T20:26:27
league3,CO,2.0,25-30,J4s,667,50,615,2,0,0,2023-09-06T20:14:55,2026-07-20T21:19:52
league3,CO,2.0,25-30,J5o,1973,1314,626,32,1,0,2023-09-02T12:40:16,2026-07-21T20:46:55
league3,CO,2.0,25-30,J5s,689,48,635,6,0,0,2023-09-03T16:08:01,2026-07-19T14:37:52
league3,CO,2.0,25-30,J6o,1958,1092,832,34,0,0,2023-09-01T13:41:56,2026-07-20T11:15:29
league3,CO,2.0,25-30,J6s,697,37,653,4,3,0,2023-09-04T15:42:34,2026-07-19T19:24:31
league3,CO,2.0,25-30,J7o,2030,583,1424,21,2,0,2023-09-02T19:17:45,2026-07-21T02:05:48
league3,CO,2.0,25-30,J7s,627,13,609,2,3,0,2023-09-04T16:12:33,2026-07-19T20:50:57
league3,CO,2.0,25-30,J8o,2035,270,1749,12,4,0,2023-09-02T17:20:01,2026-07-21T18:50:20
league3,CO,2.0,25-30,J8s,701,6,684,5,6,0,2023-09-05T20:06:50,2026-07-18T23:43:18
league3,CO,2.0,25-30,J9o,2008,148,1841,13,6,0,2023-09-01T08:12:50,2026-07-20T19:31:01
league3,CO,2.0,25-30,J9s,658,6,624,8,20,0,2023-09-01T19:49:18,2026-07-21T18:33:13
league3,CO,2.0,25-30,JJ,1081,10,18,474,579,0,2023-09-01T20:02:27,2026-07-21T22:50:16
league3,CO,2.0,25-30,JTo,2020,43,1931,21,25,0,2023-09-03T14:41:58,2026-07-20T17:07:38
league3,CO,2.0,25-30,JTs,704,4,631,15,54,0,2023-09-02T15:33:36,2026-07-21T18:54:12
league3,CO,2.0,25-30,K2o,1938,917,898,117,6,0,2023-09-01T18:46:03,2026-07-21T11:50:12
league3,CO,2.0,25-30,K2s,709,16,661,29,3,0,2023-09-02T21:44:06,2026-07-19T18:50:59
league3,CO,2.0,25-30,K3o,2002,889,983,125,5,0,2023-09-01T12:44:09,2026-07-21T16:32:04
league3,CO,2.0,25-30,K3s,692,23,653,15,1,0,2023-09-02T20:53:14,2026-07-20T17:38:34
league3,CO,2.0,25-30,K4o,2004,794,1078,126,6,0,2023-09-02T13:38:45,2026-07-21T13:07:21
league3,CO,2.0,25-30,K4s,662,20,614,22,6,0,2023-09-04T07:19:36,2026-07-20T03:42:41
league3,CO,2.0,25-30,K5o,2048,662,1252,124,10,0,2023-09-01T12:38:37,2026-07-20T21:48:08
league3,CO,2.0,25-30,K5s,695,18,646,20,11,0,2023-09-02T15:44:17,2026-07-17T19:52:19
league3,CO,2.0,25-30,K6o,1999,495,1424,74,6,0,2023-09-01T00:30:22,2026-07-21T14:32:37
league3,CO,2.0,25-30,K6s,692,5,665,13,9,0,2023-09-04T18:08:02,2026-07-21T17:10:22
league3,CO,2.0,25-30,K7o,2052,331,1670,46,5,0,2023-09-02T10:03:41,2026-07-21T16:37:01
league3,CO,2.0,25-30,K7s,685,19,644,8,14,0,2023-09-04T17:19:52,2026-07-19T21:22:58
league3,CO,2.0,25-30,K8o,2041,203,1803,25,10,0,2023-09-03T00:35:59,2026-07-21T22:26:02
league3,CO,2.0,25-30,K8s,685,13,650,8,14,0,2023-09-03T17:24:51,2026-07-20T04:33:11
league3,CO,2.0,25-30,K9o,2019,112,1874,20,13,0,2023-09-03T15:12:35,2026-07-21T19:52:59
league3,CO,2.0,25-30,K9s,654,10,612,8,24,0,2023-09-04T11:07:24,2026-07-18T21:39:09
league3,CO,2.0,25-30,KJo,2213,18,1885,97,213,0,2023-09-01T14:32:49,2026-07-21T19:26:37
league3,CO,2.0,25-30,KJs,741,2,580,39,120,0,2023-09-01T06:21:12,2026-07-20T17:23:36
league3,CO,2.0,25-30,KK,1016,8,20,848,140,0,2023-09-02T15:19:38,2026-07-20T18:03:56
league3,CO,2.0,25-30,KQo,2163,14,1526,196,427,0,2023-09-02T19:44:24,2026-07-20T21:34:40
league3,CO,2.0,25-30,KQs,734,6,474,77,177,0,2023-09-04T14:48:06,2026-07-20T20:45:55
league3,CO,2.0,25-30,KTo,2077,32,1939,45,61,0,2023-09-02T20:14:00,2026-07-21T19:47:49
league3,CO,2.0,25-30,KTs,718,7,612,24,75,0,2023-09-02T11:29:04,2026-07-21T19:15:52
league3,CO,2.0,25-30,Q2o,2034,1414,568,51,1,0,2023-09-01T18:09:06,2026-07-21T22:05:51
league3,CO,2.0,25-30,Q2s,674,58,605,10,1,0,2023-09-01T14:22:24,2026-07-21T23:53:01
league3,CO,2.0,25-30,Q3o,1917,1250,593,73,1,0,2023-09-01T11:30:56,2026-07-20T19:39:47
league3,CO,2.0,25-30,Q3s,646,40,597,7,2,0,2023-09-01T13:42:44,2026-07-20T21:09:38
league3,CO,2.0,25-30,Q4o,1988,1154,759,75,0,0,2023-09-03T00:02:09,2026-07-21T19:33:02
league3,CO,2.0,25-30,Q4s,702,43,650,7,2,0,2023-09-01T19:26:16,2026-07-20T16:48:43
league3,CO,2.0,25-30,Q5o,1973,993,911,68,1,0,2023-09-01T17:54:45,2026-07-21T19:13:04
league3,CO,2.0,25-30,Q5s,666,32,622,9,3,0,2023-09-01T17:02:07,2026-07-11T17:37:00
league3,CO,2.0,25-30,Q6o,2014,835,1142,36,1,0,2023-09-02T08:14:25,2026-07-20T22:03:36
league3,CO,2.0,25-30,Q6s,650,26,614,6,4,0,2023-09-02T20:17:21,2026-07-20T19:45:49
league3,CO,2.0,25-30,Q7o,2074,578,1460,34,2,0,2023-09-02T10:18:56,2026-07-19T21:36:23
league3,CO,2.0,25-30,Q7s,695,15,674,3,3,0,2023-09-08T17:38:07,2026-07-19T21:47:19
league3,CO,2.0,25-30,Q8o,2034,269,1745,17,3,0,2023-09-03T18:25:01,2026-07-21T23:46:19
league3,CO,2.0,25-30,Q8s,671,12,650,3,6,0,2023-09-02T19:49:15,2026-07-19T19:38:49
league3,CO,2.0,25-30,Q9o,2044,153,1875,12,4,0,2023-09-01T16:19:36,2026-07-20T18:39:42
league3,CO,2.0,25-30,Q9s,705,5,676,9,15,0,2023-09-02T20:02:32,2026-07-21T17:16:15
league3,CO,2.0,25-30,QJo,2166,28,2053,40,45,0,2023-09-01T18:11:44,2026-07-21T22:01:01
league3,CO,2.0,25-30,QJs,727,9,637,19,62,0,2023-09-06T18:41:43,2026-07-20T20:36:13
league3,CO,2.0,25-30,QQ,1072,7,10,703,352,0,2023-09-01T15:31:48,2026-07-21T20:01:28
league3,CO,2.0,25-30,QTo,2004,51,1914,21,18,0,2023-09-01T01:10:46,2026-07-19T21:51:10
league3,CO,2.0,25-30,QTs,691,2,635,9,45,0,2023-09-02T20:53:05,2026-07-20T17:41:58
league3,CO,2.0,25-30,T2o,1983,1847,117,19,0,0,2023-09-01T13:26:37,2026-07-21T09:24:37
league3,CO,2.0,25-30,T2s,668,124,542,1,1,0,2023-09-03T06:25:33,2026-07-19T09:49:42
league3,CO,2.0,25-30,T3o,2027,1889,108,29,1,0,2023-09-02T00:15:12,2026-07-21T21:15:14
league3,CO,2.0,25-30,T3s,677,77,597,2,1,0,2023-09-05T17:09:27,2026-07-19T14:42:31
league3,CO,2.0,25-30,T4o,2002,1779,201,22,0,0,2023-09-02T15:44:04,2026-07-20T06:28:37
league3,CO,2.0,25-30,T4s,667,78,586,2,1,0,2023-09-01T19:24:08,2026-07-20T18:28:32
league3,CO,2.0,25-30,T5o,1967,1577,363,26,1,0,2023-09-02T14:13:04,2026-07-19T21:29:01
league3,CO,2.0,25-30,T5s,668,79,585,3,1,0,2023-09-01T14:22:10,2026-07-19T19:32:41
league3,CO,2.0,25-30,T6o,2068,1101,953,13,1,0,2023-09-02T20:24:19,2026-07-20T19:08:58
league3,CO,2.0,25-30,T6s,676,36,637,2,1,0,2023-09-01T16:52:08,2026-07-20T16:16:21
league3,CO,2.0,25-30,T7o,1992,575,1406,11,0,0,2023-09-02T14:49:55,2026-07-21T22:19:32
league3,CO,2.0,25-30,T7s,674,23,649,2,0,0,2023-09-04T16:27:29,2026-07-17T17:06:38
league3,CO,2.0,25-30,T8o,2047,280,1761,6,0,0,2023-09-02T02:42:14,2026-07-20T20:48:54
league3,CO,2.0,25-30,T8s,678,8,662,2,6,0,2023-09-03T22:17:17,2026-07-18T19:35:05
league3,CO,2.0,25-30,T9o,2006,91,1909,2,4,0,2023-09-01T18:54:06,2026-07-21T20:50:20
league3,CO,2.0,25-30,T9s,720,5,687,10,18,0,2023-09-04T18:45:32,2026-07-18T14:26:59
league3,CO,2.0,25-30,TT,1042,4,60,271,707,0,2023-09-02T18:26:45,2026-07-17T15:13:17
league3,CO,2.0,30-35,__MISSING__,29906,10532,16361,1954,1059,0,2023-09-01T10:52:21,2026-07-21T23:45:20
league3,CO,2.0,30-35,22,843,5,735,10,93,0,2023-09-01T20:08:07,2026-07-21T00:16:43
league3,CO,2.0,30-35,32o,1691,1449,231,11,0,0,2023-09-01T16:52:34,2026-07-20T21:46:25
league3,CO,2.0,30-35,32s,539,89,449,0,1,0,2023-09-02T14:23:02,2026-07-21T08:23:47
league3,CO,2.0,30-35,33,869,10,728,6,125,0,2023-09-01T16:10:26,2026-07-18T18:34:28
league3,CO,2.0,30-35,42o,1660,1446,199,15,0,0,2023-09-02T16:24:29,2026-07-21T08:07:56
league3,CO,2.0,30-35,42s,540,67,473,0,0,0,2023-09-04T17:28:05,2026-07-19T19:29:48
league3,CO,2.0,30-35,43o,1602,911,675,15,1,0,2023-09-01T14:07:29,2026-07-20T22:12:58
league3,CO,2.0,30-35,43s,593,38,554,1,0,0,2023-09-02T19:13:34,2026-07-21T12:41:51
league3,CO,2.0,30-35,44,834,14,643,11,166,0,2023-09-05T15:35:13,2026-07-21T21:26:37
league3,CO,2.0,30-35,52o,1686,1483,190,13,0,0,2023-09-02T09:41:49,2026-07-21T19:11:51
league3,CO,2.0,30-35,52s,597,109,486,2,0,0,2023-09-06T12:51:31,2026-07-20T22:44:33
league3,CO,2.0,30-35,53o,1734,1154,564,16,0,0,2023-09-01T14:18:25,2026-07-21T20:34:43
league3,CO,2.0,30-35,53s,568,42,523,3,0,0,2023-09-05T15:40:19,2026-07-14T21:18:58
league3,CO,2.0,30-35,54o,1645,451,1189,5,0,0,2023-09-01T16:41:37,2026-07-21T10:12:50
league3,CO,2.0,30-35,54s,605,17,585,3,0,0,2023-09-04T08:16:50,2026-07-20T20:23:28
league3,CO,2.0,30-35,55,904,6,675,13,210,0,2023-09-02T14:11:39,2026-07-17T15:50:22
league3,CO,2.0,30-35,62o,1614,1511,92,11,0,0,2023-09-01T04:21:01,2026-07-21T13:52:41
league3,CO,2.0,30-35,62s,582,118,462,2,0,0,2023-09-10T15:35:59,2026-07-20T23:26:04
league3,CO,2.0,30-35,63o,1739,1349,374,16,0,0,2023-09-01T15:14:51,2026-07-20T21:23:28
league3,CO,2.0,30-35,63s,572,55,517,0,0,0,2023-09-06T21:34:07,2026-07-21T19:34:08
league3,CO,2.0,30-35,64o,1695,756,928,11,0,0,2023-09-01T13:36:21,2026-07-20T19:21:21
league3,CO,2.0,30-35,64s,578,23,554,1,0,0,2023-09-02T13:54:14,2026-07-20T19:36:59
league3,CO,2.0,30-35,65o,1687,292,1386,8,1,0,2023-09-02T05:09:56,2026-07-21T06:47:00
league3,CO,2.0,30-35,65s,548,10,529,9,0,0,2023-09-04T18:19:32,2026-07-19T16:26:11
league3,CO,2.0,30-35,66,884,6,622,20,236,0,2023-09-03T19:43:32,2026-07-18T14:29:00
league3,CO,2.0,30-35,72o,1648,1589,35,24,0,0,2023-09-03T20:22:11,2026-07-21T16:53:11
league3,CO,2.0,30-35,72s,564,130,431,3,0,0,2023-09-01T17:34:09,2026-07-16T16:31:13
league3,CO,2.0,30-35,73o,1760,1601,145,14,0,0,2023-09-01T17:18:55,2026-07-21T20:04:29
league3,CO,2.0,30-35,73s,582,76,503,3,0,0,2023-09-05T14:24:46,2026-07-19T18:23:48
league3,CO,2.0,30-35,74o,1695,1179,500,16,0,0,2023-09-01T14:50:46,2026-07-20T14:13:48
league3,CO,2.0,30-35,74s,569,41,526,1,1,0,2023-09-02T16:20:10,2026-07-12T22:46:52
league3,CO,2.0,30-35,75o,1760,639,1112,9,0,0,2023-09-01T17:15:07,2026-07-20T21:23:46
league3,CO,2.0,30-35,75s,571,27,543,1,0,0,2023-09-10T15:11:30,2026-07-21T18:25:24
league3,CO,2.0,30-35,76o,1726,215,1505,6,0,0,2023-09-01T00:52:22,2026-07-21T19:14:02
league3,CO,2.0,30-35,76s,589,7,573,6,3,0,2023-09-01T05:37:01,2026-07-21T17:08:40
league3,CO,2.0,30-35,77,883,5,534,45,299,0,2023-09-07T16:45:19,2026-07-17T22:40:53
league3,CO,2.0,30-35,82o,1726,1655,50,21,0,0,2023-09-01T20:53:09,2026-07-20T21:13:52
league3,CO,2.0,30-35,82s,544,128,415,1,0,0,2023-09-04T09:39:11,2026-07-21T00:05:33
league3,CO,2.0,30-35,83o,1644,1551,72,21,0,0,2023-09-02T19:36:19,2026-07-19T20:22:07
league3,CO,2.0,30-35,83s,557,91,466,0,0,0,2023-09-08T15:14:02,2026-07-20T17:27:47
league3,CO,2.0,30-35,84o,1643,1344,275,24,0,0,2023-09-01T18:22:20,2026-07-20T06:41:20
league3,CO,2.0,30-35,84s,569,65,501,3,0,0,2023-09-06T16:26:16,2026-07-18T16:07:38
league3,CO,2.0,30-35,85o,1641,921,704,16,0,0,2023-09-05T15:53:30,2026-07-21T17:23:56
league3,CO,2.0,30-35,85s,556,29,526,1,0,0,2023-09-01T16:35:44,2026-07-20T20:40:45
league3,CO,2.0,30-35,86o,1758,400,1349,8,1,0,2023-09-02T07:29:43,2026-07-21T18:36:31
league3,CO,2.0,30-35,86s,580,7,572,1,0,0,2023-09-02T00:07:12,2026-07-21T18:35:40
league3,CO,2.0,30-35,87o,1725,140,1579,6,0,0,2023-09-02T12:32:49,2026-07-21T20:25:08
league3,CO,2.0,30-35,87s,574,8,556,9,1,0,2023-09-03T15:04:40,2026-07-17T21:08:20
league3,CO,2.0,30-35,88,866,5,410,80,371,0,2023-09-02T05:49:35,2026-07-19T20:31:40
league3,CO,2.0,30-35,92o,1783,1708,52,23,0,0,2023-09-02T10:29:00,2026-07-21T16:31:48
league3,CO,2.0,30-35,92s,606,128,477,1,0,0,2023-09-01T18:08:23,2026-07-08T20:39:01
league3,CO,2.0,30-35,93o,1686,1608,64,14,0,0,2023-09-02T09:31:43,2026-07-20T21:17:51
league3,CO,2.0,30-35,93s,567,104,458,5,0,0,2023-09-03T18:09:42,2026-07-21T16:47:05
league3,CO,2.0,30-35,94o,1673,1482,161,30,0,0,2023-09-01T13:39:18,2026-07-21T22:20:24
league3,CO,2.0,30-35,94s,590,74,512,4,0,0,2023-09-06T19:05:26,2026-07-18T22:06:20
league3,CO,2.0,30-35,95o,1627,1179,427,21,0,0,2023-09-01T01:12:51,2026-07-20T22:20:24
league3,CO,2.0,30-35,95s,643,48,595,0,0,0,2023-09-02T19:13:40,2026-07-20T21:35:45
league3,CO,2.0,30-35,96o,1727,670,1044,12,1,0,2023-09-02T16:34:37,2026-07-20T12:21:43
league3,CO,2.0,30-35,96s,569,16,552,1,0,0,2023-09-02T13:35:17,2026-07-18T14:53:15
league3,CO,2.0,30-35,97o,1734,316,1410,6,2,0,2023-09-01T18:03:12,2026-07-21T22:12:19
league3,CO,2.0,30-35,97s,605,11,586,7,1,0,2023-09-07T00:52:27,2026-07-20T13:04:21
league3,CO,2.0,30-35,98o,1764,121,1639,4,0,0,2023-09-03T18:05:18,2026-07-20T19:25:53
league3,CO,2.0,30-35,98s,585,6,563,12,4,0,2023-09-04T09:32:44,2026-07-20T17:22:43
league3,CO,2.0,30-35,99,897,6,230,170,491,0,2023-09-03T16:19:25,2026-07-20T18:02:26
league3,CO,2.0,30-35,A2o,1907,256,1302,316,33,0,2023-09-02T10:08:38,2026-07-21T11:42:45
league3,CO,2.0,30-35,A2s,635,8,499,100,28,0,2023-09-12T15:04:00,2026-07-19T15:25:51
league3,CO,2.0,30-35,A3o,1890,209,1334,309,38,0,2023-09-02T13:28:53,2026-07-21T15:41:14
league3,CO,2.0,30-35,A3s,613,4,473,94,42,0,2023-09-02T21:12:58,2026-07-20T22:04:27
league3,CO,2.0,30-35,A4o,1872,165,1380,272,55,0,2023-09-02T02:45:25,2026-07-21T16:48:17
league3,CO,2.0,30-35,A4s,601,8,456,92,45,0,2023-09-07T17:01:28,2026-07-17T15:29:29
league3,CO,2.0,30-35,A5o,1852,115,1401,266,70,0,2023-09-02T09:27:05,2026-07-21T23:12:02
league3,CO,2.0,30-35,A5s,629,8,460,109,52,0,2023-09-08T19:09:45,2026-07-18T21:16:07
league3,CO,2.0,30-35,A6o,1839,147,1511,125,56,0,2023-09-01T16:33:54,2026-07-21T18:35:21
league3,CO,2.0,30-35,A6s,624,6,566,26,26,0,2023-09-05T15:04:37,2026-07-16T18:48:01
league3,CO,2.0,30-35,A7o,1845,93,1603,99,50,0,2023-09-01T15:13:08,2026-07-20T08:46:34
league3,CO,2.0,30-35,A7s,653,4,592,25,32,0,2023-09-01T14:41:40,2026-07-20T17:02:19
league3,CO,2.0,30-35,A8o,1879,72,1642,71,94,0,2023-09-02T17:28:37,2026-07-21T18:51:23
league3,CO,2.0,30-35,A8s,615,5,535,29,46,0,2023-09-02T16:02:27,2026-07-21T21:52:12
league3,CO,2.0,30-35,A9o,1876,44,1571,132,129,0,2023-09-01T16:49:10,2026-07-21T22:08:15
league3,CO,2.0,30-35,A9s,600,8,514,37,41,0,2023-09-12T20:38:46,2026-07-20T21:44:32
league3,CO,2.0,30-35,AA,990,6,36,916,32,0,2023-09-04T16:49:36,2026-07-20T20:41:46
league3,CO,2.0,30-35,AJo,1941,17,843,524,557,0,2023-09-01T12:39:14,2026-07-21T19:10:13
league3,CO,2.0,30-35,AJs,622,5,279,177,161,0,2023-09-03T19:47:56,2026-07-19T15:30:39
league3,CO,2.0,30-35,AKo,1967,13,20,1052,882,0,2023-09-02T14:29:15,2026-07-21T15:48:35
league3,CO,2.0,30-35,AKs,615,5,9,383,218,0,2023-09-01T12:54:54,2026-07-19T00:27:01
league3,CO,2.0,30-35,AQo,1921,26,285,759,851,0,2023-09-01T20:28:13,2026-07-21T21:33:00
league3,CO,2.0,30-35,AQs,660,2,96,318,244,0,2023-09-02T18:31:50,2026-07-20T18:49:09
league3,CO,2.0,30-35,ATo,1927,20,1333,288,286,0,2023-09-03T16:47:00,2026-07-21T13:21:17
league3,CO,2.0,30-35,ATs,664,0,463,91,110,0,2023-09-04T23:39:43,2026-07-21T20:12:46
league3,CO,2.0,30-35,J2o,1764,1460,259,45,0,0,2023-09-01T23:23:47,2026-07-21T18:39:12
league3,CO,2.0,30-35,J2s,643,55,581,4,3,0,2023-09-02T13:20:00,2026-07-20T21:17:46
league3,CO,2.0,30-35,J3o,1720,1317,356,47,0,0,2023-09-01T17:16:41,2026-07-21T21:43:22
league3,CO,2.0,30-35,J3s,582,43,533,6,0,0,2023-09-04T19:21:09,2026-07-19T16:01:35
league3,CO,2.0,30-35,J4o,1738,1238,452,48,0,0,2023-09-01T19:25:17,2026-07-19T20:32:11
league3,CO,2.0,30-35,J4s,589,51,533,5,0,0,2023-09-03T18:03:58,2026-07-20T14:31:44
league3,CO,2.0,30-35,J5o,1716,1084,579,52,1,0,2023-09-03T06:11:49,2026-07-21T09:54:38
league3,CO,2.0,30-35,J5s,610,36,566,8,0,0,2023-09-04T19:08:34,2026-07-18T17:38:28
league3,CO,2.0,30-35,J6o,1713,899,793,21,0,0,2023-09-01T23:30:58,2026-07-21T22:06:48
league3,CO,2.0,30-35,J6s,613,23,583,5,2,0,2023-09-05T17:08:20,2026-07-21T07:31:54
league3,CO,2.0,30-35,J7o,1778,501,1253,23,1,0,2023-09-02T09:19:38,2026-07-19T20:41:24
league3,CO,2.0,30-35,J7s,611,12,593,5,1,0,2023-09-08T19:02:03,2026-07-19T09:06:20
league3,CO,2.0,30-35,J8o,1777,220,1544,11,2,0,2023-09-01T18:30:09,2026-07-21T23:46:16
league3,CO,2.0,30-35,J8s,586,9,561,10,6,0,2023-09-02T19:19:41,2026-07-21T20:24:37
league3,CO,2.0,30-35,J9o,1829,103,1717,9,0,0,2023-09-02T12:12:27,2026-07-20T12:02:21
league3,CO,2.0,30-35,J9s,621,3,605,4,9,0,2023-09-03T18:20:13,2026-07-18T18:25:38
league3,CO,2.0,30-35,JJ,957,4,34,621,298,0,2023-09-01T15:16:36,2026-07-19T19:39:24
league3,CO,2.0,30-35,JTo,1839,46,1765,19,9,0,2023-09-01T17:19:19,2026-07-21T15:22:23
league3,CO,2.0,30-35,JTs,631,3,575,23,30,0,2023-09-01T17:12:33,2026-07-18T21:51:43
league3,CO,2.0,30-35,K2o,1758,790,813,154,1,0,2023-09-02T02:30:26,2026-07-21T21:49:38
league3,CO,2.0,30-35,K2s,594,18,544,32,0,0,2023-09-03T19:42:25,2026-07-20T18:30:52
league3,CO,2.0,30-35,K3o,1762,708,904,147,3,0,2023-09-02T20:15:54,2026-07-21T22:46:29
league3,CO,2.0,30-35,K3s,610,20,546,40,4,0,2023-09-02T16:02:06,2026-07-18T18:09:16
league3,CO,2.0,30-35,K4o,1790,627,1015,148,0,0,2023-09-02T12:09:48,2026-07-21T15:16:42
league3,CO,2.0,30-35,K4s,577,11,533,29,4,0,2023-09-02T04:03:41,2026-07-21T16:21:00
league3,CO,2.0,30-35,K5o,1753,540,1070,141,2,0,2023-09-01T11:33:49,2026-07-21T22:26:16
league3,CO,2.0,30-35,K5s,595,15,550,25,5,0,2023-09-02T13:28:48,2026-07-21T00:51:21
league3,CO,2.0,30-35,K6o,1772,427,1245,99,1,0,2023-09-01T14:42:31,2026-07-21T17:32:13
league3,CO,2.0,30-35,K6s,603,14,573,12,4,0,2023-09-01T15:02:53,2026-07-18T20:27:42
league3,CO,2.0,30-35,K7o,1775,279,1443,52,1,0,2023-09-02T20:29:35,2026-07-21T09:13:42
league3,CO,2.0,30-35,K7s,601,9,578,11,3,0,2023-09-05T19:28:47,2026-07-21T06:13:58
league3,CO,2.0,30-35,K8o,1832,187,1603,37,5,0,2023-09-03T14:32:29,2026-07-19T20:02:10
league3,CO,2.0,30-35,K8s,600,7,582,9,2,0,2023-09-09T16:12:48,2026-07-21T17:05:13
league3,CO,2.0,30-35,K9o,1757,100,1620,30,7,0,2023-09-02T20:24:13,2026-07-21T21:41:02
league3,CO,2.0,30-35,K9s,585,4,562,11,8,0,2023-09-01T11:03:40,2026-07-21T17:33:24
league3,CO,2.0,30-35,KJo,1879,26,1656,122,75,0,2023-09-01T14:24:28,2026-07-21T19:27:38
league3,CO,2.0,30-35,KJs,629,5,500,75,49,0,2023-09-01T12:44:35,2026-07-21T17:11:05
league3,CO,2.0,30-35,KK,929,5,11,867,46,0,2023-09-01T20:09:40,2026-07-20T16:31:09
league3,CO,2.0,30-35,KQo,1913,18,1473,234,188,0,2023-09-01T19:13:33,2026-07-21T14:52:18
league3,CO,2.0,30-35,KQs,598,3,425,93,77,0,2023-09-04T19:10:18,2026-07-19T16:33:51
league3,CO,2.0,30-35,KTo,1878,37,1748,72,21,0,2023-09-02T14:25:47,2026-07-20T15:46:20
league3,CO,2.0,30-35,KTs,604,3,550,32,19,0,2023-09-03T21:51:46,2026-07-19T18:07:38
league3,CO,2.0,30-35,Q2o,1836,1234,510,89,3,0,2023-09-01T18:08:09,2026-07-21T17:41:47
league3,CO,2.0,30-35,Q2s,607,42,555,9,1,0,2023-09-02T18:37:15,2026-07-20T21:45:26
league3,CO,2.0,30-35,Q3o,1745,1073,586,83,3,0,2023-09-04T14:07:04,2026-07-21T21:19:39
league3,CO,2.0,30-35,Q3s,583,29,543,11,0,0,2023-09-04T14:33:01,2026-07-21T01:35:34
league3,CO,2.0,30-35,Q4o,1726,955,694,77,0,0,2023-09-03T16:22:21,2026-07-21T20:47:27
league3,CO,2.0,30-35,Q4s,635,34,594,5,2,0,2023-09-02T12:47:21,2026-07-19T12:07:25
league3,CO,2.0,30-35,Q5o,1839,874,870,95,0,0,2023-09-03T06:39:13,2026-07-21T19:53:03
league3,CO,2.0,30-35,Q5s,613,18,585,9,1,0,2023-09-01T19:32:00,2026-07-20T08:45:21
league3,CO,2.0,30-35,Q6o,1767,696,1016,55,0,0,2023-09-02T14:37:29,2026-07-20T15:05:08
league3,CO,2.0,30-35,Q6s,601,18,575,6,2,0,2023-09-11T15:50:08,2026-07-21T13:23:33
league3,CO,2.0,30-35,Q7o,1769,509,1220,40,0,0,2023-09-04T17:45:29,2026-07-21T16:24:07
league3,CO,2.0,30-35,Q7s,581,15,560,4,2,0,2023-09-01T20:46:49,2026-07-20T07:14:50
league3,CO,2.0,30-35,Q8o,1818,197,1596,24,1,0,2023-09-02T13:04:02,2026-07-19T18:23:29
league3,CO,2.0,30-35,Q8s,645,7,620,10,8,0,2023-09-01T10:54:20,2026-07-18T19:08:48
league3,CO,2.0,30-35,Q9o,1842,142,1687,8,5,0,2023-09-02T12:35:19,2026-07-20T20:30:34
league3,CO,2.0,30-35,Q9s,600,5,578,13,4,0,2023-09-06T11:34:25,2026-07-20T03:43:15
league3,CO,2.0,30-35,QJo,1819,26,1731,37,25,0,2023-09-02T19:21:10,2026-07-21T12:19:20
league3,CO,2.0,30-35,QJs,625,7,550,30,38,0,2023-09-02T16:38:09,2026-07-19T00:33:33
league3,CO,2.0,30-35,QQ,936,2,7,781,146,0,2023-09-04T17:08:43,2026-07-18T13:18:15
league3,CO,2.0,30-35,QTo,1876,36,1796,33,11,0,2023-09-03T00:31:54,2026-07-21T07:46:26
league3,CO,2.0,30-35,QTs,637,4,591,24,18,0,2023-09-01T11:43:57,2026-07-21T23:40:40
league3,CO,2.0,30-35,T2o,1680,1557,91,31,1,0,2023-09-02T00:52:19,2026-07-21T19:19:20
league3,CO,2.0,30-35,T2s,574,94,474,6,0,0,2023-09-02T18:51:01,2026-07-20T20:11:43
league3,CO,2.0,30-35,T3o,1754,1626,106,22,0,0,2023-09-01T19:37:51,2026-07-21T15:23:36
league3,CO,2.0,30-35,T3s,560,77,479,4,0,0,2023-09-04T07:07:25,2026-07-21T01:08:25
league3,CO,2.0,30-35,T4o,1727,1504,209,14,0,0,2023-09-01T18:37:51,2026-07-21T19:15:50
league3,CO,2.0,30-35,T4s,567,58,508,1,0,0,2023-09-02T19:08:34,2026-07-21T01:30:13
league3,CO,2.0,30-35,T5o,1759,1420,315,24,0,0,2023-09-05T13:26:53,2026-07-21T18:03:28
league3,CO,2.0,30-35,T5s,614,53,560,1,0,0,2023-09-03T20:35:40,2026-07-18T17:49:54
league3,CO,2.0,30-35,T6o,1748,894,833,21,0,0,2023-09-02T09:38:50,2026-07-20T20:04:09
league3,CO,2.0,30-35,T6s,609,21,586,2,0,0,2023-09-01T15:50:16,2026-07-20T20:47:57
league3,CO,2.0,30-35,T7o,1767,452,1305,9,1,0,2023-09-01T18:06:39,2026-07-19T17:01:21
league3,CO,2.0,30-35,T7s,575,10,560,4,1,0,2023-09-03T13:38:39,2026-07-18T12:42:09
league3,CO,2.0,30-35,T8o,1767,192,1561,12,2,0,2023-09-01T21:38:02,2026-07-21T12:18:54
league3,CO,2.0,30-35,T8s,627,13,608,3,3,0,2023-09-04T18:54:56,2026-07-18T20:33:22
league3,CO,2.0,30-35,T9o,1823,70,1745,8,0,0,2023-09-02T18:03:02,2026-07-21T20:50:17
league3,CO,2.0,30-35,T9s,574,5,549,8,12,0,2023-09-05T23:26:07,2026-07-21T17:23:31
league3,CO,2.0,30-35,TT,922,2,96,367,457,0,2023-09-02T16:22:11,2026-07-20T20:27:24
league3,CO,2.0,35-40,__MISSING__,26767,9296,14670,2262,539,0,2023-09-01T05:43:07,2026-07-21T22:47:26
league3,CO,2.0,35-40,22,765,5,701,9,50,0,2023-09-05T17:15:46,2026-07-20T23:27:54
league3,CO,2.0,35-40,32o,1494,1291,192,11,0,0,2023-09-03T11:31:06,2026-07-21T13:49:20
league3,CO,2.0,35-40,32s,520,69,449,2,0,0,2023-09-01T15:14:24,2026-07-18T15:48:27
league3,CO,2.0,35-40,33,735,5,661,7,62,0,2023-09-04T11:37:49,2026-07-19T20:32:18
league3,CO,2.0,35-40,42o,1424,1247,165,12,0,0,2023-09-01T16:41:02,2026-07-20T17:08:20
league3,CO,2.0,35-40,42s,517,73,443,1,0,0,2023-09-02T20:18:18,2026-07-20T06:23:49
league3,CO,2.0,35-40,43o,1430,811,612,7,0,0,2023-09-03T12:40:22,2026-07-20T20:20:05
league3,CO,2.0,35-40,43s,509,25,483,0,1,0,2023-09-01T20:18:27,2026-07-20T19:15:51
league3,CO,2.0,35-40,44,743,9,657,9,68,0,2023-09-01T19:32:52,2026-07-19T10:51:13
league3,CO,2.0,35-40,52o,1452,1273,164,15,0,0,2023-09-02T10:54:07,2026-07-20T22:35:20
league3,CO,2.0,35-40,52s,496,62,431,3,0,0,2023-09-05T21:23:01,2026-07-18T16:45:48
league3,CO,2.0,35-40,53o,1473,938,524,11,0,0,2023-09-02T10:02:43,2026-07-21T21:45:04
league3,CO,2.0,35-40,53s,495,33,461,1,0,0,2023-09-04T13:22:35,2026-07-19T17:10:35
league3,CO,2.0,35-40,54o,1503,379,1119,5,0,0,2023-09-02T10:28:25,2026-07-21T20:10:04
league3,CO,2.0,35-40,54s,474,9,461,4,0,0,2023-09-11T09:39:51,2026-07-20T18:48:40
league3,CO,2.0,35-40,55,730,5,618,13,94,0,2023-09-03T16:09:07,2026-07-20T22:51:24
league3,CO,2.0,35-40,62o,1412,1310,82,20,0,0,2023-09-02T07:06:35,2026-07-21T20:01:00
league3,CO,2.0,35-40,62s,502,89,412,1,0,0,2023-09-04T14:48:24,2026-07-21T20:18:07
league3,CO,2.0,35-40,63o,1474,1118,333,22,1,0,2023-09-01T08:50:48,2026-07-21T11:53:03
league3,CO,2.0,35-40,63s,480,37,442,1,0,0,2023-09-02T16:54:26,2026-07-16T20:04:30
league3,CO,2.0,35-40,64o,1477,662,805,10,0,0,2023-09-02T14:11:00,2026-07-20T21:53:48
league3,CO,2.0,35-40,64s,504,24,480,0,0,0,2023-09-04T16:26:34,2026-07-20T20:28:58
league3,CO,2.0,35-40,65o,1458,226,1231,1,0,0,2023-09-02T13:44:48,2026-07-21T02:37:26
league3,CO,2.0,35-40,65s,532,4,517,11,0,0,2023-09-03T15:25:46,2026-07-18T22:24:46
league3,CO,2.0,35-40,66,720,2,591,26,101,0,2023-09-05T18:18:05,2026-07-20T16:51:59
league3,CO,2.0,35-40,72o,1441,1390,29,22,0,0,2023-09-04T18:36:23,2026-07-20T22:42:01
league3,CO,2.0,35-40,72s,517,109,406,2,0,0,2023-09-02T14:18:52,2026-07-20T20:05:53
league3,CO,2.0,35-40,73o,1470,1333,115,22,0,0,2023-09-01T18:33:26,2026-07-21T20:14:48
league3,CO,2.0,35-40,73s,489,69,415,5,0,0,2023-09-05T05:15:55,2026-07-17T17:44:36
league3,CO,2.0,35-40,74o,1521,1004,500,17,0,0,2023-09-01T07:13:28,2026-07-21T22:42:22
league3,CO,2.0,35-40,74s,523,31,491,1,0,0,2023-09-01T10:01:42,2026-07-21T20:35:04
league3,CO,2.0,35-40,75o,1516,513,994,9,0,0,2023-09-03T11:23:04,2026-07-21T19:17:12
league3,CO,2.0,35-40,75s,487,12,472,3,0,0,2023-09-03T16:38:45,2026-07-20T17:08:35
league3,CO,2.0,35-40,76o,1460,156,1300,4,0,0,2023-09-01T19:05:18,2026-07-20T18:35:38
league3,CO,2.0,35-40,76s,486,8,466,12,0,0,2023-09-03T11:33:39,2026-07-21T20:20:48
league3,CO,2.0,35-40,77,790,1,584,37,168,0,2023-09-03T06:28:40,2026-07-20T07:46:51
league3,CO,2.0,35-40,82o,1411,1357,35,19,0,0,2023-09-02T04:32:27,2026-07-21T13:41:09
league3,CO,2.0,35-40,82s,512,115,393,4,0,0,2023-09-09T19:10:53,2026-07-18T23:31:47
league3,CO,2.0,35-40,83o,1423,1310,87,25,1,0,2023-09-02T14:04:43,2026-07-20T19:22:14
league3,CO,2.0,35-40,83s,509,84,423,2,0,0,2023-09-04T12:19:54,2026-07-17T21:42:38
league3,CO,2.0,35-40,84o,1385,1133,236,16,0,0,2023-09-01T13:43:34,2026-07-21T15:11:06
league3,CO,2.0,35-40,84s,481,44,433,2,2,0,2023-09-03T20:03:00,2026-07-15T19:41:19
league3,CO,2.0,35-40,85o,1438,770,656,12,0,0,2023-09-02T14:10:55,2026-07-21T21:41:35
league3,CO,2.0,35-40,85s,481,22,456,3,0,0,2023-09-04T09:25:18,2026-07-20T17:34:04
league3,CO,2.0,35-40,86o,1533,367,1159,7,0,0,2023-09-01T16:26:48,2026-07-20T19:47:53
league3,CO,2.0,35-40,86s,498,10,485,3,0,0,2023-09-07T17:26:53,2026-07-17T23:17:04
league3,CO,2.0,35-40,87o,1519,98,1419,2,0,0,2023-09-01T13:04:30,2026-07-20T18:09:58
league3,CO,2.0,35-40,87s,505,5,486,13,1,0,2023-09-01T16:31:19,2026-07-19T23:05:21
league3,CO,2.0,35-40,88,790,3,459,117,211,0,2023-09-01T16:16:27,2026-07-20T21:38:17
league3,CO,2.0,35-40,92o,1513,1447,45,21,0,0,2023-09-01T14:31:12,2026-07-21T11:28:50
league3,CO,2.0,35-40,92s,488,102,384,2,0,0,2023-09-05T10:39:43,2026-07-19T17:40:40
league3,CO,2.0,35-40,93o,1439,1352,73,14,0,0,2023-09-02T16:02:06,2026-07-21T07:29:00
league3,CO,2.0,35-40,93s,487,78,408,1,0,0,2023-09-05T14:14:11,2026-07-20T22:10:04
league3,CO,2.0,35-40,94o,1461,1286,151,24,0,0,2023-09-02T09:35:51,2026-07-21T13:34:51
league3,CO,2.0,35-40,94s,472,51,416,5,0,0,2023-09-02T17:49:46,2026-07-20T00:15:14
league3,CO,2.0,35-40,95o,1452,1059,378,15,0,0,2023-09-03T13:17:45,2026-07-21T11:25:30
league3,CO,2.0,35-40,95s,478,30,447,1,0,0,2023-09-04T16:22:31,2026-07-21T11:10:16
league3,CO,2.0,35-40,96o,1468,561,890,16,1,0,2023-09-02T01:41:24,2026-07-21T21:28:23
league3,CO,2.0,35-40,96s,488,12,474,1,1,0,2023-09-02T14:03:00,2026-07-17T20:47:20
league3,CO,2.0,35-40,97o,1522,297,1214,11,0,0,2023-09-03T23:29:01,2026-07-20T14:14:20
league3,CO,2.0,35-40,97s,541,12,527,2,0,0,2023-09-07T17:27:28,2026-07-20T17:54:09
league3,CO,2.0,35-40,98o,1564,104,1455,5,0,0,2023-09-01T23:23:54,2026-07-21T18:22:09
league3,CO,2.0,35-40,98s,533,4,523,6,0,0,2023-09-02T13:42:49,2026-07-20T21:50:47
league3,CO,2.0,35-40,99,759,6,281,237,235,0,2023-09-01T18:53:42,2026-07-21T13:37:36
league3,CO,2.0,35-40,A2o,1526,197,1024,295,10,0,2023-09-01T18:26:01,2026-07-21T17:12:31
league3,CO,2.0,35-40,A2s,551,8,431,104,8,0,2023-09-07T18:41:31,2026-07-20T17:29:03
league3,CO,2.0,35-40,A3o,1541,151,1068,311,11,0,2023-09-02T12:43:34,2026-07-20T22:23:32
league3,CO,2.0,35-40,A3s,566,6,451,101,8,0,2023-09-08T15:49:00,2026-07-19T10:15:59
league3,CO,2.0,35-40,A4o,1577,129,1113,315,20,0,2023-09-01T17:52:40,2026-07-20T19:22:08
league3,CO,2.0,35-40,A4s,530,7,421,92,10,0,2023-09-01T17:06:41,2026-07-18T18:13:04
league3,CO,2.0,35-40,A5o,1533,107,1085,325,16,0,2023-09-04T17:05:17,2026-07-20T19:33:25
league3,CO,2.0,35-40,A5s,534,4,410,103,17,0,2023-09-01T14:15:41,2026-07-19T23:41:04
league3,CO,2.0,35-40,A6o,1598,110,1348,125,15,0,2023-09-01T15:41:39,2026-07-21T20:13:02
league3,CO,2.0,35-40,A6s,503,4,464,25,10,0,2023-09-02T20:34:20,2026-07-20T21:11:58
league3,CO,2.0,35-40,A7o,1633,92,1415,109,17,0,2023-09-02T08:12:27,2026-07-21T20:07:01
league3,CO,2.0,35-40,A7s,510,4,464,31,11,0,2023-09-02T20:42:48,2026-07-21T22:17:11
league3,CO,2.0,35-40,A8o,1556,66,1338,123,29,0,2023-09-01T20:25:55,2026-07-20T21:23:26
league3,CO,2.0,35-40,A8s,517,3,458,42,14,0,2023-09-05T10:25:23,2026-07-20T16:50:39
league3,CO,2.0,35-40,A9o,1597,41,1383,121,52,0,2023-09-02T15:24:49,2026-07-20T19:16:46
league3,CO,2.0,35-40,A9s,501,4,429,48,20,0,2023-09-09T17:15:55,2026-07-16T02:08:49
league3,CO,2.0,35-40,AA,752,2,16,718,16,0,2023-09-02T14:48:42,2026-07-19T21:46:56
league3,CO,2.0,35-40,AJo,1606,12,747,630,217,0,2023-09-02T19:42:08,2026-07-21T20:21:22
league3,CO,2.0,35-40,AJs,566,2,286,211,67,0,2023-09-02T10:10:52,2026-07-17T20:39:48
league3,CO,2.0,35-40,AKo,1638,15,21,1155,447,0,2023-09-01T14:11:53,2026-07-20T21:44:29
league3,CO,2.0,35-40,AKs,544,5,4,431,104,0,2023-09-01T15:33:08,2026-07-19T12:42:35
league3,CO,2.0,35-40,AQo,1591,8,279,913,391,0,2023-09-02T20:38:00,2026-07-21T18:45:10
league3,CO,2.0,35-40,AQs,552,3,105,323,121,0,2023-09-05T15:01:00,2026-07-19T10:42:56
league3,CO,2.0,35-40,ATo,1642,17,1185,325,115,0,2023-09-02T09:45:34,2026-07-21T21:21:39
league3,CO,2.0,35-40,ATs,577,8,401,117,51,0,2023-09-10T20:10:17,2026-07-19T17:10:26
league3,CO,2.0,35-40,J2o,1435,1174,209,52,0,0,2023-09-02T14:50:48,2026-07-21T18:41:56
league3,CO,2.0,35-40,J2s,484,46,434,4,0,0,2023-09-04T18:13:34,2026-07-20T18:36:48
league3,CO,2.0,35-40,J3o,1506,1128,328,50,0,0,2023-09-01T19:35:44,2026-07-20T20:24:47
league3,CO,2.0,35-40,J3s,518,38,471,8,1,0,2023-09-01T16:10:56,2026-07-21T14:22:13
league3,CO,2.0,35-40,J4o,1470,999,418,53,0,0,2023-09-02T00:27:09,2026-07-21T05:49:35
league3,CO,2.0,35-40,J4s,517,34,475,7,1,0,2023-09-01T18:15:51,2026-07-19T19:53:49
league3,CO,2.0,35-40,J5o,1480,956,478,45,1,0,2023-09-05T17:23:49,2026-07-19T23:08:42
league3,CO,2.0,35-40,J5s,508,24,479,5,0,0,2023-09-08T17:08:41,2026-07-19T16:29:19
league3,CO,2.0,35-40,J6o,1538,790,708,40,0,0,2023-09-02T09:41:23,2026-07-20T22:01:01
league3,CO,2.0,35-40,J6s,510,21,486,3,0,0,2023-09-02T15:19:17,2026-07-16T12:33:29
league3,CO,2.0,35-40,J7o,1577,423,1128,26,0,0,2023-09-01T15:27:41,2026-07-19T19:51:45
league3,CO,2.0,35-40,J7s,525,11,512,2,0,0,2023-09-02T09:11:11,2026-07-20T18:50:02
league3,CO,2.0,35-40,J8o,1520,170,1338,12,0,0,2023-09-02T17:22:11,2026-07-21T07:33:21
league3,CO,2.0,35-40,J8s,518,12,495,8,3,0,2023-09-04T16:38:43,2026-07-17T19:05:09
league3,CO,2.0,35-40,J9o,1544,82,1449,13,0,0,2023-09-05T19:23:28,2026-07-19T21:48:08
league3,CO,2.0,35-40,J9s,517,3,500,13,1,0,2023-09-05T16:38:09,2026-07-19T17:53:04
league3,CO,2.0,35-40,JJ,838,7,25,639,167,0,2023-09-07T19:10:06,2026-07-19T18:22:03
league3,CO,2.0,35-40,JTo,1551,33,1492,21,5,0,2023-09-01T18:34:56,2026-07-20T20:12:15
league3,CO,2.0,35-40,JTs,522,6,470,35,11,0,2023-09-05T16:17:07,2026-07-20T18:38:33
league3,CO,2.0,35-40,K2o,1471,618,699,154,0,0,2023-09-02T07:27:30,2026-07-21T17:09:28
league3,CO,2.0,35-40,K2s,528,20,466,41,1,0,2023-09-02T13:13:19,2026-07-17T18:39:53
league3,CO,2.0,35-40,K3o,1530,581,792,156,1,0,2023-09-01T18:29:52,2026-07-21T15:17:29
league3,CO,2.0,35-40,K3s,533,16,474,42,1,0,2023-09-05T15:32:59,2026-07-20T19:02:35
league3,CO,2.0,35-40,K4o,1496,485,832,176,3,0,2023-09-02T18:51:26,2026-07-21T17:19:17
league3,CO,2.0,35-40,K4s,493,5,465,22,1,0,2023-09-05T16:35:03,2026-07-20T19:07:02
league3,CO,2.0,35-40,K5o,1558,421,1002,134,1,0,2023-09-01T20:23:22,2026-07-21T20:34:13
league3,CO,2.0,35-40,K5s,545,17,493,32,3,0,2023-09-08T20:26:00,2026-07-20T19:02:12
league3,CO,2.0,35-40,K6o,1554,336,1124,93,1,0,2023-09-03T17:13:35,2026-07-19T19:46:15
league3,CO,2.0,35-40,K6s,523,7,489,23,4,0,2023-09-05T10:40:56,2026-07-21T20:49:23
league3,CO,2.0,35-40,K7o,1573,240,1281,51,1,0,2023-09-02T12:44:43,2026-07-21T17:30:52
league3,CO,2.0,35-40,K7s,479,4,456,16,3,0,2023-09-03T19:14:04,2026-07-18T16:48:07
league3,CO,2.0,35-40,K8o,1500,145,1312,43,0,0,2023-09-01T16:37:39,2026-07-21T20:54:51
league3,CO,2.0,35-40,K8s,542,4,529,9,0,0,2023-09-02T20:17:37,2026-07-21T20:11:27
league3,CO,2.0,35-40,K9o,1552,88,1433,30,1,0,2023-09-01T14:40:17,2026-07-21T00:41:50
league3,CO,2.0,35-40,K9s,511,2,496,12,1,0,2023-09-05T19:18:51,2026-07-15T00:20:29
league3,CO,2.0,35-40,KJo,1629,22,1418,159,30,0,2023-09-02T18:32:55,2026-07-21T19:25:18
league3,CO,2.0,35-40,KJs,550,3,482,53,12,0,2023-09-08T13:47:09,2026-07-21T19:53:54
league3,CO,2.0,35-40,KK,785,4,6,755,20,0,2023-09-02T17:49:13,2026-07-20T16:25:41
league3,CO,2.0,35-40,KQo,1592,18,1238,269,67,0,2023-09-02T15:03:00,2026-07-21T06:36:37
league3,CO,2.0,35-40,KQs,512,4,353,125,30,0,2023-09-01T15:26:37,2026-07-21T13:17:32
league3,CO,2.0,35-40,KTo,1592,24,1513,47,8,0,2023-09-02T01:28:12,2026-07-21T18:21:35
league3,CO,2.0,35-40,KTs,543,3,506,24,10,0,2023-09-05T19:01:01,2026-07-18T07:15:43
league3,CO,2.0,35-40,Q2o,1456,953,421,81,1,0,2023-09-01T12:10:32,2026-07-19T09:28:28
league3,CO,2.0,35-40,Q2s,498,32,458,8,0,0,2023-09-08T22:49:16,2026-07-19T17:14:02
league3,CO,2.0,35-40,Q3o,1543,937,534,72,0,0,2023-09-01T17:36:51,2026-07-18T19:06:55
league3,CO,2.0,35-40,Q3s,518,20,489,9,0,0,2023-09-06T19:50:08,2026-07-20T16:08:44
league3,CO,2.0,35-40,Q4o,1456,805,564,87,0,0,2023-09-01T13:28:53,2026-07-20T03:30:16
league3,CO,2.0,35-40,Q4s,507,30,465,12,0,0,2023-09-03T16:24:08,2026-07-17T07:10:11
league3,CO,2.0,35-40,Q5o,1559,727,747,85,0,0,2023-09-01T17:19:07,2026-07-19T19:37:33
league3,CO,2.0,35-40,Q5s,513,12,492,9,0,0,2023-09-01T21:53:22,2026-07-21T13:41:54
league3,CO,2.0,35-40,Q6o,1455,542,870,42,1,0,2023-09-02T12:44:35,2026-07-20T19:54:31
league3,CO,2.0,35-40,Q6s,524,15,501,6,2,0,2023-09-02T18:50:19,2026-07-20T15:27:18
league3,CO,2.0,35-40,Q7o,1510,416,1075,19,0,0,2023-09-01T16:12:48,2026-07-21T20:29:22
league3,CO,2.0,35-40,Q7s,513,7,501,5,0,0,2023-09-01T19:23:43,2026-07-21T21:05:22
league3,CO,2.0,35-40,Q8o,1475,206,1241,27,1,0,2023-09-02T17:19:22,2026-07-21T06:25:47
league3,CO,2.0,35-40,Q8s,530,5,512,10,3,0,2023-09-02T09:38:37,2026-07-16T18:03:33
league3,CO,2.0,35-40,Q9o,1561,124,1418,19,0,0,2023-09-03T16:36:34,2026-07-21T18:54:24
league3,CO,2.0,35-40,Q9s,526,3,507,12,4,0,2023-09-02T13:29:04,2026-07-20T16:16:16
league3,CO,2.0,35-40,QJo,1638,21,1557,55,5,0,2023-09-01T07:40:09,2026-07-21T22:25:55
league3,CO,2.0,35-40,QJs,532,6,485,28,13,0,2023-09-03T22:35:51,2026-07-17T17:27:50
league3,CO,2.0,35-40,QQ,741,7,5,687,42,0,2023-09-05T16:40:34,2026-07-21T20:11:39
league3,CO,2.0,35-40,QTo,1598,36,1527,33,2,0,2023-09-01T16:45:13,2026-07-21T17:25:22
league3,CO,2.0,35-40,QTs,494,2,465,21,6,0,2023-09-06T15:49:08,2026-07-21T12:29:47
league3,CO,2.0,35-40,T2o,1476,1373,86,17,0,0,2023-09-02T11:01:48,2026-07-20T20:14:13
league3,CO,2.0,35-40,T2s,530,80,447,3,0,0,2023-09-02T21:31:45,2026-07-19T11:26:05
league3,CO,2.0,35-40,T3o,1465,1326,114,25,0,0,2023-09-02T18:09:36,2026-07-21T22:02:12
league3,CO,2.0,35-40,T3s,504,73,428,3,0,0,2023-09-01T14:36:23,2026-07-21T21:35:17
league3,CO,2.0,35-40,T4o,1550,1331,199,20,0,0,2023-09-02T18:36:54,2026-07-21T11:41:22
league3,CO,2.0,35-40,T4s,491,54,435,2,0,0,2023-09-02T13:41:20,2026-07-17T20:19:49
league3,CO,2.0,35-40,T5o,1379,1076,278,25,0,0,2023-09-04T17:11:25,2026-07-20T00:46:18
league3,CO,2.0,35-40,T5s,504,33,467,4,0,0,2023-09-03T19:32:45,2026-07-19T20:13:48
league3,CO,2.0,35-40,T6o,1458,717,727,14,0,0,2023-09-03T18:37:35,2026-07-21T19:35:22
league3,CO,2.0,35-40,T6s,469,22,445,2,0,0,2023-09-02T19:31:29,2026-07-21T11:41:47
league3,CO,2.0,35-40,T7o,1519,369,1137,13,0,0,2023-09-03T18:46:36,2026-07-21T15:43:16
league3,CO,2.0,35-40,T7s,515,10,501,4,0,0,2023-09-03T07:44:12,2026-07-08T23:19:13
league3,CO,2.0,35-40,T8o,1564,161,1396,7,0,0,2023-09-01T14:28:10,2026-07-21T19:47:35
league3,CO,2.0,35-40,T8s,559,6,549,4,0,0,2023-09-03T09:01:22,2026-07-21T16:20:44
league3,CO,2.0,35-40,T9o,1600,64,1525,11,0,0,2023-09-02T10:54:19,2026-07-21T22:24:24
league3,CO,2.0,35-40,T9s,531,2,509,15,5,0,2023-09-01T18:36:40,2026-07-20T23:43:58
league3,CO,2.0,35-40,TT,792,8,100,448,236,0,2023-09-03T21:11:35,2026-07-20T19:25:19
league3,CO,2.5,25-30,__MISSING__,2054,1337,618,27,72,0,2023-09-01T21:13:05,2026-07-21T18:15:22
league3,CO,2.5,25-30,22,109,9,83,0,17,0,2023-09-16T15:24:34,2026-07-20T19:10:52
league3,CO,2.5,25-30,32o,180,176,4,0,0,0,2023-09-01T21:40:23,2026-07-12T19:43:00
league3,CO,2.5,25-30,32s,63,34,29,0,0,0,2023-09-19T15:17:34,2026-06-06T19:02:14
league3,CO,2.5,25-30,33,90,2,70,0,18,0,2023-09-21T10:46:02,2026-06-22T17:21:47
league3,CO,2.5,25-30,42o,180,179,1,0,0,0,2023-09-03T22:26:47,2026-07-16T09:27:27
league3,CO,2.5,25-30,42s,54,35,19,0,0,0,2023-09-12T19:35:55,2026-06-16T18:29:54
league3,CO,2.5,25-30,43o,198,189,9,0,0,0,2023-09-10T16:46:14,2026-07-13T17:12:23
league3,CO,2.5,25-30,43s,67,27,40,0,0,0,2023-09-03T19:08:49,2026-07-13T21:32:44
league3,CO,2.5,25-30,44,82,3,59,0,20,0,2023-09-03T14:05:09,2026-07-05T23:33:41
league3,CO,2.5,25-30,52o,179,177,1,1,0,0,2023-09-03T21:29:52,2026-07-20T18:50:34
league3,CO,2.5,25-30,52s,72,41,31,0,0,0,2023-09-23T18:54:10,2026-07-03T23:30:48
league3,CO,2.5,25-30,53o,186,175,11,0,0,0,2023-09-02T10:27:41,2026-07-18T15:08:51
league3,CO,2.5,25-30,53s,66,35,31,0,0,0,2023-09-12T09:31:27,2026-06-22T21:40:52
league3,CO,2.5,25-30,54o,196,163,33,0,0,0,2023-09-02T03:35:37,2026-07-17T19:06:21
league3,CO,2.5,25-30,54s,64,11,53,0,0,0,2023-09-05T04:51:13,2026-06-13T13:24:06
league3,CO,2.5,25-30,55,96,2,57,1,36,0,2023-09-14T09:36:38,2026-07-15T09:54:39
league3,CO,2.5,25-30,62o,169,168,0,1,0,0,2023-09-02T11:54:42,2026-07-12T01:03:12
league3,CO,2.5,25-30,62s,79,56,23,0,0,0,2023-09-13T19:43:09,2026-07-14T19:39:43
league3,CO,2.5,25-30,63o,181,175,6,0,0,0,2023-09-04T18:17:01,2026-07-11T21:32:53
league3,CO,2.5,25-30,63s,61,35,26,0,0,0,2023-10-07T15:54:33,2026-06-06T20:24:10
league3,CO,2.5,25-30,64o,191,169,22,0,0,0,2023-09-07T20:48:52,2026-07-17T20:24:37
league3,CO,2.5,25-30,64s,66,27,39,0,0,0,2023-09-04T21:19:19,2026-07-15T11:32:14
league3,CO,2.5,25-30,65o,197,158,39,0,0,0,2023-09-12T18:09:17,2026-07-20T20:35:36
league3,CO,2.5,25-30,65s,58,6,52,0,0,0,2024-01-09T14:06:22,2026-06-27T20:48:52
league3,CO,2.5,25-30,66,92,2,54,1,35,0,2023-09-05T00:47:54,2026-06-28T19:38:24
league3,CO,2.5,25-30,72o,168,167,1,0,0,0,2023-09-03T12:01:33,2026-07-14T14:22:09
league3,CO,2.5,25-30,72s,69,61,8,0,0,0,2023-10-10T23:12:48,2026-06-20T14:23:25
league3,CO,2.5,25-30,73o,196,195,1,0,0,0,2023-09-04T18:54:59,2026-07-20T10:04:55
league3,CO,2.5,25-30,73s,78,57,21,0,0,0,2023-09-02T19:39:22,2026-07-12T19:15:18
league3,CO,2.5,25-30,74o,205,197,7,1,0,0,2023-09-08T17:31:04,2026-07-12T01:03:34
league3,CO,2.5,25-30,74s,61,29,32,0,0,0,2023-09-07T11:38:45,2026-07-07T20:21:14
league3,CO,2.5,25-30,75o,191,167,24,0,0,0,2023-09-03T19:47:36,2026-07-16T17:14:14
league3,CO,2.5,25-30,75s,75,13,61,0,1,0,2023-09-10T20:38:22,2026-07-11T07:26:26
league3,CO,2.5,25-30,76o,174,113,60,1,0,0,2023-09-07T01:21:26,2026-07-06T16:10:33
league3,CO,2.5,25-30,76s,55,3,52,0,0,0,2023-09-26T12:21:16,2026-07-12T14:33:42
league3,CO,2.5,25-30,77,113,1,59,0,53,0,2023-09-10T20:05:47,2026-07-21T22:34:49
league3,CO,2.5,25-30,82o,206,206,0,0,0,0,2023-09-06T13:28:13,2026-07-18T20:29:05
league3,CO,2.5,25-30,82s,72,57,15,0,0,0,2023-09-21T03:13:55,2026-06-20T17:46:31
league3,CO,2.5,25-30,83o,193,192,1,0,0,0,2023-10-05T06:33:11,2026-07-15T19:05:48
league3,CO,2.5,25-30,83s,65,47,18,0,0,0,2023-09-09T20:15:00,2026-07-18T13:46:06
league3,CO,2.5,25-30,84o,168,167,1,0,0,0,2023-09-02T15:23:59,2026-06-11T20:01:01
league3,CO,2.5,25-30,84s,67,33,34,0,0,0,2023-10-03T03:05:38,2026-07-05T14:27:27
league3,CO,2.5,25-30,85o,222,217,5,0,0,0,2023-09-03T16:04:15,2026-07-20T13:25:11
league3,CO,2.5,25-30,85s,65,24,41,0,0,0,2023-09-20T09:02:23,2026-05-07T12:05:06
league3,CO,2.5,25-30,86o,208,172,36,0,0,0,2023-09-16T08:43:04,2026-07-21T19:19:35
league3,CO,2.5,25-30,86s,65,10,55,0,0,0,2023-11-04T15:46:44,2026-07-06T10:02:16
league3,CO,2.5,25-30,87o,179,105,74,0,0,0,2023-09-24T00:10:00,2026-07-18T18:40:39
league3,CO,2.5,25-30,87s,92,2,89,1,0,0,2023-09-17T11:26:32,2026-07-19T17:28:03
league3,CO,2.5,25-30,88,95,1,39,2,53,0,2023-09-06T18:35:38,2026-07-16T14:30:34
league3,CO,2.5,25-30,92o,208,207,1,0,0,0,2023-09-10T19:24:00,2026-07-17T22:01:57
league3,CO,2.5,25-30,92s,81,67,14,0,0,0,2023-09-02T10:06:47,2026-06-11T17:53:25
league3,CO,2.5,25-30,93o,218,216,2,0,0,0,2023-09-01T13:42:11,2026-07-19T18:02:09
league3,CO,2.5,25-30,93s,66,49,17,0,0,0,2023-09-02T20:43:08,2026-07-09T17:47:26
league3,CO,2.5,25-30,94o,189,189,0,0,0,0,2023-09-19T07:32:50,2026-06-09T18:31:16
league3,CO,2.5,25-30,94s,63,36,27,0,0,0,2023-09-08T19:13:56,2026-06-29T18:42:39
league3,CO,2.5,25-30,95o,171,169,2,0,0,0,2023-09-09T00:27:48,2026-07-10T03:31:38
league3,CO,2.5,25-30,95s,72,37,35,0,0,0,2023-09-28T20:49:56,2026-06-12T19:39:23
league3,CO,2.5,25-30,96o,202,189,13,0,0,0,2023-09-08T22:19:47,2026-07-20T12:38:04
league3,CO,2.5,25-30,96s,67,16,51,0,0,0,2023-09-22T00:06:08,2026-07-18T20:05:20
league3,CO,2.5,25-30,97o,181,142,39,0,0,0,2023-09-10T01:26:46,2026-07-19T20:35:28
league3,CO,2.5,25-30,97s,61,10,51,0,0,0,2023-11-11T13:39:13,2026-07-20T18:09:36
league3,CO,2.5,25-30,98o,217,96,121,0,0,0,2023-09-13T15:27:52,2026-07-11T09:45:31
league3,CO,2.5,25-30,98s,50,1,48,0,1,0,2023-09-10T17:07:48,2026-07-08T15:54:10
league3,CO,2.5,25-30,99,88,1,16,3,68,0,2023-10-10T23:39:00,2026-07-11T19:30:50
league3,CO,2.5,25-30,A2o,212,115,87,6,4,0,2023-09-01T19:43:07,2026-07-16T17:29:15
league3,CO,2.5,25-30,A2s,65,6,54,4,1,0,2023-09-05T20:20:33,2026-07-04T15:36:57
league3,CO,2.5,25-30,A3o,181,99,74,5,3,0,2023-09-05T23:13:46,2026-07-13T17:54:30
league3,CO,2.5,25-30,A3s,76,3,62,3,8,0,2023-09-13T16:28:49,2026-07-06T15:44:26
league3,CO,2.5,25-30,A4o,200,93,93,7,7,0,2023-09-03T07:26:54,2026-07-19T22:04:39
league3,CO,2.5,25-30,A4s,74,2,64,2,6,0,2023-09-18T16:13:55,2026-07-15T20:22:09
league3,CO,2.5,25-30,A5o,199,83,102,3,11,0,2023-09-08T17:49:31,2026-07-12T11:35:38
league3,CO,2.5,25-30,A5s,68,4,55,1,8,0,2023-10-07T23:08:00,2026-07-05T11:20:55
league3,CO,2.5,25-30,A6o,181,82,88,2,9,0,2023-09-02T19:15:57,2026-07-19T21:14:24
league3,CO,2.5,25-30,A6s,70,2,65,0,3,0,2023-10-18T18:48:14,2026-07-09T17:22:59
league3,CO,2.5,25-30,A7o,230,90,129,1,10,0,2023-09-01T17:47:56,2026-07-14T20:34:47
league3,CO,2.5,25-30,A7s,59,1,52,0,6,0,2023-10-13T17:48:34,2026-05-29T01:45:33
league3,CO,2.5,25-30,A8o,197,45,139,1,12,0,2023-09-02T16:14:29,2026-07-19T10:53:37
league3,CO,2.5,25-30,A8s,81,3,73,1,4,0,2023-09-12T10:01:00,2026-07-16T00:45:18
league3,CO,2.5,25-30,A9o,184,31,141,1,11,0,2023-09-25T15:14:45,2026-07-16T17:05:48
league3,CO,2.5,25-30,A9s,58,0,46,1,11,0,2023-11-18T21:17:23,2026-05-16T17:43:41
league3,CO,2.5,25-30,AA,105,0,11,75,19,0,2023-09-22T16:33:47,2026-07-07T20:07:33
league3,CO,2.5,25-30,AJo,198,1,95,14,88,0,2023-09-02T17:02:18,2026-07-20T13:38:52
league3,CO,2.5,25-30,AJs,52,1,25,6,20,0,2023-09-20T18:12:02,2026-06-29T10:14:50
league3,CO,2.5,25-30,AKo,219,1,7,50,161,0,2023-09-08T04:43:47,2026-07-17T22:05:13
league3,CO,2.5,25-30,AKs,66,0,3,18,45,0,2023-09-25T17:51:57,2026-07-17T21:07:07
league3,CO,2.5,25-30,AQo,211,1,32,31,147,0,2023-09-03T12:54:49,2026-07-19T21:44:19
league3,CO,2.5,25-30,AQs,65,2,8,14,41,0,2023-09-24T20:08:08,2026-06-14T18:17:33
league3,CO,2.5,25-30,ATo,236,5,166,5,60,0,2023-09-05T19:33:16,2026-07-20T19:51:20
league3,CO,2.5,25-30,ATs,58,0,35,0,23,0,2023-09-07T15:22:17,2026-07-15T09:45:07
league3,CO,2.5,25-30,J2o,215,212,3,0,0,0,2023-09-13T21:06:20,2026-07-11T19:17:50
league3,CO,2.5,25-30,J2s,70,40,28,1,1,0,2023-09-29T10:08:49,2026-07-16T18:52:10
league3,CO,2.5,25-30,J3o,221,216,5,0,0,0,2023-09-10T18:37:35,2026-07-18T20:31:33
league3,CO,2.5,25-30,J3s,57,25,32,0,0,0,2023-09-09T12:28:26,2026-07-12T18:47:44
league3,CO,2.5,25-30,J4o,179,177,2,0,0,0,2023-09-03T17:29:55,2026-07-09T03:38:17
league3,CO,2.5,25-30,J4s,70,30,40,0,0,0,2023-09-27T19:23:30,2026-07-03T10:35:58
league3,CO,2.5,25-30,J5o,208,197,11,0,0,0,2023-09-04T20:14:05,2026-07-04T21:15:28
league3,CO,2.5,25-30,J5s,71,24,46,0,1,0,2023-09-09T20:15:35,2026-07-10T03:02:28
league3,CO,2.5,25-30,J6o,197,187,10,0,0,0,2023-09-06T19:29:02,2026-07-17T11:16:51
league3,CO,2.5,25-30,J6s,70,23,47,0,0,0,2023-09-01T23:23:42,2026-07-02T19:24:56
league3,CO,2.5,25-30,J7o,217,189,28,0,0,0,2023-09-05T16:31:01,2026-07-20T21:01:23
league3,CO,2.5,25-30,J7s,72,15,57,0,0,0,2023-09-07T21:34:50,2026-07-18T21:16:38
league3,CO,2.5,25-30,J8o,191,113,78,0,0,0,2023-10-07T15:44:46,2026-06-23T01:34:09
league3,CO,2.5,25-30,J8s,81,6,74,0,1,0,2023-09-06T16:51:35,2026-06-20T10:48:20
league3,CO,2.5,25-30,J9o,188,84,104,0,0,0,2023-09-03T18:41:26,2026-07-16T12:27:12
league3,CO,2.5,25-30,J9s,67,0,67,0,0,0,2023-09-12T18:24:30,2026-07-15T16:21:48
league3,CO,2.5,25-30,JJ,106,2,7,15,82,0,2023-09-01T17:54:47,2026-07-08T00:22:00
league3,CO,2.5,25-30,JTo,219,47,170,0,2,0,2023-09-15T12:23:08,2026-07-20T20:13:49
league3,CO,2.5,25-30,JTs,70,2,67,0,1,0,2023-09-04T15:52:09,2026-06-28T17:28:22
league3,CO,2.5,25-30,K2o,204,185,19,0,0,0,2023-09-03T17:12:33,2026-07-19T19:43:09
league3,CO,2.5,25-30,K2s,59,15,43,0,1,0,2023-10-03T15:11:05,2026-07-11T18:21:15
league3,CO,2.5,25-30,K3o,227,202,21,2,2,0,2023-09-06T09:08:50,2026-07-20T20:06:39
league3,CO,2.5,25-30,K3s,79,20,58,1,0,0,2023-10-02T08:36:23,2026-07-10T16:10:42
league3,CO,2.5,25-30,K4o,192,168,22,0,2,0,2023-09-02T16:18:22,2026-07-20T20:22:14
league3,CO,2.5,25-30,K4s,70,13,57,0,0,0,2023-09-16T09:53:50,2026-07-11T08:32:34
league3,CO,2.5,25-30,K5o,192,159,30,3,0,0,2023-09-02T19:29:29,2026-07-13T20:34:09
league3,CO,2.5,25-30,K5s,66,14,51,1,0,0,2023-09-08T16:34:12,2026-07-11T11:13:13
league3,CO,2.5,25-30,K6o,199,163,35,0,1,0,2023-09-08T19:24:53,2026-07-20T22:40:41
league3,CO,2.5,25-30,K6s,60,6,54,0,0,0,2023-09-02T20:24:05,2026-06-07T14:02:13
league3,CO,2.5,25-30,K7o,198,139,58,1,0,0,2023-09-03T14:42:40,2026-07-09T19:09:55
league3,CO,2.5,25-30,K7s,58,6,52,0,0,0,2023-10-21T22:25:24,2026-07-16T19:05:08
league3,CO,2.5,25-30,K8o,224,134,89,0,1,0,2023-09-03T13:02:10,2026-07-18T12:20:55
league3,CO,2.5,25-30,K8s,80,3,73,0,4,0,2023-09-08T21:37:23,2026-07-21T00:49:01
league3,CO,2.5,25-30,K9o,207,81,125,1,0,0,2023-09-18T11:24:31,2026-07-21T12:31:22
league3,CO,2.5,25-30,K9s,51,4,47,0,0,0,2023-09-25T15:46:10,2026-07-08T16:11:28
league3,CO,2.5,25-30,KJo,216,5,202,3,6,0,2023-09-02T09:49:33,2026-07-11T23:17:40
league3,CO,2.5,25-30,KJs,73,1,60,2,10,0,2023-09-28T19:08:42,2026-07-12T14:31:13
league3,CO,2.5,25-30,KK,97,0,3,54,40,0,2023-09-04T20:51:48,2026-07-09T14:50:55
league3,CO,2.5,25-30,KQo,195,1,161,3,30,0,2023-09-05T22:21:21,2026-07-19T14:23:27
league3,CO,2.5,25-30,KQs,69,0,56,2,11,0,2023-09-07T03:07:12,2026-07-19T19:36:15
league3,CO,2.5,25-30,KTo,204,26,173,1,4,0,2023-09-07T06:06:13,2026-07-21T10:53:31
league3,CO,2.5,25-30,KTs,55,1,52,0,2,0,2023-09-01T20:22:55,2026-07-15T02:40:24
league3,CO,2.5,25-30,Q2o,211,204,6,1,0,0,2023-09-08T18:22:53,2026-07-14T13:27:21
league3,CO,2.5,25-30,Q2s,51,22,29,0,0,0,2023-09-12T18:04:18,2026-07-21T14:06:27
league3,CO,2.5,25-30,Q3o,197,194,3,0,0,0,2023-09-09T06:19:17,2026-07-13T23:30:15
league3,CO,2.5,25-30,Q3s,74,31,43,0,0,0,2023-10-24T10:43:53,2026-07-21T17:15:30
league3,CO,2.5,25-30,Q4o,180,169,10,1,0,0,2023-09-14T16:03:40,2026-07-20T19:33:54
league3,CO,2.5,25-30,Q4s,67,23,44,0,0,0,2023-11-12T23:08:17,2026-07-19T20:48:13
league3,CO,2.5,25-30,Q5o,158,147,11,0,0,0,2023-09-04T19:17:14,2026-07-15T22:35:11
league3,CO,2.5,25-30,Q5s,52,16,36,0,0,0,2023-09-07T19:26:32,2026-07-19T17:32:42
league3,CO,2.5,25-30,Q6o,187,174,13,0,0,0,2023-09-06T13:06:15,2026-07-14T20:35:18
league3,CO,2.5,25-30,Q6s,66,17,49,0,0,0,2023-09-06T08:33:48,2026-06-25T14:18:06
league3,CO,2.5,25-30,Q7o,221,183,38,0,0,0,2023-09-02T20:16:46,2026-07-15T12:41:19
league3,CO,2.5,25-30,Q7s,66,11,55,0,0,0,2023-09-04T19:34:27,2026-07-16T12:15:30
league3,CO,2.5,25-30,Q8o,196,128,66,1,1,0,2023-09-02T19:32:38,2026-07-11T22:02:59
league3,CO,2.5,25-30,Q8s,63,4,58,1,0,0,2023-09-22T14:33:01,2026-06-21T19:11:58
league3,CO,2.5,25-30,Q9o,195,92,103,0,0,0,2023-09-02T13:31:46,2026-07-15T00:13:00
league3,CO,2.5,25-30,Q9s,72,3,68,0,1,0,2023-09-01T23:10:12,2026-05-24T22:08:19
league3,CO,2.5,25-30,QJo,206,11,193,1,1,0,2023-09-02T20:10:02,2026-07-13T19:21:27
league3,CO,2.5,25-30,QJs,71,0,67,0,4,0,2023-09-02T16:32:50,2026-07-17T14:32:19
league3,CO,2.5,25-30,QQ,97,0,0,45,52,0,2023-09-15T22:09:58,2026-07-21T00:42:53
league3,CO,2.5,25-30,QTo,195,34,160,1,0,0,2023-09-03T19:39:04,2026-07-21T17:03:10
league3,CO,2.5,25-30,QTs,67,2,62,0,3,0,2023-09-04T18:03:27,2026-07-12T00:14:26
league3,CO,2.5,25-30,T2o,184,183,1,0,0,0,2023-09-03T06:23:59,2026-07-10T19:25:01
league3,CO,2.5,25-30,T2s,62,43,19,0,0,0,2023-09-02T16:04:39,2026-07-16T17:01:45
league3,CO,2.5,25-30,T3o,194,193,1,0,0,0,2023-09-06T15:14:25,2026-07-18T22:03:38
league3,CO,2.5,25-30,T3s,54,33,21,0,0,0,2023-10-17T11:23:00,2026-07-20T19:03:40
league3,CO,2.5,25-30,T4o,213,211,2,0,0,0,2023-09-01T14:13:38,2026-07-03T20:52:29
league3,CO,2.5,25-30,T4s,69,47,22,0,0,0,2023-09-30T09:27:13,2026-07-11T20:18:48
league3,CO,2.5,25-30,T5o,194,194,0,0,0,0,2023-09-05T20:22:18,2026-07-13T20:32:10
league3,CO,2.5,25-30,T5s,68,31,37,0,0,0,2023-09-01T12:42:15,2026-06-10T20:12:07
league3,CO,2.5,25-30,T6o,211,190,21,0,0,0,2023-09-01T20:36:27,2026-07-21T15:34:32
league3,CO,2.5,25-30,T6s,53,18,35,0,0,0,2023-11-22T19:09:37,2026-06-26T22:40:05
league3,CO,2.5,25-30,T7o,214,178,36,0,0,0,2023-09-07T03:27:04,2026-07-16T17:44:51
league3,CO,2.5,25-30,T7s,85,13,72,0,0,0,2023-10-04T17:16:07,2026-07-21T20:09:18
league3,CO,2.5,25-30,T8o,229,161,68,0,0,0,2023-09-03T18:16:49,2026-07-19T12:32:48
league3,CO,2.5,25-30,T8s,77,7,70,0,0,0,2023-09-18T04:07:55,2026-06-27T04:26:21
league3,CO,2.5,25-30,T9o,182,76,105,0,1,0,2023-09-16T21:17:24,2026-07-06T16:44:36
league3,CO,2.5,25-30,T9s,56,1,54,0,1,0,2023-09-07T13:10:16,2026-06-28T21:11:21
league3,CO,2.5,25-30,TT,90,0,11,12,67,0,2023-09-01T15:44:09,2026-07-14T18:04:50
league3,CO,2.5,30-35,__MISSING__,2045,1279,667,33,66,0,2023-09-02T10:01:35,2026-07-21T18:47:19
league3,CO,2.5,30-35,22,97,3,84,0,10,0,2023-09-03T06:48:50,2026-07-15T22:32:25
league3,CO,2.5,30-35,32o,182,180,2,0,0,0,2023-09-12T19:20:44,2026-07-17T20:50:42
league3,CO,2.5,30-35,32s,64,31,33,0,0,0,2023-09-05T16:45:36,2026-07-14T08:26:45
league3,CO,2.5,30-35,33,94,4,78,0,12,0,2023-09-06T15:37:11,2026-07-21T18:52:05
league3,CO,2.5,30-35,42o,187,185,2,0,0,0,2023-09-04T12:20:54,2026-07-12T18:29:42
league3,CO,2.5,30-35,42s,64,37,27,0,0,0,2023-09-01T19:40:54,2026-07-02T07:37:51
league3,CO,2.5,30-35,43o,211,196,15,0,0,0,2023-09-04T22:23:34,2026-07-12T13:15:22
league3,CO,2.5,30-35,43s,61,28,33,0,0,0,2023-09-05T21:26:31,2026-07-08T20:22:09
league3,CO,2.5,30-35,44,95,4,75,1,15,0,2023-10-03T20:51:25,2026-06-04T14:15:32
league3,CO,2.5,30-35,52o,202,199,3,0,0,0,2023-09-01T18:01:00,2026-07-11T21:47:49
league3,CO,2.5,30-35,52s,66,42,23,1,0,0,2023-09-04T15:16:57,2026-07-03T18:45:30
league3,CO,2.5,30-35,53o,207,203,4,0,0,0,2023-09-03T19:11:30,2026-07-12T15:04:25
league3,CO,2.5,30-35,53s,54,23,31,0,0,0,2023-09-05T20:52:38,2026-06-15T19:01:00
league3,CO,2.5,30-35,54o,160,125,34,1,0,0,2023-09-08T04:33:43,2026-07-19T17:26:27
league3,CO,2.5,30-35,54s,58,8,50,0,0,0,2023-09-14T21:47:27,2026-05-09T11:20:10
league3,CO,2.5,30-35,55,100,1,82,0,17,0,2023-09-23T15:08:44,2026-07-01T19:36:21
league3,CO,2.5,30-35,62o,167,165,2,0,0,0,2023-09-07T17:17:46,2026-07-18T13:46:29
league3,CO,2.5,30-35,62s,56,38,18,0,0,0,2023-09-02T01:47:46,2026-07-06T14:18:35
league3,CO,2.5,30-35,63o,190,184,6,0,0,0,2023-09-03T18:10:47,2026-07-09T22:24:28
league3,CO,2.5,30-35,63s,64,41,23,0,0,0,2023-09-02T18:47:55,2026-07-20T16:53:02
league3,CO,2.5,30-35,64o,179,160,19,0,0,0,2023-09-11T10:43:52,2026-07-18T22:27:34
league3,CO,2.5,30-35,64s,66,16,50,0,0,0,2023-10-24T20:13:10,2026-05-24T17:03:20
league3,CO,2.5,30-35,65o,191,136,55,0,0,0,2023-09-06T21:28:18,2026-07-10T13:32:32
league3,CO,2.5,30-35,65s,62,3,58,1,0,0,2023-09-11T15:52:16,2026-07-18T13:49:03
league3,CO,2.5,30-35,66,87,1,63,3,20,0,2023-09-24T18:41:39,2026-07-09T20:32:17
league3,CO,2.5,30-35,72o,187,187,0,0,0,0,2023-09-02T19:46:58,2026-07-17T09:13:30
league3,CO,2.5,30-35,72s,91,68,23,0,0,0,2023-09-04T11:46:53,2026-06-15T16:17:08
league3,CO,2.5,30-35,73o,196,193,3,0,0,0,2023-09-04T17:26:12,2026-07-13T19:42:47
league3,CO,2.5,30-35,73s,47,27,20,0,0,0,2023-09-04T06:40:14,2026-07-15T16:50:00
league3,CO,2.5,30-35,74o,169,156,13,0,0,0,2023-09-03T20:34:58,2026-07-14T06:20:32
league3,CO,2.5,30-35,74s,48,22,26,0,0,0,2023-09-16T20:17:53,2026-07-16T19:17:16
league3,CO,2.5,30-35,75o,207,185,22,0,0,0,2023-09-09T12:39:28,2026-07-16T21:03:21
league3,CO,2.5,30-35,75s,58,16,42,0,0,0,2023-10-06T17:12:42,2026-05-13T18:38:49
league3,CO,2.5,30-35,76o,179,102,77,0,0,0,2023-09-02T17:50:04,2026-07-08T23:47:23
league3,CO,2.5,30-35,76s,65,3,62,0,0,0,2023-10-21T19:50:46,2026-07-20T14:09:34
league3,CO,2.5,30-35,77,77,1,44,2,30,0,2023-09-27T19:25:04,2026-07-16T01:38:11
league3,CO,2.5,30-35,82o,178,177,1,0,0,0,2023-09-23T23:51:50,2026-07-18T18:44:00
league3,CO,2.5,30-35,82s,70,49,20,1,0,0,2023-09-01T15:37:19,2026-07-17T22:44:57
league3,CO,2.5,30-35,83o,208,208,0,0,0,0,2023-09-05T16:16:58,2026-07-04T20:10:40
league3,CO,2.5,30-35,83s,58,38,20,0,0,0,2023-09-05T17:44:55,2026-06-18T17:52:49
league3,CO,2.5,30-35,84o,173,169,4,0,0,0,2023-09-03T18:19:57,2026-07-04T16:52:02
league3,CO,2.5,30-35,84s,59,31,28,0,0,0,2023-10-17T18:05:32,2026-07-03T15:19:19
league3,CO,2.5,30-35,85o,191,176,15,0,0,0,2023-09-12T19:31:59,2026-07-20T19:22:55
league3,CO,2.5,30-35,85s,73,28,45,0,0,0,2023-09-28T14:39:58,2026-07-03T17:40:18
league3,CO,2.5,30-35,86o,179,147,31,1,0,0,2023-09-05T09:08:26,2026-07-16T16:44:45
league3,CO,2.5,30-35,86s,58,10,48,0,0,0,2023-10-28T00:19:06,2026-07-04T17:15:38
league3,CO,2.5,30-35,87o,206,104,102,0,0,0,2023-09-05T17:07:56,2026-06-27T21:14:25
league3,CO,2.5,30-35,87s,58,2,56,0,0,0,2023-09-18T04:50:22,2026-06-18T11:53:57
league3,CO,2.5,30-35,88,113,0,61,4,48,0,2023-09-16T15:38:57,2026-07-20T18:26:31
league3,CO,2.5,30-35,92o,194,193,1,0,0,0,2023-09-01T14:50:32,2026-07-20T20:06:27
league3,CO,2.5,30-35,92s,59,43,16,0,0,0,2023-10-05T06:07:48,2026-06-09T18:09:27
league3,CO,2.5,30-35,93o,187,187,0,0,0,0,2023-09-08T17:26:35,2026-07-15T16:40:03
league3,CO,2.5,30-35,93s,66,37,29,0,0,0,2023-09-09T15:33:11,2026-07-06T14:13:52
league3,CO,2.5,30-35,94o,183,182,1,0,0,0,2023-09-05T19:06:48,2026-07-17T15:24:38
league3,CO,2.5,30-35,94s,60,39,21,0,0,0,2023-10-21T15:53:01,2026-07-05T15:05:19
league3,CO,2.5,30-35,95o,193,191,2,0,0,0,2023-09-01T19:05:13,2026-07-19T13:27:34
league3,CO,2.5,30-35,95s,66,37,28,1,0,0,2023-09-02T12:18:47,2026-07-01T21:31:41
league3,CO,2.5,30-35,96o,166,152,14,0,0,0,2023-09-01T19:48:58,2026-07-16T17:31:25
league3,CO,2.5,30-35,96s,73,21,52,0,0,0,2023-09-20T15:40:01,2026-05-27T22:41:53
league3,CO,2.5,30-35,97o,189,146,43,0,0,0,2023-09-03T21:41:48,2026-07-17T19:42:26
league3,CO,2.5,30-35,97s,75,11,64,0,0,0,2023-09-21T15:26:49,2026-07-18T09:54:32
league3,CO,2.5,30-35,98o,203,83,120,0,0,0,2023-09-01T16:27:22,2026-07-16T19:51:19
league3,CO,2.5,30-35,98s,61,2,58,1,0,0,2023-11-06T22:15:16,2026-07-10T19:31:39
league3,CO,2.5,30-35,99,100,1,33,9,57,0,2023-10-27T18:54:51,2026-07-07T20:00:38
league3,CO,2.5,30-35,A2o,226,115,102,5,4,0,2023-09-04T14:13:18,2026-07-19T23:18:37
league3,CO,2.5,30-35,A2s,61,0,57,2,2,0,2023-09-06T16:27:52,2026-06-28T00:02:50
league3,CO,2.5,30-35,A3o,188,93,84,8,3,0,2023-09-13T20:36:29,2026-07-16T22:23:29
league3,CO,2.5,30-35,A3s,84,6,71,4,3,0,2023-10-07T18:20:47,2026-07-15T23:46:18
league3,CO,2.5,30-35,A4o,198,78,114,4,2,0,2023-09-11T06:51:26,2026-07-12T18:38:41
league3,CO,2.5,30-35,A4s,57,2,50,1,4,0,2023-09-05T17:35:15,2026-07-13T16:33:05
league3,CO,2.5,30-35,A5o,206,79,118,6,3,0,2023-09-08T20:15:42,2026-07-13T17:26:47
league3,CO,2.5,30-35,A5s,69,3,59,2,5,0,2023-09-08T16:16:28,2026-07-20T22:06:39
league3,CO,2.5,30-35,A6o,194,69,116,5,4,0,2023-09-04T20:06:10,2026-07-16T15:25:49
league3,CO,2.5,30-35,A6s,62,1,58,1,2,0,2023-09-13T19:14:59,2026-06-26T21:05:53
league3,CO,2.5,30-35,A7o,187,76,105,4,2,0,2023-09-09T16:40:19,2026-07-19T17:28:59
league3,CO,2.5,30-35,A7s,81,2,76,0,3,0,2023-09-02T17:46:09,2026-07-13T19:48:31
league3,CO,2.5,30-35,A8o,198,47,136,8,7,0,2023-09-05T22:03:13,2026-07-12T10:23:32
league3,CO,2.5,30-35,A8s,59,0,56,1,2,0,2023-09-02T18:35:21,2026-06-06T21:09:28
league3,CO,2.5,30-35,A9o,179,19,148,6,6,0,2023-09-04T06:50:41,2026-07-18T15:10:40
league3,CO,2.5,30-35,A9s,54,0,50,2,2,0,2023-10-02T12:42:20,2026-04-17T23:51:13
league3,CO,2.5,30-35,AA,94,2,2,89,1,0,2023-09-02T15:36:31,2026-07-17T19:50:56
league3,CO,2.5,30-35,AJo,195,1,122,16,56,0,2023-09-11T19:20:33,2026-07-19T16:06:19
league3,CO,2.5,30-35,AJs,62,0,46,4,12,0,2023-09-19T21:48:39,2026-07-11T19:30:48
league3,CO,2.5,30-35,AKo,178,1,2,55,120,0,2023-09-05T15:18:20,2026-07-20T19:11:14
league3,CO,2.5,30-35,AKs,75,1,0,36,38,0,2023-09-17T20:51:50,2026-06-28T23:45:58
league3,CO,2.5,30-35,AQo,204,0,46,51,107,0,2023-09-06T13:34:49,2026-07-20T19:15:56
league3,CO,2.5,30-35,AQs,69,1,18,17,33,0,2023-09-05T08:49:02,2026-07-12T17:03:45
league3,CO,2.5,30-35,ATo,204,5,172,7,20,0,2023-09-03T19:28:42,2026-07-17T16:09:19
league3,CO,2.5,30-35,ATs,59,0,49,2,8,0,2023-09-02T16:07:19,2026-06-26T21:48:40
league3,CO,2.5,30-35,J2o,201,195,6,0,0,0,2023-09-02T13:14:23,2026-07-10T16:34:45
league3,CO,2.5,30-35,J2s,58,27,30,1,0,0,2023-10-31T19:46:26,2026-06-29T21:50:59
league3,CO,2.5,30-35,J3o,200,197,3,0,0,0,2023-09-01T15:40:25,2026-06-26T15:16:31
league3,CO,2.5,30-35,J3s,58,29,28,0,1,0,2023-10-09T17:00:56,2026-07-14T22:42:27
league3,CO,2.5,30-35,J4o,180,176,3,1,0,0,2023-09-04T18:03:25,2026-07-11T15:37:27
league3,CO,2.5,30-35,J4s,55,23,32,0,0,0,2023-09-03T20:29:46,2026-06-17T21:48:30
league3,CO,2.5,30-35,J5o,195,188,7,0,0,0,2023-09-04T19:08:21,2026-07-21T17:47:27
league3,CO,2.5,30-35,J5s,62,30,32,0,0,0,2023-10-01T17:33:14,2026-07-07T20:16:55
league3,CO,2.5,30-35,J6o,187,177,10,0,0,0,2023-09-12T23:01:01,2026-07-10T21:09:52
league3,CO,2.5,30-35,J6s,64,19,45,0,0,0,2023-09-17T02:07:35,2026-06-16T10:27:48
league3,CO,2.5,30-35,J7o,171,141,30,0,0,0,2023-09-01T19:29:44,2026-07-16T09:18:38
league3,CO,2.5,30-35,J7s,60,11,49,0,0,0,2023-09-10T13:44:28,2026-07-12T22:12:37
league3,CO,2.5,30-35,J8o,161,91,70,0,0,0,2023-09-13T20:16:59,2026-07-11T18:29:03
league3,CO,2.5,30-35,J8s,77,2,75,0,0,0,2023-09-08T19:48:25,2026-07-06T23:32:59
league3,CO,2.5,30-35,J9o,189,74,115,0,0,0,2023-09-04T22:12:23,2026-07-20T13:27:50
league3,CO,2.5,30-35,J9s,58,1,56,1,0,0,2023-09-18T20:50:46,2026-07-09T12:04:00
league3,CO,2.5,30-35,JJ,89,1,4,34,50,0,2023-09-01T23:42:09,2026-07-17T12:48:22
league3,CO,2.5,30-35,JTo,186,29,157,0,0,0,2023-09-14T15:16:15,2026-07-01T16:35:34
league3,CO,2.5,30-35,JTs,62,0,61,1,0,0,2023-09-06T19:30:02,2026-06-06T01:15:16
league3,CO,2.5,30-35,K2o,176,158,17,1,0,0,2023-09-19T15:26:21,2026-07-14T19:53:37
league3,CO,2.5,30-35,K2s,55,12,43,0,0,0,2023-09-05T09:41:41,2026-06-27T13:09:07
league3,CO,2.5,30-35,K3o,188,166,18,4,0,0,2023-09-12T18:42:50,2026-07-04T17:37:43
league3,CO,2.5,30-35,K3s,68,14,52,1,1,0,2023-09-27T21:22:03,2026-06-05T18:03:57
league3,CO,2.5,30-35,K4o,190,162,25,2,1,0,2023-09-02T17:41:57,2026-07-17T15:47:10
league3,CO,2.5,30-35,K4s,71,10,61,0,0,0,2023-09-16T17:19:50,2026-06-23T19:24:52
league3,CO,2.5,30-35,K5o,193,155,36,2,0,0,2023-09-09T21:25:16,2026-07-20T17:46:34
league3,CO,2.5,30-35,K5s,50,7,43,0,0,0,2023-09-02T16:33:48,2026-05-25T12:32:45
league3,CO,2.5,30-35,K6o,210,172,38,0,0,0,2023-09-05T16:25:41,2026-07-11T09:45:26
league3,CO,2.5,30-35,K6s,51,10,41,0,0,0,2023-09-06T00:43:37,2026-07-16T21:41:58
league3,CO,2.5,30-35,K7o,184,129,53,2,0,0,2023-09-11T17:37:28,2026-07-21T09:34:06
league3,CO,2.5,30-35,K7s,69,6,63,0,0,0,2023-11-24T23:30:15,2026-06-24T19:02:50
league3,CO,2.5,30-35,K8o,200,113,86,0,1,0,2023-09-01T21:36:46,2026-07-19T12:10:08
league3,CO,2.5,30-35,K8s,79,4,74,1,0,0,2023-09-08T10:14:01,2026-07-03T10:26:36
league3,CO,2.5,30-35,K9o,210,63,147,0,0,0,2023-09-05T19:07:06,2026-07-20T18:24:24
league3,CO,2.5,30-35,K9s,51,3,45,1,2,0,2023-09-09T19:17:44,2026-07-20T23:07:16
league3,CO,2.5,30-35,KJo,182,3,172,3,4,0,2023-09-03T12:41:39,2026-07-18T16:28:17
league3,CO,2.5,30-35,KJs,62,0,57,2,3,0,2023-09-02T08:19:39,2026-07-09T17:06:38
league3,CO,2.5,30-35,KK,89,0,2,73,14,0,2023-09-03T18:12:29,2026-07-13T22:47:32
league3,CO,2.5,30-35,KQo,187,1,165,8,13,0,2023-09-10T00:20:47,2026-07-19T19:30:37
league3,CO,2.5,30-35,KQs,68,1,54,3,10,0,2023-11-22T18:51:43,2026-07-17T14:46:57
league3,CO,2.5,30-35,KTo,209,22,185,1,1,0,2023-09-04T15:07:20,2026-07-21T21:04:33
league3,CO,2.5,30-35,KTs,66,1,63,0,2,0,2023-10-13T20:41:01,2026-07-18T09:24:42
league3,CO,2.5,30-35,Q2o,180,169,10,1,0,0,2023-09-02T19:39:02,2026-07-21T00:07:23
league3,CO,2.5,30-35,Q2s,58,27,31,0,0,0,2023-09-09T16:05:21,2026-07-06T15:09:43
league3,CO,2.5,30-35,Q3o,187,171,15,1,0,0,2023-09-17T15:44:49,2026-07-21T12:15:01
league3,CO,2.5,30-35,Q3s,62,23,39,0,0,0,2023-09-03T13:33:06,2026-07-10T19:38:15
league3,CO,2.5,30-35,Q4o,191,179,11,1,0,0,2023-09-02T10:07:54,2026-07-20T17:02:46
league3,CO,2.5,30-35,Q4s,53,17,36,0,0,0,2023-11-06T14:31:12,2026-07-15T19:03:38
league3,CO,2.5,30-35,Q5o,198,184,13,1,0,0,2023-09-02T15:11:10,2026-07-18T10:54:20
league3,CO,2.5,30-35,Q5s,67,21,46,0,0,0,2023-10-20T01:46:57,2026-07-04T22:49:57
league3,CO,2.5,30-35,Q6o,183,161,18,4,0,0,2023-09-03T18:11:54,2026-07-10T21:51:34
league3,CO,2.5,30-35,Q6s,61,14,47,0,0,0,2023-09-12T07:48:59,2026-07-05T09:06:50
league3,CO,2.5,30-35,Q7o,172,136,36,0,0,0,2023-09-08T13:36:58,2026-07-17T18:23:56
league3,CO,2.5,30-35,Q7s,90,15,75,0,0,0,2023-09-08T18:19:59,2026-07-17T08:11:53
league3,CO,2.5,30-35,Q8o,159,97,62,0,0,0,2023-09-02T22:21:30,2026-07-19T01:31:13
league3,CO,2.5,30-35,Q8s,68,4,64,0,0,0,2023-09-16T15:40:58,2026-07-01T17:27:15
league3,CO,2.5,30-35,Q9o,193,70,123,0,0,0,2023-09-03T17:25:09,2026-07-19T11:20:16
league3,CO,2.5,30-35,Q9s,65,1,64,0,0,0,2023-09-24T23:35:21,2026-06-15T19:23:21
league3,CO,2.5,30-35,QJo,172,12,158,1,1,0,2023-09-07T15:37:01,2026-07-18T16:54:23
league3,CO,2.5,30-35,QJs,62,0,58,2,2,0,2023-10-29T02:22:20,2026-07-03T20:20:24
league3,CO,2.5,30-35,QQ,91,0,1,66,24,0,2023-09-07T19:38:44,2026-07-14T16:43:12
league3,CO,2.5,30-35,QTo,215,21,193,0,1,0,2023-09-02T02:10:15,2026-07-20T17:15:02
league3,CO,2.5,30-35,QTs,51,1,49,0,1,0,2023-09-09T14:33:31,2026-06-23T17:20:50
league3,CO,2.5,30-35,T2o,175,174,1,0,0,0,2023-09-03T15:23:36,2026-07-16T12:11:14
league3,CO,2.5,30-35,T2s,68,48,20,0,0,0,2023-09-06T16:23:00,2026-07-10T20:37:44
league3,CO,2.5,30-35,T3o,186,184,2,0,0,0,2023-09-08T19:52:06,2026-07-17T21:43:05
league3,CO,2.5,30-35,T3s,56,37,19,0,0,0,2023-09-24T22:29:43,2026-07-19T17:32:30
league3,CO,2.5,30-35,T4o,194,190,4,0,0,0,2023-09-03T03:20:39,2026-07-08T12:19:43
league3,CO,2.5,30-35,T4s,54,33,21,0,0,0,2023-09-02T19:16:31,2026-07-11T10:13:17
league3,CO,2.5,30-35,T5o,181,176,5,0,0,0,2023-09-12T20:01:01,2026-07-18T19:13:20
league3,CO,2.5,30-35,T5s,64,29,35,0,0,0,2023-09-05T21:17:50,2026-07-06T20:24:10
league3,CO,2.5,30-35,T6o,163,154,9,0,0,0,2023-09-03T17:54:05,2026-07-19T22:51:17
league3,CO,2.5,30-35,T6s,53,15,38,0,0,0,2023-09-02T21:18:55,2026-06-11T21:10:04
league3,CO,2.5,30-35,T7o,181,144,37,0,0,0,2023-09-01T22:11:49,2026-07-17T19:52:16
league3,CO,2.5,30-35,T7s,58,7,51,0,0,0,2023-10-06T17:40:24,2026-06-07T15:43:52
league3,CO,2.5,30-35,T8o,198,120,78,0,0,0,2023-09-05T11:40:17,2026-07-19T19:06:44
league3,CO,2.5,30-35,T8s,68,5,63,0,0,0,2023-09-11T14:53:22,2026-07-09T06:24:57
league3,CO,2.5,30-35,T9o,181,62,119,0,0,0,2023-09-01T19:41:14,2026-07-21T10:20:37
league3,CO,2.5,30-35,T9s,60,0,60,0,0,0,2023-09-24T20:46:11,2026-05-28T12:38:57
league3,CO,2.5,30-35,TT,104,1,18,23,62,0,2023-09-05T21:49:02,2026-07-11T21:18:25
league3,CO,2.5,35-40,__MISSING__,2040,1236,728,47,29,0,2023-09-04T15:24:07,2026-07-20T19:19:35
league3,CO,2.5,35-40,22,102,5,94,0,3,0,2023-09-02T21:19:11,2026-07-20T22:08:20
league3,CO,2.5,35-40,32o,166,162,4,0,0,0,2023-09-17T08:36:56,2026-07-07T13:02:38
league3,CO,2.5,35-40,32s,58,34,24,0,0,0,2023-09-20T00:11:44,2026-07-07T17:27:10
league3,CO,2.5,35-40,33,91,1,85,0,5,0,2023-09-04T19:17:59,2026-07-04T22:13:13
league3,CO,2.5,35-40,42o,167,165,2,0,0,0,2023-09-03T15:05:21,2026-07-16T11:31:38
league3,CO,2.5,35-40,42s,56,30,26,0,0,0,2023-10-08T15:08:14,2026-05-31T17:43:40
league3,CO,2.5,35-40,43o,193,179,14,0,0,0,2023-09-02T16:36:50,2026-07-19T16:15:31
league3,CO,2.5,35-40,43s,64,21,43,0,0,0,2023-09-23T09:53:13,2026-06-17T19:37:58
league3,CO,2.5,35-40,44,68,4,62,0,2,0,2023-10-28T15:06:18,2026-06-28T20:32:11
league3,CO,2.5,35-40,52o,169,168,0,1,0,0,2023-09-04T17:14:27,2026-07-17T19:09:33
league3,CO,2.5,35-40,52s,62,40,22,0,0,0,2023-09-03T22:20:35,2026-07-11T07:28:48
league3,CO,2.5,35-40,53o,167,157,10,0,0,0,2023-09-03T17:21:41,2026-07-19T16:18:37
league3,CO,2.5,35-40,53s,47,22,25,0,0,0,2023-09-24T16:21:54,2026-07-01T22:24:01
league3,CO,2.5,35-40,54o,168,134,34,0,0,0,2023-09-01T13:15:00,2026-07-19T14:05:40
league3,CO,2.5,35-40,54s,57,4,53,0,0,0,2023-09-08T15:17:52,2026-06-30T21:34:08
league3,CO,2.5,35-40,55,98,0,87,0,11,0,2023-09-05T06:22:39,2026-05-31T20:16:10
league3,CO,2.5,35-40,62o,171,171,0,0,0,0,2023-09-05T04:43:36,2026-07-19T13:25:34
league3,CO,2.5,35-40,62s,53,39,14,0,0,0,2023-09-13T12:43:42,2026-07-19T13:27:16
league3,CO,2.5,35-40,63o,147,145,2,0,0,0,2023-10-07T19:51:45,2026-07-16T22:54:42
league3,CO,2.5,35-40,63s,58,26,32,0,0,0,2023-09-06T15:50:44,2026-06-26T10:01:54
league3,CO,2.5,35-40,64o,173,147,25,1,0,0,2023-09-04T05:04:33,2026-07-17T20:40:02
league3,CO,2.5,35-40,64s,56,14,42,0,0,0,2023-09-06T12:15:00,2026-07-20T00:16:39
league3,CO,2.5,35-40,65o,184,127,57,0,0,0,2023-09-02T09:22:28,2026-07-20T20:19:26
league3,CO,2.5,35-40,65s,61,2,58,1,0,0,2023-09-15T22:05:20,2026-07-21T18:42:52
league3,CO,2.5,35-40,66,73,0,59,0,14,0,2023-09-07T09:27:09,2026-07-21T18:47:58
league3,CO,2.5,35-40,72o,179,177,1,1,0,0,2023-09-06T17:34:18,2026-07-16T01:32:07
league3,CO,2.5,35-40,72s,52,41,11,0,0,0,2023-11-02T14:30:06,2026-07-08T19:03:27
league3,CO,2.5,35-40,73o,164,162,1,1,0,0,2023-09-01T18:40:23,2026-07-12T13:34:10
league3,CO,2.5,35-40,73s,56,37,19,0,0,0,2023-09-10T21:51:26,2026-05-16T19:01:00
league3,CO,2.5,35-40,74o,186,181,5,0,0,0,2023-09-02T13:25:07,2026-07-18T21:17:47
league3,CO,2.5,35-40,74s,55,24,31,0,0,0,2023-09-08T03:14:29,2026-05-12T20:48:02
league3,CO,2.5,35-40,75o,167,136,31,0,0,0,2023-09-05T19:16:18,2026-07-19T16:08:16
league3,CO,2.5,35-40,75s,52,11,41,0,0,0,2023-09-29T17:05:22,2026-05-16T13:36:11
league3,CO,2.5,35-40,76o,161,81,80,0,0,0,2023-09-01T07:37:09,2026-07-10T18:04:31
league3,CO,2.5,35-40,76s,49,3,46,0,0,0,2023-11-03T11:07:14,2026-06-23T16:40:41
league3,CO,2.5,35-40,77,102,2,74,3,23,0,2023-09-06T12:44:21,2026-07-05T13:51:43
league3,CO,2.5,35-40,82o,202,202,0,0,0,0,2023-09-11T13:40:23,2026-07-21T19:31:23
league3,CO,2.5,35-40,82s,57,42,15,0,0,0,2023-10-29T15:32:22,2026-06-25T20:15:08
league3,CO,2.5,35-40,83o,178,175,3,0,0,0,2023-09-05T15:45:12,2026-07-21T12:14:49
league3,CO,2.5,35-40,83s,51,33,18,0,0,0,2023-10-03T18:43:57,2026-06-19T23:38:39
league3,CO,2.5,35-40,84o,166,161,5,0,0,0,2023-09-01T19:29:49,2026-07-04T14:46:35
league3,CO,2.5,35-40,84s,52,27,25,0,0,0,2023-09-11T21:09:07,2026-06-27T17:27:39
league3,CO,2.5,35-40,85o,163,152,10,1,0,0,2023-09-02T18:14:10,2026-07-21T10:32:54
league3,CO,2.5,35-40,85s,49,18,31,0,0,0,2023-09-02T20:10:16,2026-07-14T17:04:32
league3,CO,2.5,35-40,86o,166,125,41,0,0,0,2023-09-02T20:08:08,2026-07-20T16:22:04
league3,CO,2.5,35-40,86s,52,3,49,0,0,0,2023-09-14T09:35:15,2026-07-19T09:01:57
league3,CO,2.5,35-40,87o,170,68,102,0,0,0,2023-09-02T09:54:37,2026-07-04T08:32:31
league3,CO,2.5,35-40,87s,63,3,60,0,0,0,2023-09-29T18:10:01,2026-07-15T22:29:11
league3,CO,2.5,35-40,88,81,0,58,2,21,0,2023-09-04T16:46:04,2026-07-14T02:23:39
league3,CO,2.5,35-40,92o,175,174,1,0,0,0,2023-09-01T19:42:12,2026-07-12T18:41:25
league3,CO,2.5,35-40,92s,77,59,18,0,0,0,2023-09-06T14:35:04,2026-07-10T10:32:45
league3,CO,2.5,35-40,93o,141,141,0,0,0,0,2023-09-05T17:34:08,2026-07-02T20:07:38
league3,CO,2.5,35-40,93s,67,42,25,0,0,0,2023-09-03T18:04:13,2026-07-17T13:06:34
league3,CO,2.5,35-40,94o,170,168,2,0,0,0,2023-09-13T18:17:49,2026-07-18T14:51:35
league3,CO,2.5,35-40,94s,67,36,31,0,0,0,2023-09-13T18:44:37,2026-06-13T09:06:47
league3,CO,2.5,35-40,95o,167,160,6,1,0,0,2023-09-04T14:06:22,2026-07-21T11:47:15
league3,CO,2.5,35-40,95s,43,20,23,0,0,0,2023-09-05T18:43:08,2026-07-19T19:37:13
league3,CO,2.5,35-40,96o,151,135,16,0,0,0,2023-09-06T21:13:51,2026-07-02T08:40:34
league3,CO,2.5,35-40,96s,64,18,46,0,0,0,2023-09-08T17:07:24,2026-07-13T18:48:22
league3,CO,2.5,35-40,97o,178,127,51,0,0,0,2023-09-04T09:28:17,2026-07-16T19:40:40
league3,CO,2.5,35-40,97s,61,4,57,0,0,0,2023-10-15T07:28:02,2026-07-14T06:01:40
league3,CO,2.5,35-40,98o,181,58,123,0,0,0,2023-09-04T16:27:16,2026-07-21T17:13:04
league3,CO,2.5,35-40,98s,59,3,55,0,1,0,2023-09-24T15:50:12,2026-07-12T19:11:54
league3,CO,2.5,35-40,99,71,2,32,8,29,0,2023-09-09T17:14:09,2026-07-15T12:48:44
league3,CO,2.5,35-40,A2o,177,95,70,12,0,0,2023-09-22T06:24:27,2026-07-18T17:45:28
league3,CO,2.5,35-40,A2s,58,5,47,5,1,0,2023-09-29T21:10:57,2026-07-12T15:35:16
league3,CO,2.5,35-40,A3o,184,100,80,4,0,0,2023-09-02T17:27:43,2026-07-18T12:05:03
league3,CO,2.5,35-40,A3s,68,0,63,4,1,0,2023-09-26T14:12:13,2026-07-21T10:37:47
league3,CO,2.5,35-40,A4o,174,70,93,11,0,0,2023-10-03T17:34:16,2026-07-13T20:27:56
league3,CO,2.5,35-40,A4s,52,1,47,4,0,0,2023-09-21T18:38:26,2026-07-17T21:28:30
league3,CO,2.5,35-40,A5o,202,66,124,11,1,0,2023-09-13T13:22:25,2026-07-12T19:33:34
league3,CO,2.5,35-40,A5s,57,4,44,6,3,0,2023-10-15T19:20:02,2026-07-17T02:10:40
league3,CO,2.5,35-40,A6o,178,73,101,4,0,0,2023-09-04T17:40:34,2026-07-07T20:35:58
league3,CO,2.5,35-40,A6s,72,3,66,1,2,0,2023-10-12T07:24:28,2026-07-13T12:27:17
league3,CO,2.5,35-40,A7o,166,39,121,3,3,0,2023-09-03T19:33:51,2026-07-19T03:07:39
league3,CO,2.5,35-40,A7s,70,2,67,1,0,0,2023-11-12T09:41:58,2026-07-13T23:32:25
league3,CO,2.5,35-40,A8o,174,34,135,4,1,0,2023-09-02T18:37:42,2026-07-19T11:20:08
league3,CO,2.5,35-40,A8s,44,1,41,2,0,0,2023-09-09T00:32:04,2026-07-06T19:28:23
league3,CO,2.5,35-40,A9o,198,21,164,7,6,0,2023-09-05T20:42:41,2026-07-18T15:35:57
league3,CO,2.5,35-40,A9s,64,0,62,1,1,0,2023-09-17T16:04:52,2026-07-18T08:36:39
league3,CO,2.5,35-40,AA,91,0,2,88,1,0,2023-09-03T19:33:38,2026-07-12T22:24:45
league3,CO,2.5,35-40,AJo,195,3,135,30,27,0,2023-09-13T15:54:26,2026-07-17T21:43:48
league3,CO,2.5,35-40,AJs,58,0,38,10,10,0,2023-11-02T17:01:27,2026-07-21T16:29:15
league3,CO,2.5,35-40,AKo,203,2,8,94,99,0,2023-09-06T17:10:18,2026-07-21T16:21:52
league3,CO,2.5,35-40,AKs,56,1,1,35,19,0,2023-09-16T17:33:37,2026-07-15T00:12:30
league3,CO,2.5,35-40,AQo,197,2,61,64,70,0,2023-09-12T20:25:08,2026-07-21T18:49:16
league3,CO,2.5,35-40,AQs,60,0,13,26,21,0,2023-09-09T18:10:43,2026-07-10T21:07:57
league3,CO,2.5,35-40,ATo,185,3,163,9,10,0,2023-09-05T19:34:19,2026-07-20T16:06:14
league3,CO,2.5,35-40,ATs,50,0,41,5,4,0,2023-09-15T00:28:20,2026-07-13T14:01:00
league3,CO,2.5,35-40,J2o,185,184,0,1,0,0,2023-09-03T21:08:49,2026-07-21T11:32:26
league3,CO,2.5,35-40,J2s,57,25,32,0,0,0,2023-09-14T11:33:51,2026-06-19T13:43:19
league3,CO,2.5,35-40,J3o,164,159,4,1,0,0,2023-09-03T19:41:35,2026-07-19T01:37:31
league3,CO,2.5,35-40,J3s,58,25,33,0,0,0,2023-11-20T21:08:13,2026-07-16T15:35:18
league3,CO,2.5,35-40,J4o,196,190,6,0,0,0,2023-09-09T18:08:26,2026-07-17T17:21:06
league3,CO,2.5,35-40,J4s,59,26,33,0,0,0,2023-09-02T16:48:33,2026-07-17T17:45:04
league3,CO,2.5,35-40,J5o,185,175,8,2,0,0,2023-09-05T11:28:08,2026-07-16T16:40:18
league3,CO,2.5,35-40,J5s,57,24,32,1,0,0,2023-10-30T23:31:58,2026-07-17T14:18:31
league3,CO,2.5,35-40,J6o,179,167,12,0,0,0,2023-09-06T13:20:12,2026-07-11T16:14:21
league3,CO,2.5,35-40,J6s,56,15,41,0,0,0,2023-09-10T11:35:55,2026-07-20T18:37:16
league3,CO,2.5,35-40,J7o,172,150,20,2,0,0,2023-09-05T09:54:17,2026-06-28T00:13:46
league3,CO,2.5,35-40,J7s,58,5,52,1,0,0,2023-10-31T08:13:24,2026-07-17T20:05:04
league3,CO,2.5,35-40,J8o,168,92,76,0,0,0,2023-09-03T19:23:23,2026-07-18T09:26:02
league3,CO,2.5,35-40,J8s,56,4,52,0,0,0,2023-11-05T13:02:29,2026-06-25T09:22:10
league3,CO,2.5,35-40,J9o,176,66,110,0,0,0,2023-09-09T11:21:32,2026-07-14T16:33:51
league3,CO,2.5,35-40,J9s,57,1,56,0,0,0,2023-09-03T18:53:55,2026-07-02T18:35:35
league3,CO,2.5,35-40,JJ,82,1,4,46,31,0,2023-09-08T07:45:31,2026-07-12T13:16:41
league3,CO,2.5,35-40,JTo,179,28,151,0,0,0,2023-09-06T16:03:55,2026-07-17T22:43:48
league3,CO,2.5,35-40,JTs,59,1,57,0,1,0,2023-09-09T19:10:42,2026-06-25T04:33:16
league3,CO,2.5,35-40,K2o,175,162,12,0,1,0,2023-09-03T17:44:40,2026-07-18T19:47:56
league3,CO,2.5,35-40,K2s,51,12,37,2,0,0,2023-09-11T14:42:34,2026-07-15T15:09:33
league3,CO,2.5,35-40,K3o,183,169,12,2,0,0,2023-09-05T14:35:44,2026-07-10T14:48:40
league3,CO,2.5,35-40,K3s,63,15,48,0,0,0,2023-10-14T00:33:33,2026-07-06T12:37:15
league3,CO,2.5,35-40,K4o,172,145,22,5,0,0,2023-09-05T19:07:11,2026-07-11T22:27:21
league3,CO,2.5,35-40,K4s,50,9,40,1,0,0,2023-09-02T17:28:09,2026-06-24T19:09:02
league3,CO,2.5,35-40,K5o,171,134,33,4,0,0,2023-09-09T11:44:56,2026-07-02T02:20:41
league3,CO,2.5,35-40,K5s,68,13,54,0,1,0,2023-09-07T19:29:12,2026-07-04T19:19:35
league3,CO,2.5,35-40,K6o,184,139,45,0,0,0,2023-09-09T05:29:59,2026-07-12T20:31:31
league3,CO,2.5,35-40,K6s,67,5,62,0,0,0,2023-09-09T20:20:04,2026-07-21T00:13:32
league3,CO,2.5,35-40,K7o,175,115,60,0,0,0,2023-09-11T14:37:17,2026-07-12T19:40:36
league3,CO,2.5,35-40,K7s,55,1,52,1,1,0,2023-09-09T18:06:49,2026-07-14T16:18:56
league3,CO,2.5,35-40,K8o,193,109,84,0,0,0,2023-09-08T18:13:28,2026-07-12T09:37:49
league3,CO,2.5,35-40,K8s,55,2,53,0,0,0,2023-09-15T17:36:00,2026-06-18T12:32:31
league3,CO,2.5,35-40,K9o,192,64,127,1,0,0,2023-09-10T15:12:06,2026-07-13T23:36:09
league3,CO,2.5,35-40,K9s,63,0,62,1,0,0,2023-09-17T19:25:45,2026-07-19T17:26:57
league3,CO,2.5,35-40,KJo,201,3,188,9,1,0,2023-09-11T14:42:22,2026-07-09T18:06:03
league3,CO,2.5,35-40,KJs,56,1,53,2,0,0,2023-09-24T18:38:51,2026-07-19T23:06:32
league3,CO,2.5,35-40,KK,93,0,0,79,14,0,2023-09-04T18:43:23,2026-07-19T21:29:47
league3,CO,2.5,35-40,KQo,188,3,172,9,4,0,2023-09-16T08:23:15,2026-07-05T21:53:01
league3,CO,2.5,35-40,KQs,62,0,56,3,3,0,2023-09-07T00:08:58,2026-06-29T18:43:47
league3,CO,2.5,35-40,KTo,152,10,139,3,0,0,2023-09-04T20:12:24,2026-07-16T20:55:00
league3,CO,2.5,35-40,KTs,79,2,75,1,1,0,2023-09-27T05:08:43,2026-06-06T05:13:30
league3,CO,2.5,35-40,Q2o,167,161,5,1,0,0,2023-09-11T18:20:33,2026-07-10T23:13:49
league3,CO,2.5,35-40,Q2s,54,21,33,0,0,0,2023-09-04T18:11:17,2026-07-06T13:36:45
league3,CO,2.5,35-40,Q3o,174,164,7,3,0,0,2023-09-09T16:21:47,2026-07-14T11:15:13
league3,CO,2.5,35-40,Q3s,57,13,43,1,0,0,2023-09-11T12:23:39,2026-07-12T19:19:17
league3,CO,2.5,35-40,Q4o,182,173,8,1,0,0,2023-09-03T16:26:22,2026-07-17T19:47:30
league3,CO,2.5,35-40,Q4s,70,22,48,0,0,0,2023-09-04T05:32:38,2026-06-21T20:18:46
league3,CO,2.5,35-40,Q5o,176,161,13,2,0,0,2023-09-08T19:21:29,2026-07-12T14:34:37
league3,CO,2.5,35-40,Q5s,58,14,44,0,0,0,2023-09-14T17:42:53,2026-07-09T12:44:33
league3,CO,2.5,35-40,Q6o,189,163,24,2,0,0,2023-10-23T13:19:31,2026-07-18T17:51:41
league3,CO,2.5,35-40,Q6s,66,12,54,0,0,0,2023-10-02T08:14:43,2026-07-16T17:25:52
league3,CO,2.5,35-40,Q7o,185,151,33,1,0,0,2023-09-16T11:38:43,2026-07-17T23:23:54
league3,CO,2.5,35-40,Q7s,64,11,53,0,0,0,2023-09-08T20:31:23,2026-07-13T16:31:57
league3,CO,2.5,35-40,Q8o,170,109,61,0,0,0,2023-09-13T19:21:28,2026-07-13T21:50:32
league3,CO,2.5,35-40,Q8s,48,3,44,1,0,0,2023-09-04T18:05:23,2026-07-08T07:29:57
league3,CO,2.5,35-40,Q9o,187,69,117,1,0,0,2023-09-06T19:22:29,2026-07-12T11:25:41
league3,CO,2.5,35-40,Q9s,57,4,51,1,1,0,2023-10-31T22:11:47,2026-07-17T13:23:47
league3,CO,2.5,35-40,QJo,187,13,172,2,0,0,2023-09-04T18:42:10,2026-07-05T19:51:02
league3,CO,2.5,35-40,QJs,77,0,74,1,2,0,2023-09-07T14:48:11,2026-07-14T17:36:29
league3,CO,2.5,35-40,QQ,97,0,0,83,14,0,2023-09-14T15:09:48,2026-07-19T18:45:07
league3,CO,2.5,35-40,QTo,195,15,178,2,0,0,2023-09-01T23:50:21,2026-07-19T17:25:00
league3,CO,2.5,35-40,QTs,68,0,67,0,1,0,2023-09-15T14:48:45,2026-07-16T22:49:59
league3,CO,2.5,35-40,T2o,174,173,0,1,0,0,2023-09-04T16:24:47,2026-07-11T14:16:17
league3,CO,2.5,35-40,T2s,63,41,22,0,0,0,2023-09-03T16:16:18,2026-07-11T00:14:20
league3,CO,2.5,35-40,T3o,170,165,3,2,0,0,2023-09-11T20:21:17,2026-07-14T06:53:45
league3,CO,2.5,35-40,T3s,46,30,16,0,0,0,2023-09-22T22:21:57,2026-07-09T08:27:12
league3,CO,2.5,35-40,T4o,146,145,1,0,0,0,2023-09-13T18:41:38,2026-07-03T11:42:21
league3,CO,2.5,35-40,T4s,63,33,30,0,0,0,2023-09-15T08:25:09,2026-06-27T18:24:15
league3,CO,2.5,35-40,T5o,208,204,4,0,0,0,2023-09-18T01:12:47,2026-07-20T22:48:15
league3,CO,2.5,35-40,T5s,66,29,37,0,0,0,2023-09-07T20:13:12,2026-07-16T17:11:49
league3,CO,2.5,35-40,T6o,157,145,11,1,0,0,2023-09-08T15:45:57,2026-07-16T18:43:59
league3,CO,2.5,35-40,T6s,49,13,36,0,0,0,2023-09-19T14:43:23,2026-07-15T19:34:30
league3,CO,2.5,35-40,T7o,177,140,37,0,0,0,2023-09-02T19:14:58,2026-07-06T07:51:16
league3,CO,2.5,35-40,T7s,64,7,57,0,0,0,2023-09-13T18:40:05,2026-07-10T16:26:06
league3,CO,2.5,35-40,T8o,186,103,83,0,0,0,2023-09-10T19:34:25,2026-07-17T18:43:32
league3,CO,2.5,35-40,T8s,48,4,44,0,0,0,2023-09-23T18:19:58,2026-07-17T17:37:51
league3,CO,2.5,35-40,T9o,167,50,117,0,0,0,2023-09-02T07:47:27,2026-07-21T23:27:34
league3,CO,2.5,35-40,T9s,60,2,58,0,0,0,2023-09-30T23:04:22,2026-07-07T05:52:27
league3,CO,2.5,35-40,TT,90,1,20,25,44,0,2023-09-02T17:12:58,2026-07-18T18:33:08
league3,CO,3.0,25-30,__MISSING__,2701,2180,444,11,66,0,2023-09-01T17:27:21,2026-07-21T21:18:03
league3,CO,3.0,25-30,22,121,46,68,0,7,0,2023-10-01T14:12:42,2026-07-19T13:33:06
league3,CO,3.0,25-30,32o,229,229,0,0,0,0,2023-09-03T20:51:05,2026-07-19T18:39:00
league3,CO,3.0,25-30,32s,81,69,12,0,0,0,2023-12-12T01:53:04,2026-07-20T15:30:57
league3,CO,3.0,25-30,33,121,28,83,0,10,0,2023-09-02T06:49:25,2026-07-19T23:45:54
league3,CO,3.0,25-30,42o,216,214,2,0,0,0,2023-09-20T15:23:21,2026-07-08T13:51:00
league3,CO,3.0,25-30,42s,73,67,6,0,0,0,2023-09-09T22:53:03,2026-06-24T14:39:01
league3,CO,3.0,25-30,43o,225,223,2,0,0,0,2023-09-15T14:02:56,2026-07-18T18:38:05
league3,CO,3.0,25-30,43s,78,59,19,0,0,0,2023-09-06T16:08:35,2026-07-10T06:05:20
league3,CO,3.0,25-30,44,112,22,75,0,15,0,2023-09-10T05:08:01,2026-07-10T23:37:03
league3,CO,3.0,25-30,52o,224,223,1,0,0,0,2023-09-02T20:34:40,2026-07-20T09:32:19
league3,CO,3.0,25-30,52s,75,62,13,0,0,0,2023-09-15T19:46:34,2026-07-10T09:44:01
league3,CO,3.0,25-30,53o,217,215,2,0,0,0,2023-09-05T22:02:32,2026-07-09T12:37:19
league3,CO,3.0,25-30,53s,91,72,19,0,0,0,2023-09-02T19:36:15,2026-07-05T05:16:12
league3,CO,3.0,25-30,54o,257,246,11,0,0,0,2023-09-01T15:49:00,2026-07-18T19:48:20
league3,CO,3.0,25-30,54s,64,36,28,0,0,0,2023-09-03T00:18:26,2026-07-05T20:38:35
league3,CO,3.0,25-30,55,107,10,71,0,26,0,2023-09-15T15:27:22,2026-06-28T00:45:31
league3,CO,3.0,25-30,62o,216,216,0,0,0,0,2023-09-04T23:33:20,2026-07-19T10:39:06
league3,CO,3.0,25-30,62s,75,70,5,0,0,0,2023-09-17T16:16:56,2026-07-17T14:48:58
league3,CO,3.0,25-30,63o,216,213,2,0,1,0,2023-09-09T15:05:23,2026-07-21T21:24:59
league3,CO,3.0,25-30,63s,83,70,13,0,0,0,2023-09-11T11:38:46,2026-07-18T10:30:23
league3,CO,3.0,25-30,64o,222,217,5,0,0,0,2023-09-04T19:35:40,2026-07-13T14:40:56
league3,CO,3.0,25-30,64s,73,50,23,0,0,0,2023-11-04T15:51:07,2026-07-20T21:07:04
league3,CO,3.0,25-30,65o,234,223,11,0,0,0,2023-09-04T15:10:21,2026-07-19T17:52:46
league3,CO,3.0,25-30,65s,68,31,37,0,0,0,2023-09-10T00:17:05,2026-07-15T23:42:28
league3,CO,3.0,25-30,66,107,7,74,0,26,0,2023-09-03T08:25:14,2026-06-26T16:38:50
league3,CO,3.0,25-30,72o,220,220,0,0,0,0,2023-09-19T20:03:38,2026-07-17T16:13:53
league3,CO,3.0,25-30,72s,72,68,4,0,0,0,2023-10-19T17:15:00,2026-06-27T22:04:10
league3,CO,3.0,25-30,73o,233,232,1,0,0,0,2023-09-18T08:33:43,2026-07-17T15:09:17
league3,CO,3.0,25-30,73s,87,84,3,0,0,0,2023-09-02T22:09:19,2026-07-10T06:12:44
league3,CO,3.0,25-30,74o,230,226,4,0,0,0,2023-09-15T19:15:51,2026-07-04T16:25:41
league3,CO,3.0,25-30,74s,81,65,16,0,0,0,2023-09-02T23:34:14,2026-07-18T20:27:30
league3,CO,3.0,25-30,75o,224,221,3,0,0,0,2023-09-11T17:37:07,2026-07-03T14:51:06
league3,CO,3.0,25-30,75s,73,47,26,0,0,0,2023-09-07T16:12:16,2026-07-20T00:06:12
league3,CO,3.0,25-30,76o,237,210,27,0,0,0,2023-09-18T17:46:25,2026-07-17T15:08:16
league3,CO,3.0,25-30,76s,87,25,62,0,0,0,2023-09-09T13:24:53,2026-07-08T21:43:49
league3,CO,3.0,25-30,77,102,1,60,1,40,0,2023-09-03T18:01:59,2026-07-07T20:40:39
league3,CO,3.0,25-30,82o,228,228,0,0,0,0,2023-09-02T14:16:55,2026-07-18T16:40:01
league3,CO,3.0,25-30,82s,79,71,8,0,0,0,2023-09-14T23:14:41,2026-07-18T18:42:15
league3,CO,3.0,25-30,83o,222,222,0,0,0,0,2023-09-05T15:10:00,2026-07-17T20:29:26
league3,CO,3.0,25-30,83s,90,85,5,0,0,0,2023-09-08T17:39:36,2026-07-09T14:44:15
league3,CO,3.0,25-30,84o,271,269,2,0,0,0,2023-09-18T13:51:40,2026-07-15T23:30:48
league3,CO,3.0,25-30,84s,66,60,6,0,0,0,2023-09-13T14:06:36,2026-07-18T15:15:33
league3,CO,3.0,25-30,85o,242,238,4,0,0,0,2023-10-13T20:06:31,2026-07-19T18:09:46
league3,CO,3.0,25-30,85s,82,65,17,0,0,0,2023-09-08T20:41:03,2026-07-11T12:43:38
league3,CO,3.0,25-30,86o,211,203,8,0,0,0,2023-09-02T12:08:31,2026-07-18T17:48:38
league3,CO,3.0,25-30,86s,67,41,26,0,0,0,2023-10-15T18:35:20,2026-07-19T10:37:48
league3,CO,3.0,25-30,87o,230,204,26,0,0,0,2023-09-06T17:39:09,2026-07-02T22:54:04
league3,CO,3.0,25-30,87s,73,24,49,0,0,0,2023-11-22T18:05:59,2026-07-19T10:38:47
league3,CO,3.0,25-30,88,122,3,55,3,61,0,2023-09-09T11:22:03,2026-07-10T22:39:20
league3,CO,3.0,25-30,92o,242,241,1,0,0,0,2023-09-15T19:13:56,2026-07-11T00:23:04
league3,CO,3.0,25-30,92s,85,83,2,0,0,0,2023-09-06T20:46:35,2026-07-17T17:22:36
league3,CO,3.0,25-30,93o,206,204,2,0,0,0,2023-09-08T14:39:17,2026-07-10T15:05:29
league3,CO,3.0,25-30,93s,67,59,8,0,0,0,2023-09-04T16:43:54,2026-06-28T19:31:51
league3,CO,3.0,25-30,94o,230,230,0,0,0,0,2023-09-04T16:36:29,2026-07-12T16:50:14
league3,CO,3.0,25-30,94s,70,66,4,0,0,0,2023-09-03T16:12:23,2026-07-18T21:54:18
league3,CO,3.0,25-30,95o,248,247,1,0,0,0,2023-09-04T09:35:44,2026-07-20T21:08:54
league3,CO,3.0,25-30,95s,75,66,9,0,0,0,2023-09-01T17:27:15,2026-07-10T17:22:06
league3,CO,3.0,25-30,96o,212,208,4,0,0,0,2023-09-04T17:03:29,2026-07-13T13:27:24
league3,CO,3.0,25-30,96s,78,48,30,0,0,0,2023-09-17T02:39:31,2026-06-24T10:46:11
league3,CO,3.0,25-30,97o,196,183,13,0,0,0,2023-09-02T12:15:12,2026-07-07T02:09:41
league3,CO,3.0,25-30,97s,76,33,43,0,0,0,2023-09-29T11:39:31,2026-07-16T20:39:53
league3,CO,3.0,25-30,98o,233,196,37,0,0,0,2023-09-08T17:17:20,2026-07-20T18:41:53
league3,CO,3.0,25-30,98s,67,10,57,0,0,0,2023-09-20T16:02:32,2026-07-20T21:31:32
league3,CO,3.0,25-30,99,113,1,43,3,66,0,2023-09-09T20:48:28,2026-07-09T23:08:57
league3,CO,3.0,25-30,A2o,237,215,20,1,1,0,2023-09-02T00:03:03,2026-07-20T14:30:36
league3,CO,3.0,25-30,A2s,78,19,56,0,3,0,2023-09-25T07:36:22,2026-07-11T18:07:56
league3,CO,3.0,25-30,A3o,222,196,24,0,2,0,2023-09-06T17:34:43,2026-07-12T23:16:01
league3,CO,3.0,25-30,A3s,93,22,67,2,2,0,2023-09-17T20:04:54,2026-07-14T17:33:37
league3,CO,3.0,25-30,A4o,236,193,38,1,4,0,2023-09-12T15:08:25,2026-07-20T23:22:15
league3,CO,3.0,25-30,A4s,70,14,53,1,2,0,2023-09-11T20:01:54,2026-06-26T22:01:03
league3,CO,3.0,25-30,A5o,239,194,41,1,3,0,2023-09-09T20:50:33,2026-07-18T16:13:46
league3,CO,3.0,25-30,A5s,77,12,59,1,5,0,2023-09-16T15:04:52,2026-07-09T23:26:03
league3,CO,3.0,25-30,A6o,231,185,43,0,3,0,2023-09-08T21:19:21,2026-07-21T22:26:38
league3,CO,3.0,25-30,A6s,99,16,79,0,4,0,2023-10-13T20:20:42,2026-07-12T07:33:20
league3,CO,3.0,25-30,A7o,258,195,56,2,5,0,2023-09-14T09:11:21,2026-07-19T19:26:56
league3,CO,3.0,25-30,A7s,71,13,56,0,2,0,2023-10-05T08:45:12,2026-06-16T22:23:38
league3,CO,3.0,25-30,A8o,228,153,66,1,8,0,2023-09-04T13:05:20,2026-07-16T17:04:51
league3,CO,3.0,25-30,A8s,73,9,60,0,4,0,2023-09-23T20:14:00,2026-07-11T00:45:30
league3,CO,3.0,25-30,A9o,215,110,91,0,14,0,2023-09-05T19:05:31,2026-07-20T16:30:00
league3,CO,3.0,25-30,A9s,75,7,59,0,9,0,2023-09-29T20:12:40,2026-07-17T21:33:18
league3,CO,3.0,25-30,AA,119,0,11,74,34,0,2023-09-02T18:28:28,2026-07-19T18:51:57
league3,CO,3.0,25-30,AJo,242,9,127,11,95,0,2023-09-11T20:19:13,2026-07-15T16:23:11
league3,CO,3.0,25-30,AJs,86,0,58,4,24,0,2023-10-26T21:36:19,2026-07-17T02:49:19
league3,CO,3.0,25-30,AKo,253,3,7,29,214,0,2023-09-06T19:04:17,2026-07-17T19:49:36
league3,CO,3.0,25-30,AKs,77,1,3,11,62,0,2023-09-06T20:24:13,2026-07-08T13:04:22
league3,CO,3.0,25-30,AQo,259,3,65,17,174,0,2023-09-04T16:08:33,2026-07-16T13:01:10
league3,CO,3.0,25-30,AQs,77,0,25,7,45,0,2023-09-08T11:24:45,2026-07-14T00:10:05
league3,CO,3.0,25-30,ATo,227,43,138,3,43,0,2023-09-27T13:25:17,2026-07-05T00:15:24
league3,CO,3.0,25-30,ATs,68,2,51,1,14,0,2023-09-14T09:35:46,2026-06-24T01:08:21
league3,CO,3.0,25-30,J2o,237,237,0,0,0,0,2023-09-06T10:17:28,2026-07-21T08:19:37
league3,CO,3.0,25-30,J2s,74,67,7,0,0,0,2023-09-05T18:03:20,2026-06-26T14:48:13
league3,CO,3.0,25-30,J3o,228,226,2,0,0,0,2023-09-02T12:35:10,2026-07-20T21:01:28
league3,CO,3.0,25-30,J3s,68,61,7,0,0,0,2023-09-06T15:15:54,2026-07-19T21:16:22
league3,CO,3.0,25-30,J4o,231,229,2,0,0,0,2023-09-03T04:05:48,2026-07-16T11:32:00
league3,CO,3.0,25-30,J4s,80,62,18,0,0,0,2023-09-01T22:42:22,2026-06-27T13:39:58
league3,CO,3.0,25-30,J5o,197,196,1,0,0,0,2023-09-13T21:12:49,2026-07-03T21:21:19
league3,CO,3.0,25-30,J5s,75,55,20,0,0,0,2023-09-27T19:19:24,2026-07-14T15:40:09
league3,CO,3.0,25-30,J6o,221,220,1,0,0,0,2023-09-06T11:23:59,2026-07-20T11:46:41
league3,CO,3.0,25-30,J6s,75,60,15,0,0,0,2023-09-12T15:40:28,2026-07-04T21:49:54
league3,CO,3.0,25-30,J7o,230,220,10,0,0,0,2023-09-04T18:28:43,2026-07-21T14:05:52
league3,CO,3.0,25-30,J7s,87,48,39,0,0,0,2023-09-16T18:20:09,2026-07-06T18:21:53
league3,CO,3.0,25-30,J8o,225,207,18,0,0,0,2023-09-02T20:08:06,2026-07-19T19:25:00
league3,CO,3.0,25-30,J8s,70,24,46,0,0,0,2023-09-04T15:04:07,2026-07-15T04:06:01
league3,CO,3.0,25-30,J9o,216,186,29,1,0,0,2023-09-05T17:32:34,2026-07-19T01:07:12
league3,CO,3.0,25-30,J9s,66,19,47,0,0,0,2023-09-13T23:40:40,2026-07-18T10:45:39
league3,CO,3.0,25-30,JJ,134,0,9,15,110,0,2023-09-04T00:38:53,2026-07-03T20:29:51
league3,CO,3.0,25-30,JTo,253,140,113,0,0,0,2023-09-09T19:54:15,2026-07-17T20:42:37
league3,CO,3.0,25-30,JTs,76,6,64,0,6,0,2023-09-16T13:38:31,2026-07-11T13:01:01
league3,CO,3.0,25-30,K2o,228,224,3,1,0,0,2023-09-06T01:16:29,2026-07-20T23:14:44
league3,CO,3.0,25-30,K2s,82,58,24,0,0,0,2023-09-01T20:49:59,2026-07-03T13:46:52
league3,CO,3.0,25-30,K3o,223,218,5,0,0,0,2023-09-10T12:27:29,2026-07-19T10:51:14
league3,CO,3.0,25-30,K3s,90,50,40,0,0,0,2023-09-01T12:41:29,2026-07-15T11:36:32
league3,CO,3.0,25-30,K4o,232,227,5,0,0,0,2023-09-02T18:40:04,2026-07-15T19:06:53
league3,CO,3.0,25-30,K4s,90,59,31,0,0,0,2023-09-24T18:47:33,2026-07-06T18:29:03
league3,CO,3.0,25-30,K5o,238,231,7,0,0,0,2023-09-02T21:18:39,2026-07-19T20:05:38
league3,CO,3.0,25-30,K5s,85,47,38,0,0,0,2023-09-23T18:18:24,2026-07-11T17:20:36
league3,CO,3.0,25-30,K6o,242,235,7,0,0,0,2023-09-06T17:22:55,2026-07-19T14:39:25
league3,CO,3.0,25-30,K6s,86,50,36,0,0,0,2023-09-18T16:03:00,2026-06-01T11:34:47
league3,CO,3.0,25-30,K7o,242,222,18,1,1,0,2023-09-04T19:16:41,2026-07-17T21:26:49
league3,CO,3.0,25-30,K7s,73,34,39,0,0,0,2023-09-02T17:51:33,2026-07-09T20:32:12
league3,CO,3.0,25-30,K8o,242,221,21,0,0,0,2023-09-06T18:42:12,2026-07-16T20:08:06
league3,CO,3.0,25-30,K8s,87,29,58,0,0,0,2023-09-04T10:41:19,2026-07-18T09:05:29
league3,CO,3.0,25-30,K9o,261,202,58,0,1,0,2023-09-03T15:41:03,2026-07-19T19:31:03
league3,CO,3.0,25-30,K9s,74,15,59,0,0,0,2023-09-30T22:40:23,2026-07-06T20:33:52
league3,CO,3.0,25-30,KJo,236,49,173,3,11,0,2023-09-12T22:30:01,2026-07-18T16:38:01
league3,CO,3.0,25-30,KJs,57,2,53,0,2,0,2023-09-13T21:21:56,2026-07-11T20:55:12
league3,CO,3.0,25-30,KK,134,3,5,72,54,0,2023-09-08T06:33:04,2026-07-07T16:23:18
league3,CO,3.0,25-30,KQo,229,24,180,2,23,0,2023-09-24T16:38:29,2026-07-15T12:15:11
league3,CO,3.0,25-30,KQs,80,3,61,1,15,0,2023-09-26T10:28:36,2026-06-17T18:16:57
league3,CO,3.0,25-30,KTo,265,125,138,1,1,0,2023-09-02T05:09:34,2026-07-09T15:34:01
league3,CO,3.0,25-30,KTs,72,7,62,0,3,0,2023-11-22T20:22:43,2026-06-25T00:35:28
league3,CO,3.0,25-30,Q2o,225,223,2,0,0,0,2023-09-06T14:43:34,2026-07-12T15:17:25
league3,CO,3.0,25-30,Q2s,55,41,14,0,0,0,2023-09-12T05:53:02,2026-06-19T20:20:28
league3,CO,3.0,25-30,Q3o,212,211,0,0,1,0,2023-09-02T13:50:02,2026-07-20T20:49:14
league3,CO,3.0,25-30,Q3s,68,57,11,0,0,0,2023-09-27T19:45:26,2026-07-19T04:43:31
league3,CO,3.0,25-30,Q4o,221,219,2,0,0,0,2023-09-03T18:11:55,2026-07-17T18:19:19
league3,CO,3.0,25-30,Q4s,73,53,20,0,0,0,2023-09-02T16:28:16,2026-07-08T21:41:26
league3,CO,3.0,25-30,Q5o,215,214,1,0,0,0,2023-09-06T09:53:42,2026-07-13T15:36:22
league3,CO,3.0,25-30,Q5s,80,57,23,0,0,0,2023-09-25T14:39:24,2026-07-10T15:08:02
league3,CO,3.0,25-30,Q6o,249,244,5,0,0,0,2023-09-07T17:28:50,2026-07-09T21:04:21
league3,CO,3.0,25-30,Q6s,65,49,14,0,2,0,2023-10-06T12:53:04,2026-07-06T07:24:53
league3,CO,3.0,25-30,Q7o,210,209,1,0,0,0,2023-09-01T20:54:26,2026-07-07T03:39:36
league3,CO,3.0,25-30,Q7s,91,49,41,0,1,0,2023-09-06T14:26:19,2026-07-21T17:38:26
league3,CO,3.0,25-30,Q8o,232,213,19,0,0,0,2023-09-01T21:17:14,2026-07-20T18:41:12
league3,CO,3.0,25-30,Q8s,62,23,39,0,0,0,2023-09-05T14:52:35,2026-06-24T21:42:54
league3,CO,3.0,25-30,Q9o,243,200,43,0,0,0,2023-09-15T22:23:34,2026-07-19T17:43:59
league3,CO,3.0,25-30,Q9s,72,22,50,0,0,0,2023-09-08T22:16:50,2026-07-08T16:43:26
league3,CO,3.0,25-30,QJo,241,85,155,0,1,0,2023-09-12T20:21:23,2026-07-21T18:01:02
league3,CO,3.0,25-30,QJs,74,2,68,0,4,0,2023-09-06T14:51:57,2026-07-11T15:39:05
league3,CO,3.0,25-30,QQ,135,3,6,41,85,0,2023-09-07T18:49:07,2026-07-18T16:21:54
league3,CO,3.0,25-30,QTo,223,114,108,0,1,0,2023-09-02T16:30:14,2026-07-15T20:51:51
league3,CO,3.0,25-30,QTs,79,5,74,0,0,0,2023-09-05T03:53:15,2026-07-17T18:48:21
league3,CO,3.0,25-30,T2o,218,218,0,0,0,0,2023-09-02T20:16:03,2026-07-20T21:26:16
league3,CO,3.0,25-30,T2s,84,79,5,0,0,0,2023-09-11T12:36:09,2026-06-29T22:05:27
league3,CO,3.0,25-30,T3o,208,208,0,0,0,0,2023-09-10T22:30:27,2026-07-15T07:40:33
league3,CO,3.0,25-30,T3s,72,63,9,0,0,0,2023-09-15T13:35:33,2026-06-27T20:38:15
league3,CO,3.0,25-30,T4o,231,230,1,0,0,0,2023-09-01T22:42:07,2026-07-12T12:31:20
league3,CO,3.0,25-30,T4s,60,52,8,0,0,0,2023-11-24T13:06:24,2026-07-04T12:30:41
league3,CO,3.0,25-30,T5o,204,201,3,0,0,0,2023-09-03T17:42:12,2026-07-19T14:31:07
league3,CO,3.0,25-30,T5s,82,71,11,0,0,0,2023-09-09T15:14:01,2026-07-05T15:44:42
league3,CO,3.0,25-30,T6o,219,217,2,0,0,0,2023-09-06T19:35:53,2026-07-19T22:41:10
league3,CO,3.0,25-30,T6s,86,66,19,0,1,0,2023-11-06T16:26:16,2026-07-09T21:45:17
league3,CO,3.0,25-30,T7o,227,214,13,0,0,0,2023-09-05T12:06:12,2026-07-19T03:09:11
league3,CO,3.0,25-30,T7s,62,38,24,0,0,0,2023-10-11T17:09:58,2026-07-07T17:10:56
league3,CO,3.0,25-30,T8o,197,185,12,0,0,0,2023-09-14T15:37:49,2026-07-17T19:20:30
league3,CO,3.0,25-30,T8s,80,23,57,0,0,0,2023-09-26T06:26:41,2026-06-28T11:32:06
league3,CO,3.0,25-30,T9o,229,167,62,0,0,0,2023-09-06T11:04:13,2026-07-10T12:23:25
league3,CO,3.0,25-30,T9s,69,9,60,0,0,0,2023-09-10T14:48:51,2026-05-25T19:27:39
league3,CO,3.0,25-30,TT,150,2,21,16,111,0,2023-09-05T19:32:44,2026-07-16T11:33:46
league3,CO,3.0,30-35,__MISSING__,2529,2000,454,28,47,0,2023-09-01T14:11:22,2026-07-20T21:46:43
league3,CO,3.0,30-35,22,96,22,69,0,5,0,2023-10-28T20:16:20,2026-07-17T15:31:11
league3,CO,3.0,30-35,32o,187,187,0,0,0,0,2023-09-26T17:11:00,2026-07-18T19:27:45
league3,CO,3.0,30-35,32s,62,51,11,0,0,0,2023-09-10T19:01:01,2026-06-19T22:45:44
league3,CO,3.0,30-35,33,98,13,79,0,6,0,2023-09-04T16:06:59,2026-07-20T07:12:32
league3,CO,3.0,30-35,42o,209,208,1,0,0,0,2023-09-05T17:26:48,2026-07-18T01:01:28
league3,CO,3.0,30-35,42s,65,54,11,0,0,0,2023-09-19T17:20:51,2026-07-17T11:04:31
league3,CO,3.0,30-35,43o,212,208,4,0,0,0,2023-09-01T16:06:40,2026-07-15T21:03:05
league3,CO,3.0,30-35,43s,73,57,16,0,0,0,2023-11-07T20:48:16,2026-07-11T08:04:27
league3,CO,3.0,30-35,44,107,16,79,0,12,0,2023-09-06T08:12:08,2026-07-13T02:21:34
league3,CO,3.0,30-35,52o,221,220,1,0,0,0,2023-09-16T15:10:03,2026-07-18T21:45:45
league3,CO,3.0,30-35,52s,53,46,7,0,0,0,2023-09-10T03:43:27,2026-05-30T19:23:39
league3,CO,3.0,30-35,53o,203,201,2,0,0,0,2023-09-08T17:47:51,2026-07-12T19:41:46
league3,CO,3.0,30-35,53s,67,56,11,0,0,0,2023-10-20T13:42:16,2026-06-20T23:02:06
league3,CO,3.0,30-35,54o,214,202,12,0,0,0,2023-09-06T17:25:59,2026-07-16T17:16:44
league3,CO,3.0,30-35,54s,96,46,50,0,0,0,2023-09-14T14:06:35,2026-07-15T13:43:44
league3,CO,3.0,30-35,55,102,11,77,1,13,0,2023-09-11T15:09:47,2026-06-30T00:54:27
league3,CO,3.0,30-35,62o,202,201,1,0,0,0,2023-09-04T11:24:55,2026-07-20T04:16:10
league3,CO,3.0,30-35,62s,70,62,8,0,0,0,2023-10-21T19:04:13,2026-07-14T05:22:13
league3,CO,3.0,30-35,63o,226,224,1,1,0,0,2023-09-03T17:39:28,2026-07-21T21:34:45
league3,CO,3.0,30-35,63s,74,65,9,0,0,0,2023-10-16T19:30:31,2026-07-13T19:33:45
league3,CO,3.0,30-35,64o,189,183,5,1,0,0,2023-09-23T20:50:06,2026-07-17T16:36:27
league3,CO,3.0,30-35,64s,62,48,14,0,0,0,2023-09-22T22:02:50,2026-06-14T20:33:34
league3,CO,3.0,30-35,65o,196,182,14,0,0,0,2023-09-06T14:31:30,2026-07-16T18:54:35
league3,CO,3.0,30-35,65s,58,24,34,0,0,0,2023-09-04T19:11:25,2026-07-19T21:21:20
league3,CO,3.0,30-35,66,107,4,86,0,17,0,2023-09-06T19:47:15,2026-07-05T16:53:09
league3,CO,3.0,30-35,72o,204,204,0,0,0,0,2023-09-18T22:38:08,2026-07-20T18:50:50
league3,CO,3.0,30-35,72s,82,78,4,0,0,0,2023-09-01T16:39:57,2026-07-16T18:39:28
league3,CO,3.0,30-35,73o,214,214,0,0,0,0,2023-09-02T15:38:52,2026-07-20T21:22:59
league3,CO,3.0,30-35,73s,65,55,10,0,0,0,2023-09-24T19:42:25,2026-06-23T20:29:57
league3,CO,3.0,30-35,74o,181,176,5,0,0,0,2023-09-06T12:13:25,2026-07-15T22:33:18
league3,CO,3.0,30-35,74s,71,55,16,0,0,0,2023-10-11T14:30:19,2026-07-04T11:37:41
league3,CO,3.0,30-35,75o,228,224,4,0,0,0,2023-09-04T07:21:15,2026-07-13T18:37:05
league3,CO,3.0,30-35,75s,68,40,28,0,0,0,2023-10-11T07:30:25,2026-07-01T18:35:26
league3,CO,3.0,30-35,76o,215,188,27,0,0,0,2023-09-09T19:26:17,2026-07-05T19:15:24
league3,CO,3.0,30-35,76s,73,16,57,0,0,0,2023-09-02T03:43:48,2026-07-17T21:06:28
league3,CO,3.0,30-35,77,114,4,85,1,24,0,2023-09-10T16:19:00,2026-06-25T18:16:20
league3,CO,3.0,30-35,82o,208,208,0,0,0,0,2023-09-03T19:14:19,2026-07-21T17:44:42
league3,CO,3.0,30-35,82s,72,65,7,0,0,0,2023-10-17T12:12:21,2026-07-12T17:36:55
league3,CO,3.0,30-35,83o,191,191,0,0,0,0,2023-09-05T19:22:08,2026-07-19T19:40:02
league3,CO,3.0,30-35,83s,70,65,5,0,0,0,2023-09-01T12:47:27,2026-06-14T16:11:38
league3,CO,3.0,30-35,84o,224,224,0,0,0,0,2023-09-10T13:45:43,2026-07-18T18:25:38
league3,CO,3.0,30-35,84s,61,51,10,0,0,0,2023-09-07T21:10:16,2026-07-04T21:38:42
league3,CO,3.0,30-35,85o,226,224,2,0,0,0,2023-09-03T09:01:53,2026-07-17T19:01:56
league3,CO,3.0,30-35,85s,75,56,19,0,0,0,2023-09-27T14:48:11,2026-07-20T21:48:55
league3,CO,3.0,30-35,86o,211,196,15,0,0,0,2023-09-10T18:03:22,2026-07-15T14:53:33
league3,CO,3.0,30-35,86s,77,46,31,0,0,0,2023-09-02T16:48:38,2026-07-01T14:12:16
league3,CO,3.0,30-35,87o,188,159,29,0,0,0,2023-09-19T21:49:35,2026-07-17T21:37:31
league3,CO,3.0,30-35,87s,79,17,62,0,0,0,2023-09-05T00:35:46,2026-07-08T05:16:15
league3,CO,3.0,30-35,88,106,1,67,4,34,0,2023-09-19T01:47:58,2026-07-10T19:10:12
league3,CO,3.0,30-35,92o,233,233,0,0,0,0,2023-09-03T18:09:25,2026-07-19T17:02:15
league3,CO,3.0,30-35,92s,66,64,2,0,0,0,2023-09-05T01:31:30,2026-05-22T23:16:56
league3,CO,3.0,30-35,93o,192,192,0,0,0,0,2023-09-09T17:20:33,2026-07-21T21:38:03
league3,CO,3.0,30-35,93s,66,59,7,0,0,0,2023-09-20T23:34:02,2026-06-29T16:23:55
league3,CO,3.0,30-35,94o,200,200,0,0,0,0,2023-09-04T18:54:49,2026-07-14T18:02:56
league3,CO,3.0,30-35,94s,75,70,5,0,0,0,2023-09-06T18:08:36,2026-07-05T14:54:38
league3,CO,3.0,30-35,95o,201,201,0,0,0,0,2023-09-03T09:36:31,2026-07-19T10:13:12
league3,CO,3.0,30-35,95s,71,61,10,0,0,0,2023-09-02T13:46:01,2026-07-12T21:46:05
league3,CO,3.0,30-35,96o,185,183,2,0,0,0,2023-09-03T16:09:07,2026-07-20T18:38:20
league3,CO,3.0,30-35,96s,68,40,28,0,0,0,2023-09-03T14:34:46,2026-06-13T19:18:39
league3,CO,3.0,30-35,97o,224,213,11,0,0,0,2023-09-01T14:10:48,2026-07-17T12:32:15
league3,CO,3.0,30-35,97s,61,25,36,0,0,0,2023-09-04T11:09:45,2026-07-18T16:35:47
league3,CO,3.0,30-35,98o,230,182,47,0,1,0,2023-09-01T14:40:08,2026-07-16T11:28:19
league3,CO,3.0,30-35,98s,66,11,55,0,0,0,2023-09-16T20:48:04,2026-07-19T16:54:00
league3,CO,3.0,30-35,99,95,0,31,4,60,0,2023-09-30T14:41:30,2026-07-06T14:33:34
league3,CO,3.0,30-35,A2o,216,184,30,1,1,0,2023-09-02T18:18:25,2026-07-17T18:45:52
league3,CO,3.0,30-35,A2s,77,21,54,1,1,0,2023-09-22T15:08:48,2026-07-18T21:22:45
league3,CO,3.0,30-35,A3o,232,201,26,3,2,0,2023-09-01T17:42:32,2026-07-19T01:34:24
league3,CO,3.0,30-35,A3s,70,12,57,0,1,0,2023-09-13T18:06:19,2026-07-06T03:04:01
league3,CO,3.0,30-35,A4o,233,196,37,0,0,0,2023-09-17T08:15:22,2026-07-20T21:30:06
league3,CO,3.0,30-35,A4s,84,10,72,0,2,0,2023-09-17T14:11:52,2026-07-18T20:37:41
league3,CO,3.0,30-35,A5o,212,159,52,0,1,0,2023-09-04T12:15:18,2026-06-26T21:21:48
league3,CO,3.0,30-35,A5s,64,8,51,1,4,0,2023-09-14T13:42:04,2026-07-07T17:50:40
league3,CO,3.0,30-35,A6o,210,165,41,0,4,0,2023-09-03T18:26:01,2026-07-20T08:12:08
league3,CO,3.0,30-35,A6s,58,6,51,0,1,0,2023-09-05T06:06:13,2026-06-27T13:38:34
league3,CO,3.0,30-35,A7o,201,153,46,0,2,0,2023-09-11T13:03:50,2026-07-02T05:10:11
league3,CO,3.0,30-35,A7s,72,13,58,0,1,0,2023-10-12T12:16:15,2026-07-13T12:30:18
league3,CO,3.0,30-35,A8o,223,147,74,0,2,0,2023-09-19T23:24:28,2026-07-21T03:31:30
league3,CO,3.0,30-35,A8s,74,7,62,0,5,0,2023-10-11T21:16:46,2026-06-28T13:25:17
league3,CO,3.0,30-35,A9o,198,109,83,0,6,0,2023-09-17T18:16:11,2026-07-18T11:01:00
league3,CO,3.0,30-35,A9s,76,6,65,0,5,0,2023-09-17T12:04:57,2026-07-16T19:38:41
league3,CO,3.0,30-35,AA,88,0,5,66,17,0,2023-09-29T19:44:07,2026-07-17T13:47:00
league3,CO,3.0,30-35,AJo,196,10,131,16,39,0,2023-09-08T11:39:41,2026-07-15T14:41:08
league3,CO,3.0,30-35,AJs,55,0,38,0,17,0,2023-09-13T20:14:08,2026-06-30T16:26:36
league3,CO,3.0,30-35,AKo,217,3,4,52,158,0,2023-09-12T20:02:48,2026-07-17T15:54:52
league3,CO,3.0,30-35,AKs,78,0,4,12,62,0,2023-10-15T13:04:43,2026-06-19T22:31:38
league3,CO,3.0,30-35,AQo,213,2,80,22,109,0,2023-09-14T10:07:18,2026-06-30T22:25:15
league3,CO,3.0,30-35,AQs,73,1,21,16,35,0,2023-09-06T22:38:31,2026-07-20T11:32:54
league3,CO,3.0,30-35,ATo,223,41,153,9,20,0,2023-09-01T13:38:07,2026-07-10T22:38:52
league3,CO,3.0,30-35,ATs,62,3,53,4,2,0,2023-09-02T10:46:49,2026-07-16T19:27:39
league3,CO,3.0,30-35,J2o,214,213,1,0,0,0,2023-09-02T14:39:26,2026-07-11T09:50:31
league3,CO,3.0,30-35,J2s,84,75,9,0,0,0,2023-09-03T16:53:08,2026-07-07T02:42:24
league3,CO,3.0,30-35,J3o,215,214,1,0,0,0,2023-09-03T20:12:01,2026-07-19T16:06:07
league3,CO,3.0,30-35,J3s,71,59,12,0,0,0,2023-09-17T15:23:11,2026-05-29T01:12:18
league3,CO,3.0,30-35,J4o,227,227,0,0,0,0,2023-09-08T21:45:17,2026-07-06T22:24:37
league3,CO,3.0,30-35,J4s,57,50,7,0,0,0,2023-09-06T05:01:57,2026-07-09T15:43:25
league3,CO,3.0,30-35,J5o,224,224,0,0,0,0,2023-09-02T15:07:39,2026-07-11T17:09:51
league3,CO,3.0,30-35,J5s,70,57,13,0,0,0,2023-09-08T00:37:56,2026-07-10T21:18:46
league3,CO,3.0,30-35,J6o,195,194,1,0,0,0,2023-09-05T19:02:09,2026-07-13T13:08:00
league3,CO,3.0,30-35,J6s,75,54,21,0,0,0,2023-09-02T16:54:56,2026-07-13T15:44:57
league3,CO,3.0,30-35,J7o,229,220,9,0,0,0,2023-09-02T14:29:49,2026-07-06T20:45:57
league3,CO,3.0,30-35,J7s,64,36,28,0,0,0,2023-10-21T21:14:43,2026-07-12T23:20:01
league3,CO,3.0,30-35,J8o,195,179,16,0,0,0,2023-09-03T09:34:09,2026-07-15T04:16:03
league3,CO,3.0,30-35,J8s,57,22,35,0,0,0,2023-09-29T07:36:51,2026-06-30T19:02:11
league3,CO,3.0,30-35,J9o,211,171,40,0,0,0,2023-09-06T22:50:02,2026-07-12T18:53:46
league3,CO,3.0,30-35,J9s,76,14,62,0,0,0,2023-09-19T10:09:20,2026-07-01T10:09:41
league3,CO,3.0,30-35,JJ,119,1,15,25,78,0,2023-09-01T16:30:34,2026-07-18T20:38:10
league3,CO,3.0,30-35,JTo,218,104,114,0,0,0,2023-09-14T16:01:49,2026-07-19T09:37:06
league3,CO,3.0,30-35,JTs,65,6,58,1,0,0,2023-09-24T17:36:50,2026-06-13T17:31:33
league3,CO,3.0,30-35,K2o,208,204,4,0,0,0,2023-09-08T18:39:12,2026-07-09T19:42:42
league3,CO,3.0,30-35,K2s,69,41,28,0,0,0,2023-10-31T11:31:24,2026-07-03T11:45:31
league3,CO,3.0,30-35,K3o,204,200,4,0,0,0,2023-09-08T22:42:42,2026-07-19T14:08:54
league3,CO,3.0,30-35,K3s,64,40,24,0,0,0,2023-09-07T09:36:55,2026-07-05T15:13:59
league3,CO,3.0,30-35,K4o,211,203,8,0,0,0,2023-09-14T15:24:54,2026-07-11T21:41:10
league3,CO,3.0,30-35,K4s,64,42,21,0,1,0,2023-09-01T18:34:25,2026-06-27T17:25:46
league3,CO,3.0,30-35,K5o,230,221,8,1,0,0,2023-09-08T19:21:00,2026-07-17T06:22:10
league3,CO,3.0,30-35,K5s,75,47,27,1,0,0,2023-09-03T17:35:03,2026-06-23T17:19:49
league3,CO,3.0,30-35,K6o,238,232,5,1,0,0,2023-09-04T14:30:32,2026-07-17T20:43:36
league3,CO,3.0,30-35,K6s,66,34,32,0,0,0,2023-09-12T17:14:54,2026-07-14T13:10:51
league3,CO,3.0,30-35,K7o,231,215,14,1,1,0,2023-09-03T15:04:27,2026-07-14T23:14:01
league3,CO,3.0,30-35,K7s,73,30,42,0,1,0,2023-10-03T23:24:47,2026-07-19T21:46:54
league3,CO,3.0,30-35,K8o,216,191,25,0,0,0,2023-09-02T11:17:21,2026-07-17T21:39:29
league3,CO,3.0,30-35,K8s,64,22,41,1,0,0,2023-09-06T20:14:42,2026-07-17T12:21:59
league3,CO,3.0,30-35,K9o,206,170,36,0,0,0,2023-09-08T19:09:30,2026-07-15T19:13:29
league3,CO,3.0,30-35,K9s,69,9,59,1,0,0,2023-09-30T19:07:35,2026-07-18T19:07:32
league3,CO,3.0,30-35,KJo,222,44,170,2,6,0,2023-09-16T15:13:21,2026-07-11T19:44:36
league3,CO,3.0,30-35,KJs,57,1,55,0,1,0,2023-10-07T20:29:01,2026-07-05T19:38:30
league3,CO,3.0,30-35,KK,110,0,2,82,26,0,2023-09-01T21:15:47,2026-07-10T14:13:35
league3,CO,3.0,30-35,KQo,235,20,205,4,6,0,2023-09-05T11:36:12,2026-07-18T20:09:18
league3,CO,3.0,30-35,KQs,59,1,48,1,9,0,2023-09-01T13:50:54,2026-06-23T19:50:10
league3,CO,3.0,30-35,KTo,205,85,117,0,3,0,2023-09-03T18:20:31,2026-07-18T13:51:39
league3,CO,3.0,30-35,KTs,75,2,73,0,0,0,2023-09-02T20:12:57,2026-07-21T00:20:12
league3,CO,3.0,30-35,Q2o,205,204,1,0,0,0,2023-09-06T19:06:07,2026-07-18T22:31:50
league3,CO,3.0,30-35,Q2s,77,60,17,0,0,0,2023-09-23T12:13:03,2026-07-06T08:38:48
league3,CO,3.0,30-35,Q3o,203,201,2,0,0,0,2023-09-08T07:43:13,2026-07-16T13:28:49
league3,CO,3.0,30-35,Q3s,68,54,14,0,0,0,2023-09-06T22:40:25,2026-07-04T18:28:03
league3,CO,3.0,30-35,Q4o,218,218,0,0,0,0,2023-09-20T19:37:31,2026-07-17T20:50:31
league3,CO,3.0,30-35,Q4s,67,50,17,0,0,0,2023-10-08T11:44:30,2026-06-08T19:51:29
league3,CO,3.0,30-35,Q5o,230,229,1,0,0,0,2023-09-03T21:35:37,2026-07-18T19:34:26
league3,CO,3.0,30-35,Q5s,74,55,19,0,0,0,2023-09-16T23:34:50,2026-07-16T23:50:28
league3,CO,3.0,30-35,Q6o,198,196,2,0,0,0,2023-09-01T16:39:33,2026-07-20T21:26:02
league3,CO,3.0,30-35,Q6s,65,50,15,0,0,0,2023-11-18T14:45:05,2026-07-18T01:19:12
league3,CO,3.0,30-35,Q7o,221,218,2,1,0,0,2023-09-01T12:33:06,2026-07-17T01:02:51
league3,CO,3.0,30-35,Q7s,75,39,36,0,0,0,2023-10-06T20:34:29,2026-07-20T23:03:45
league3,CO,3.0,30-35,Q8o,198,178,20,0,0,0,2023-09-08T15:52:20,2026-07-16T16:38:48
league3,CO,3.0,30-35,Q8s,81,25,56,0,0,0,2023-10-05T12:21:06,2026-07-19T03:36:52
league3,CO,3.0,30-35,Q9o,207,177,30,0,0,0,2023-09-02T17:32:47,2026-07-04T19:41:17
league3,CO,3.0,30-35,Q9s,52,16,36,0,0,0,2023-11-05T12:26:57,2026-06-12T23:40:15
league3,CO,3.0,30-35,QJo,224,78,144,2,0,0,2023-09-02T18:08:09,2026-07-12T15:38:48
league3,CO,3.0,30-35,QJs,70,2,61,1,6,0,2023-09-02T15:28:19,2026-07-21T15:13:30
league3,CO,3.0,30-35,QQ,109,0,6,52,51,0,2023-09-08T23:05:10,2026-06-20T20:34:34
league3,CO,3.0,30-35,QTo,230,103,125,2,0,0,2023-09-02T16:08:30,2026-07-20T04:29:23
league3,CO,3.0,30-35,QTs,87,7,79,0,1,0,2023-09-09T15:18:18,2026-07-02T16:32:00
league3,CO,3.0,30-35,T2o,204,203,1,0,0,0,2023-09-03T18:33:55,2026-07-19T10:12:31
league3,CO,3.0,30-35,T2s,63,60,3,0,0,0,2023-09-10T17:22:54,2026-06-18T14:27:17
league3,CO,3.0,30-35,T3o,217,215,2,0,0,0,2023-09-07T09:33:46,2026-07-12T20:31:36
league3,CO,3.0,30-35,T3s,60,55,5,0,0,0,2023-09-28T20:47:16,2026-07-11T14:05:51
league3,CO,3.0,30-35,T4o,242,242,0,0,0,0,2023-09-02T18:10:15,2026-07-13T17:51:56
league3,CO,3.0,30-35,T4s,59,50,9,0,0,0,2023-09-26T02:42:20,2026-06-28T21:02:30
league3,CO,3.0,30-35,T5o,201,201,0,0,0,0,2023-09-05T19:50:03,2026-07-17T16:01:47
league3,CO,3.0,30-35,T5s,80,66,14,0,0,0,2023-09-06T17:23:17,2026-07-10T22:19:00
league3,CO,3.0,30-35,T6o,233,229,4,0,0,0,2023-09-03T18:04:22,2026-07-15T18:26:55
league3,CO,3.0,30-35,T6s,69,51,18,0,0,0,2023-09-08T20:07:16,2026-07-20T08:13:01
league3,CO,3.0,30-35,T7o,208,200,8,0,0,0,2023-09-03T19:51:19,2026-07-15T19:08:48
league3,CO,3.0,30-35,T7s,71,38,33,0,0,0,2023-09-27T13:06:26,2026-07-03T22:20:23
league3,CO,3.0,30-35,T8o,213,196,17,0,0,0,2023-09-10T15:47:09,2026-07-17T11:51:39
league3,CO,3.0,30-35,T8s,65,22,43,0,0,0,2023-09-10T16:09:47,2026-06-12T18:04:08
league3,CO,3.0,30-35,T9o,206,158,48,0,0,0,2023-09-10T13:46:48,2026-07-18T23:39:22
league3,CO,3.0,30-35,T9s,67,5,62,0,0,0,2023-09-18T19:32:09,2026-07-04T22:12:16
league3,CO,3.0,30-35,TT,113,2,26,18,67,0,2023-09-06T20:19:28,2026-07-15T01:15:24
league3,CO,3.0,35-40,__MISSING__,2344,1825,457,31,31,0,2023-09-02T13:23:13,2026-07-20T21:14:02
league3,CO,3.0,35-40,22,104,17,83,1,3,0,2023-09-16T21:51:28,2026-07-16T08:30:08
league3,CO,3.0,35-40,32o,159,159,0,0,0,0,2023-09-12T18:16:58,2026-07-17T08:31:55
league3,CO,3.0,35-40,32s,51,41,10,0,0,0,2023-10-30T03:20:20,2026-07-11T12:39:31
league3,CO,3.0,35-40,33,92,16,72,0,4,0,2023-09-09T19:29:20,2026-07-17T19:54:25
league3,CO,3.0,35-40,42o,184,183,1,0,0,0,2023-10-07T19:27:37,2026-07-12T16:35:19
league3,CO,3.0,35-40,42s,60,50,10,0,0,0,2023-09-22T18:40:13,2026-06-12T00:04:58
league3,CO,3.0,35-40,43o,214,211,3,0,0,0,2023-09-08T14:28:26,2026-07-08T00:02:33
league3,CO,3.0,35-40,43s,72,52,20,0,0,0,2023-10-23T21:05:18,2026-07-18T20:33:05
league3,CO,3.0,35-40,44,118,13,92,1,12,0,2023-09-29T22:22:14,2026-07-20T13:47:25
league3,CO,3.0,35-40,52o,193,192,1,0,0,0,2023-09-09T00:25:30,2026-07-14T06:36:10
league3,CO,3.0,35-40,52s,57,49,8,0,0,0,2023-09-02T19:10:19,2026-07-02T21:21:12
league3,CO,3.0,35-40,53o,196,193,3,0,0,0,2023-09-01T20:39:14,2026-07-17T17:50:43
league3,CO,3.0,35-40,53s,51,33,18,0,0,0,2023-12-18T11:48:16,2026-06-25T21:25:09
league3,CO,3.0,35-40,54o,190,176,14,0,0,0,2023-09-02T14:14:37,2026-07-20T19:24:53
league3,CO,3.0,35-40,54s,55,27,28,0,0,0,2023-09-08T22:45:34,2026-07-21T21:36:45
league3,CO,3.0,35-40,55,100,5,85,0,10,0,2023-09-04T20:01:54,2026-07-13T21:53:12
league3,CO,3.0,35-40,62o,208,208,0,0,0,0,2023-09-12T16:21:29,2026-07-11T18:17:28
league3,CO,3.0,35-40,62s,71,66,5,0,0,0,2023-10-30T16:23:31,2026-07-06T17:50:01
league3,CO,3.0,35-40,63o,194,194,0,0,0,0,2023-09-07T19:20:18,2026-07-19T16:11:26
league3,CO,3.0,35-40,63s,64,56,8,0,0,0,2023-09-11T19:13:36,2026-07-03T20:26:35
league3,CO,3.0,35-40,64o,193,185,8,0,0,0,2023-09-11T19:04:30,2026-07-21T18:45:40
league3,CO,3.0,35-40,64s,83,50,33,0,0,0,2023-09-10T20:05:44,2026-07-17T08:08:22
league3,CO,3.0,35-40,65o,174,159,15,0,0,0,2023-09-30T18:24:48,2026-07-21T08:39:08
league3,CO,3.0,35-40,65s,62,19,43,0,0,0,2023-09-10T14:54:48,2026-07-03T13:54:19
league3,CO,3.0,35-40,66,93,4,83,0,6,0,2023-09-02T22:31:22,2026-07-21T19:17:31
league3,CO,3.0,35-40,72o,199,199,0,0,0,0,2023-09-05T18:41:41,2026-07-18T19:46:02
league3,CO,3.0,35-40,72s,67,61,6,0,0,0,2023-09-04T19:36:35,2026-06-23T12:26:26
league3,CO,3.0,35-40,73o,193,193,0,0,0,0,2023-09-03T14:50:53,2026-07-15T19:26:11
league3,CO,3.0,35-40,73s,52,46,6,0,0,0,2023-09-09T10:16:53,2026-06-26T02:29:33
league3,CO,3.0,35-40,74o,194,193,1,0,0,0,2023-09-14T18:21:39,2026-07-20T19:36:53
league3,CO,3.0,35-40,74s,56,44,12,0,0,0,2023-09-26T18:05:34,2026-07-12T22:44:34
league3,CO,3.0,35-40,75o,182,181,1,0,0,0,2023-09-02T19:34:06,2026-07-20T18:14:12
league3,CO,3.0,35-40,75s,77,48,29,0,0,0,2023-10-05T07:21:01,2026-07-13T19:52:55
league3,CO,3.0,35-40,76o,165,144,21,0,0,0,2023-09-02T19:22:20,2026-07-11T21:09:38
league3,CO,3.0,35-40,76s,72,15,57,0,0,0,2023-10-17T17:04:00,2026-07-09T22:27:34
league3,CO,3.0,35-40,77,84,2,69,1,12,0,2023-09-13T19:16:16,2026-06-30T15:52:39
league3,CO,3.0,35-40,82o,188,188,0,0,0,0,2023-09-14T13:04:52,2026-07-18T12:03:56
league3,CO,3.0,35-40,82s,70,65,5,0,0,0,2023-09-25T16:45:00,2026-06-30T20:42:43
league3,CO,3.0,35-40,83o,224,223,1,0,0,0,2023-09-13T19:21:52,2026-07-20T16:41:32
league3,CO,3.0,35-40,83s,60,56,4,0,0,0,2023-11-04T12:26:10,2026-06-18T07:49:58
league3,CO,3.0,35-40,84o,177,176,1,0,0,0,2023-09-08T05:20:27,2026-07-21T01:49:23
league3,CO,3.0,35-40,84s,67,61,6,0,0,0,2023-09-10T17:40:51,2026-06-20T11:26:01
league3,CO,3.0,35-40,85o,179,173,6,0,0,0,2023-09-02T17:42:24,2026-07-18T19:15:01
league3,CO,3.0,35-40,85s,63,46,17,0,0,0,2023-09-04T11:08:05,2026-05-11T23:32:05
league3,CO,3.0,35-40,86o,202,189,13,0,0,0,2023-09-06T13:32:03,2026-07-21T11:46:08
league3,CO,3.0,35-40,86s,63,31,32,0,0,0,2023-09-04T11:41:41,2026-07-07T07:30:24
league3,CO,3.0,35-40,87o,174,152,21,1,0,0,2023-09-02T20:50:20,2026-07-18T17:34:17
league3,CO,3.0,35-40,87s,58,7,51,0,0,0,2023-10-02T02:45:43,2026-07-11T23:49:27
league3,CO,3.0,35-40,88,114,3,79,6,26,0,2023-09-09T21:15:33,2026-07-15T21:01:01
league3,CO,3.0,35-40,92o,203,202,0,1,0,0,2023-09-02T08:31:16,2026-07-17T16:47:05
league3,CO,3.0,35-40,92s,64,62,2,0,0,0,2023-12-04T15:02:44,2026-05-30T22:32:39
league3,CO,3.0,35-40,93o,186,185,0,1,0,0,2023-09-11T16:54:53,2026-07-20T19:23:43
league3,CO,3.0,35-40,93s,50,43,6,1,0,0,2023-09-19T12:48:51,2026-07-01T02:50:32
league3,CO,3.0,35-40,94o,210,210,0,0,0,0,2023-09-01T21:19:24,2026-07-14T11:14:03
league3,CO,3.0,35-40,94s,66,56,10,0,0,0,2023-10-08T10:40:10,2026-07-11T16:23:33
league3,CO,3.0,35-40,95o,195,195,0,0,0,0,2023-09-06T17:38:08,2026-07-18T18:44:20
league3,CO,3.0,35-40,95s,61,47,14,0,0,0,2023-09-10T19:35:19,2026-07-21T00:14:21
league3,CO,3.0,35-40,96o,204,197,7,0,0,0,2023-09-17T18:45:02,2026-07-11T20:43:06
league3,CO,3.0,35-40,96s,69,41,28,0,0,0,2023-10-12T21:19:41,2026-07-20T20:31:27
league3,CO,3.0,35-40,97o,186,171,15,0,0,0,2023-09-03T20:53:26,2026-07-18T21:34:49
league3,CO,3.0,35-40,97s,74,28,46,0,0,0,2023-09-01T18:21:37,2026-07-12T15:47:59
league3,CO,3.0,35-40,98o,175,145,30,0,0,0,2023-09-04T22:03:14,2026-07-12T00:19:46
league3,CO,3.0,35-40,98s,62,11,51,0,0,0,2023-10-04T09:52:34,2026-06-22T21:28:19
league3,CO,3.0,35-40,99,116,2,62,7,45,0,2023-10-04T14:10:48,2026-07-20T16:10:32
league3,CO,3.0,35-40,A2o,185,167,18,0,0,0,2023-09-03T18:36:11,2026-06-26T15:41:57
league3,CO,3.0,35-40,A2s,74,11,61,1,1,0,2023-09-02T17:50:51,2026-07-03T21:12:11
league3,CO,3.0,35-40,A3o,178,150,25,3,0,0,2023-09-12T13:36:58,2026-07-16T19:18:22
league3,CO,3.0,35-40,A3s,77,10,64,3,0,0,2023-10-12T18:13:18,2026-07-01T21:47:36
league3,CO,3.0,35-40,A4o,186,144,39,2,1,0,2023-09-13T18:17:57,2026-07-08T00:53:26
league3,CO,3.0,35-40,A4s,82,11,70,1,0,0,2023-09-09T15:53:35,2026-07-10T18:26:40
league3,CO,3.0,35-40,A5o,189,139,46,3,1,0,2023-09-05T15:47:37,2026-07-17T21:12:55
league3,CO,3.0,35-40,A5s,64,8,53,1,2,0,2023-09-03T16:11:05,2026-06-21T01:25:48
league3,CO,3.0,35-40,A6o,191,148,42,0,1,0,2023-09-27T09:05:04,2026-07-18T00:42:42
league3,CO,3.0,35-40,A6s,75,8,64,1,2,0,2023-09-15T18:37:10,2026-07-05T17:53:03
league3,CO,3.0,35-40,A7o,208,151,53,2,2,0,2023-09-03T17:31:27,2026-07-20T20:15:05
league3,CO,3.0,35-40,A7s,58,11,46,0,1,0,2023-09-09T15:49:15,2026-07-19T14:27:09
league3,CO,3.0,35-40,A8o,173,109,63,1,0,0,2023-09-02T16:43:28,2026-07-11T22:10:09
league3,CO,3.0,35-40,A8s,72,3,69,0,0,0,2023-09-04T19:32:12,2026-07-18T14:21:16
league3,CO,3.0,35-40,A9o,211,115,91,2,3,0,2023-09-01T23:03:25,2026-07-20T22:29:41
league3,CO,3.0,35-40,A9s,64,4,58,1,1,0,2023-09-02T20:11:03,2026-06-27T21:15:18
league3,CO,3.0,35-40,AA,96,1,4,87,4,0,2023-09-09T21:50:04,2026-06-27T18:01:50
league3,CO,3.0,35-40,AJo,197,7,139,29,22,0,2023-09-08T17:13:09,2026-07-19T16:34:35
league3,CO,3.0,35-40,AJs,65,0,50,4,11,0,2023-10-13T19:48:42,2026-07-13T20:48:46
league3,CO,3.0,35-40,AKo,223,2,10,77,134,0,2023-09-06T23:02:02,2026-07-18T00:10:35
league3,CO,3.0,35-40,AKs,65,0,4,26,35,0,2023-09-02T12:50:53,2026-07-14T16:46:58
league3,CO,3.0,35-40,AQo,190,0,90,33,67,0,2023-09-09T14:50:23,2026-07-12T19:53:28
league3,CO,3.0,35-40,AQs,73,1,34,19,19,0,2023-10-15T15:04:18,2026-07-14T01:30:26
league3,CO,3.0,35-40,ATo,197,29,156,3,9,0,2023-09-03T19:01:03,2026-07-19T19:11:57
league3,CO,3.0,35-40,ATs,66,2,53,5,6,0,2023-09-23T13:46:43,2026-06-25T01:29:40
league3,CO,3.0,35-40,J2o,192,192,0,0,0,0,2023-09-07T15:43:17,2026-07-21T02:22:30
league3,CO,3.0,35-40,J2s,57,47,10,0,0,0,2023-10-07T20:22:18,2026-07-16T14:33:04
league3,CO,3.0,35-40,J3o,200,199,0,1,0,0,2023-09-03T19:29:15,2026-07-15T13:26:39
league3,CO,3.0,35-40,J3s,60,44,16,0,0,0,2023-09-02T19:11:31,2026-06-27T16:11:50
league3,CO,3.0,35-40,J4o,208,208,0,0,0,0,2023-09-03T19:18:59,2026-07-15T12:25:03
league3,CO,3.0,35-40,J4s,78,62,16,0,0,0,2023-09-08T21:03:37,2026-07-16T04:47:54
league3,CO,3.0,35-40,J5o,194,193,0,1,0,0,2023-09-03T16:08:33,2026-07-13T14:30:20
league3,CO,3.0,35-40,J5s,63,46,17,0,0,0,2023-11-18T23:18:37,2026-06-30T17:08:49
league3,CO,3.0,35-40,J6o,202,200,2,0,0,0,2023-09-05T11:26:48,2026-07-21T16:01:37
league3,CO,3.0,35-40,J6s,68,51,17,0,0,0,2023-10-31T20:50:14,2026-07-01T21:14:12
league3,CO,3.0,35-40,J7o,194,188,6,0,0,0,2023-09-05T08:44:04,2026-07-20T15:44:04
league3,CO,3.0,35-40,J7s,67,35,32,0,0,0,2023-09-09T16:30:49,2026-07-15T19:52:32
league3,CO,3.0,35-40,J8o,213,185,28,0,0,0,2023-09-16T19:48:34,2026-07-18T15:04:54
league3,CO,3.0,35-40,J8s,60,16,44,0,0,0,2023-09-10T19:29:17,2026-07-19T12:16:36
league3,CO,3.0,35-40,J9o,192,158,34,0,0,0,2023-09-07T15:01:43,2026-07-19T01:21:53
league3,CO,3.0,35-40,J9s,53,9,44,0,0,0,2023-09-23T12:01:27,2026-06-14T16:12:25
league3,CO,3.0,35-40,JJ,118,2,14,48,54,0,2023-09-14T20:05:09,2026-07-21T20:43:13
league3,CO,3.0,35-40,JTo,209,85,124,0,0,0,2023-09-11T17:42:08,2026-07-19T00:04:02
league3,CO,3.0,35-40,JTs,67,4,63,0,0,0,2023-09-23T19:48:40,2026-06-13T07:14:26
league3,CO,3.0,35-40,K2o,193,191,2,0,0,0,2023-09-14T13:25:13,2026-07-18T13:16:46
league3,CO,3.0,35-40,K2s,68,41,27,0,0,0,2023-09-09T20:11:22,2026-07-10T15:41:00
league3,CO,3.0,35-40,K3o,174,173,1,0,0,0,2023-09-01T18:21:03,2026-07-21T22:54:16
league3,CO,3.0,35-40,K3s,71,45,26,0,0,0,2023-09-02T20:33:36,2026-07-21T22:34:52
league3,CO,3.0,35-40,K4o,178,173,5,0,0,0,2023-09-24T02:30:33,2026-07-20T07:33:47
league3,CO,3.0,35-40,K4s,57,26,31,0,0,0,2023-09-04T16:17:59,2026-07-12T14:07:53
league3,CO,3.0,35-40,K5o,188,179,8,1,0,0,2023-09-02T20:08:54,2026-07-16T19:47:16
league3,CO,3.0,35-40,K5s,77,28,49,0,0,0,2023-10-18T12:32:19,2026-07-02T19:10:50
league3,CO,3.0,35-40,K6o,188,181,7,0,0,0,2023-09-05T19:48:11,2026-07-20T18:17:51
league3,CO,3.0,35-40,K6s,64,27,37,0,0,0,2023-10-20T09:23:55,2026-07-16T05:54:34
league3,CO,3.0,35-40,K7o,198,187,11,0,0,0,2023-09-05T18:14:39,2026-07-19T16:43:58
league3,CO,3.0,35-40,K7s,75,29,46,0,0,0,2023-09-10T00:30:12,2026-07-01T14:16:31
league3,CO,3.0,35-40,K8o,176,157,19,0,0,0,2023-09-06T13:48:00,2026-07-02T22:28:15
league3,CO,3.0,35-40,K8s,62,14,48,0,0,0,2023-09-10T20:34:08,2026-06-29T17:31:36
league3,CO,3.0,35-40,K9o,183,135,47,1,0,0,2023-10-03T23:15:56,2026-07-10T20:07:17
league3,CO,3.0,35-40,K9s,62,7,55,0,0,0,2023-09-09T18:30:40,2026-07-10T19:17:12
league3,CO,3.0,35-40,KJo,192,39,148,4,1,0,2023-09-02T09:03:23,2026-07-20T15:54:14
league3,CO,3.0,35-40,KJs,80,3,74,2,1,0,2023-09-20T16:36:43,2026-06-26T06:25:55
league3,CO,3.0,35-40,KK,101,0,2,85,14,0,2023-09-29T22:52:40,2026-07-06T15:20:41
league3,CO,3.0,35-40,KQo,228,12,209,7,0,0,2023-09-02T18:30:33,2026-07-20T18:33:54
league3,CO,3.0,35-40,KQs,64,0,56,6,2,0,2023-09-11T09:07:24,2026-05-25T19:52:32
league3,CO,3.0,35-40,KTo,165,65,100,0,0,0,2023-09-08T12:09:27,2026-07-19T22:13:19
league3,CO,3.0,35-40,KTs,76,4,70,1,1,0,2023-09-16T17:08:55,2026-07-18T22:01:01
league3,CO,3.0,35-40,Q2o,179,178,1,0,0,0,2023-09-09T16:38:17,2026-07-16T20:45:00
league3,CO,3.0,35-40,Q2s,62,45,16,1,0,0,2023-09-06T12:33:14,2026-06-07T00:13:37
league3,CO,3.0,35-40,Q3o,186,185,1,0,0,0,2023-09-06T14:22:21,2026-07-15T13:42:46
league3,CO,3.0,35-40,Q3s,69,51,18,0,0,0,2023-09-14T17:02:53,2026-06-30T11:24:45
league3,CO,3.0,35-40,Q4o,210,205,5,0,0,0,2023-09-06T04:31:35,2026-07-19T23:29:37
league3,CO,3.0,35-40,Q4s,60,42,18,0,0,0,2023-10-23T06:37:43,2026-07-12T06:50:29
league3,CO,3.0,35-40,Q5o,179,177,2,0,0,0,2023-09-02T16:46:17,2026-07-17T13:17:49
league3,CO,3.0,35-40,Q5s,71,48,23,0,0,0,2023-10-15T13:20:37,2026-06-11T23:06:49
league3,CO,3.0,35-40,Q6o,177,175,2,0,0,0,2023-09-22T10:20:14,2026-07-16T13:31:04
league3,CO,3.0,35-40,Q6s,65,42,23,0,0,0,2023-09-23T16:02:01,2026-07-16T21:08:39
league3,CO,3.0,35-40,Q7o,197,191,6,0,0,0,2023-09-04T08:09:41,2026-06-12T11:47:21
league3,CO,3.0,35-40,Q7s,68,38,30,0,0,0,2023-09-12T14:33:23,2026-07-20T21:44:59
league3,CO,3.0,35-40,Q8o,189,164,25,0,0,0,2023-09-09T18:14:51,2026-07-18T06:13:36
league3,CO,3.0,35-40,Q8s,55,15,39,1,0,0,2023-09-06T14:26:50,2026-06-20T18:43:26
league3,CO,3.0,35-40,Q9o,195,161,34,0,0,0,2023-09-01T19:45:33,2026-07-16T16:54:39
league3,CO,3.0,35-40,Q9s,63,14,49,0,0,0,2023-09-28T22:38:55,2026-07-14T01:44:27
league3,CO,3.0,35-40,QJo,175,51,123,0,1,0,2023-09-28T19:18:11,2026-07-20T18:53:07
league3,CO,3.0,35-40,QJs,67,1,65,0,1,0,2023-09-04T18:07:34,2026-07-18T03:18:39
league3,CO,3.0,35-40,QQ,89,1,3,59,26,0,2023-09-05T19:08:02,2026-07-11T03:30:40
league3,CO,3.0,35-40,QTo,193,79,114,0,0,0,2023-09-08T07:06:55,2026-07-19T16:37:20
league3,CO,3.0,35-40,QTs,72,6,66,0,0,0,2023-09-27T12:49:45,2026-07-20T07:35:35
league3,CO,3.0,35-40,T2o,188,188,0,0,0,0,2023-09-02T21:14:29,2026-07-20T17:42:29
league3,CO,3.0,35-40,T2s,62,59,3,0,0,0,2023-09-07T19:02:06,2026-05-28T22:12:10
league3,CO,3.0,35-40,T3o,180,180,0,0,0,0,2023-09-10T16:03:09,2026-07-06T11:42:51
league3,CO,3.0,35-40,T3s,67,63,4,0,0,0,2023-09-07T19:45:55,2026-07-16T22:12:40
league3,CO,3.0,35-40,T4o,191,190,1,0,0,0,2023-09-05T21:29:57,2026-07-10T22:35:58
league3,CO,3.0,35-40,T4s,59,49,10,0,0,0,2023-09-17T10:55:08,2026-07-02T05:46:48
league3,CO,3.0,35-40,T5o,176,176,0,0,0,0,2023-09-03T22:39:17,2026-07-08T01:07:09
league3,CO,3.0,35-40,T5s,61,58,3,0,0,0,2023-09-01T14:07:57,2026-07-20T22:22:05
league3,CO,3.0,35-40,T6o,205,202,3,0,0,0,2023-09-02T20:45:03,2026-07-20T21:21:04
league3,CO,3.0,35-40,T6s,63,46,17,0,0,0,2023-09-20T20:33:53,2026-07-15T23:54:55
league3,CO,3.0,35-40,T7o,214,207,7,0,0,0,2023-09-09T18:30:59,2026-07-18T19:20:09
league3,CO,3.0,35-40,T7s,61,37,24,0,0,0,2023-09-05T18:37:42,2026-07-12T19:51:43
league3,CO,3.0,35-40,T8o,190,166,24,0,0,0,2023-09-12T22:43:19,2026-07-19T20:25:58
league3,CO,3.0,35-40,T8s,57,16,41,0,0,0,2023-09-18T01:03:45,2026-07-18T18:06:25
league3,CO,3.0,35-40,T9o,177,133,44,0,0,0,2023-09-02T22:38:29,2026-07-12T17:36:44
league3,CO,3.0,35-40,T9s,67,6,61,0,0,0,2023-09-03T19:21:29,2026-07-16T22:25:57
league3,CO,3.0,35-40,TT,95,0,24,20,51,0,2023-09-13T13:27:46,2026-07-20T21:29:05
novice,BTN,2.0,25-30,__MISSING__,14909,5643,7695,914,657,0,2023-09-01T12:11:35,2026-07-21T15:01:23
novice,BTN,2.0,25-30,22,417,8,359,9,41,0,2023-09-02T12:14:44,2026-07-20T20:43:23
novice,BTN,2.0,25-30,32o,782,607,167,8,0,0,2023-09-02T01:34:55,2026-07-20T20:39:26
novice,BTN,2.0,25-30,32s,261,47,214,0,0,0,2023-09-03T12:35:42,2026-07-15T18:04:25
novice,BTN,2.0,25-30,33,395,5,319,12,59,0,2023-09-03T15:26:15,2026-07-19T19:25:55
novice,BTN,2.0,25-30,42o,765,641,120,4,0,0,2023-09-04T12:36:36,2026-07-20T17:20:30
novice,BTN,2.0,25-30,42s,234,51,183,0,0,0,2023-09-09T10:35:27,2026-07-21T23:23:41
novice,BTN,2.0,25-30,43o,809,501,303,5,0,0,2023-09-02T14:36:52,2026-07-21T03:03:57
novice,BTN,2.0,25-30,43s,263,27,235,1,0,0,2023-10-02T19:25:35,2026-07-20T09:55:07
novice,BTN,2.0,25-30,44,399,6,311,11,71,0,2023-09-04T16:38:35,2026-07-15T15:08:43
novice,BTN,2.0,25-30,52o,753,634,117,2,0,0,2023-09-01T17:20:35,2026-07-19T18:30:24
novice,BTN,2.0,25-30,52s,250,51,197,2,0,0,2023-09-04T15:06:31,2026-07-19T14:10:41
novice,BTN,2.0,25-30,53o,821,576,235,9,1,0,2023-09-01T16:28:46,2026-07-21T02:22:24
novice,BTN,2.0,25-30,53s,270,40,229,1,0,0,2023-09-02T14:41:53,2026-07-20T18:40:15
novice,BTN,2.0,25-30,54o,793,308,483,2,0,0,2023-09-04T12:34:05,2026-07-19T11:31:48
novice,BTN,2.0,25-30,54s,245,17,227,0,1,0,2023-09-10T08:51:22,2026-07-20T19:28:03
novice,BTN,2.0,25-30,55,385,7,263,19,96,0,2023-09-05T17:47:09,2026-07-17T22:11:17
novice,BTN,2.0,25-30,62o,756,678,75,3,0,0,2023-09-02T18:19:14,2026-07-17T17:39:41
novice,BTN,2.0,25-30,62s,282,68,213,1,0,0,2023-09-02T02:37:19,2026-07-17T19:12:26
novice,BTN,2.0,25-30,63o,732,559,168,4,1,0,2023-09-03T20:40:14,2026-07-19T22:26:07
novice,BTN,2.0,25-30,63s,248,37,210,1,0,0,2023-09-08T12:18:49,2026-07-12T21:26:27
novice,BTN,2.0,25-30,64o,780,449,327,4,0,0,2023-09-02T08:54:11,2026-07-19T16:45:25
novice,BTN,2.0,25-30,64s,257,30,227,0,0,0,2023-09-02T17:03:52,2026-07-20T17:54:36
novice,BTN,2.0,25-30,65o,715,204,509,1,1,0,2023-09-05T07:19:21,2026-07-20T20:21:03
novice,BTN,2.0,25-30,65s,248,9,236,3,0,0,2023-09-11T21:24:02,2026-07-20T16:27:10
novice,BTN,2.0,25-30,66,377,3,223,27,124,0,2023-09-04T18:28:40,2026-07-14T07:16:12
novice,BTN,2.0,25-30,72o,808,757,43,8,0,0,2023-09-04T11:52:52,2026-07-21T10:30:51
novice,BTN,2.0,25-30,72s,263,98,163,2,0,0,2023-09-04T07:10:33,2026-07-16T17:27:29
novice,BTN,2.0,25-30,73o,781,682,91,8,0,0,2023-09-01T21:17:52,2026-07-21T18:30:21
novice,BTN,2.0,25-30,73s,265,60,204,1,0,0,2023-09-02T14:33:41,2026-07-17T14:04:40
novice,BTN,2.0,25-30,74o,735,544,188,3,0,0,2023-09-02T15:20:23,2026-07-21T19:27:36
novice,BTN,2.0,25-30,74s,267,39,227,1,0,0,2023-09-08T12:27:54,2026-07-19T22:44:24
novice,BTN,2.0,25-30,75o,791,369,416,4,2,0,2023-09-02T09:46:02,2026-07-20T16:41:58
novice,BTN,2.0,25-30,75s,267,28,236,2,1,0,2023-09-04T15:40:37,2026-07-21T15:50:14
novice,BTN,2.0,25-30,76o,817,169,645,3,0,0,2023-09-01T22:43:28,2026-07-21T21:40:48
novice,BTN,2.0,25-30,76s,247,4,237,5,1,0,2023-09-02T15:22:41,2026-07-19T06:53:51
novice,BTN,2.0,25-30,77,396,2,203,38,153,0,2023-09-02T17:22:58,2026-07-10T16:21:17
novice,BTN,2.0,25-30,82o,841,768,66,6,1,0,2023-09-02T02:11:43,2026-07-21T13:47:02
novice,BTN,2.0,25-30,82s,286,92,189,4,1,0,2023-09-04T15:13:17,2026-07-18T14:49:13
novice,BTN,2.0,25-30,83o,800,711,83,6,0,0,2023-09-02T16:12:48,2026-07-20T15:13:56
novice,BTN,2.0,25-30,83s,278,83,194,1,0,0,2023-09-09T19:44:31,2026-07-20T21:01:00
novice,BTN,2.0,25-30,84o,795,615,178,2,0,0,2023-09-01T15:16:13,2026-07-20T21:52:06
novice,BTN,2.0,25-30,84s,278,46,231,1,0,0,2023-09-05T04:38:29,2026-07-18T16:14:37
novice,BTN,2.0,25-30,85o,766,446,316,4,0,0,2023-09-08T02:20:28,2026-07-21T22:33:33
novice,BTN,2.0,25-30,85s,269,30,238,1,0,0,2023-09-09T17:38:43,2026-07-15T18:28:18
novice,BTN,2.0,25-30,86o,767,262,501,4,0,0,2023-09-03T11:11:08,2026-07-19T23:29:22
novice,BTN,2.0,25-30,86s,253,17,234,2,0,0,2023-09-05T19:31:15,2026-07-18T08:42:14
novice,BTN,2.0,25-30,87o,859,143,712,4,0,0,2023-09-01T19:49:50,2026-07-20T20:50:15
novice,BTN,2.0,25-30,87s,299,4,289,5,1,0,2023-09-11T14:19:51,2026-07-21T17:42:49
novice,BTN,2.0,25-30,88,403,2,171,66,164,0,2023-09-03T20:36:24,2026-07-21T20:09:04
novice,BTN,2.0,25-30,92o,775,692,77,6,0,0,2023-09-05T19:27:19,2026-07-19T15:23:15
novice,BTN,2.0,25-30,92s,280,99,177,4,0,0,2023-09-07T17:53:21,2026-07-15T17:48:59
novice,BTN,2.0,25-30,93o,788,697,83,7,1,0,2023-09-02T10:46:13,2026-07-21T03:05:18
novice,BTN,2.0,25-30,93s,261,73,188,0,0,0,2023-09-03T17:04:19,2026-07-18T18:03:41
novice,BTN,2.0,25-30,94o,796,640,151,5,0,0,2023-09-01T17:51:14,2026-07-19T18:02:08
novice,BTN,2.0,25-30,94s,271,71,196,4,0,0,2023-09-20T15:48:57,2026-07-20T21:08:52
novice,BTN,2.0,25-30,95o,783,537,237,8,1,0,2023-09-01T20:15:54,2026-07-18T11:51:10
novice,BTN,2.0,25-30,95s,259,41,218,0,0,0,2023-09-04T06:05:39,2026-07-20T19:13:58
novice,BTN,2.0,25-30,96o,782,346,428,7,1,0,2023-09-01T19:07:19,2026-07-20T20:03:42
novice,BTN,2.0,25-30,96s,281,24,257,0,0,0,2023-09-02T10:46:19,2026-07-19T11:34:59
novice,BTN,2.0,25-30,97o,845,294,547,4,0,0,2023-09-01T17:37:40,2026-07-17T18:50:21
novice,BTN,2.0,25-30,97s,292,11,278,1,2,0,2023-09-01T15:16:32,2026-07-17T19:20:15
novice,BTN,2.0,25-30,98o,818,115,697,6,0,0,2023-09-01T20:02:11,2026-07-20T17:31:55
novice,BTN,2.0,25-30,98s,270,6,255,8,1,0,2023-10-01T21:18:49,2026-07-18T15:09:05
novice,BTN,2.0,25-30,99,425,4,110,104,207,0,2023-09-05T07:39:36,2026-07-19T18:52:47
novice,BTN,2.0,25-30,A2o,840,122,587,92,39,0,2023-09-02T06:23:16,2026-07-21T20:39:35
novice,BTN,2.0,25-30,A2s,281,6,214,44,17,0,2023-09-09T07:34:57,2026-07-15T20:15:49
novice,BTN,2.0,25-30,A3o,881,121,635,76,49,0,2023-09-01T21:18:35,2026-07-20T16:39:21
novice,BTN,2.0,25-30,A3s,284,3,211,48,22,0,2023-09-04T13:29:05,2026-07-11T15:43:56
novice,BTN,2.0,25-30,A4o,868,108,628,93,39,0,2023-09-05T10:53:25,2026-07-19T22:47:32
novice,BTN,2.0,25-30,A4s,274,4,216,30,24,0,2023-09-03T14:45:20,2026-07-18T10:05:20
novice,BTN,2.0,25-30,A5o,847,71,625,89,62,0,2023-09-03T01:31:19,2026-07-21T22:02:47
novice,BTN,2.0,25-30,A5s,278,5,199,42,32,0,2023-09-09T22:45:27,2026-07-19T16:09:31
novice,BTN,2.0,25-30,A6o,829,58,665,49,57,0,2023-09-01T21:23:31,2026-07-19T18:43:40
novice,BTN,2.0,25-30,A6s,293,4,232,30,27,0,2023-09-02T21:17:48,2026-07-19T20:26:10
novice,BTN,2.0,25-30,A7o,883,60,687,65,71,0,2023-09-02T09:00:04,2026-07-18T16:49:23
novice,BTN,2.0,25-30,A7s,273,4,208,28,33,0,2023-09-05T17:28:02,2026-07-19T19:15:53
novice,BTN,2.0,25-30,A8o,846,55,650,67,74,0,2023-09-02T22:26:09,2026-07-20T17:26:57
novice,BTN,2.0,25-30,A8s,294,4,216,38,36,0,2023-09-02T09:23:29,2026-07-15T17:52:00
novice,BTN,2.0,25-30,A9o,858,42,619,80,117,0,2023-09-09T15:24:42,2026-07-21T21:14:06
novice,BTN,2.0,25-30,A9s,298,1,218,30,49,0,2023-09-01T21:30:48,2026-07-19T19:28:12
novice,BTN,2.0,25-30,AA,449,6,23,368,52,0,2023-09-05T06:14:45,2026-07-21T18:50:05
novice,BTN,2.0,25-30,AJo,870,14,275,285,296,0,2023-09-02T08:01:47,2026-07-21T15:54:40
novice,BTN,2.0,25-30,AJs,319,5,96,111,107,0,2023-09-08T07:04:20,2026-07-21T15:25:45
novice,BTN,2.0,25-30,AKo,912,3,27,486,396,0,2023-09-02T12:54:07,2026-07-19T18:04:54
novice,BTN,2.0,25-30,AKs,332,3,10,196,123,0,2023-09-08T13:54:04,2026-07-16T19:06:19
novice,BTN,2.0,25-30,AQo,879,9,113,375,382,0,2023-09-02T20:01:58,2026-07-19T20:01:00
novice,BTN,2.0,25-30,AQs,299,5,37,124,133,0,2023-09-07T02:11:35,2026-07-17T15:42:06
novice,BTN,2.0,25-30,ATo,950,14,546,173,217,0,2023-09-02T06:40:20,2026-07-21T18:28:15
novice,BTN,2.0,25-30,ATs,315,2,134,88,91,0,2023-09-17T20:04:30,2026-07-16T13:39:32
novice,BTN,2.0,25-30,J2o,770,586,166,18,0,0,2023-09-01T16:28:28,2026-07-19T15:42:14
novice,BTN,2.0,25-30,J2s,289,57,230,2,0,0,2023-09-03T14:15:10,2026-07-21T13:21:08
novice,BTN,2.0,25-30,J3o,765,575,177,13,0,0,2023-09-02T18:18:04,2026-07-20T21:17:08
novice,BTN,2.0,25-30,J3s,263,44,217,2,0,0,2023-09-01T22:11:09,2026-07-21T23:34:30
novice,BTN,2.0,25-30,J4o,820,566,244,10,0,0,2023-09-01T22:33:01,2026-07-20T21:23:23
novice,BTN,2.0,25-30,J4s,267,46,218,2,1,0,2023-09-16T07:26:47,2026-07-18T19:37:45
novice,BTN,2.0,25-30,J5o,789,471,308,8,2,0,2023-09-04T07:43:11,2026-07-21T00:06:16
novice,BTN,2.0,25-30,J5s,272,17,253,2,0,0,2023-10-02T15:51:28,2026-07-04T18:39:17
novice,BTN,2.0,25-30,J6o,819,431,374,13,1,0,2023-09-01T10:20:37,2026-07-20T20:42:38
novice,BTN,2.0,25-30,J6s,283,25,256,1,1,0,2023-09-01T18:40:29,2026-07-21T19:14:37
novice,BTN,2.0,25-30,J7o,847,282,556,9,0,0,2023-09-02T12:42:44,2026-07-20T22:14:26
novice,BTN,2.0,25-30,J7s,293,10,280,1,2,0,2023-09-14T21:46:02,2026-07-18T21:34:11
novice,BTN,2.0,25-30,J8o,801,158,636,6,1,0,2023-09-02T16:46:44,2026-07-21T15:27:24
novice,BTN,2.0,25-30,J8s,275,8,263,4,0,0,2023-09-02T03:02:47,2026-07-18T17:30:50
novice,BTN,2.0,25-30,J9o,850,84,762,3,1,0,2023-09-01T18:33:36,2026-07-21T17:53:07
novice,BTN,2.0,25-30,J9s,274,7,260,3,4,0,2023-09-02T09:41:01,2026-07-19T07:49:54
novice,BTN,2.0,25-30,JJ,461,5,18,250,188,0,2023-09-04T18:05:09,2026-07-19T20:54:27
novice,BTN,2.0,25-30,JTo,862,30,805,23,4,0,2023-09-02T15:12:05,2026-07-19T19:41:19
novice,BTN,2.0,25-30,JTs,287,6,254,14,13,0,2023-09-15T00:47:56,2026-07-10T15:37:00
novice,BTN,2.0,25-30,K2o,815,370,411,31,3,0,2023-09-05T08:36:59,2026-07-21T15:38:19
novice,BTN,2.0,25-30,K2s,269,17,243,8,1,0,2023-09-02T04:15:18,2026-07-20T14:43:55
novice,BTN,2.0,25-30,K3o,791,352,413,24,2,0,2023-09-02T11:26:01,2026-07-20T21:08:48
novice,BTN,2.0,25-30,K3s,302,18,267,14,3,0,2023-09-01T06:05:05,2026-07-17T11:40:33
novice,BTN,2.0,25-30,K4o,844,341,467,34,2,0,2023-09-01T16:01:45,2026-07-20T20:51:16
novice,BTN,2.0,25-30,K4s,270,13,244,11,2,0,2023-09-01T00:09:05,2026-07-17T21:25:44
novice,BTN,2.0,25-30,K5o,818,285,499,33,1,0,2023-09-02T13:23:45,2026-07-19T20:21:58
novice,BTN,2.0,25-30,K5s,268,10,248,8,2,0,2023-09-05T13:52:46,2026-07-18T16:10:16
novice,BTN,2.0,25-30,K6o,773,210,531,28,4,0,2023-09-09T17:29:40,2026-07-20T20:18:04
novice,BTN,2.0,25-30,K6s,297,11,272,7,7,0,2023-09-05T21:10:55,2026-07-20T17:37:59
novice,BTN,2.0,25-30,K7o,858,206,626,24,2,0,2023-09-05T09:35:57,2026-07-21T14:50:17
novice,BTN,2.0,25-30,K7s,312,11,292,4,5,0,2023-09-01T20:33:38,2026-07-21T19:31:44
novice,BTN,2.0,25-30,K8o,814,125,672,14,3,0,2023-09-01T17:34:41,2026-07-19T19:10:15
novice,BTN,2.0,25-30,K8s,324,4,313,3,4,0,2023-09-08T17:43:20,2026-07-21T19:35:11
novice,BTN,2.0,25-30,K9o,867,72,768,21,6,0,2023-09-03T10:54:51,2026-07-18T21:12:20
novice,BTN,2.0,25-30,K9s,284,6,249,18,11,0,2023-09-05T15:12:40,2026-07-19T18:54:07
novice,BTN,2.0,25-30,KJo,868,20,682,112,54,0,2023-09-08T18:07:30,2026-07-21T12:01:02
novice,BTN,2.0,25-30,KJs,271,2,203,35,31,0,2023-09-05T19:32:51,2026-07-18T17:54:11
novice,BTN,2.0,25-30,KK,448,3,19,362,64,0,2023-09-01T15:41:57,2026-07-20T06:24:01
novice,BTN,2.0,25-30,KQo,880,7,579,169,125,0,2023-09-01T19:09:39,2026-07-21T14:20:48
novice,BTN,2.0,25-30,KQs,290,6,152,74,58,0,2023-09-02T11:42:54,2026-07-17T20:15:05
novice,BTN,2.0,25-30,KTo,830,24,719,56,31,0,2023-09-01T16:19:42,2026-07-20T14:29:28
novice,BTN,2.0,25-30,KTs,303,6,251,28,18,0,2023-09-03T18:06:42,2026-07-20T10:44:44
novice,BTN,2.0,25-30,Q2o,792,520,253,19,0,0,2023-09-07T20:35:47,2026-07-20T22:02:36
novice,BTN,2.0,25-30,Q2s,291,32,252,7,0,0,2023-09-05T02:18:46,2026-07-19T18:17:26
novice,BTN,2.0,25-30,Q3o,851,504,330,17,0,0,2023-09-02T09:15:02,2026-07-21T09:10:51
novice,BTN,2.0,25-30,Q3s,282,41,239,1,1,0,2023-09-14T16:07:28,2026-07-13T18:46:23
novice,BTN,2.0,25-30,Q4o,785,442,318,25,0,0,2023-09-04T13:01:34,2026-07-18T13:18:49
novice,BTN,2.0,25-30,Q4s,285,28,254,3,0,0,2023-09-15T20:18:25,2026-07-18T20:05:29
novice,BTN,2.0,25-30,Q5o,828,407,401,19,1,0,2023-09-02T14:43:44,2026-07-19T19:33:24
novice,BTN,2.0,25-30,Q5s,259,21,235,3,0,0,2023-09-02T13:39:09,2026-07-17T22:42:49
novice,BTN,2.0,25-30,Q6o,834,346,468,19,1,0,2023-09-08T06:36:58,2026-07-21T19:34:33
novice,BTN,2.0,25-30,Q6s,229,11,215,2,1,0,2023-09-04T18:12:49,2026-07-16T22:38:30
novice,BTN,2.0,25-30,Q7o,863,289,560,13,1,0,2023-09-02T00:15:09,2026-07-21T11:50:11
novice,BTN,2.0,25-30,Q7s,283,12,266,3,2,0,2023-09-09T08:39:53,2026-07-19T17:12:54
novice,BTN,2.0,25-30,Q8o,825,146,671,6,2,0,2023-09-02T12:07:01,2026-07-21T13:54:46
novice,BTN,2.0,25-30,Q8s,267,7,252,8,0,0,2023-09-11T17:17:58,2026-07-18T13:16:56
novice,BTN,2.0,25-30,Q9o,837,103,728,4,2,0,2023-09-02T14:37:11,2026-07-17T13:03:44
novice,BTN,2.0,25-30,Q9s,252,6,236,6,4,0,2023-09-02T17:26:02,2026-07-20T18:09:57
novice,BTN,2.0,25-30,QJo,861,12,798,36,15,0,2023-09-02T16:16:31,2026-07-17T22:06:06
novice,BTN,2.0,25-30,QJs,298,7,238,37,16,0,2023-09-01T17:08:36,2026-07-17T18:17:20
novice,BTN,2.0,25-30,QQ,434,5,6,310,113,0,2023-09-04T21:00:28,2026-07-20T21:32:08
novice,BTN,2.0,25-30,QTo,787,33,733,17,4,0,2023-09-02T00:19:25,2026-07-20T20:30:31
novice,BTN,2.0,25-30,QTs,280,2,252,16,10,0,2023-09-02T06:53:18,2026-07-20T10:40:57
novice,BTN,2.0,25-30,T2o,802,692,98,12,0,0,2023-09-08T17:19:42,2026-07-20T18:19:48
novice,BTN,2.0,25-30,T2s,267,73,194,0,0,0,2023-09-03T11:07:41,2026-07-16T15:02:57
novice,BTN,2.0,25-30,T3o,829,708,109,12,0,0,2023-09-02T09:15:43,2026-07-20T15:08:26
novice,BTN,2.0,25-30,T3s,286,77,208,1,0,0,2023-09-01T09:46:34,2026-07-20T19:01:15
novice,BTN,2.0,25-30,T4o,801,641,155,4,1,0,2023-09-01T00:43:37,2026-07-19T13:21:02
novice,BTN,2.0,25-30,T4s,280,54,226,0,0,0,2023-09-09T11:07:36,2026-07-11T14:30:45
novice,BTN,2.0,25-30,T5o,828,588,231,9,0,0,2023-09-04T14:42:38,2026-07-18T20:01:35
novice,BTN,2.0,25-30,T5s,223,34,187,2,0,0,2023-09-15T08:31:09,2026-07-20T16:46:40
novice,BTN,2.0,25-30,T6o,812,423,385,4,0,0,2023-09-03T13:26:22,2026-07-21T21:07:05
novice,BTN,2.0,25-30,T6s,273,28,244,1,0,0,2023-09-30T13:29:25,2026-07-19T17:53:22
novice,BTN,2.0,25-30,T7o,820,296,521,3,0,0,2023-09-02T19:45:35,2026-07-20T09:21:53
novice,BTN,2.0,25-30,T7s,284,19,263,2,0,0,2023-09-19T11:13:25,2026-07-04T21:46:09
novice,BTN,2.0,25-30,T8o,795,203,583,8,1,0,2023-09-02T00:03:52,2026-07-21T22:18:06
novice,BTN,2.0,25-30,T8s,287,7,274,6,0,0,2023-09-08T23:51:07,2026-07-20T19:21:39
novice,BTN,2.0,25-30,T9o,811,74,731,4,2,0,2023-09-02T08:50:11,2026-07-20T19:30:22
novice,BTN,2.0,25-30,T9s,287,7,269,9,2,0,2023-09-04T19:47:34,2026-07-19T17:19:58
novice,BTN,2.0,25-30,TT,439,4,56,153,226,0,2023-09-03T21:32:43,2026-07-18T19:41:15
novice,BTN,2.0,30-35,__MISSING__,13343,4889,7038,1095,321,0,2023-09-01T05:24:11,2026-07-21T18:27:28
novice,BTN,2.0,30-35,22,333,5,304,2,22,0,2023-09-04T19:02:52,2026-07-17T23:21:43
novice,BTN,2.0,30-35,32o,675,521,148,6,0,0,2023-09-01T15:40:23,2026-07-19T15:07:12
novice,BTN,2.0,30-35,32s,236,49,184,3,0,0,2023-09-08T10:45:39,2026-07-10T16:04:06
novice,BTN,2.0,30-35,33,342,4,298,7,33,0,2023-09-02T11:45:29,2026-07-19T23:16:29
novice,BTN,2.0,30-35,42o,706,567,134,5,0,0,2023-09-02T15:41:48,2026-07-19T19:49:41
novice,BTN,2.0,30-35,42s,262,47,215,0,0,0,2023-09-23T16:25:22,2026-07-18T20:29:25
novice,BTN,2.0,30-35,43o,696,421,268,7,0,0,2023-09-04T16:27:05,2026-07-20T16:29:35
novice,BTN,2.0,30-35,43s,231,23,208,0,0,0,2023-09-15T16:27:06,2026-07-17T21:02:18
novice,BTN,2.0,30-35,44,367,5,327,7,28,0,2023-09-08T14:11:58,2026-07-19T22:03:30
novice,BTN,2.0,30-35,52o,693,573,117,3,0,0,2023-09-02T11:27:23,2026-07-18T18:24:00
novice,BTN,2.0,30-35,52s,253,70,181,2,0,0,2023-09-27T17:42:11,2026-07-20T18:36:12
novice,BTN,2.0,30-35,53o,671,451,213,7,0,0,2023-09-01T17:47:13,2026-07-21T20:25:41
novice,BTN,2.0,30-35,53s,248,41,206,1,0,0,2023-09-16T09:20:55,2026-07-18T13:10:00
novice,BTN,2.0,30-35,54o,697,259,435,3,0,0,2023-09-01T14:04:10,2026-07-20T11:10:04
novice,BTN,2.0,30-35,54s,214,5,206,3,0,0,2023-09-11T12:14:14,2026-07-14T17:44:40
novice,BTN,2.0,30-35,55,331,5,260,22,44,0,2023-09-02T10:48:40,2026-07-19T14:32:42
novice,BTN,2.0,30-35,62o,677,611,59,7,0,0,2023-09-02T19:46:36,2026-07-20T14:48:46
novice,BTN,2.0,30-35,62s,227,52,174,1,0,0,2023-09-04T06:36:40,2026-07-19T18:20:40
novice,BTN,2.0,30-35,63o,632,458,171,3,0,0,2023-09-04T11:47:52,2026-07-19T22:27:50
novice,BTN,2.0,30-35,63s,239,38,198,3,0,0,2023-09-08T10:26:32,2026-07-21T13:14:37
novice,BTN,2.0,30-35,64o,704,420,279,5,0,0,2023-09-02T03:04:07,2026-07-18T12:03:43
novice,BTN,2.0,30-35,64s,210,15,195,0,0,0,2023-09-03T21:36:02,2026-07-16T13:37:51
novice,BTN,2.0,30-35,65o,669,176,485,8,0,0,2023-09-01T14:15:31,2026-07-19T13:25:54
novice,BTN,2.0,30-35,65s,232,9,219,3,1,0,2023-09-11T14:08:40,2026-07-21T18:11:08
novice,BTN,2.0,30-35,66,353,2,269,24,58,0,2023-09-01T15:29:23,2026-07-18T07:27:22
novice,BTN,2.0,30-35,72o,668,624,36,8,0,0,2023-09-04T16:02:04,2026-07-20T19:43:37
novice,BTN,2.0,30-35,72s,231,72,156,3,0,0,2023-09-01T22:23:25,2026-07-18T23:09:35
novice,BTN,2.0,30-35,73o,716,621,91,3,1,0,2023-09-02T10:24:06,2026-07-20T15:42:52
novice,BTN,2.0,30-35,73s,227,49,177,1,0,0,2023-09-12T06:19:17,2026-07-21T17:45:46
novice,BTN,2.0,30-35,74o,669,464,203,2,0,0,2023-09-05T01:34:57,2026-07-21T15:15:17
novice,BTN,2.0,30-35,74s,197,25,172,0,0,0,2023-09-23T11:46:52,2026-07-14T08:34:32
novice,BTN,2.0,30-35,75o,655,306,338,11,0,0,2023-09-02T01:08:37,2026-07-20T18:44:00
novice,BTN,2.0,30-35,75s,255,22,232,1,0,0,2023-09-16T11:33:34,2026-07-09T17:18:36
novice,BTN,2.0,30-35,76o,679,130,545,4,0,0,2023-09-05T20:30:01,2026-07-20T14:05:39
novice,BTN,2.0,30-35,76s,260,10,245,4,1,0,2023-09-03T11:42:35,2026-07-21T11:30:39
novice,BTN,2.0,30-35,77,345,4,219,45,77,0,2023-09-03T20:25:35,2026-07-18T15:26:21
novice,BTN,2.0,30-35,82o,657,608,44,5,0,0,2023-09-05T17:49:07,2026-07-21T03:23:33
novice,BTN,2.0,30-35,82s,245,88,152,5,0,0,2023-09-04T19:30:36,2026-07-13T17:19:01
novice,BTN,2.0,30-35,83o,669,592,69,8,0,0,2023-09-01T09:44:30,2026-07-17T17:49:29
novice,BTN,2.0,30-35,83s,230,47,182,1,0,0,2023-09-19T19:33:55,2026-07-19T20:11:07
novice,BTN,2.0,30-35,84o,702,505,190,6,1,0,2023-09-02T16:35:09,2026-07-17T21:33:54
novice,BTN,2.0,30-35,84s,242,26,215,1,0,0,2023-09-02T13:06:34,2026-07-11T18:14:08
novice,BTN,2.0,30-35,85o,713,424,282,7,0,0,2023-09-02T04:23:33,2026-07-20T13:32:30
novice,BTN,2.0,30-35,85s,237,29,206,2,0,0,2023-09-18T12:51:10,2026-07-12T23:11:14
novice,BTN,2.0,30-35,86o,739,261,474,4,0,0,2023-09-01T17:29:27,2026-07-19T15:16:44
novice,BTN,2.0,30-35,86s,248,11,233,4,0,0,2023-09-02T12:29:21,2026-07-20T12:28:12
novice,BTN,2.0,30-35,87o,690,106,582,2,0,0,2023-09-02T12:17:29,2026-07-18T17:39:04
novice,BTN,2.0,30-35,87s,219,3,205,10,1,0,2023-09-10T19:10:05,2026-07-21T19:03:35
novice,BTN,2.0,30-35,88,357,7,164,84,102,0,2023-09-01T22:42:31,2026-07-21T20:34:21
novice,BTN,2.0,30-35,92o,691,632,50,8,1,0,2023-09-02T15:50:10,2026-07-20T19:07:14
novice,BTN,2.0,30-35,92s,233,71,161,1,0,0,2023-09-12T16:27:06,2026-07-19T17:13:17
novice,BTN,2.0,30-35,93o,690,599,86,5,0,0,2023-09-01T10:46:33,2026-07-19T18:23:24
novice,BTN,2.0,30-35,93s,246,66,179,1,0,0,2023-09-10T17:49:53,2026-07-18T17:33:57
novice,BTN,2.0,30-35,94o,700,576,116,8,0,0,2023-09-03T08:02:05,2026-07-21T14:21:01
novice,BTN,2.0,30-35,94s,249,51,198,0,0,0,2023-09-08T08:00:41,2026-07-18T01:04:53
novice,BTN,2.0,30-35,95o,702,450,244,8,0,0,2023-09-12T05:21:12,2026-07-21T19:31:24
novice,BTN,2.0,30-35,95s,200,32,168,0,0,0,2023-09-01T21:04:02,2026-07-19T16:09:36
novice,BTN,2.0,30-35,96o,657,307,347,3,0,0,2023-09-02T12:53:41,2026-07-18T10:05:20
novice,BTN,2.0,30-35,96s,239,16,222,1,0,0,2023-09-02T17:07:45,2026-07-18T21:18:33
novice,BTN,2.0,30-35,97o,686,194,487,5,0,0,2023-09-03T13:05:39,2026-07-19T18:52:03
novice,BTN,2.0,30-35,97s,223,3,219,1,0,0,2023-09-19T16:45:04,2026-07-19T15:29:29
novice,BTN,2.0,30-35,98o,737,93,643,1,0,0,2023-09-01T17:19:56,2026-07-20T22:27:48
novice,BTN,2.0,30-35,98s,258,5,240,13,0,0,2023-09-02T16:06:12,2026-07-18T21:08:20
novice,BTN,2.0,30-35,99,349,2,102,118,127,0,2023-09-02T16:37:48,2026-07-21T14:21:47
novice,BTN,2.0,30-35,A2o,709,108,489,99,13,0,2023-09-01T16:32:13,2026-07-15T15:31:23
novice,BTN,2.0,30-35,A2s,268,5,210,37,16,0,2023-09-04T15:15:22,2026-07-20T20:36:15
novice,BTN,2.0,30-35,A3o,701,87,514,88,12,0,2023-09-08T14:52:14,2026-07-19T18:23:27
novice,BTN,2.0,30-35,A3s,240,3,185,44,8,0,2023-09-07T12:42:53,2026-07-20T18:40:23
novice,BTN,2.0,30-35,A4o,757,88,551,103,15,0,2023-09-06T08:29:03,2026-07-19T14:29:59
novice,BTN,2.0,30-35,A4s,239,1,186,46,6,0,2023-09-24T21:38:45,2026-07-10T15:44:14
novice,BTN,2.0,30-35,A5o,777,55,567,139,16,0,2023-09-06T15:41:24,2026-07-19T20:48:54
novice,BTN,2.0,30-35,A5s,276,4,188,64,20,0,2023-09-03T16:29:12,2026-07-21T19:09:28
novice,BTN,2.0,30-35,A6o,738,73,579,67,19,0,2023-09-06T16:41:55,2026-07-21T22:24:05
novice,BTN,2.0,30-35,A6s,242,5,205,25,7,0,2023-09-17T11:01:32,2026-07-20T15:46:34
novice,BTN,2.0,30-35,A7o,732,64,581,70,17,0,2023-09-01T17:39:36,2026-07-21T19:54:47
novice,BTN,2.0,30-35,A7s,269,6,232,21,10,0,2023-09-01T12:50:17,2026-07-17T18:09:23
novice,BTN,2.0,30-35,A8o,730,35,587,73,35,0,2023-09-02T16:39:02,2026-07-21T19:10:14
novice,BTN,2.0,30-35,A8s,260,2,198,38,22,0,2023-09-02T07:39:58,2026-07-20T23:49:16
novice,BTN,2.0,30-35,A9o,754,28,595,96,35,0,2023-09-02T02:25:15,2026-07-18T20:09:46
novice,BTN,2.0,30-35,A9s,297,3,228,45,21,0,2023-09-12T21:26:42,2026-07-19T15:17:35
novice,BTN,2.0,30-35,AA,398,4,15,359,20,0,2023-09-02T14:54:47,2026-07-18T14:38:29
novice,BTN,2.0,30-35,AJo,775,5,251,359,160,0,2023-09-24T14:04:05,2026-07-20T21:43:53
novice,BTN,2.0,30-35,AJs,213,1,64,103,45,0,2023-09-09T18:37:53,2026-07-21T09:07:56
novice,BTN,2.0,30-35,AKo,776,9,26,506,235,0,2023-09-02T17:12:06,2026-07-19T17:07:09
novice,BTN,2.0,30-35,AKs,268,1,11,194,62,0,2023-09-02T17:49:39,2026-07-19T15:06:05
novice,BTN,2.0,30-35,AQo,752,5,122,404,221,0,2023-09-01T18:24:47,2026-07-20T19:45:18
novice,BTN,2.0,30-35,AQs,250,1,29,145,75,0,2023-09-06T16:10:18,2026-07-20T16:36:50
novice,BTN,2.0,30-35,ATo,767,9,453,205,100,0,2023-09-02T15:48:17,2026-07-18T15:53:32
novice,BTN,2.0,30-35,ATs,270,2,148,86,34,0,2023-09-07T19:20:27,2026-07-18T17:45:21
novice,BTN,2.0,30-35,J2o,718,535,168,14,1,0,2023-09-02T14:36:42,2026-07-21T09:31:51
novice,BTN,2.0,30-35,J2s,222,42,175,4,1,0,2023-09-10T17:17:35,2026-07-17T16:50:00
novice,BTN,2.0,30-35,J3o,659,489,158,12,0,0,2023-09-02T08:43:53,2026-07-13T16:02:46
novice,BTN,2.0,30-35,J3s,213,37,172,4,0,0,2023-09-02T13:35:08,2026-07-19T20:26:35
novice,BTN,2.0,30-35,J4o,724,485,224,15,0,0,2023-09-02T18:15:02,2026-07-19T16:29:17
novice,BTN,2.0,30-35,J4s,257,29,226,2,0,0,2023-09-10T16:28:06,2026-07-20T10:09:34
novice,BTN,2.0,30-35,J5o,677,423,238,16,0,0,2023-09-02T09:25:03,2026-07-19T08:46:45
novice,BTN,2.0,30-35,J5s,260,38,221,1,0,0,2023-09-12T16:29:41,2026-07-13T21:14:40
novice,BTN,2.0,30-35,J6o,672,334,320,17,1,0,2023-09-02T07:39:57,2026-07-18T22:12:48
novice,BTN,2.0,30-35,J6s,234,16,215,3,0,0,2023-09-14T07:01:16,2026-07-17T18:42:06
novice,BTN,2.0,30-35,J7o,689,238,446,5,0,0,2023-09-06T04:26:43,2026-07-21T20:05:17
novice,BTN,2.0,30-35,J7s,240,16,222,1,1,0,2023-09-15T08:08:20,2026-07-18T15:13:54
novice,BTN,2.0,30-35,J8o,681,129,544,8,0,0,2023-09-05T09:15:46,2026-07-21T19:45:29
novice,BTN,2.0,30-35,J8s,246,5,235,5,1,0,2023-09-04T14:47:34,2026-07-18T20:45:57
novice,BTN,2.0,30-35,J9o,714,86,618,8,2,0,2023-09-03T13:03:04,2026-07-21T10:39:56
novice,BTN,2.0,30-35,J9s,228,2,215,11,0,0,2023-09-15T22:06:57,2026-07-19T20:32:50
novice,BTN,2.0,30-35,JJ,383,2,25,277,79,0,2023-09-02T19:35:36,2026-07-20T21:30:04
novice,BTN,2.0,30-35,JTo,738,29,686,21,2,0,2023-09-10T11:51:38,2026-07-21T16:30:50
novice,BTN,2.0,30-35,JTs,253,1,229,19,4,0,2023-09-09T20:06:35,2026-07-18T21:26:21
novice,BTN,2.0,30-35,K2o,700,317,336,45,2,0,2023-09-02T20:28:19,2026-07-21T17:25:39
novice,BTN,2.0,30-35,K2s,242,14,216,12,0,0,2023-09-07T15:22:01,2026-07-20T10:07:15
novice,BTN,2.0,30-35,K3o,650,289,322,39,0,0,2023-09-01T17:35:02,2026-07-19T19:17:57
novice,BTN,2.0,30-35,K3s,223,21,192,10,0,0,2023-09-05T12:06:24,2026-06-25T11:52:12
novice,BTN,2.0,30-35,K4o,708,289,382,37,0,0,2023-09-03T20:34:41,2026-07-19T18:19:58
novice,BTN,2.0,30-35,K4s,241,13,219,9,0,0,2023-09-01T09:52:39,2026-07-14T21:22:00
novice,BTN,2.0,30-35,K5o,728,258,423,45,2,0,2023-09-07T18:36:41,2026-07-20T17:46:29
novice,BTN,2.0,30-35,K5s,243,7,219,17,0,0,2023-09-03T19:29:25,2026-07-10T22:19:12
novice,BTN,2.0,30-35,K6o,699,192,485,22,0,0,2023-09-07T06:31:45,2026-07-19T20:22:25
novice,BTN,2.0,30-35,K6s,229,9,209,10,1,0,2023-09-13T18:37:58,2026-07-20T09:52:54
novice,BTN,2.0,30-35,K7o,693,158,513,22,0,0,2023-09-06T15:25:57,2026-07-21T09:45:03
novice,BTN,2.0,30-35,K7s,252,9,231,10,2,0,2023-09-01T19:32:12,2026-07-16T14:09:15
novice,BTN,2.0,30-35,K8o,685,108,558,17,2,0,2023-09-15T11:22:27,2026-07-19T12:30:41
novice,BTN,2.0,30-35,K8s,258,6,245,3,4,0,2023-09-02T15:01:10,2026-07-17T17:03:07
novice,BTN,2.0,30-35,K9o,719,68,628,21,2,0,2023-09-12T19:17:08,2026-07-19T19:17:12
novice,BTN,2.0,30-35,K9s,279,8,249,19,3,0,2023-09-20T09:33:13,2026-07-21T07:40:19
novice,BTN,2.0,30-35,KJo,723,11,577,119,16,0,2023-09-12T01:35:07,2026-07-20T21:33:08
novice,BTN,2.0,30-35,KJs,264,2,186,65,11,0,2023-09-10T08:47:25,2026-07-19T15:32:03
novice,BTN,2.0,30-35,KK,377,5,4,347,21,0,2023-09-09T10:48:11,2026-07-19T16:25:41
novice,BTN,2.0,30-35,KQo,755,8,517,185,45,0,2023-09-12T17:03:56,2026-07-19T19:37:15
novice,BTN,2.0,30-35,KQs,257,0,145,90,22,0,2023-09-03T12:39:07,2026-07-17T18:41:06
novice,BTN,2.0,30-35,KTo,740,25,657,51,7,0,2023-09-06T20:29:27,2026-07-21T19:16:11
novice,BTN,2.0,30-35,KTs,242,0,200,35,7,0,2023-10-14T19:45:26,2026-07-17T13:13:51
novice,BTN,2.0,30-35,Q2o,729,449,251,29,0,0,2023-09-01T17:51:28,2026-07-19T22:03:47
novice,BTN,2.0,30-35,Q2s,211,21,184,6,0,0,2023-09-13T12:15:32,2026-07-14T16:01:06
novice,BTN,2.0,30-35,Q3o,687,425,244,18,0,0,2023-09-04T15:09:02,2026-07-21T20:27:35
novice,BTN,2.0,30-35,Q3s,243,23,216,4,0,0,2023-10-16T18:45:34,2026-07-15T13:10:11
novice,BTN,2.0,30-35,Q4o,719,396,301,22,0,0,2023-09-03T19:12:07,2026-07-20T22:34:51
novice,BTN,2.0,30-35,Q4s,241,23,211,7,0,0,2023-09-12T02:42:24,2026-07-19T20:23:19
novice,BTN,2.0,30-35,Q5o,679,347,308,24,0,0,2023-09-02T17:32:42,2026-07-21T18:05:12
novice,BTN,2.0,30-35,Q5s,240,21,216,3,0,0,2023-09-02T21:03:28,2026-07-12T19:37:12
novice,BTN,2.0,30-35,Q6o,748,321,408,18,1,0,2023-09-01T22:21:40,2026-07-20T22:06:09
novice,BTN,2.0,30-35,Q6s,213,15,194,4,0,0,2023-09-11T15:02:00,2026-07-21T02:27:25
novice,BTN,2.0,30-35,Q7o,719,214,491,14,0,0,2023-09-01T17:25:30,2026-07-16T18:16:20
novice,BTN,2.0,30-35,Q7s,229,7,221,1,0,0,2023-09-08T04:49:08,2026-07-13T18:19:21
novice,BTN,2.0,30-35,Q8o,696,121,568,7,0,0,2023-09-03T20:32:25,2026-07-20T21:42:45
novice,BTN,2.0,30-35,Q8s,215,10,199,5,1,0,2023-09-01T00:04:41,2026-07-21T19:02:32
novice,BTN,2.0,30-35,Q9o,764,75,678,9,2,0,2023-09-02T15:24:55,2026-07-20T20:11:28
novice,BTN,2.0,30-35,Q9s,250,3,236,11,0,0,2023-09-15T18:15:10,2026-07-21T22:03:03
novice,BTN,2.0,30-35,QJo,720,20,642,52,6,0,2023-09-02T00:01:49,2026-07-18T20:03:32
novice,BTN,2.0,30-35,QJs,241,6,196,37,2,0,2023-09-11T10:40:12,2026-07-19T20:07:28
novice,BTN,2.0,30-35,QQ,374,3,6,307,58,0,2023-09-14T08:24:53,2026-07-20T19:48:39
novice,BTN,2.0,30-35,QTo,789,29,741,17,2,0,2023-09-02T15:38:24,2026-07-17T21:14:07
novice,BTN,2.0,30-35,QTs,239,2,217,18,2,0,2023-09-02T08:06:24,2026-07-18T22:19:06
novice,BTN,2.0,30-35,T2o,646,554,84,8,0,0,2023-09-05T13:37:16,2026-07-14T20:06:07
novice,BTN,2.0,30-35,T2s,194,42,150,2,0,0,2023-09-03T15:40:20,2026-07-20T15:41:53
novice,BTN,2.0,30-35,T3o,667,553,107,7,0,0,2023-09-06T09:15:02,2026-07-19T23:52:26
novice,BTN,2.0,30-35,T3s,222,53,168,1,0,0,2023-09-03T19:27:52,2026-07-14T20:14:50
novice,BTN,2.0,30-35,T4o,685,530,145,9,1,0,2023-09-05T09:05:42,2026-07-18T21:01:26
novice,BTN,2.0,30-35,T4s,216,41,174,1,0,0,2023-09-02T09:07:44,2026-07-18T19:18:02
novice,BTN,2.0,30-35,T5o,694,468,220,5,1,0,2023-09-02T12:47:10,2026-07-20T19:45:11
novice,BTN,2.0,30-35,T5s,253,24,227,2,0,0,2023-09-23T12:49:21,2026-07-18T13:23:30
novice,BTN,2.0,30-35,T6o,721,365,351,5,0,0,2023-09-02T12:43:15,2026-07-17T18:46:58
novice,BTN,2.0,30-35,T6s,251,20,227,4,0,0,2023-09-06T19:42:01,2026-07-17T16:27:32
novice,BTN,2.0,30-35,T7o,690,256,428,6,0,0,2023-09-01T18:40:24,2026-07-20T17:24:00
novice,BTN,2.0,30-35,T7s,226,12,213,1,0,0,2023-09-03T10:29:13,2026-07-13T14:33:01
novice,BTN,2.0,30-35,T8o,702,152,542,8,0,0,2023-09-07T21:10:43,2026-07-21T19:20:55
novice,BTN,2.0,30-35,T8s,247,2,240,5,0,0,2023-09-08T13:17:48,2026-07-19T15:45:14
novice,BTN,2.0,30-35,T9o,726,68,649,9,0,0,2023-09-06T13:44:38,2026-07-21T14:23:18
novice,BTN,2.0,30-35,T9s,228,2,211,15,0,0,2023-09-08T20:24:22,2026-07-13T21:43:42
novice,BTN,2.0,30-35,TT,368,5,55,199,109,0,2023-09-05T20:12:33,2026-07-19T17:11:00
novice,BTN,2.0,35-40,__MISSING__,12054,4390,6362,1142,160,0,2023-09-01T11:21:56,2026-07-21T20:37:39
novice,BTN,2.0,35-40,22,310,6,285,7,12,0,2023-09-05T18:23:15,2026-07-19T20:03:48
novice,BTN,2.0,35-40,32o,524,391,128,5,0,0,2023-09-02T08:39:46,2026-07-14T08:34:19
novice,BTN,2.0,35-40,32s,165,30,133,2,0,0,2023-09-11T22:16:13,2026-07-17T17:22:32
novice,BTN,2.0,35-40,33,312,7,289,5,11,0,2023-09-09T13:40:42,2026-07-19T17:27:57
novice,BTN,2.0,35-40,42o,552,450,96,6,0,0,2023-09-01T17:12:40,2026-07-19T12:07:29
novice,BTN,2.0,35-40,42s,178,29,149,0,0,0,2023-09-30T09:28:30,2026-07-19T13:32:56
novice,BTN,2.0,35-40,43o,609,335,270,4,0,0,2023-09-02T12:49:59,2026-07-20T01:32:46
novice,BTN,2.0,35-40,43s,192,20,171,1,0,0,2023-09-13T18:35:47,2026-07-18T19:16:58
novice,BTN,2.0,35-40,44,301,5,269,13,14,0,2023-09-10T17:23:17,2026-07-20T01:33:06
novice,BTN,2.0,35-40,52o,570,451,115,4,0,0,2023-09-02T17:45:15,2026-07-21T15:39:38
novice,BTN,2.0,35-40,52s,197,34,162,1,0,0,2023-10-05T01:34:18,2026-07-17T14:34:22
novice,BTN,2.0,35-40,53o,578,386,185,7,0,0,2023-09-04T04:34:03,2026-07-17T18:22:24
novice,BTN,2.0,35-40,53s,221,36,182,3,0,0,2023-09-13T17:28:30,2026-07-18T20:45:10
novice,BTN,2.0,35-40,54o,592,215,376,1,0,0,2023-09-01T16:17:35,2026-07-21T13:20:25
novice,BTN,2.0,35-40,54s,226,6,216,4,0,0,2023-09-02T19:35:07,2026-07-18T12:23:35
novice,BTN,2.0,35-40,55,285,2,239,20,24,0,2023-09-02T02:24:38,2026-07-07T13:19:08
novice,BTN,2.0,35-40,62o,550,491,53,6,0,0,2023-09-01T13:44:12,2026-07-20T09:25:48
novice,BTN,2.0,35-40,62s,194,46,148,0,0,0,2023-09-15T15:53:42,2026-07-19T20:25:17
novice,BTN,2.0,35-40,63o,588,424,161,3,0,0,2023-09-10T17:25:01,2026-07-21T16:20:13
novice,BTN,2.0,35-40,63s,213,33,180,0,0,0,2023-09-06T15:10:56,2026-07-09T13:14:12
novice,BTN,2.0,35-40,64o,604,315,284,5,0,0,2023-09-04T20:39:59,2026-07-20T15:44:41
novice,BTN,2.0,35-40,64s,180,11,169,0,0,0,2023-09-15T17:15:37,2026-07-16T13:40:21
novice,BTN,2.0,35-40,65o,621,159,458,4,0,0,2023-09-02T17:10:06,2026-07-18T13:43:59
novice,BTN,2.0,35-40,65s,188,2,185,1,0,0,2023-09-11T16:34:56,2026-07-21T18:52:28
novice,BTN,2.0,35-40,66,302,4,222,45,31,0,2023-09-16T14:17:12,2026-07-21T17:22:01
novice,BTN,2.0,35-40,72o,608,567,32,9,0,0,2023-09-13T22:30:59,2026-07-21T15:24:05
novice,BTN,2.0,35-40,72s,188,60,125,3,0,0,2023-09-02T12:36:38,2026-07-19T15:34:27
novice,BTN,2.0,35-40,73o,600,493,99,8,0,0,2023-09-03T19:23:15,2026-07-21T03:17:41
novice,BTN,2.0,35-40,73s,184,33,150,1,0,0,2023-09-12T18:09:18,2026-07-16T18:14:40
novice,BTN,2.0,35-40,74o,587,398,183,6,0,0,2023-09-03T19:00:53,2026-07-21T16:14:49
novice,BTN,2.0,35-40,74s,205,28,174,3,0,0,2023-09-04T14:06:32,2026-07-14T19:54:16
novice,BTN,2.0,35-40,75o,595,277,311,7,0,0,2023-09-02T18:12:57,2026-07-19T18:13:28
novice,BTN,2.0,35-40,75s,180,14,165,1,0,0,2023-09-22T13:10:28,2026-07-16T20:26:21
novice,BTN,2.0,35-40,76o,600,106,492,2,0,0,2023-09-04T13:46:11,2026-07-20T19:16:38
novice,BTN,2.0,35-40,76s,171,3,164,4,0,0,2023-09-16T14:13:51,2026-07-15T14:18:06
novice,BTN,2.0,35-40,77,314,5,202,55,52,0,2023-09-19T21:07:41,2026-07-16T15:01:14
novice,BTN,2.0,35-40,82o,583,519,57,7,0,0,2023-09-05T10:47:18,2026-07-19T19:21:44
novice,BTN,2.0,35-40,82s,184,56,128,0,0,0,2023-09-05T07:52:42,2026-07-08T19:21:34
novice,BTN,2.0,35-40,83o,581,516,58,7,0,0,2023-09-02T06:43:11,2026-07-20T22:26:26
novice,BTN,2.0,35-40,83s,192,54,137,1,0,0,2023-09-08T00:03:28,2026-07-18T14:33:23
novice,BTN,2.0,35-40,84o,582,431,147,4,0,0,2023-09-09T20:36:01,2026-07-21T00:33:20
novice,BTN,2.0,35-40,84s,204,25,177,2,0,0,2023-09-11T08:51:40,2026-07-20T16:50:00
novice,BTN,2.0,35-40,85o,593,354,233,5,1,0,2023-09-12T08:41:33,2026-07-21T10:23:58
novice,BTN,2.0,35-40,85s,171,15,154,2,0,0,2023-09-03T02:53:30,2026-07-19T22:38:43
novice,BTN,2.0,35-40,86o,597,179,416,2,0,0,2023-09-07T18:41:01,2026-07-19T20:23:20
novice,BTN,2.0,35-40,86s,151,6,144,1,0,0,2023-09-03T19:35:38,2026-07-18T13:35:46
novice,BTN,2.0,35-40,87o,634,90,539,5,0,0,2023-09-05T19:36:08,2026-07-21T08:11:39
novice,BTN,2.0,35-40,87s,215,8,199,8,0,0,2023-09-08T16:38:58,2026-07-19T14:45:45
novice,BTN,2.0,35-40,88,314,7,177,73,57,0,2023-09-15T21:51:21,2026-07-21T16:09:30
novice,BTN,2.0,35-40,92o,577,526,43,8,0,0,2023-09-06T03:54:59,2026-07-21T15:23:21
novice,BTN,2.0,35-40,92s,192,74,117,1,0,0,2023-09-03T12:07:52,2026-07-12T21:53:02
novice,BTN,2.0,35-40,93o,540,472,64,4,0,0,2023-09-03T13:10:56,2026-07-20T01:29:29
novice,BTN,2.0,35-40,93s,186,46,140,0,0,0,2023-09-11T09:54:43,2026-07-14T12:05:27
novice,BTN,2.0,35-40,94o,580,447,123,10,0,0,2023-09-01T17:15:45,2026-07-20T17:37:39
novice,BTN,2.0,35-40,94s,194,28,164,2,0,0,2023-09-22T12:41:19,2026-07-21T14:52:24
novice,BTN,2.0,35-40,95o,609,388,211,10,0,0,2023-09-03T15:19:05,2026-07-19T13:07:02
novice,BTN,2.0,35-40,95s,206,24,182,0,0,0,2023-09-15T09:11:23,2026-07-14T18:26:13
novice,BTN,2.0,35-40,96o,599,262,332,4,1,0,2023-09-02T14:43:30,2026-07-19T15:12:40
novice,BTN,2.0,35-40,96s,200,16,182,1,1,0,2023-09-03T14:27:45,2026-07-21T17:30:51
novice,BTN,2.0,35-40,97o,624,156,466,2,0,0,2023-09-07T09:41:41,2026-07-20T03:34:32
novice,BTN,2.0,35-40,97s,217,11,204,2,0,0,2023-09-20T16:48:13,2026-07-09T16:10:20
novice,BTN,2.0,35-40,98o,586,66,514,5,1,0,2023-09-03T17:38:47,2026-07-21T20:35:08
novice,BTN,2.0,35-40,98s,220,5,201,14,0,0,2023-09-05T07:45:34,2026-07-17T15:35:55
novice,BTN,2.0,35-40,99,355,5,125,160,65,0,2023-09-03T14:52:17,2026-07-21T19:44:09
novice,BTN,2.0,35-40,A2o,639,90,448,97,4,0,2023-09-01T21:39:34,2026-07-17T20:32:39
novice,BTN,2.0,35-40,A2s,217,5,169,39,4,0,2023-09-13T22:51:26,2026-07-20T11:32:15
novice,BTN,2.0,35-40,A3o,684,87,512,82,3,0,2023-09-04T21:31:30,2026-07-20T20:09:41
novice,BTN,2.0,35-40,A3s,218,7,160,50,1,0,2023-09-05T06:51:25,2026-07-17T13:08:21
novice,BTN,2.0,35-40,A4o,634,75,452,104,3,0,2023-09-11T16:18:48,2026-07-21T02:53:33
novice,BTN,2.0,35-40,A4s,230,2,182,44,2,0,2023-09-02T12:08:00,2026-07-21T22:14:01
novice,BTN,2.0,35-40,A5o,613,51,455,103,4,0,2023-09-03T14:19:38,2026-07-21T06:50:28
novice,BTN,2.0,35-40,A5s,239,2,161,69,7,0,2023-09-04T18:21:27,2026-07-15T20:18:33
novice,BTN,2.0,35-40,A6o,691,65,539,77,10,0,2023-09-04T07:03:50,2026-07-19T13:37:54
novice,BTN,2.0,35-40,A6s,209,5,174,25,5,0,2023-09-02T21:21:46,2026-07-21T01:33:52
novice,BTN,2.0,35-40,A7o,669,45,553,65,6,0,2023-09-05T09:18:10,2026-07-20T09:12:21
novice,BTN,2.0,35-40,A7s,215,4,177,30,4,0,2023-09-16T13:10:26,2026-07-21T17:45:03
novice,BTN,2.0,35-40,A8o,661,45,524,81,11,0,2023-09-23T13:47:01,2026-07-20T20:14:45
novice,BTN,2.0,35-40,A8s,211,4,182,21,4,0,2023-09-04T22:37:23,2026-07-21T18:37:28
novice,BTN,2.0,35-40,A9o,643,24,518,80,21,0,2023-09-03T07:31:41,2026-07-20T17:06:57
novice,BTN,2.0,35-40,A9s,248,8,188,44,8,0,2023-09-01T16:42:44,2026-07-08T19:30:10
novice,BTN,2.0,35-40,AA,344,1,18,317,8,0,2023-09-04T08:52:14,2026-07-19T16:06:53
novice,BTN,2.0,35-40,AJo,682,7,259,346,70,0,2023-09-03T17:32:02,2026-07-19T16:34:41
novice,BTN,2.0,35-40,AJs,222,2,84,117,19,0,2023-09-09T12:10:03,2026-07-18T12:25:09
novice,BTN,2.0,35-40,AKo,722,11,21,536,154,0,2023-09-01T18:51:38,2026-07-21T15:25:10
novice,BTN,2.0,35-40,AKs,194,2,6,153,33,0,2023-09-09T14:33:46,2026-07-20T14:41:00
novice,BTN,2.0,35-40,AQo,675,9,98,473,95,0,2023-09-02T12:42:03,2026-07-20T02:38:34
novice,BTN,2.0,35-40,AQs,215,1,21,163,30,0,2023-09-05T06:04:21,2026-07-17T11:31:47
novice,BTN,2.0,35-40,ATo,642,8,376,211,47,0,2023-09-10T08:11:02,2026-07-20T16:48:21
novice,BTN,2.0,35-40,ATs,223,1,136,70,16,0,2023-09-01T13:54:20,2026-07-05T01:51:38
novice,BTN,2.0,35-40,J2o,598,447,139,12,0,0,2023-09-07T21:13:04,2026-07-20T12:53:42
novice,BTN,2.0,35-40,J2s,214,38,175,1,0,0,2023-09-15T04:16:05,2026-07-19T16:18:32
novice,BTN,2.0,35-40,J3o,563,401,146,16,0,0,2023-09-03T23:42:24,2026-07-21T16:04:23
novice,BTN,2.0,35-40,J3s,201,29,171,1,0,0,2023-09-06T10:14:31,2026-07-05T06:17:31
novice,BTN,2.0,35-40,J4o,583,379,195,9,0,0,2023-09-01T13:42:12,2026-07-18T23:52:09
novice,BTN,2.0,35-40,J4s,205,36,164,4,1,0,2023-09-22T22:18:21,2026-07-16T15:08:18
novice,BTN,2.0,35-40,J5o,609,350,248,11,0,0,2023-09-02T16:34:43,2026-07-18T19:51:10
novice,BTN,2.0,35-40,J5s,200,24,174,2,0,0,2023-09-10T22:35:45,2026-07-14T19:30:51
novice,BTN,2.0,35-40,J6o,616,310,293,13,0,0,2023-09-03T12:51:42,2026-07-18T20:18:27
novice,BTN,2.0,35-40,J6s,199,17,179,3,0,0,2023-09-04T16:54:04,2026-07-19T18:33:44
novice,BTN,2.0,35-40,J7o,609,197,409,3,0,0,2023-09-02T18:40:07,2026-07-20T18:30:15
novice,BTN,2.0,35-40,J7s,206,13,192,1,0,0,2023-09-26T21:07:38,2026-07-14T12:05:17
novice,BTN,2.0,35-40,J8o,641,117,517,7,0,0,2023-09-03T11:45:54,2026-07-19T21:11:13
novice,BTN,2.0,35-40,J8s,234,4,226,4,0,0,2023-09-09T08:32:44,2026-07-16T17:43:47
novice,BTN,2.0,35-40,J9o,634,66,561,6,1,0,2023-09-02T06:02:49,2026-07-20T21:35:37
novice,BTN,2.0,35-40,J9s,208,2,196,10,0,0,2023-09-02T06:33:13,2026-07-12T21:11:56
novice,BTN,2.0,35-40,JJ,292,1,14,228,49,0,2023-09-01T22:46:32,2026-07-16T16:48:59
novice,BTN,2.0,35-40,JTo,632,23,589,19,1,0,2023-09-03T11:11:40,2026-07-20T22:31:41
novice,BTN,2.0,35-40,JTs,211,6,184,20,1,0,2023-09-05T20:38:48,2026-07-17T09:24:52
novice,BTN,2.0,35-40,K2o,605,258,306,41,0,0,2023-09-04T18:36:05,2026-07-21T12:12:51
novice,BTN,2.0,35-40,K2s,201,7,183,11,0,0,2023-09-12T14:08:48,2026-07-20T17:32:34
novice,BTN,2.0,35-40,K3o,633,289,317,27,0,0,2023-09-02T16:43:43,2026-07-17T21:08:54
novice,BTN,2.0,35-40,K3s,218,14,191,13,0,0,2023-09-06T07:26:15,2026-07-21T00:32:07
novice,BTN,2.0,35-40,K4o,586,215,325,46,0,0,2023-09-02T13:31:34,2026-07-21T20:19:24
novice,BTN,2.0,35-40,K4s,188,6,175,7,0,0,2023-09-15T16:06:10,2026-07-18T15:29:39
novice,BTN,2.0,35-40,K5o,611,178,401,32,0,0,2023-09-01T14:38:45,2026-07-20T22:31:14
novice,BTN,2.0,35-40,K5s,188,11,164,13,0,0,2023-09-02T22:38:15,2026-07-19T19:53:14
novice,BTN,2.0,35-40,K6o,631,165,441,24,1,0,2023-09-03T20:14:44,2026-07-19T18:32:44
novice,BTN,2.0,35-40,K6s,209,3,196,10,0,0,2023-09-19T10:20:14,2026-07-16T13:50:42
novice,BTN,2.0,35-40,K7o,584,143,415,25,1,0,2023-09-02T13:15:08,2026-07-20T19:54:09
novice,BTN,2.0,35-40,K7s,214,5,196,13,0,0,2023-09-20T20:23:23,2026-07-16T21:29:22
novice,BTN,2.0,35-40,K8o,610,78,507,25,0,0,2023-09-02T07:18:44,2026-07-20T14:52:53
novice,BTN,2.0,35-40,K8s,232,7,210,14,1,0,2023-09-06T13:15:32,2026-07-18T09:39:56
novice,BTN,2.0,35-40,K9o,651,54,574,23,0,0,2023-09-01T16:41:13,2026-07-21T20:04:05
novice,BTN,2.0,35-40,K9s,221,4,199,15,3,0,2023-09-06T04:24:58,2026-07-21T03:29:13
novice,BTN,2.0,35-40,KJo,654,10,520,115,9,0,2023-09-03T19:19:43,2026-07-19T16:40:39
novice,BTN,2.0,35-40,KJs,211,6,143,54,8,0,2023-09-05T20:21:48,2026-07-16T04:22:34
novice,BTN,2.0,35-40,KK,336,2,10,311,13,0,2023-09-02T22:20:49,2026-07-13T00:05:54
novice,BTN,2.0,35-40,KQo,586,10,369,198,9,0,2023-09-04T14:37:51,2026-07-20T15:24:16
novice,BTN,2.0,35-40,KQs,212,4,127,77,4,0,2023-09-06T14:33:57,2026-07-20T21:20:47
novice,BTN,2.0,35-40,KTo,646,17,582,45,2,0,2023-09-01T23:53:07,2026-07-18T22:35:32
novice,BTN,2.0,35-40,KTs,222,2,190,28,2,0,2023-09-02T15:50:47,2026-07-20T20:02:37
novice,BTN,2.0,35-40,Q2o,572,336,209,27,0,0,2023-09-01T16:41:58,2026-07-17T18:44:41
novice,BTN,2.0,35-40,Q2s,171,21,145,5,0,0,2023-09-02T18:22:41,2026-07-03T20:18:22
novice,BTN,2.0,35-40,Q3o,586,327,244,15,0,0,2023-09-14T08:52:39,2026-07-13T20:19:51
novice,BTN,2.0,35-40,Q3s,208,17,178,13,0,0,2023-09-18T20:13:54,2026-07-17T12:51:39
novice,BTN,2.0,35-40,Q4o,570,307,242,21,0,0,2023-09-02T18:38:05,2026-07-21T17:30:56
novice,BTN,2.0,35-40,Q4s,200,19,179,2,0,0,2023-09-01T17:16:45,2026-07-17T21:36:26
novice,BTN,2.0,35-40,Q5o,602,298,284,20,0,0,2023-09-04T15:10:47,2026-07-17T14:53:07
novice,BTN,2.0,35-40,Q5s,201,13,178,10,0,0,2023-09-02T16:35:37,2026-07-21T15:23:49
novice,BTN,2.0,35-40,Q6o,595,208,370,16,1,0,2023-09-02T11:04:42,2026-07-20T17:13:53
novice,BTN,2.0,35-40,Q6s,185,13,170,2,0,0,2023-09-15T21:12:49,2026-07-17T18:48:02
novice,BTN,2.0,35-40,Q7o,583,198,374,10,1,0,2023-09-03T11:46:06,2026-07-21T19:10:05
novice,BTN,2.0,35-40,Q7s,225,10,211,3,1,0,2023-09-09T09:08:38,2026-07-15T17:53:30
novice,BTN,2.0,35-40,Q8o,595,100,489,6,0,0,2023-09-02T21:07:06,2026-07-20T09:16:56
novice,BTN,2.0,35-40,Q8s,220,7,207,6,0,0,2023-09-22T15:30:14,2026-07-19T16:54:46
novice,BTN,2.0,35-40,Q9o,654,69,575,10,0,0,2023-09-05T01:23:18,2026-07-19T17:35:07
novice,BTN,2.0,35-40,Q9s,196,4,184,8,0,0,2023-09-05T15:36:51,2026-07-14T21:33:03
novice,BTN,2.0,35-40,QJo,654,17,580,55,2,0,2023-09-01T02:11:42,2026-07-20T21:25:29
novice,BTN,2.0,35-40,QJs,198,4,163,30,1,0,2023-09-25T05:45:19,2026-07-13T15:47:58
novice,BTN,2.0,35-40,QQ,335,3,7,298,27,0,2023-09-01T21:25:12,2026-07-16T20:42:11
novice,BTN,2.0,35-40,QTo,640,26,590,21,3,0,2023-09-03T12:09:56,2026-07-20T12:41:52
novice,BTN,2.0,35-40,QTs,210,5,191,14,0,0,2023-09-12T10:31:03,2026-07-17T16:13:41
novice,BTN,2.0,35-40,T2o,593,518,68,7,0,0,2023-09-02T01:14:55,2026-07-20T12:20:48
novice,BTN,2.0,35-40,T2s,198,41,157,0,0,0,2023-09-24T19:21:34,2026-06-29T12:30:59
novice,BTN,2.0,35-40,T3o,580,482,88,10,0,0,2023-09-04T18:14:41,2026-07-21T22:26:30
novice,BTN,2.0,35-40,T3s,203,41,161,1,0,0,2023-09-08T09:16:27,2026-07-13T16:19:34
novice,BTN,2.0,35-40,T4o,588,455,124,9,0,0,2023-09-09T12:09:19,2026-07-20T18:05:50
novice,BTN,2.0,35-40,T4s,191,44,146,1,0,0,2023-09-05T09:14:44,2026-07-18T15:14:52
novice,BTN,2.0,35-40,T5o,565,388,173,4,0,0,2023-09-02T00:36:50,2026-07-20T17:26:08
novice,BTN,2.0,35-40,T5s,215,22,193,0,0,0,2023-09-05T00:31:33,2026-07-15T22:28:41
novice,BTN,2.0,35-40,T6o,595,296,292,7,0,0,2023-09-05T17:18:58,2026-07-20T15:51:26
novice,BTN,2.0,35-40,T6s,198,14,181,3,0,0,2023-09-09T14:14:22,2026-07-15T14:36:09
novice,BTN,2.0,35-40,T7o,609,225,380,4,0,0,2023-09-02T12:25:11,2026-07-18T21:11:50
novice,BTN,2.0,35-40,T7s,209,6,202,1,0,0,2023-09-14T07:21:59,2026-07-20T12:00:59
novice,BTN,2.0,35-40,T8o,610,116,489,5,0,0,2023-09-04T19:06:01,2026-07-19T18:25:38
novice,BTN,2.0,35-40,T8s,194,6,184,4,0,0,2023-10-16T19:53:26,2026-07-18T18:45:08
novice,BTN,2.0,35-40,T9o,585,46,534,5,0,0,2023-09-07T07:15:31,2026-07-19T11:15:21
novice,BTN,2.0,35-40,T9s,195,1,189,5,0,0,2023-09-26T18:38:13,2026-07-18T20:54:49
novice,BTN,2.0,35-40,TT,316,3,38,200,75,0,2023-09-02T15:24:01,2026-07-12T15:33:59
novice,BTN,2.5,25-30,__MISSING__,1038,655,327,24,32,0,2023-09-02T14:53:12,2026-07-20T22:42:57
novice,BTN,2.5,25-30,22,50,2,40,0,8,0,2023-12-09T06:08:19,2026-07-17T18:31:06
novice,BTN,2.5,25-30,32o,77,76,1,0,0,0,2023-09-12T11:26:15,2026-07-07T19:11:52
novice,BTN,2.5,25-30,32s,26,12,14,0,0,0,2024-03-18T13:51:50,2026-04-23T19:11:13
novice,BTN,2.5,25-30,33,48,3,42,1,2,0,2023-09-20T21:29:50,2026-07-19T15:17:28
novice,BTN,2.5,25-30,42o,94,92,2,0,0,0,2023-09-17T11:06:19,2026-07-18T22:15:12
novice,BTN,2.5,25-30,42s,37,27,10,0,0,0,2023-09-04T09:13:00,2026-05-04T08:53:33
novice,BTN,2.5,25-30,43o,88,82,6,0,0,0,2023-09-13T17:18:04,2026-07-12T15:19:12
novice,BTN,2.5,25-30,43s,36,17,18,1,0,0,2023-10-21T14:35:49,2026-07-19T02:26:48
novice,BTN,2.5,25-30,44,50,3,37,0,10,0,2023-10-14T16:19:55,2026-07-17T18:36:19
novice,BTN,2.5,25-30,52o,88,85,2,1,0,0,2023-09-04T21:11:16,2026-07-17T15:38:23
novice,BTN,2.5,25-30,52s,31,16,15,0,0,0,2023-12-18T13:33:59,2026-07-11T14:02:45
novice,BTN,2.5,25-30,53o,94,85,8,1,0,0,2023-09-29T13:46:43,2026-07-18T13:34:54
novice,BTN,2.5,25-30,53s,28,13,15,0,0,0,2023-09-12T08:10:08,2026-06-06T20:34:47
novice,BTN,2.5,25-30,54o,95,73,22,0,0,0,2023-09-26T18:19:49,2026-07-13T14:34:58
novice,BTN,2.5,25-30,54s,39,8,31,0,0,0,2023-10-09T17:28:07,2026-07-16T09:32:47
novice,BTN,2.5,25-30,55,53,2,36,0,15,0,2023-10-14T08:47:51,2026-07-15T10:28:53
novice,BTN,2.5,25-30,62o,98,95,3,0,0,0,2023-10-15T21:35:41,2026-07-13T16:34:36
novice,BTN,2.5,25-30,62s,31,20,11,0,0,0,2023-09-06T13:09:32,2026-05-24T10:02:49
novice,BTN,2.5,25-30,63o,88,85,3,0,0,0,2023-09-27T19:07:30,2026-07-06T14:32:02
novice,BTN,2.5,25-30,63s,29,10,19,0,0,0,2023-09-04T21:11:04,2026-06-15T17:11:22
novice,BTN,2.5,25-30,64o,85,75,10,0,0,0,2023-09-18T14:00:37,2026-07-19T17:10:06
novice,BTN,2.5,25-30,64s,33,11,22,0,0,0,2023-10-20T08:37:32,2026-07-19T23:21:51
novice,BTN,2.5,25-30,65o,99,63,35,1,0,0,2023-09-11T00:11:33,2026-07-07T12:31:11
novice,BTN,2.5,25-30,65s,34,8,26,0,0,0,2023-09-11T06:04:09,2026-07-12T20:17:01
novice,BTN,2.5,25-30,66,41,3,20,1,17,0,2023-10-09T07:24:03,2026-07-05T22:31:09
novice,BTN,2.5,25-30,72o,81,81,0,0,0,0,2023-10-04T09:33:26,2026-07-17T20:54:13
novice,BTN,2.5,25-30,72s,29,25,4,0,0,0,2023-09-26T12:39:44,2026-07-04T18:32:03
novice,BTN,2.5,25-30,73o,84,84,0,0,0,0,2023-10-16T13:29:34,2026-07-21T12:52:14
novice,BTN,2.5,25-30,73s,27,21,6,0,0,0,2023-09-11T17:02:39,2026-07-20T16:38:31
novice,BTN,2.5,25-30,74o,90,81,8,1,0,0,2023-09-04T13:39:17,2026-07-20T12:51:01
novice,BTN,2.5,25-30,74s,35,16,19,0,0,0,2023-09-02T15:26:31,2026-05-09T19:11:41
novice,BTN,2.5,25-30,75o,98,82,16,0,0,0,2023-09-10T14:25:56,2026-07-11T17:03:57
novice,BTN,2.5,25-30,75s,23,5,18,0,0,0,2023-11-27T19:28:22,2026-06-23T18:13:55
novice,BTN,2.5,25-30,76o,94,57,37,0,0,0,2023-09-10T21:19:29,2026-07-01T18:44:06
novice,BTN,2.5,25-30,76s,17,1,16,0,0,0,2024-01-23T11:08:21,2026-06-21T17:38:50
novice,BTN,2.5,25-30,77,51,2,29,1,19,0,2023-11-07T12:16:20,2026-07-19T23:41:37
novice,BTN,2.5,25-30,82o,98,96,2,0,0,0,2023-11-20T17:39:47,2026-07-17T13:09:12
novice,BTN,2.5,25-30,82s,37,30,7,0,0,0,2023-09-22T00:20:51,2026-07-18T12:48:59
novice,BTN,2.5,25-30,83o,98,97,1,0,0,0,2023-09-26T21:49:38,2026-07-21T10:37:29
novice,BTN,2.5,25-30,83s,25,17,8,0,0,0,2023-10-01T14:15:15,2026-05-25T17:03:03
novice,BTN,2.5,25-30,84o,103,101,2,0,0,0,2023-09-03T20:19:09,2026-07-17T15:22:32
novice,BTN,2.5,25-30,84s,30,17,13,0,0,0,2023-09-23T14:36:48,2026-06-24T19:19:52
novice,BTN,2.5,25-30,85o,94,86,8,0,0,0,2023-10-09T16:05:01,2026-07-06T22:10:46
novice,BTN,2.5,25-30,85s,27,13,14,0,0,0,2023-11-02T17:48:24,2026-06-05T16:53:17
novice,BTN,2.5,25-30,86o,94,74,20,0,0,0,2023-09-01T21:24:34,2026-07-06T18:33:21
novice,BTN,2.5,25-30,86s,35,7,28,0,0,0,2023-11-17T16:45:02,2026-07-09T13:34:10
novice,BTN,2.5,25-30,87o,111,56,54,1,0,0,2023-09-04T17:41:30,2026-07-06T02:12:39
novice,BTN,2.5,25-30,87s,28,1,27,0,0,0,2023-10-22T21:43:24,2026-06-28T06:51:37
novice,BTN,2.5,25-30,88,53,1,20,8,24,0,2023-10-09T11:29:26,2026-06-02T16:14:24
novice,BTN,2.5,25-30,92o,93,91,2,0,0,0,2023-09-22T00:54:03,2026-07-15T16:40:14
novice,BTN,2.5,25-30,92s,22,14,8,0,0,0,2023-10-31T23:27:39,2026-06-11T17:13:01
novice,BTN,2.5,25-30,93o,99,98,1,0,0,0,2023-09-12T16:53:39,2026-07-17T20:27:15
novice,BTN,2.5,25-30,93s,26,21,5,0,0,0,2023-09-06T18:27:58,2026-06-07T00:03:39
novice,BTN,2.5,25-30,94o,100,97,3,0,0,0,2023-09-19T08:08:26,2026-07-17T21:17:35
novice,BTN,2.5,25-30,94s,43,27,16,0,0,0,2024-01-12T20:47:16,2026-07-06T16:49:52
novice,BTN,2.5,25-30,95o,87,78,8,1,0,0,2023-09-09T08:40:18,2026-07-05T03:43:24
novice,BTN,2.5,25-30,95s,37,9,28,0,0,0,2023-11-01T10:54:09,2026-06-27T16:27:19
novice,BTN,2.5,25-30,96o,77,68,8,1,0,0,2023-09-25T09:38:56,2026-06-28T21:41:54
novice,BTN,2.5,25-30,96s,34,12,22,0,0,0,2023-09-16T19:46:50,2026-07-17T09:44:51
novice,BTN,2.5,25-30,97o,91,59,32,0,0,0,2023-09-11T10:20:49,2026-07-21T20:07:41
novice,BTN,2.5,25-30,97s,21,9,12,0,0,0,2023-10-11T05:34:56,2026-04-20T12:52:27
novice,BTN,2.5,25-30,98o,103,47,56,0,0,0,2023-09-04T00:43:02,2026-07-12T23:01:18
novice,BTN,2.5,25-30,98s,25,2,22,0,1,0,2023-09-28T13:29:35,2026-06-11T18:16:04
novice,BTN,2.5,25-30,99,51,1,19,8,23,0,2023-09-29T04:04:17,2026-07-16T11:32:28
novice,BTN,2.5,25-30,A2o,115,42,52,10,11,0,2023-09-18T16:45:50,2026-07-17T23:18:40
novice,BTN,2.5,25-30,A2s,24,1,22,0,1,0,2023-09-18T16:06:47,2026-07-06T20:30:43
novice,BTN,2.5,25-30,A3o,89,38,43,5,3,0,2023-09-01T14:31:48,2026-07-14T14:17:30
novice,BTN,2.5,25-30,A3s,34,2,28,0,4,0,2023-09-04T00:31:05,2026-06-23T18:46:29
novice,BTN,2.5,25-30,A4o,80,33,39,4,4,0,2023-09-19T04:28:45,2026-07-14T17:26:20
novice,BTN,2.5,25-30,A4s,32,2,26,1,3,0,2023-09-05T12:27:46,2026-07-13T20:51:11
novice,BTN,2.5,25-30,A5o,100,26,68,3,3,0,2023-09-05T16:29:42,2026-07-13T15:40:36
novice,BTN,2.5,25-30,A5s,33,2,25,2,4,0,2023-11-08T14:35:48,2026-06-01T12:11:35
novice,BTN,2.5,25-30,A6o,109,35,65,2,7,0,2023-09-03T13:24:12,2026-07-17T17:54:38
novice,BTN,2.5,25-30,A6s,31,1,24,3,3,0,2023-09-05T13:18:33,2026-07-03T16:34:11
novice,BTN,2.5,25-30,A7o,90,31,48,3,8,0,2023-09-12T06:51:22,2026-07-18T16:19:21
novice,BTN,2.5,25-30,A7s,29,2,25,1,1,0,2023-09-18T13:19:33,2026-07-02T18:36:13
novice,BTN,2.5,25-30,A8o,100,17,76,1,6,0,2023-09-02T08:34:28,2026-07-19T22:32:06
novice,BTN,2.5,25-30,A8s,28,0,24,1,3,0,2023-10-03T11:12:17,2026-07-07T21:48:25
novice,BTN,2.5,25-30,A9o,104,13,67,5,19,0,2023-09-26T21:32:52,2026-07-14T15:17:53
novice,BTN,2.5,25-30,A9s,41,0,37,1,3,0,2023-09-14T08:17:10,2026-06-13T19:06:28
novice,BTN,2.5,25-30,AA,50,1,4,34,11,0,2023-09-06T19:44:56,2026-07-14T22:11:15
novice,BTN,2.5,25-30,AJo,93,2,38,12,41,0,2023-09-16T18:37:38,2026-07-19T18:09:14
novice,BTN,2.5,25-30,AJs,28,0,10,8,10,0,2023-11-13T08:27:37,2026-07-15T13:42:24
novice,BTN,2.5,25-30,AKo,86,2,2,25,57,0,2023-09-11T15:25:23,2026-07-10T20:47:24
novice,BTN,2.5,25-30,AKs,30,1,0,7,22,0,2023-10-07T19:40:56,2026-07-08T21:38:24
novice,BTN,2.5,25-30,AQo,123,2,17,33,71,0,2023-09-05T17:52:20,2026-07-07T23:03:38
novice,BTN,2.5,25-30,AQs,41,0,6,12,23,0,2023-12-12T22:25:46,2026-06-24T21:45:04
novice,BTN,2.5,25-30,ATo,79,7,48,6,18,0,2023-09-30T08:25:36,2026-07-18T19:47:09
novice,BTN,2.5,25-30,ATs,26,0,16,3,7,0,2023-11-29T21:40:18,2026-06-28T12:50:37
novice,BTN,2.5,25-30,J2o,102,99,3,0,0,0,2023-09-14T22:12:43,2026-07-19T14:48:25
novice,BTN,2.5,25-30,J2s,34,19,14,0,1,0,2023-11-30T13:19:04,2026-07-21T20:38:52
novice,BTN,2.5,25-30,J3o,98,96,2,0,0,0,2023-09-18T09:09:51,2026-07-18T13:17:54
novice,BTN,2.5,25-30,J3s,30,13,17,0,0,0,2024-01-15T14:13:13,2026-06-09T17:39:55
novice,BTN,2.5,25-30,J4o,93,84,8,1,0,0,2023-09-21T21:28:18,2026-07-19T21:18:33
novice,BTN,2.5,25-30,J4s,43,23,20,0,0,0,2023-10-25T17:25:42,2026-07-11T07:52:00
novice,BTN,2.5,25-30,J5o,95,87,7,1,0,0,2023-10-24T14:31:11,2026-07-09T13:23:25
novice,BTN,2.5,25-30,J5s,28,10,18,0,0,0,2023-11-01T17:17:50,2026-03-12T09:41:14
novice,BTN,2.5,25-30,J6o,97,89,8,0,0,0,2023-09-04T18:04:04,2026-07-19T21:02:36
novice,BTN,2.5,25-30,J6s,33,10,23,0,0,0,2023-09-16T19:53:45,2026-07-12T18:11:19
novice,BTN,2.5,25-30,J7o,82,55,27,0,0,0,2023-09-10T17:47:27,2026-07-18T14:53:19
novice,BTN,2.5,25-30,J7s,35,11,24,0,0,0,2023-10-22T00:07:13,2026-07-02T23:06:56
novice,BTN,2.5,25-30,J8o,94,57,37,0,0,0,2023-09-17T08:45:27,2026-07-17T19:54:57
novice,BTN,2.5,25-30,J8s,41,5,34,1,1,0,2023-09-10T06:14:18,2026-01-23T17:13:18
novice,BTN,2.5,25-30,J9o,88,33,55,0,0,0,2023-09-11T14:25:03,2026-07-18T21:34:43
novice,BTN,2.5,25-30,J9s,37,1,36,0,0,0,2023-11-15T13:29:25,2026-06-28T16:42:42
novice,BTN,2.5,25-30,JJ,55,1,2,19,33,0,2023-09-10T08:53:36,2026-07-17T13:44:54
novice,BTN,2.5,25-30,JTo,71,15,56,0,0,0,2023-09-02T03:36:53,2026-07-21T00:24:39
novice,BTN,2.5,25-30,JTs,34,0,33,0,1,0,2023-10-09T18:39:31,2026-07-12T00:53:58
novice,BTN,2.5,25-30,K2o,107,94,13,0,0,0,2023-09-08T20:26:48,2026-07-20T12:23:16
novice,BTN,2.5,25-30,K2s,28,10,17,1,0,0,2023-10-17T19:36:53,2026-07-19T17:41:06
novice,BTN,2.5,25-30,K3o,92,66,23,2,1,0,2023-10-23T18:46:14,2026-07-02T20:08:43
novice,BTN,2.5,25-30,K3s,38,5,32,1,0,0,2023-09-01T14:28:39,2026-07-18T20:08:04
novice,BTN,2.5,25-30,K4o,92,78,13,1,0,0,2023-09-06T17:07:16,2026-07-20T19:19:21
novice,BTN,2.5,25-30,K4s,20,8,11,1,0,0,2024-02-03T21:38:21,2026-06-29T19:23:50
novice,BTN,2.5,25-30,K5o,100,73,24,2,1,0,2023-09-09T00:06:44,2026-07-20T10:18:47
novice,BTN,2.5,25-30,K5s,32,3,28,0,1,0,2023-09-05T10:18:00,2026-07-06T11:12:53
novice,BTN,2.5,25-30,K6o,88,57,30,1,0,0,2023-09-17T05:54:07,2026-07-16T21:49:33
novice,BTN,2.5,25-30,K6s,37,6,30,0,1,0,2023-10-04T11:17:45,2026-07-14T13:50:50
novice,BTN,2.5,25-30,K7o,88,54,33,1,0,0,2023-09-01T22:14:23,2026-07-08T04:14:39
novice,BTN,2.5,25-30,K7s,34,4,28,0,2,0,2023-12-11T01:41:25,2026-07-11T20:01:00
novice,BTN,2.5,25-30,K8o,93,49,44,0,0,0,2023-09-26T21:38:32,2026-07-12T23:39:22
novice,BTN,2.5,25-30,K8s,34,2,30,2,0,0,2023-10-07T18:32:09,2026-07-17T17:43:16
novice,BTN,2.5,25-30,K9o,97,27,67,2,1,0,2023-09-15T00:02:04,2026-06-06T20:26:03
novice,BTN,2.5,25-30,K9s,40,1,37,0,2,0,2023-09-16T20:03:41,2026-07-17T18:23:42
novice,BTN,2.5,25-30,KJo,93,7,77,5,4,0,2023-09-28T08:42:56,2026-06-28T13:04:58
novice,BTN,2.5,25-30,KJs,29,0,25,1,3,0,2024-02-05T17:42:34,2026-07-11T15:34:26
novice,BTN,2.5,25-30,KK,47,0,0,36,11,0,2023-09-29T17:11:54,2026-07-18T08:17:24
novice,BTN,2.5,25-30,KQo,102,0,80,10,12,0,2023-09-04T19:05:19,2026-07-04T12:01:27
novice,BTN,2.5,25-30,KQs,41,1,24,11,5,0,2023-10-09T08:33:36,2026-07-06T01:18:27
novice,BTN,2.5,25-30,KTo,106,6,94,3,3,0,2023-09-14T08:41:58,2026-07-09T20:26:37
novice,BTN,2.5,25-30,KTs,31,1,27,2,1,0,2023-10-19T14:16:09,2026-07-14T22:29:45
novice,BTN,2.5,25-30,Q2o,98,87,10,0,1,0,2023-09-17T11:32:45,2026-07-19T14:44:22
novice,BTN,2.5,25-30,Q2s,36,13,23,0,0,0,2023-09-07T20:05:08,2026-05-06T20:47:59
novice,BTN,2.5,25-30,Q3o,95,84,11,0,0,0,2023-09-22T15:10:38,2026-07-06T18:11:40
novice,BTN,2.5,25-30,Q3s,33,17,16,0,0,0,2023-10-13T00:11:51,2026-07-14T18:23:14
novice,BTN,2.5,25-30,Q4o,92,80,12,0,0,0,2023-10-04T09:29:46,2026-07-19T11:25:03
novice,BTN,2.5,25-30,Q4s,40,13,27,0,0,0,2023-09-08T11:50:59,2026-07-06T19:36:36
novice,BTN,2.5,25-30,Q5o,86,73,12,1,0,0,2023-10-19T10:03:14,2026-07-19T21:20:03
novice,BTN,2.5,25-30,Q5s,30,9,21,0,0,0,2023-09-06T15:35:39,2026-05-22T19:26:39
novice,BTN,2.5,25-30,Q6o,109,90,19,0,0,0,2023-09-11T21:47:30,2026-07-21T18:38:28
novice,BTN,2.5,25-30,Q6s,41,13,28,0,0,0,2023-10-20T20:43:46,2026-07-05T15:22:08
novice,BTN,2.5,25-30,Q7o,91,67,22,2,0,0,2023-09-09T09:11:04,2026-07-17T18:04:49
novice,BTN,2.5,25-30,Q7s,29,7,22,0,0,0,2023-09-17T16:06:20,2026-07-12T18:03:10
novice,BTN,2.5,25-30,Q8o,110,66,43,1,0,0,2023-09-18T16:52:10,2026-07-13T15:01:00
novice,BTN,2.5,25-30,Q8s,32,7,24,1,0,0,2023-09-21T16:44:18,2026-07-19T17:42:11
novice,BTN,2.5,25-30,Q9o,91,35,56,0,0,0,2023-09-10T11:42:41,2026-07-19T17:06:04
novice,BTN,2.5,25-30,Q9s,33,3,28,1,1,0,2023-12-03T22:15:55,2026-07-10T20:41:14
novice,BTN,2.5,25-30,QJo,99,9,84,2,4,0,2023-09-22T17:34:19,2026-07-21T22:08:08
novice,BTN,2.5,25-30,QJs,32,2,26,3,1,0,2023-10-17T18:02:57,2026-05-27T20:43:55
novice,BTN,2.5,25-30,QQ,67,0,1,41,25,0,2023-10-03T06:37:49,2026-07-09T20:45:04
novice,BTN,2.5,25-30,QTo,101,19,78,3,1,0,2023-09-08T16:16:52,2026-07-09T21:32:06
novice,BTN,2.5,25-30,QTs,37,1,34,1,1,0,2023-10-28T15:43:31,2026-07-20T20:03:30
novice,BTN,2.5,25-30,T2o,89,88,1,0,0,0,2023-09-07T00:18:57,2026-07-21T15:40:11
novice,BTN,2.5,25-30,T2s,47,35,12,0,0,0,2023-10-09T16:11:24,2026-07-14T18:54:03
novice,BTN,2.5,25-30,T3o,89,86,2,1,0,0,2023-09-24T19:44:29,2026-07-09T19:34:38
novice,BTN,2.5,25-30,T3s,34,27,7,0,0,0,2023-09-02T16:24:00,2026-07-15T17:11:33
novice,BTN,2.5,25-30,T4o,89,85,4,0,0,0,2023-11-13T06:49:57,2026-07-07T18:35:01
novice,BTN,2.5,25-30,T4s,38,18,20,0,0,0,2023-09-23T12:16:58,2026-07-03T16:19:30
novice,BTN,2.5,25-30,T5o,90,82,7,1,0,0,2023-09-02T15:41:04,2026-07-20T22:42:01
novice,BTN,2.5,25-30,T5s,32,16,16,0,0,0,2023-10-18T21:23:22,2026-06-01T19:33:52
novice,BTN,2.5,25-30,T6o,87,80,7,0,0,0,2023-09-12T05:33:01,2026-07-19T18:12:46
novice,BTN,2.5,25-30,T6s,32,12,20,0,0,0,2023-10-31T11:59:58,2026-07-10T21:15:26
novice,BTN,2.5,25-30,T7o,97,79,18,0,0,0,2023-09-21T14:11:00,2026-07-08T22:25:21
novice,BTN,2.5,25-30,T7s,33,10,23,0,0,0,2023-10-31T17:37:32,2026-07-12T19:08:24
novice,BTN,2.5,25-30,T8o,108,63,45,0,0,0,2023-09-30T21:40:14,2026-07-17T21:06:31
novice,BTN,2.5,25-30,T8s,33,6,27,0,0,0,2023-10-19T17:20:57,2026-07-18T15:50:01
novice,BTN,2.5,25-30,T9o,90,36,54,0,0,0,2023-09-12T18:27:08,2026-07-15T16:02:55
novice,BTN,2.5,25-30,T9s,20,0,17,1,2,0,2024-01-10T09:34:08,2026-07-19T18:17:52
novice,BTN,2.5,25-30,TT,54,0,10,10,34,0,2023-09-11T12:41:10,2026-07-04T19:51:02
novice,BTN,2.5,30-35,__MISSING__,988,566,347,46,29,0,2023-09-02T13:05:14,2026-07-19T14:53:04
novice,BTN,2.5,30-35,22,46,3,38,0,5,0,2023-10-15T18:16:30,2026-07-05T19:26:26
novice,BTN,2.5,30-35,32o,91,87,3,1,0,0,2023-09-28T16:23:41,2026-07-16T08:32:48
novice,BTN,2.5,30-35,32s,25,17,8,0,0,0,2023-09-19T16:32:58,2026-06-03T18:22:29
novice,BTN,2.5,30-35,33,38,1,34,0,3,0,2023-10-14T19:48:43,2026-05-10T07:25:09
novice,BTN,2.5,30-35,42o,78,72,5,1,0,0,2023-09-22T18:54:25,2026-06-06T16:39:05
novice,BTN,2.5,30-35,42s,18,11,7,0,0,0,2023-09-09T16:17:39,2026-06-25T06:53:41
novice,BTN,2.5,30-35,43o,83,71,12,0,0,0,2023-09-05T01:34:15,2026-07-20T15:14:10
novice,BTN,2.5,30-35,43s,20,5,15,0,0,0,2023-11-20T12:34:28,2026-02-16T11:24:45
novice,BTN,2.5,30-35,44,47,1,41,1,4,0,2023-09-26T21:26:44,2026-06-26T06:31:33
novice,BTN,2.5,30-35,52o,75,72,3,0,0,0,2023-09-04T10:28:55,2026-07-19T17:01:49
novice,BTN,2.5,30-35,52s,30,19,11,0,0,0,2023-11-25T08:48:54,2026-07-13T20:19:40
novice,BTN,2.5,30-35,53o,76,67,9,0,0,0,2023-09-26T17:32:12,2026-06-19T12:43:25
novice,BTN,2.5,30-35,53s,31,12,19,0,0,0,2023-10-26T13:44:17,2026-06-27T20:25:39
novice,BTN,2.5,30-35,54o,97,75,22,0,0,0,2023-09-05T17:47:54,2026-07-20T17:34:14
novice,BTN,2.5,30-35,54s,29,8,21,0,0,0,2023-09-06T13:31:20,2026-06-18T11:09:30
novice,BTN,2.5,30-35,55,38,1,31,2,4,0,2023-09-25T18:17:07,2026-07-13T20:10:52
novice,BTN,2.5,30-35,62o,94,93,1,0,0,0,2023-09-28T22:35:09,2026-06-16T14:40:21
novice,BTN,2.5,30-35,62s,25,18,7,0,0,0,2024-01-04T18:43:10,2026-07-12T13:19:38
novice,BTN,2.5,30-35,63o,85,83,2,0,0,0,2023-10-12T14:49:16,2026-07-11T00:15:59
novice,BTN,2.5,30-35,63s,27,10,17,0,0,0,2023-09-03T15:32:33,2026-07-11T19:50:24
novice,BTN,2.5,30-35,64o,96,85,11,0,0,0,2023-09-03T20:14:17,2026-07-07T19:33:13
novice,BTN,2.5,30-35,64s,27,4,23,0,0,0,2023-09-21T00:04:39,2026-07-09T10:06:47
novice,BTN,2.5,30-35,65o,81,61,20,0,0,0,2023-11-02T22:13:13,2026-06-16T13:54:13
novice,BTN,2.5,30-35,65s,26,4,22,0,0,0,2023-09-21T16:27:04,2026-06-08T15:04:27
novice,BTN,2.5,30-35,66,53,2,39,4,8,0,2023-09-01T13:17:26,2026-07-04T19:28:55
novice,BTN,2.5,30-35,72o,95,95,0,0,0,0,2023-09-19T10:41:13,2026-07-03T21:35:34
novice,BTN,2.5,30-35,72s,23,15,8,0,0,0,2023-12-19T14:40:58,2026-07-09T09:22:16
novice,BTN,2.5,30-35,73o,85,83,2,0,0,0,2023-09-03T18:34:36,2026-07-21T23:44:45
novice,BTN,2.5,30-35,73s,29,16,13,0,0,0,2023-12-30T07:39:13,2026-07-19T17:38:31
novice,BTN,2.5,30-35,74o,78,75,3,0,0,0,2023-09-23T06:03:17,2026-07-17T20:51:16
novice,BTN,2.5,30-35,74s,32,9,23,0,0,0,2023-12-18T11:18:50,2026-07-07T11:05:02
novice,BTN,2.5,30-35,75o,73,56,17,0,0,0,2023-09-09T13:16:32,2026-07-16T12:02:31
novice,BTN,2.5,30-35,75s,21,7,14,0,0,0,2023-11-29T18:21:29,2026-05-13T15:04:13
novice,BTN,2.5,30-35,76o,86,52,34,0,0,0,2023-10-13T19:14:36,2026-06-21T10:48:20
novice,BTN,2.5,30-35,76s,28,3,24,1,0,0,2023-09-05T12:25:35,2026-07-11T07:47:39
novice,BTN,2.5,30-35,77,35,0,27,1,7,0,2023-09-07T11:27:10,2026-07-19T16:35:41
novice,BTN,2.5,30-35,82o,95,95,0,0,0,0,2023-10-09T19:34:57,2026-07-12T21:39:06
novice,BTN,2.5,30-35,82s,34,25,9,0,0,0,2023-09-26T12:03:14,2026-06-24T20:38:34
novice,BTN,2.5,30-35,83o,90,88,2,0,0,0,2023-09-05T01:48:39,2026-07-16T14:13:41
novice,BTN,2.5,30-35,83s,31,21,10,0,0,0,2023-10-02T21:11:06,2026-07-07T04:40:33
novice,BTN,2.5,30-35,84o,81,80,1,0,0,0,2023-10-11T23:13:17,2026-07-16T10:16:47
novice,BTN,2.5,30-35,84s,28,17,11,0,0,0,2023-12-17T04:19:00,2026-06-25T12:47:27
novice,BTN,2.5,30-35,85o,72,63,9,0,0,0,2023-11-02T00:51:46,2026-07-16T01:02:41
novice,BTN,2.5,30-35,85s,35,14,21,0,0,0,2023-10-15T00:14:35,2026-07-09T18:49:31
novice,BTN,2.5,30-35,86o,94,72,21,1,0,0,2023-09-16T06:15:19,2026-07-21T14:27:34
novice,BTN,2.5,30-35,86s,24,3,21,0,0,0,2023-12-12T16:13:05,2026-06-01T15:07:51
novice,BTN,2.5,30-35,87o,84,40,44,0,0,0,2023-09-07T20:30:48,2026-06-25T18:34:33
novice,BTN,2.5,30-35,87s,28,3,25,0,0,0,2023-09-19T08:39:33,2026-06-14T17:11:45
novice,BTN,2.5,30-35,88,56,1,33,8,14,0,2023-11-21T08:00:58,2026-07-01T08:40:46
novice,BTN,2.5,30-35,92o,90,88,1,1,0,0,2023-10-01T17:01:52,2026-07-16T18:48:56
novice,BTN,2.5,30-35,92s,32,23,9,0,0,0,2023-09-08T05:06:13,2026-06-26T00:34:40
novice,BTN,2.5,30-35,93o,76,75,1,0,0,0,2023-09-01T22:43:50,2026-07-11T15:46:20
novice,BTN,2.5,30-35,93s,24,20,4,0,0,0,2024-01-28T10:17:29,2026-07-17T18:21:22
novice,BTN,2.5,30-35,94o,72,69,3,0,0,0,2023-11-03T18:04:06,2026-07-11T15:24:26
novice,BTN,2.5,30-35,94s,30,16,14,0,0,0,2023-10-19T18:24:49,2026-07-02T20:52:03
novice,BTN,2.5,30-35,95o,84,77,7,0,0,0,2023-09-08T18:32:48,2026-07-11T18:25:39
novice,BTN,2.5,30-35,95s,29,15,14,0,0,0,2023-12-10T18:29:16,2026-07-05T18:44:31
novice,BTN,2.5,30-35,96o,83,72,11,0,0,0,2023-10-06T21:19:39,2026-07-21T19:28:17
novice,BTN,2.5,30-35,96s,27,9,18,0,0,0,2023-12-13T17:21:04,2026-07-18T11:23:08
novice,BTN,2.5,30-35,97o,71,46,25,0,0,0,2023-10-08T22:27:28,2026-06-09T17:30:22
novice,BTN,2.5,30-35,97s,28,2,26,0,0,0,2023-09-25T01:32:36,2026-07-08T12:38:13
novice,BTN,2.5,30-35,98o,88,31,57,0,0,0,2023-09-15T20:00:44,2026-06-27T15:26:08
novice,BTN,2.5,30-35,98s,33,1,30,0,2,0,2023-10-14T08:29:21,2026-07-13T03:40:28
novice,BTN,2.5,30-35,99,41,1,19,8,13,0,2023-09-13T17:28:17,2026-06-28T19:50:51
novice,BTN,2.5,30-35,A2o,93,37,50,3,3,0,2023-09-01T21:41:51,2026-06-26T22:04:27
novice,BTN,2.5,30-35,A2s,28,2,20,3,3,0,2023-09-16T10:41:36,2026-05-28T10:34:47
novice,BTN,2.5,30-35,A3o,87,30,48,6,3,0,2023-09-21T07:35:46,2026-07-17T20:03:54
novice,BTN,2.5,30-35,A3s,36,0,32,3,1,0,2023-12-19T03:35:33,2026-07-16T11:47:29
novice,BTN,2.5,30-35,A4o,89,29,55,5,0,0,2023-09-20T11:42:46,2026-07-20T22:14:55
novice,BTN,2.5,30-35,A4s,28,4,18,2,4,0,2023-11-13T00:19:46,2026-04-28T13:25:20
novice,BTN,2.5,30-35,A5o,87,23,55,7,2,0,2023-10-04T21:27:39,2026-07-17T08:01:29
novice,BTN,2.5,30-35,A5s,33,0,28,3,2,0,2023-09-11T14:36:37,2026-07-06T21:39:48
novice,BTN,2.5,30-35,A6o,84,29,52,2,1,0,2023-09-17T16:26:55,2026-07-16T20:54:44
novice,BTN,2.5,30-35,A6s,39,2,34,0,3,0,2023-09-05T21:36:32,2026-06-12T16:25:31
novice,BTN,2.5,30-35,A7o,91,28,57,4,2,0,2023-09-05T05:54:43,2026-07-16T20:02:24
novice,BTN,2.5,30-35,A7s,26,1,19,2,4,0,2023-10-07T18:11:12,2026-07-08T15:04:27
novice,BTN,2.5,30-35,A8o,94,15,71,4,4,0,2023-09-05T15:50:43,2026-07-17T11:02:12
novice,BTN,2.5,30-35,A8s,30,1,26,2,1,0,2023-10-08T18:08:52,2026-06-16T13:36:17
novice,BTN,2.5,30-35,A9o,96,15,71,4,6,0,2023-09-09T02:29:15,2026-07-21T16:46:31
novice,BTN,2.5,30-35,A9s,31,0,23,2,6,0,2023-09-19T19:27:42,2026-07-16T15:26:43
novice,BTN,2.5,30-35,AA,55,1,3,49,2,0,2023-09-09T14:20:04,2026-07-15T22:12:16
novice,BTN,2.5,30-35,AJo,94,0,47,25,22,0,2023-09-10T17:02:12,2026-07-14T09:09:15
novice,BTN,2.5,30-35,AJs,24,0,10,10,4,0,2023-12-29T15:15:16,2026-06-12T10:23:48
novice,BTN,2.5,30-35,AKo,105,0,7,47,51,0,2023-09-20T12:08:45,2026-07-21T14:04:30
novice,BTN,2.5,30-35,AKs,29,0,0,23,6,0,2023-12-05T20:02:57,2026-07-19T13:18:45
novice,BTN,2.5,30-35,AQo,92,0,12,51,29,0,2023-09-11T00:35:50,2026-07-10T15:31:17
novice,BTN,2.5,30-35,AQs,37,1,3,20,13,0,2023-09-05T05:12:21,2026-06-28T00:32:34
novice,BTN,2.5,30-35,ATo,108,6,81,10,11,0,2023-09-05T13:23:12,2026-07-15T15:52:01
novice,BTN,2.5,30-35,ATs,39,1,27,4,7,0,2023-09-26T08:26:45,2026-05-15T18:36:48
novice,BTN,2.5,30-35,J2o,103,99,3,1,0,0,2023-09-14T17:10:52,2026-07-12T15:47:40
novice,BTN,2.5,30-35,J2s,29,14,14,1,0,0,2023-10-08T23:08:23,2026-06-22T21:23:27
novice,BTN,2.5,30-35,J3o,88,83,4,1,0,0,2023-09-04T18:23:54,2026-07-16T18:31:44
novice,BTN,2.5,30-35,J3s,31,15,16,0,0,0,2023-09-04T18:15:19,2026-07-04T16:25:50
novice,BTN,2.5,30-35,J4o,79,72,6,1,0,0,2023-09-08T18:28:50,2026-07-08T23:08:26
novice,BTN,2.5,30-35,J4s,24,13,11,0,0,0,2023-10-15T16:20:00,2026-04-01T17:49:35
novice,BTN,2.5,30-35,J5o,90,82,8,0,0,0,2023-09-16T12:31:47,2026-07-17T07:04:33
novice,BTN,2.5,30-35,J5s,27,12,15,0,0,0,2023-11-02T19:06:08,2026-06-21T20:24:19
novice,BTN,2.5,30-35,J6o,99,85,13,1,0,0,2023-09-21T05:15:28,2026-07-10T10:42:59
novice,BTN,2.5,30-35,J6s,25,9,16,0,0,0,2023-11-25T09:29:57,2026-07-17T20:42:47
novice,BTN,2.5,30-35,J7o,94,65,28,1,0,0,2023-09-09T09:32:32,2026-07-17T10:28:54
novice,BTN,2.5,30-35,J7s,22,6,16,0,0,0,2023-10-06T21:22:17,2026-07-15T19:35:01
novice,BTN,2.5,30-35,J8o,95,48,47,0,0,0,2023-09-21T19:49:29,2026-07-12T20:07:35
novice,BTN,2.5,30-35,J8s,29,3,26,0,0,0,2023-10-23T19:44:51,2026-05-26T20:51:51
novice,BTN,2.5,30-35,J9o,99,31,67,1,0,0,2023-09-04T17:30:50,2026-07-13T20:20:47
novice,BTN,2.5,30-35,J9s,20,1,19,0,0,0,2023-10-14T20:24:33,2026-06-10T17:40:22
novice,BTN,2.5,30-35,JJ,48,1,5,23,19,0,2023-10-07T12:03:11,2026-07-12T18:34:52
novice,BTN,2.5,30-35,JTo,94,16,77,1,0,0,2023-10-03T11:51:25,2026-07-10T12:21:57
novice,BTN,2.5,30-35,JTs,29,2,26,0,1,0,2023-12-18T16:43:51,2026-07-17T14:11:47
novice,BTN,2.5,30-35,K2o,74,53,19,2,0,0,2023-09-26T20:26:03,2026-07-08T16:30:39
novice,BTN,2.5,30-35,K2s,22,2,20,0,0,0,2023-09-03T16:28:36,2026-06-11T19:31:58
novice,BTN,2.5,30-35,K3o,99,83,16,0,0,0,2023-09-24T20:14:28,2026-07-15T00:05:47
novice,BTN,2.5,30-35,K3s,32,5,26,1,0,0,2023-09-01T16:47:02,2026-07-10T17:10:07
novice,BTN,2.5,30-35,K4o,94,72,21,1,0,0,2023-09-05T13:36:09,2026-07-06T17:31:29
novice,BTN,2.5,30-35,K4s,32,7,25,0,0,0,2024-02-27T17:39:13,2026-06-06T17:19:52
novice,BTN,2.5,30-35,K5o,81,64,17,0,0,0,2023-09-02T06:50:57,2026-07-16T21:51:19
novice,BTN,2.5,30-35,K5s,31,5,26,0,0,0,2023-09-28T09:41:18,2026-07-17T07:17:10
novice,BTN,2.5,30-35,K6o,90,58,32,0,0,0,2023-09-10T17:43:01,2026-07-05T17:20:09
novice,BTN,2.5,30-35,K6s,34,1,33,0,0,0,2023-10-19T23:15:17,2026-06-07T23:24:10
novice,BTN,2.5,30-35,K7o,89,47,40,1,1,0,2023-09-08T09:06:49,2026-07-19T16:26:03
novice,BTN,2.5,30-35,K7s,33,3,29,1,0,0,2023-09-22T12:51:46,2026-06-29T18:07:29
novice,BTN,2.5,30-35,K8o,113,45,68,0,0,0,2023-09-17T16:09:42,2026-07-06T19:22:18
novice,BTN,2.5,30-35,K8s,34,1,31,2,0,0,2023-12-07T21:44:10,2026-07-17T08:30:57
novice,BTN,2.5,30-35,K9o,91,24,65,2,0,0,2023-10-10T03:46:12,2026-07-19T19:18:44
novice,BTN,2.5,30-35,K9s,31,1,30,0,0,0,2023-09-28T18:17:29,2026-04-30T17:38:56
novice,BTN,2.5,30-35,KJo,94,6,79,8,1,0,2023-11-16T19:08:56,2026-07-15T17:08:19
novice,BTN,2.5,30-35,KJs,38,1,32,3,2,0,2023-10-09T08:20:30,2026-06-23T15:29:57
novice,BTN,2.5,30-35,KK,40,0,2,26,12,0,2023-12-07T22:26:29,2026-06-23T06:21:13
novice,BTN,2.5,30-35,KQo,96,3,76,12,5,0,2023-09-12T14:16:56,2026-07-17T10:32:05
novice,BTN,2.5,30-35,KQs,29,0,22,5,2,0,2023-09-25T15:09:00,2026-03-29T11:49:46
novice,BTN,2.5,30-35,KTo,85,9,71,4,1,0,2023-09-26T03:03:47,2026-07-21T16:46:39
novice,BTN,2.5,30-35,KTs,34,1,31,2,0,0,2023-09-12T13:35:59,2026-05-31T22:04:13
novice,BTN,2.5,30-35,Q2o,75,67,5,3,0,0,2023-10-06T00:18:09,2026-06-17T22:17:52
novice,BTN,2.5,30-35,Q2s,35,14,21,0,0,0,2023-09-25T01:48:09,2026-07-14T18:15:23
novice,BTN,2.5,30-35,Q3o,92,84,7,1,0,0,2023-09-04T09:26:50,2026-07-08T17:16:21
novice,BTN,2.5,30-35,Q3s,30,5,25,0,0,0,2023-10-07T21:37:19,2026-04-24T19:54:57
novice,BTN,2.5,30-35,Q4o,88,77,10,1,0,0,2023-09-28T11:24:22,2026-07-21T19:27:25
novice,BTN,2.5,30-35,Q4s,30,12,18,0,0,0,2023-12-16T21:26:42,2026-07-21T19:22:06
novice,BTN,2.5,30-35,Q5o,89,80,8,1,0,0,2023-09-24T03:47:21,2026-07-08T11:06:49
novice,BTN,2.5,30-35,Q5s,26,4,21,1,0,0,2023-10-07T18:15:49,2026-07-03T12:52:36
novice,BTN,2.5,30-35,Q6o,97,74,21,1,1,0,2023-09-05T07:30:36,2026-07-15T16:28:30
novice,BTN,2.5,30-35,Q6s,26,3,21,2,0,0,2023-12-16T21:06:33,2026-06-28T00:40:08
novice,BTN,2.5,30-35,Q7o,70,57,13,0,0,0,2023-11-22T17:51:13,2026-07-21T10:22:13
novice,BTN,2.5,30-35,Q7s,28,4,23,1,0,0,2023-10-01T01:37:35,2026-07-05T04:52:58
novice,BTN,2.5,30-35,Q8o,81,46,35,0,0,0,2023-09-08T07:16:10,2026-07-02T18:44:49
novice,BTN,2.5,30-35,Q8s,25,0,25,0,0,0,2023-09-22T12:28:51,2026-06-26T11:43:25
novice,BTN,2.5,30-35,Q9o,85,29,56,0,0,0,2023-09-02T18:21:35,2026-07-13T17:47:31
novice,BTN,2.5,30-35,Q9s,31,5,26,0,0,0,2023-10-23T10:30:12,2026-07-18T16:27:55
novice,BTN,2.5,30-35,QJo,75,10,64,0,1,0,2023-09-20T08:01:20,2026-07-07T17:26:17
novice,BTN,2.5,30-35,QJs,25,0,22,2,1,0,2023-10-07T17:16:19,2026-06-29T18:11:27
novice,BTN,2.5,30-35,QQ,48,1,3,30,14,0,2023-10-14T20:11:55,2026-07-21T08:28:39
novice,BTN,2.5,30-35,QTo,77,13,64,0,0,0,2023-10-12T12:30:46,2026-06-04T22:46:59
novice,BTN,2.5,30-35,QTs,34,1,32,1,0,0,2023-09-29T17:37:25,2026-06-17T19:49:44
novice,BTN,2.5,30-35,T2o,101,99,2,0,0,0,2023-09-28T06:37:05,2026-06-10T19:43:47
novice,BTN,2.5,30-35,T2s,32,18,14,0,0,0,2023-10-24T15:32:12,2026-05-25T19:42:03
novice,BTN,2.5,30-35,T3o,87,85,2,0,0,0,2023-09-28T06:46:08,2026-07-21T17:29:35
novice,BTN,2.5,30-35,T3s,35,21,14,0,0,0,2023-10-05T13:25:20,2026-07-08T13:24:26
novice,BTN,2.5,30-35,T4o,93,89,3,0,1,0,2023-09-07T06:05:08,2026-07-05T10:36:00
novice,BTN,2.5,30-35,T4s,30,15,15,0,0,0,2023-09-22T12:45:07,2026-07-07T18:53:28
novice,BTN,2.5,30-35,T5o,93,86,7,0,0,0,2023-09-02T10:54:39,2026-07-03T18:20:48
novice,BTN,2.5,30-35,T5s,28,12,16,0,0,0,2023-12-23T08:17:08,2026-07-09T15:02:55
novice,BTN,2.5,30-35,T6o,104,90,13,1,0,0,2023-09-02T12:30:16,2026-07-10T17:51:12
novice,BTN,2.5,30-35,T6s,27,10,17,0,0,0,2024-03-08T13:01:51,2026-06-03T15:36:52
novice,BTN,2.5,30-35,T7o,78,54,24,0,0,0,2023-09-09T14:28:20,2026-07-13T00:20:30
novice,BTN,2.5,30-35,T7s,30,5,25,0,0,0,2023-09-19T20:19:20,2026-06-21T11:44:49
novice,BTN,2.5,30-35,T8o,96,52,43,1,0,0,2023-09-12T00:52:25,2026-07-06T12:26:40
novice,BTN,2.5,30-35,T8s,34,3,31,0,0,0,2023-10-05T22:25:42,2026-06-25T21:49:30
novice,BTN,2.5,30-35,T9o,113,35,78,0,0,0,2023-09-08T21:41:05,2026-07-07T02:34:16
novice,BTN,2.5,30-35,T9s,24,0,24,0,0,0,2023-10-27T17:33:07,2026-07-19T22:04:53
novice,BTN,2.5,30-35,TT,58,1,12,24,21,0,2023-09-18T08:31:46,2026-07-13T03:50:41
novice,BTN,2.5,35-40,__MISSING__,903,539,311,40,13,0,2023-09-04T17:04:32,2026-07-20T22:47:21
novice,BTN,2.5,35-40,22,38,3,33,1,1,0,2023-09-10T11:35:42,2026-06-17T16:34:34
novice,BTN,2.5,35-40,32o,72,69,2,1,0,0,2023-09-16T23:48:42,2026-06-28T12:51:19
novice,BTN,2.5,35-40,32s,22,13,9,0,0,0,2023-12-30T07:31:46,2026-06-26T17:35:48
novice,BTN,2.5,35-40,33,40,0,37,1,2,0,2023-12-22T22:37:59,2026-05-16T15:10:20
novice,BTN,2.5,35-40,42o,77,75,2,0,0,0,2023-09-01T17:48:33,2026-07-05T18:07:29
novice,BTN,2.5,35-40,42s,22,13,9,0,0,0,2023-10-08T15:13:17,2026-06-22T17:34:17
novice,BTN,2.5,35-40,43o,66,59,7,0,0,0,2023-09-02T19:04:13,2026-07-20T16:16:04
novice,BTN,2.5,35-40,43s,36,12,24,0,0,0,2023-09-02T06:09:38,2026-06-26T12:53:07
novice,BTN,2.5,35-40,44,33,0,28,2,3,0,2023-09-26T20:09:26,2026-06-28T11:26:54
novice,BTN,2.5,35-40,52o,71,68,3,0,0,0,2023-09-07T15:18:09,2026-07-14T19:44:09
novice,BTN,2.5,35-40,52s,31,16,15,0,0,0,2023-09-16T10:34:55,2026-06-08T20:08:00
novice,BTN,2.5,35-40,53o,78,72,6,0,0,0,2023-09-01T17:37:14,2026-07-12T21:23:58
novice,BTN,2.5,35-40,53s,20,9,11,0,0,0,2023-10-24T06:09:58,2026-06-19T13:16:27
novice,BTN,2.5,35-40,54o,90,66,24,0,0,0,2023-09-24T03:11:05,2026-06-29T18:22:32
novice,BTN,2.5,35-40,54s,26,5,21,0,0,0,2023-09-15T08:16:50,2026-06-25T12:52:29
novice,BTN,2.5,35-40,55,50,2,43,0,5,0,2023-09-27T17:32:05,2026-07-21T16:50:03
novice,BTN,2.5,35-40,62o,89,86,2,1,0,0,2023-09-18T16:29:56,2026-07-01T10:54:08
novice,BTN,2.5,35-40,62s,24,13,11,0,0,0,2023-09-25T16:28:03,2026-06-29T19:24:55
novice,BTN,2.5,35-40,63o,83,78,5,0,0,0,2023-09-02T13:22:35,2026-07-06T21:37:26
novice,BTN,2.5,35-40,63s,24,8,16,0,0,0,2023-10-15T22:05:24,2026-06-24T17:33:03
novice,BTN,2.5,35-40,64o,81,72,8,1,0,0,2023-09-20T02:07:52,2026-07-14T19:12:18
novice,BTN,2.5,35-40,64s,24,7,17,0,0,0,2023-10-02T17:46:06,2026-06-10T18:21:42
novice,BTN,2.5,35-40,65o,78,52,26,0,0,0,2023-09-07T22:10:36,2026-07-09T19:24:24
novice,BTN,2.5,35-40,65s,19,1,18,0,0,0,2023-11-23T16:13:00,2026-06-15T10:10:25
novice,BTN,2.5,35-40,66,41,0,33,2,6,0,2023-09-08T12:30:26,2026-07-20T20:14:59
novice,BTN,2.5,35-40,72o,77,74,3,0,0,0,2023-09-26T18:28:03,2026-05-24T10:29:44
novice,BTN,2.5,35-40,72s,34,22,12,0,0,0,2023-09-11T08:25:22,2026-06-30T10:30:01
novice,BTN,2.5,35-40,73o,79,79,0,0,0,0,2023-09-10T15:11:26,2026-06-28T11:20:14
novice,BTN,2.5,35-40,73s,28,16,12,0,0,0,2023-09-01T16:24:51,2026-07-12T22:19:38
novice,BTN,2.5,35-40,74o,83,78,5,0,0,0,2023-10-09T17:36:09,2026-07-17T15:20:43
novice,BTN,2.5,35-40,74s,29,10,19,0,0,0,2023-10-13T18:27:54,2026-06-30T17:20:23
novice,BTN,2.5,35-40,75o,88,69,19,0,0,0,2023-09-28T15:06:21,2026-06-29T01:02:39
novice,BTN,2.5,35-40,75s,22,4,18,0,0,0,2023-10-21T14:30:51,2026-03-28T16:07:27
novice,BTN,2.5,35-40,76o,89,56,33,0,0,0,2023-09-05T19:49:28,2026-07-19T08:27:24
novice,BTN,2.5,35-40,76s,35,1,34,0,0,0,2023-09-20T20:44:25,2026-06-09T18:18:15
novice,BTN,2.5,35-40,77,44,0,38,2,4,0,2023-09-05T14:37:44,2026-06-24T14:24:51
novice,BTN,2.5,35-40,82o,82,81,1,0,0,0,2023-09-16T07:14:18,2026-06-30T18:25:34
novice,BTN,2.5,35-40,82s,23,20,3,0,0,0,2024-02-14T20:32:00,2026-07-10T17:47:33
novice,BTN,2.5,35-40,83o,96,95,1,0,0,0,2023-10-02T19:20:05,2026-07-14T20:42:36
novice,BTN,2.5,35-40,83s,22,15,7,0,0,0,2024-04-01T11:29:19,2026-06-03T19:37:42
novice,BTN,2.5,35-40,84o,88,84,4,0,0,0,2023-09-23T19:40:05,2026-07-13T15:06:57
novice,BTN,2.5,35-40,84s,22,9,13,0,0,0,2023-10-04T08:13:04,2026-06-14T13:20:04
novice,BTN,2.5,35-40,85o,72,64,8,0,0,0,2023-09-01T15:08:42,2026-07-05T17:39:29
novice,BTN,2.5,35-40,85s,28,9,19,0,0,0,2023-12-03T17:43:45,2026-07-03T00:09:17
novice,BTN,2.5,35-40,86o,82,56,26,0,0,0,2023-09-23T11:11:30,2026-06-29T19:19:54
novice,BTN,2.5,35-40,86s,31,5,26,0,0,0,2023-10-02T09:03:58,2026-06-17T16:01:41
novice,BTN,2.5,35-40,87o,81,40,41,0,0,0,2023-09-11T14:41:20,2026-07-12T17:33:05
novice,BTN,2.5,35-40,87s,31,2,28,0,1,0,2023-09-22T10:09:16,2026-07-08T20:47:07
novice,BTN,2.5,35-40,88,41,0,22,8,11,0,2023-09-17T19:53:51,2026-07-12T17:53:20
novice,BTN,2.5,35-40,92o,91,91,0,0,0,0,2023-10-06T17:05:58,2026-07-03T13:35:10
novice,BTN,2.5,35-40,92s,27,15,12,0,0,0,2023-09-03T21:07:40,2026-07-17T18:43:50
novice,BTN,2.5,35-40,93o,88,85,2,1,0,0,2023-09-09T08:54:02,2026-07-12T20:43:21
novice,BTN,2.5,35-40,93s,24,14,10,0,0,0,2023-09-05T06:40:12,2026-06-28T19:27:14
novice,BTN,2.5,35-40,94o,83,78,4,1,0,0,2023-09-18T08:42:26,2026-07-17T19:17:17
novice,BTN,2.5,35-40,94s,19,13,6,0,0,0,2024-01-03T11:12:04,2026-07-09T20:19:33
novice,BTN,2.5,35-40,95o,84,79,5,0,0,0,2023-11-04T09:02:32,2026-07-12T21:38:49
novice,BTN,2.5,35-40,95s,17,8,9,0,0,0,2023-12-04T05:28:01,2026-06-30T06:05:31
novice,BTN,2.5,35-40,96o,64,45,19,0,0,0,2023-09-11T19:03:22,2026-07-09T15:49:35
novice,BTN,2.5,35-40,96s,26,8,18,0,0,0,2023-09-04T19:50:45,2026-06-22T08:46:24
novice,BTN,2.5,35-40,97o,84,53,31,0,0,0,2023-11-12T21:12:00,2026-07-18T20:50:04
novice,BTN,2.5,35-40,97s,25,3,21,1,0,0,2023-12-07T08:02:03,2026-07-03T11:54:00
novice,BTN,2.5,35-40,98o,79,31,46,2,0,0,2023-09-10T07:12:56,2026-07-05T17:17:14
novice,BTN,2.5,35-40,98s,24,3,19,1,1,0,2023-09-10T05:44:06,2026-06-18T14:23:40
novice,BTN,2.5,35-40,99,36,3,17,7,9,0,2023-11-20T20:14:52,2026-07-12T21:06:47
novice,BTN,2.5,35-40,A2o,69,28,37,3,1,0,2023-09-26T14:11:25,2026-07-13T16:35:25
novice,BTN,2.5,35-40,A2s,22,0,19,2,1,0,2023-09-22T20:09:55,2026-07-06T14:03:21
novice,BTN,2.5,35-40,A3o,78,24,44,8,2,0,2023-09-28T04:42:24,2026-07-08T07:54:20
novice,BTN,2.5,35-40,A3s,33,2,29,1,1,0,2023-09-22T12:19:02,2026-06-06T15:12:10
novice,BTN,2.5,35-40,A4o,92,34,51,6,1,0,2023-10-29T20:37:26,2026-07-13T11:48:33
novice,BTN,2.5,35-40,A4s,31,0,30,1,0,0,2023-09-21T06:04:32,2026-06-28T11:11:48
novice,BTN,2.5,35-40,A5o,84,26,53,5,0,0,2023-09-26T16:20:10,2026-07-09T19:53:16
novice,BTN,2.5,35-40,A5s,27,0,25,2,0,0,2023-10-23T11:16:30,2026-06-21T13:24:56
novice,BTN,2.5,35-40,A6o,81,22,54,3,2,0,2023-09-24T06:26:30,2026-07-18T16:35:17
novice,BTN,2.5,35-40,A6s,28,1,24,3,0,0,2023-10-08T13:33:58,2026-06-19T20:02:07
novice,BTN,2.5,35-40,A7o,96,25,64,7,0,0,2023-09-28T10:39:48,2026-07-07T12:35:07
novice,BTN,2.5,35-40,A7s,24,0,20,4,0,0,2023-09-20T18:05:09,2026-05-30T15:22:30
novice,BTN,2.5,35-40,A8o,84,11,65,6,2,0,2023-09-16T17:30:04,2026-07-11T15:09:48
novice,BTN,2.5,35-40,A8s,27,0,27,0,0,0,2023-11-22T09:32:44,2026-06-26T20:37:41
novice,BTN,2.5,35-40,A9o,85,8,68,8,1,0,2023-09-11T12:32:30,2026-07-13T20:30:22
novice,BTN,2.5,35-40,A9s,29,0,26,2,1,0,2023-12-31T12:26:39,2026-06-12T02:33:50
novice,BTN,2.5,35-40,AA,49,1,2,44,2,0,2023-11-07T19:03:13,2026-07-12T17:42:42
novice,BTN,2.5,35-40,AJo,96,0,47,32,17,0,2023-09-10T00:31:30,2026-07-15T15:26:01
novice,BTN,2.5,35-40,AJs,26,0,13,9,4,0,2023-10-16T12:16:09,2026-07-19T16:08:55
novice,BTN,2.5,35-40,AKo,71,1,1,47,22,0,2023-09-02T21:29:38,2026-07-17T20:13:10
novice,BTN,2.5,35-40,AKs,31,2,1,19,9,0,2023-12-20T06:01:17,2026-06-21T22:20:16
novice,BTN,2.5,35-40,AQo,93,2,25,40,26,0,2023-09-12T13:26:09,2026-06-18T11:48:49
novice,BTN,2.5,35-40,AQs,28,0,7,14,7,0,2023-11-15T19:07:02,2026-06-27T15:54:46
novice,BTN,2.5,35-40,ATo,91,3,63,19,6,0,2023-09-09T13:48:32,2026-07-08T19:14:42
novice,BTN,2.5,35-40,ATs,29,0,20,6,3,0,2023-10-21T22:54:13,2026-07-14T19:30:49
novice,BTN,2.5,35-40,J2o,69,64,5,0,0,0,2023-09-06T10:02:52,2026-07-05T13:53:08
novice,BTN,2.5,35-40,J2s,36,16,20,0,0,0,2023-09-05T18:07:08,2026-07-06T20:41:01
novice,BTN,2.5,35-40,J3o,71,66,5,0,0,0,2023-10-30T17:30:56,2026-06-04T18:49:24
novice,BTN,2.5,35-40,J3s,31,18,13,0,0,0,2023-10-20T15:38:21,2026-07-21T00:34:03
novice,BTN,2.5,35-40,J4o,95,90,5,0,0,0,2023-09-05T20:04:46,2026-07-18T20:24:20
novice,BTN,2.5,35-40,J4s,28,11,17,0,0,0,2023-10-22T06:40:16,2026-07-08T20:50:03
novice,BTN,2.5,35-40,J5o,77,72,5,0,0,0,2023-11-01T11:35:42,2026-07-19T00:25:34
novice,BTN,2.5,35-40,J5s,26,13,13,0,0,0,2023-09-28T15:22:31,2026-07-02T17:53:00
novice,BTN,2.5,35-40,J6o,78,66,12,0,0,0,2023-10-01T18:42:31,2026-07-13T17:23:44
novice,BTN,2.5,35-40,J6s,36,4,32,0,0,0,2023-10-14T18:32:09,2026-06-12T16:41:04
novice,BTN,2.5,35-40,J7o,88,71,17,0,0,0,2023-09-05T20:05:37,2026-07-09T23:07:54
novice,BTN,2.5,35-40,J7s,33,5,28,0,0,0,2023-11-12T15:29:00,2026-06-15T20:34:07
novice,BTN,2.5,35-40,J8o,65,31,33,1,0,0,2023-09-08T14:28:50,2026-07-17T20:21:15
novice,BTN,2.5,35-40,J8s,33,2,31,0,0,0,2023-09-04T16:36:16,2026-07-16T07:53:59
novice,BTN,2.5,35-40,J9o,102,44,56,2,0,0,2023-10-05T22:10:34,2026-07-14T18:42:57
novice,BTN,2.5,35-40,J9s,25,1,23,1,0,0,2023-10-26T13:44:58,2026-05-28T23:44:01
novice,BTN,2.5,35-40,JJ,45,0,0,37,8,0,2023-09-01T16:32:48,2026-07-16T17:06:12
novice,BTN,2.5,35-40,JTo,72,15,55,2,0,0,2023-09-18T23:34:36,2026-06-21T19:43:30
novice,BTN,2.5,35-40,JTs,20,1,19,0,0,0,2023-09-12T11:24:33,2026-07-09T13:44:47
novice,BTN,2.5,35-40,K2o,80,65,12,3,0,0,2023-09-02T10:12:47,2026-06-20T22:31:58
novice,BTN,2.5,35-40,K2s,18,3,15,0,0,0,2023-10-12T20:40:30,2026-02-19T21:30:58
novice,BTN,2.5,35-40,K3o,89,74,13,2,0,0,2023-10-02T06:51:28,2026-07-07T14:26:05
novice,BTN,2.5,35-40,K3s,35,5,30,0,0,0,2023-10-13T14:09:00,2026-07-17T19:27:08
novice,BTN,2.5,35-40,K4o,88,70,17,1,0,0,2023-09-11T18:18:50,2026-07-07T12:39:12
novice,BTN,2.5,35-40,K4s,14,2,12,0,0,0,2023-10-22T17:06:57,2026-04-29T16:44:37
novice,BTN,2.5,35-40,K5o,98,71,22,5,0,0,2023-09-01T22:52:17,2026-07-19T18:18:10
novice,BTN,2.5,35-40,K5s,21,3,18,0,0,0,2023-09-06T18:07:07,2026-02-16T20:08:35
novice,BTN,2.5,35-40,K6o,82,56,24,2,0,0,2023-09-26T19:34:27,2026-07-05T15:50:04
novice,BTN,2.5,35-40,K6s,30,6,23,1,0,0,2023-10-23T15:53:13,2026-06-02T20:31:16
novice,BTN,2.5,35-40,K7o,83,36,46,1,0,0,2023-09-26T05:17:42,2026-07-20T20:08:44
novice,BTN,2.5,35-40,K7s,29,2,25,1,1,0,2023-10-04T15:17:23,2026-07-06T13:18:10
novice,BTN,2.5,35-40,K8o,87,25,61,1,0,0,2023-09-04T10:05:04,2026-07-19T19:28:49
novice,BTN,2.5,35-40,K8s,33,0,31,2,0,0,2023-10-16T18:13:31,2026-07-12T21:17:33
novice,BTN,2.5,35-40,K9o,82,25,56,1,0,0,2023-09-05T15:49:14,2026-06-28T15:33:55
novice,BTN,2.5,35-40,K9s,33,0,33,0,0,0,2023-09-06T13:13:13,2026-07-13T18:54:29
novice,BTN,2.5,35-40,KJo,79,6,65,8,0,0,2023-09-22T09:09:21,2026-07-18T13:53:43
novice,BTN,2.5,35-40,KJs,28,1,25,2,0,0,2023-10-05T15:46:10,2026-06-08T19:28:48
novice,BTN,2.5,35-40,KK,33,0,2,26,5,0,2023-09-28T10:33:04,2026-07-14T13:19:00
novice,BTN,2.5,35-40,KQo,70,3,52,10,5,0,2023-09-18T22:39:58,2026-07-20T18:25:18
novice,BTN,2.5,35-40,KQs,24,0,17,6,1,0,2024-04-14T06:04:16,2026-06-05T13:09:51
novice,BTN,2.5,35-40,KTo,75,8,66,1,0,0,2023-10-17T13:12:46,2026-07-10T20:04:34
novice,BTN,2.5,35-40,KTs,28,0,26,1,1,0,2023-09-14T20:15:25,2026-07-10T16:21:41
novice,BTN,2.5,35-40,Q2o,87,75,10,2,0,0,2023-09-26T06:17:46,2026-07-20T21:51:48
novice,BTN,2.5,35-40,Q2s,27,9,18,0,0,0,2023-11-02T17:11:48,2026-07-03T13:46:32
novice,BTN,2.5,35-40,Q3o,84,76,8,0,0,0,2023-09-10T12:33:06,2026-07-11T17:38:21
novice,BTN,2.5,35-40,Q3s,25,10,14,1,0,0,2023-12-15T14:48:01,2026-06-10T05:42:42
novice,BTN,2.5,35-40,Q4o,67,60,7,0,0,0,2023-09-09T16:39:45,2026-07-15T16:04:32
novice,BTN,2.5,35-40,Q4s,26,9,17,0,0,0,2023-10-15T12:53:48,2026-07-04T11:08:27
novice,BTN,2.5,35-40,Q5o,87,75,12,0,0,0,2023-10-06T17:47:20,2026-07-20T13:24:32
novice,BTN,2.5,35-40,Q5s,26,5,21,0,0,0,2023-10-03T03:34:08,2026-07-20T17:12:19
novice,BTN,2.5,35-40,Q6o,70,53,16,1,0,0,2023-09-26T19:19:08,2026-07-14T18:07:48
novice,BTN,2.5,35-40,Q6s,25,5,20,0,0,0,2023-09-22T20:03:01,2026-07-04T23:33:59
novice,BTN,2.5,35-40,Q7o,65,48,16,1,0,0,2023-09-24T16:19:58,2026-07-19T18:19:11
novice,BTN,2.5,35-40,Q7s,24,5,19,0,0,0,2023-11-22T17:37:48,2026-07-03T18:07:41
novice,BTN,2.5,35-40,Q8o,79,46,31,1,1,0,2023-09-27T16:21:59,2026-07-17T17:54:18
novice,BTN,2.5,35-40,Q8s,37,4,32,1,0,0,2023-12-17T19:41:02,2026-07-14T00:31:38
novice,BTN,2.5,35-40,Q9o,86,30,56,0,0,0,2023-09-05T18:47:25,2026-07-18T19:31:08
novice,BTN,2.5,35-40,Q9s,24,0,24,0,0,0,2023-10-02T14:29:56,2026-03-18T09:26:53
novice,BTN,2.5,35-40,QJo,82,6,73,3,0,0,2023-09-08T05:25:09,2026-07-10T17:03:59
novice,BTN,2.5,35-40,QJs,22,1,19,0,2,0,2023-10-27T17:42:54,2026-06-07T07:48:56
novice,BTN,2.5,35-40,QQ,46,1,0,41,4,0,2023-09-09T15:27:49,2026-07-18T16:20:56
novice,BTN,2.5,35-40,QTo,76,9,67,0,0,0,2023-09-10T07:25:55,2026-06-23T13:38:05
novice,BTN,2.5,35-40,QTs,26,1,24,1,0,0,2023-10-04T11:21:12,2026-07-08T10:11:31
novice,BTN,2.5,35-40,T2o,93,90,2,1,0,0,2023-09-10T16:52:13,2026-07-16T21:09:30
novice,BTN,2.5,35-40,T2s,16,8,8,0,0,0,2023-09-13T04:46:22,2026-07-03T16:45:57
novice,BTN,2.5,35-40,T3o,58,58,0,0,0,0,2023-09-03T12:35:05,2026-06-25T20:19:54
novice,BTN,2.5,35-40,T3s,33,23,10,0,0,0,2023-11-26T22:40:26,2026-07-18T16:17:25
novice,BTN,2.5,35-40,T4o,94,91,3,0,0,0,2023-09-08T13:12:12,2026-07-02T15:50:21
novice,BTN,2.5,35-40,T4s,26,11,15,0,0,0,2024-01-19T13:44:20,2026-06-22T15:48:19
novice,BTN,2.5,35-40,T5o,77,71,5,1,0,0,2023-09-10T14:38:36,2026-07-18T20:11:05
novice,BTN,2.5,35-40,T5s,32,17,15,0,0,0,2023-10-29T22:30:21,2026-07-18T14:35:48
novice,BTN,2.5,35-40,T6o,73,51,22,0,0,0,2023-09-24T13:10:20,2026-07-16T22:05:54
novice,BTN,2.5,35-40,T6s,26,7,18,1,0,0,2023-09-16T22:25:15,2026-06-20T18:24:04
novice,BTN,2.5,35-40,T7o,93,70,23,0,0,0,2023-09-19T19:16:01,2026-07-18T20:03:19
novice,BTN,2.5,35-40,T7s,32,8,24,0,0,0,2023-10-21T19:28:19,2026-05-31T06:28:13
novice,BTN,2.5,35-40,T8o,77,49,28,0,0,0,2023-09-24T18:08:29,2026-07-15T18:25:29
novice,BTN,2.5,35-40,T8s,27,2,25,0,0,0,2023-09-09T11:52:06,2026-07-06T19:18:14
novice,BTN,2.5,35-40,T9o,66,26,40,0,0,0,2023-10-12T06:50:25,2026-07-20T17:11:19
novice,BTN,2.5,35-40,T9s,33,0,32,0,1,0,2023-09-22T08:03:01,2026-05-23T14:06:03
novice,BTN,2.5,35-40,TT,33,1,5,16,11,0,2023-12-03T02:26:35,2026-07-02T18:05:47
novice,BTN,3.0,25-30,__MISSING__,1587,1236,307,21,23,0,2023-09-02T15:34:32,2026-07-21T01:24:23
novice,BTN,3.0,25-30,22,54,19,31,0,4,0,2023-11-07T14:15:35,2026-06-29T07:13:16
novice,BTN,3.0,25-30,32o,116,116,0,0,0,0,2023-09-09T11:28:48,2026-07-20T19:50:54
novice,BTN,3.0,25-30,32s,51,40,11,0,0,0,2023-09-13T10:13:51,2026-07-19T16:48:35
novice,BTN,3.0,25-30,33,61,13,43,0,5,0,2023-09-26T16:05:13,2026-07-07T08:38:50
novice,BTN,3.0,25-30,42o,97,96,1,0,0,0,2023-09-07T13:29:26,2026-07-15T16:38:08
novice,BTN,3.0,25-30,42s,69,63,6,0,0,0,2023-09-04T18:38:31,2026-07-05T07:12:38
novice,BTN,3.0,25-30,43o,132,128,4,0,0,0,2023-09-02T21:32:30,2026-07-19T15:44:05
novice,BTN,3.0,25-30,43s,37,24,13,0,0,0,2023-10-27T12:54:14,2026-07-03T14:44:50
novice,BTN,3.0,25-30,44,69,9,52,0,8,0,2023-09-24T16:29:30,2026-07-21T04:45:45
novice,BTN,3.0,25-30,52o,130,126,4,0,0,0,2023-09-08T12:21:12,2026-07-09T18:28:46
novice,BTN,3.0,25-30,52s,34,34,0,0,0,0,2023-09-20T09:37:21,2026-04-30T19:18:31
novice,BTN,3.0,25-30,53o,123,120,3,0,0,0,2023-09-02T10:22:53,2026-07-18T17:41:38
novice,BTN,3.0,25-30,53s,43,32,11,0,0,0,2024-04-11T12:03:31,2026-07-20T12:34:31
novice,BTN,3.0,25-30,54o,117,110,7,0,0,0,2023-09-02T10:06:40,2026-07-09T21:43:57
novice,BTN,3.0,25-30,54s,55,27,28,0,0,0,2023-09-08T14:24:02,2026-07-09T15:31:31
novice,BTN,3.0,25-30,55,67,3,54,0,10,0,2023-09-07T05:15:53,2026-07-14T10:53:52
novice,BTN,3.0,25-30,62o,119,118,1,0,0,0,2023-10-13T05:33:33,2026-07-19T17:10:03
novice,BTN,3.0,25-30,62s,27,24,3,0,0,0,2023-09-24T19:53:12,2026-05-29T13:05:25
novice,BTN,3.0,25-30,63o,118,117,0,1,0,0,2023-09-03T17:53:30,2026-07-20T12:54:57
novice,BTN,3.0,25-30,63s,44,38,6,0,0,0,2023-11-15T18:13:29,2026-06-19T15:33:23
novice,BTN,3.0,25-30,64o,102,101,1,0,0,0,2023-09-09T12:37:05,2026-07-16T09:50:32
novice,BTN,3.0,25-30,64s,52,34,18,0,0,0,2023-10-13T10:20:32,2026-07-02T14:20:27
novice,BTN,3.0,25-30,65o,147,135,12,0,0,0,2023-09-28T16:38:19,2026-07-18T05:07:22
novice,BTN,3.0,25-30,65s,49,26,22,0,1,0,2023-09-29T22:05:17,2026-07-03T13:35:00
novice,BTN,3.0,25-30,66,63,4,41,2,16,0,2023-09-05T22:38:49,2026-07-15T12:46:58
novice,BTN,3.0,25-30,72o,118,118,0,0,0,0,2023-11-14T03:43:46,2026-07-14T20:13:23
novice,BTN,3.0,25-30,72s,36,31,5,0,0,0,2023-09-18T08:12:11,2026-06-29T22:21:19
novice,BTN,3.0,25-30,73o,118,118,0,0,0,0,2023-09-03T22:04:22,2026-07-19T17:11:37
novice,BTN,3.0,25-30,73s,36,34,2,0,0,0,2023-10-28T23:31:19,2026-07-20T13:03:36
novice,BTN,3.0,25-30,74o,129,123,6,0,0,0,2023-09-18T07:02:59,2026-07-21T14:07:53
novice,BTN,3.0,25-30,74s,40,32,8,0,0,0,2023-10-14T09:35:52,2026-07-15T17:14:21
novice,BTN,3.0,25-30,75o,115,112,3,0,0,0,2023-09-16T17:09:23,2026-07-14T19:22:39
novice,BTN,3.0,25-30,75s,35,25,10,0,0,0,2023-09-18T09:58:57,2026-07-03T21:52:08
novice,BTN,3.0,25-30,76o,122,104,18,0,0,0,2023-09-16T17:20:30,2026-07-14T15:25:09
novice,BTN,3.0,25-30,76s,45,13,32,0,0,0,2023-09-25T20:02:36,2026-06-23T17:17:39
novice,BTN,3.0,25-30,77,70,6,39,1,24,0,2023-09-09T15:28:08,2026-06-28T10:22:32
novice,BTN,3.0,25-30,82o,131,130,0,0,1,0,2023-09-04T16:16:41,2026-07-09T10:23:50
novice,BTN,3.0,25-30,82s,43,39,4,0,0,0,2023-09-12T11:02:34,2026-07-16T21:08:51
novice,BTN,3.0,25-30,83o,125,125,0,0,0,0,2023-09-03T12:04:25,2026-07-20T20:11:04
novice,BTN,3.0,25-30,83s,47,43,4,0,0,0,2023-09-16T05:01:17,2026-06-16T03:29:48
novice,BTN,3.0,25-30,84o,115,114,0,1,0,0,2023-09-24T22:21:32,2026-07-11T15:49:17
novice,BTN,3.0,25-30,84s,39,32,7,0,0,0,2023-09-03T12:06:03,2026-07-13T15:25:08
novice,BTN,3.0,25-30,85o,115,112,3,0,0,0,2023-10-15T20:26:33,2026-07-17T09:07:38
novice,BTN,3.0,25-30,85s,37,29,8,0,0,0,2023-09-20T15:40:21,2026-07-17T19:06:47
novice,BTN,3.0,25-30,86o,122,116,6,0,0,0,2023-09-11T15:08:33,2026-07-05T19:25:41
novice,BTN,3.0,25-30,86s,53,28,25,0,0,0,2023-09-06T20:22:45,2026-06-28T19:30:15
novice,BTN,3.0,25-30,87o,134,116,18,0,0,0,2023-09-12T14:42:28,2026-07-17T18:24:05
novice,BTN,3.0,25-30,87s,43,9,34,0,0,0,2023-09-10T08:48:49,2026-07-15T19:11:56
novice,BTN,3.0,25-30,88,75,2,35,2,36,0,2023-09-04T17:54:51,2026-07-08T21:31:51
novice,BTN,3.0,25-30,92o,127,127,0,0,0,0,2023-09-08T06:13:36,2026-07-21T07:19:47
novice,BTN,3.0,25-30,92s,43,38,5,0,0,0,2023-09-11T13:15:37,2026-07-06T14:42:10
novice,BTN,3.0,25-30,93o,126,126,0,0,0,0,2023-09-22T20:12:07,2026-07-20T16:43:58
novice,BTN,3.0,25-30,93s,57,55,2,0,0,0,2023-09-06T20:33:03,2026-07-01T20:09:38
novice,BTN,3.0,25-30,94o,130,129,0,1,0,0,2023-09-01T18:44:41,2026-07-13T16:01:00
novice,BTN,3.0,25-30,94s,37,32,5,0,0,0,2023-10-03T12:19:31,2026-06-25T18:01:08
novice,BTN,3.0,25-30,95o,129,128,1,0,0,0,2023-10-09T19:53:18,2026-07-21T14:54:07
novice,BTN,3.0,25-30,95s,35,32,3,0,0,0,2023-10-26T09:29:08,2026-06-21T01:00:42
novice,BTN,3.0,25-30,96o,140,137,3,0,0,0,2023-09-24T18:39:54,2026-07-17T19:24:18
novice,BTN,3.0,25-30,96s,39,25,14,0,0,0,2023-11-07T14:48:24,2026-06-26T01:39:44
novice,BTN,3.0,25-30,97o,120,111,9,0,0,0,2023-09-14T10:19:29,2026-07-19T14:26:03
novice,BTN,3.0,25-30,97s,41,23,18,0,0,0,2023-09-14T16:18:45,2026-06-02T18:06:15
novice,BTN,3.0,25-30,98o,155,126,29,0,0,0,2023-09-02T13:39:52,2026-07-14T14:19:29
novice,BTN,3.0,25-30,98s,48,6,41,1,0,0,2023-09-12T11:38:30,2026-06-26T07:51:00
novice,BTN,3.0,25-30,99,67,3,26,3,35,0,2023-09-23T19:04:11,2026-07-20T17:16:21
novice,BTN,3.0,25-30,A2o,133,99,32,0,2,0,2023-09-11T16:47:51,2026-07-08T19:51:09
novice,BTN,3.0,25-30,A2s,40,10,21,1,8,0,2023-09-24T08:27:28,2026-06-29T02:47:11
novice,BTN,3.0,25-30,A3o,136,96,35,1,4,0,2023-09-29T10:16:43,2026-07-18T20:27:31
novice,BTN,3.0,25-30,A3s,37,7,26,1,3,0,2023-09-15T04:07:56,2026-07-18T23:23:48
novice,BTN,3.0,25-30,A4o,113,86,23,1,3,0,2023-09-24T22:36:56,2026-07-20T11:16:52
novice,BTN,3.0,25-30,A4s,46,9,33,1,3,0,2023-10-19T22:21:20,2026-07-15T11:49:25
novice,BTN,3.0,25-30,A5o,122,81,34,1,6,0,2023-09-23T16:31:57,2026-07-14T19:45:04
novice,BTN,3.0,25-30,A5s,39,3,31,0,5,0,2023-11-02T20:43:21,2026-06-28T17:28:43
novice,BTN,3.0,25-30,A6o,129,86,41,0,2,0,2023-09-10T18:18:54,2026-06-24T15:21:57
novice,BTN,3.0,25-30,A6s,41,7,29,0,5,0,2023-10-02T20:48:50,2026-06-05T15:06:14
novice,BTN,3.0,25-30,A7o,118,73,33,0,12,0,2023-09-26T19:46:55,2026-07-15T09:09:40
novice,BTN,3.0,25-30,A7s,38,6,28,0,4,0,2023-09-18T13:17:54,2026-06-28T22:48:20
novice,BTN,3.0,25-30,A8o,111,54,52,0,5,0,2023-09-09T16:10:13,2026-07-07T21:09:19
novice,BTN,3.0,25-30,A8s,49,2,41,2,4,0,2023-10-02T15:39:03,2026-07-10T19:42:22
novice,BTN,3.0,25-30,A9o,131,64,54,0,13,0,2023-09-29T19:47:08,2026-07-16T16:24:16
novice,BTN,3.0,25-30,A9s,28,5,17,2,4,0,2023-11-13T23:18:28,2026-07-20T22:13:00
novice,BTN,3.0,25-30,AA,69,1,5,44,19,0,2023-10-20T22:24:02,2026-07-10T16:06:36
novice,BTN,3.0,25-30,AJo,128,2,72,11,43,0,2023-09-17T21:24:40,2026-07-16T09:08:33
novice,BTN,3.0,25-30,AJs,36,1,15,6,14,0,2023-12-08T07:04:57,2026-07-17T16:25:27
novice,BTN,3.0,25-30,AKo,131,0,7,37,87,0,2023-09-18T07:44:26,2026-07-12T14:22:23
novice,BTN,3.0,25-30,AKs,56,0,0,19,37,0,2023-09-10T11:39:47,2026-07-03T00:42:47
novice,BTN,3.0,25-30,AQo,124,3,35,19,67,0,2023-09-14T14:16:37,2026-07-20T16:40:06
novice,BTN,3.0,25-30,AQs,37,1,8,13,15,0,2023-09-26T20:33:32,2026-07-09T15:07:41
novice,BTN,3.0,25-30,ATo,129,16,85,6,22,0,2023-10-04T19:07:18,2026-07-12T11:35:09
novice,BTN,3.0,25-30,ATs,37,2,24,5,6,0,2023-09-08T14:41:36,2026-06-21T00:30:34
novice,BTN,3.0,25-30,J2o,128,127,1,0,0,0,2023-09-02T14:35:57,2026-07-13T02:23:09
novice,BTN,3.0,25-30,J2s,39,29,10,0,0,0,2023-09-16T15:15:06,2026-07-07T07:48:27
novice,BTN,3.0,25-30,J3o,142,140,2,0,0,0,2023-09-24T16:54:54,2026-07-18T22:03:52
novice,BTN,3.0,25-30,J3s,36,26,10,0,0,0,2023-09-19T06:32:33,2026-06-25T18:41:05
novice,BTN,3.0,25-30,J4o,102,97,5,0,0,0,2023-09-12T05:49:59,2026-07-12T14:07:20
novice,BTN,3.0,25-30,J4s,40,31,9,0,0,0,2023-09-10T17:30:54,2026-07-19T19:29:25
novice,BTN,3.0,25-30,J5o,139,136,3,0,0,0,2023-09-03T17:35:08,2026-07-18T21:54:27
novice,BTN,3.0,25-30,J5s,44,35,9,0,0,0,2023-09-28T12:09:45,2026-06-12T22:10:44
novice,BTN,3.0,25-30,J6o,117,114,3,0,0,0,2023-09-08T13:14:24,2026-07-09T21:27:18
novice,BTN,3.0,25-30,J6s,46,33,13,0,0,0,2023-09-14T18:22:04,2026-06-21T12:25:21
novice,BTN,3.0,25-30,J7o,148,137,11,0,0,0,2023-09-15T10:46:44,2026-07-20T20:11:48
novice,BTN,3.0,25-30,J7s,43,23,20,0,0,0,2023-11-06T10:08:03,2026-06-24T09:52:37
novice,BTN,3.0,25-30,J8o,126,105,21,0,0,0,2023-10-01T14:48:51,2026-07-19T15:20:38
novice,BTN,3.0,25-30,J8s,38,16,22,0,0,0,2023-09-09T17:44:28,2026-06-12T20:26:32
novice,BTN,3.0,25-30,J9o,126,90,36,0,0,0,2023-10-06T16:10:57,2026-07-18T21:03:18
novice,BTN,3.0,25-30,J9s,46,9,37,0,0,0,2023-09-02T21:08:39,2026-06-10T04:34:06
novice,BTN,3.0,25-30,JJ,76,0,8,22,46,0,2023-09-03T13:25:30,2026-07-14T19:16:45
novice,BTN,3.0,25-30,JTo,130,62,68,0,0,0,2023-09-07T14:36:06,2026-07-01T18:11:14
novice,BTN,3.0,25-30,JTs,45,5,40,0,0,0,2023-09-04T16:53:48,2026-06-21T15:40:23
novice,BTN,3.0,25-30,K2o,143,134,8,1,0,0,2023-09-05T16:13:37,2026-07-08T18:53:56
novice,BTN,3.0,25-30,K2s,42,23,18,0,1,0,2023-09-06T15:19:42,2026-06-28T14:37:29
novice,BTN,3.0,25-30,K3o,139,131,7,1,0,0,2023-09-16T00:47:16,2026-07-18T19:36:57
novice,BTN,3.0,25-30,K3s,36,20,15,0,1,0,2023-10-20T16:22:51,2026-07-18T14:05:27
novice,BTN,3.0,25-30,K4o,138,133,5,0,0,0,2023-09-23T19:32:39,2026-07-10T21:39:35
novice,BTN,3.0,25-30,K4s,39,19,20,0,0,0,2023-09-03T19:43:26,2026-07-21T19:14:57
novice,BTN,3.0,25-30,K5o,120,109,10,0,1,0,2023-10-15T13:07:09,2026-07-17T06:36:21
novice,BTN,3.0,25-30,K5s,55,26,29,0,0,0,2023-10-03T12:40:13,2026-06-26T21:28:58
novice,BTN,3.0,25-30,K6o,132,117,14,0,1,0,2023-09-11T07:35:05,2026-06-27T13:17:28
novice,BTN,3.0,25-30,K6s,50,28,22,0,0,0,2023-10-10T19:37:41,2026-07-10T08:45:01
novice,BTN,3.0,25-30,K7o,128,122,6,0,0,0,2023-09-04T18:42:24,2026-07-09T00:00:05
novice,BTN,3.0,25-30,K7s,49,19,30,0,0,0,2023-09-25T17:40:31,2026-06-13T18:16:20
novice,BTN,3.0,25-30,K8o,136,111,25,0,0,0,2023-09-09T05:09:07,2026-07-12T13:24:30
novice,BTN,3.0,25-30,K8s,47,12,35,0,0,0,2023-09-03T15:29:45,2026-05-23T10:11:57
novice,BTN,3.0,25-30,K9o,110,76,33,1,0,0,2023-09-20T17:26:15,2026-07-18T16:20:40
novice,BTN,3.0,25-30,K9s,51,8,42,0,1,0,2023-09-12T14:15:27,2026-07-11T19:54:28
novice,BTN,3.0,25-30,KJo,126,24,90,3,9,0,2023-09-25T13:53:30,2026-07-01T10:20:03
novice,BTN,3.0,25-30,KJs,52,1,43,1,7,0,2023-10-12T09:12:18,2026-07-17T10:20:03
novice,BTN,3.0,25-30,KK,90,0,6,55,29,0,2023-09-08T15:46:00,2026-07-15T20:11:09
novice,BTN,3.0,25-30,KQo,122,10,96,4,12,0,2023-10-02T19:20:25,2026-07-19T19:28:44
novice,BTN,3.0,25-30,KQs,37,2,30,3,2,0,2024-01-01T18:36:02,2026-07-16T21:05:52
novice,BTN,3.0,25-30,KTo,127,55,69,0,3,0,2023-09-24T17:46:56,2026-07-08T18:34:46
novice,BTN,3.0,25-30,KTs,46,4,39,1,2,0,2023-10-16T13:28:56,2026-07-06T02:44:57
novice,BTN,3.0,25-30,Q2o,138,137,1,0,0,0,2023-09-07T05:05:07,2026-07-14T19:46:20
novice,BTN,3.0,25-30,Q2s,51,34,16,1,0,0,2023-09-08T12:00:35,2026-06-10T21:35:22
novice,BTN,3.0,25-30,Q3o,140,139,1,0,0,0,2023-09-25T16:25:11,2026-07-20T18:38:25
novice,BTN,3.0,25-30,Q3s,44,34,9,0,1,0,2023-09-10T18:26:09,2026-07-09T21:37:03
novice,BTN,3.0,25-30,Q4o,122,120,2,0,0,0,2023-10-17T14:08:49,2026-07-17T21:02:16
novice,BTN,3.0,25-30,Q4s,35,24,11,0,0,0,2023-09-05T15:28:37,2026-07-03T19:54:04
novice,BTN,3.0,25-30,Q5o,123,121,1,1,0,0,2023-09-12T11:54:10,2026-07-03T23:22:37
novice,BTN,3.0,25-30,Q5s,45,19,26,0,0,0,2023-09-25T02:54:22,2026-07-03T08:18:30
novice,BTN,3.0,25-30,Q6o,151,140,10,0,1,0,2023-09-06T05:20:07,2026-07-20T09:41:26
novice,BTN,3.0,25-30,Q6s,48,27,21,0,0,0,2023-10-11T20:50:42,2026-06-25T10:29:16
novice,BTN,3.0,25-30,Q7o,122,111,10,1,0,0,2023-09-08T16:34:02,2026-07-18T16:19:07
novice,BTN,3.0,25-30,Q7s,36,25,10,1,0,0,2024-01-01T20:33:26,2026-07-10T07:35:45
novice,BTN,3.0,25-30,Q8o,147,127,19,1,0,0,2023-09-01T21:16:07,2026-07-19T19:21:50
novice,BTN,3.0,25-30,Q8s,42,10,32,0,0,0,2023-10-29T14:35:22,2026-03-07T17:44:58
novice,BTN,3.0,25-30,Q9o,134,103,31,0,0,0,2023-09-05T07:14:02,2026-07-18T11:38:04
novice,BTN,3.0,25-30,Q9s,33,11,22,0,0,0,2023-11-23T08:34:29,2026-07-21T02:29:33
novice,BTN,3.0,25-30,QJo,126,44,80,0,2,0,2023-09-22T18:53:43,2026-07-18T20:11:39
novice,BTN,3.0,25-30,QJs,45,2,39,0,4,0,2023-09-03T07:22:30,2026-07-17T09:10:29
novice,BTN,3.0,25-30,QQ,82,1,1,35,45,0,2023-10-10T17:44:02,2026-07-17T16:37:11
novice,BTN,3.0,25-30,QTo,148,78,69,0,1,0,2023-09-05T22:24:17,2026-07-11T21:08:09
novice,BTN,3.0,25-30,QTs,39,5,32,1,1,0,2023-11-14T17:10:51,2026-06-14T01:03:14
novice,BTN,3.0,25-30,T2o,146,144,2,0,0,0,2023-10-12T13:19:26,2026-07-19T17:34:29
novice,BTN,3.0,25-30,T2s,37,34,3,0,0,0,2023-10-09T16:21:36,2026-07-09T17:11:13
novice,BTN,3.0,25-30,T3o,146,146,0,0,0,0,2023-10-02T12:11:25,2026-07-09T10:47:20
novice,BTN,3.0,25-30,T3s,40,33,7,0,0,0,2023-11-16T04:27:59,2026-07-10T15:11:36
novice,BTN,3.0,25-30,T4o,127,127,0,0,0,0,2023-09-08T13:26:11,2026-07-09T16:09:02
novice,BTN,3.0,25-30,T4s,46,38,8,0,0,0,2023-09-09T07:41:36,2026-07-12T18:15:45
novice,BTN,3.0,25-30,T5o,132,132,0,0,0,0,2023-09-09T16:34:25,2026-07-16T10:21:33
novice,BTN,3.0,25-30,T5s,39,26,13,0,0,0,2023-11-12T06:25:56,2026-06-08T17:51:35
novice,BTN,3.0,25-30,T6o,131,131,0,0,0,0,2023-10-12T10:06:58,2026-07-21T08:05:19
novice,BTN,3.0,25-30,T6s,41,28,13,0,0,0,2023-10-03T23:36:28,2026-07-06T16:54:51
novice,BTN,3.0,25-30,T7o,135,129,6,0,0,0,2023-09-02T13:18:50,2026-07-21T08:31:12
novice,BTN,3.0,25-30,T7s,28,15,13,0,0,0,2023-10-10T16:54:49,2026-06-11T19:28:57
novice,BTN,3.0,25-30,T8o,154,134,19,0,1,0,2023-09-02T19:51:40,2026-07-09T18:08:48
novice,BTN,3.0,25-30,T8s,44,17,27,0,0,0,2023-09-24T20:27:38,2026-07-18T10:48:55
novice,BTN,3.0,25-30,T9o,143,101,42,0,0,0,2023-09-25T11:38:09,2026-07-20T15:27:38
novice,BTN,3.0,25-30,T9s,49,11,37,0,1,0,2023-10-08T20:04:00,2026-07-19T15:36:37
novice,BTN,3.0,25-30,TT,71,1,19,13,38,0,2023-09-19T13:47:12,2026-07-17T18:34:19
novice,BTN,3.0,30-35,__MISSING__,1561,1214,292,27,28,0,2023-09-02T09:39:57,2026-07-21T17:28:27
novice,BTN,3.0,30-35,22,63,15,45,0,3,0,2023-09-24T07:38:58,2026-07-20T18:53:11
novice,BTN,3.0,30-35,32o,103,102,1,0,0,0,2023-09-01T15:40:06,2026-07-21T10:03:17
novice,BTN,3.0,30-35,32s,37,31,6,0,0,0,2023-11-01T07:08:01,2026-07-14T21:04:45
novice,BTN,3.0,30-35,33,47,6,37,0,4,0,2023-09-07T08:15:37,2026-07-20T11:39:59
novice,BTN,3.0,30-35,42o,131,130,1,0,0,0,2023-09-01T16:42:13,2026-07-10T19:26:58
novice,BTN,3.0,30-35,42s,31,30,1,0,0,0,2023-10-10T17:07:32,2026-04-12T18:48:50
novice,BTN,3.0,30-35,43o,99,96,3,0,0,0,2023-10-07T18:17:49,2026-07-08T17:11:25
novice,BTN,3.0,30-35,43s,46,33,13,0,0,0,2023-10-08T22:41:37,2026-07-06T23:07:45
novice,BTN,3.0,30-35,44,52,6,40,0,6,0,2023-09-10T13:45:53,2026-07-13T20:21:21
novice,BTN,3.0,30-35,52o,112,112,0,0,0,0,2023-09-12T19:03:15,2026-07-10T19:48:16
novice,BTN,3.0,30-35,52s,34,28,6,0,0,0,2023-09-30T17:16:21,2026-05-11T10:32:35
novice,BTN,3.0,30-35,53o,120,118,2,0,0,0,2023-09-02T15:21:15,2026-07-20T21:22:52
novice,BTN,3.0,30-35,53s,37,32,4,0,1,0,2023-10-10T21:53:06,2026-06-03T04:10:55
novice,BTN,3.0,30-35,54o,135,128,7,0,0,0,2023-09-02T15:49:40,2026-07-11T14:24:12
novice,BTN,3.0,30-35,54s,43,23,20,0,0,0,2023-11-03T09:15:50,2026-07-11T20:43:44
novice,BTN,3.0,30-35,55,49,4,35,0,10,0,2023-09-15T15:43:04,2026-05-16T01:12:55
novice,BTN,3.0,30-35,62o,115,115,0,0,0,0,2023-09-15T09:36:53,2026-07-18T19:23:34
novice,BTN,3.0,30-35,62s,38,32,6,0,0,0,2023-10-05T00:27:31,2026-06-13T01:06:39
novice,BTN,3.0,30-35,63o,126,125,1,0,0,0,2023-09-11T19:03:07,2026-07-15T18:01:11
novice,BTN,3.0,30-35,63s,38,30,8,0,0,0,2024-01-04T18:52:39,2026-07-16T15:50:08
novice,BTN,3.0,30-35,64o,110,110,0,0,0,0,2023-09-01T14:44:39,2026-07-09T16:05:31
novice,BTN,3.0,30-35,64s,31,25,6,0,0,0,2023-09-17T04:15:27,2026-05-26T09:54:15
novice,BTN,3.0,30-35,65o,87,84,3,0,0,0,2023-09-15T07:07:56,2026-07-07T17:18:04
novice,BTN,3.0,30-35,65s,39,11,28,0,0,0,2023-10-07T16:32:48,2026-07-06T11:14:46
novice,BTN,3.0,30-35,66,52,4,38,2,8,0,2023-10-13T06:06:07,2026-07-18T16:17:56
novice,BTN,3.0,30-35,72o,129,128,1,0,0,0,2023-09-10T22:19:27,2026-07-18T21:06:52
novice,BTN,3.0,30-35,72s,36,33,3,0,0,0,2023-09-14T13:49:19,2026-07-05T18:51:18
novice,BTN,3.0,30-35,73o,101,100,1,0,0,0,2023-09-13T21:33:46,2026-07-14T14:28:29
novice,BTN,3.0,30-35,73s,30,23,7,0,0,0,2023-09-24T20:44:56,2026-06-25T19:01:15
novice,BTN,3.0,30-35,74o,101,98,3,0,0,0,2023-09-02T20:15:12,2026-07-10T17:43:28
novice,BTN,3.0,30-35,74s,39,30,9,0,0,0,2023-10-09T12:49:16,2026-06-27T21:40:34
novice,BTN,3.0,30-35,75o,109,100,9,0,0,0,2023-09-11T15:49:07,2026-07-09T18:16:58
novice,BTN,3.0,30-35,75s,42,22,20,0,0,0,2023-11-05T11:44:27,2026-06-25T18:46:51
novice,BTN,3.0,30-35,76o,104,89,15,0,0,0,2023-10-19T17:01:59,2026-07-16T09:20:28
novice,BTN,3.0,30-35,76s,32,7,24,0,1,0,2023-11-01T14:12:56,2026-06-18T12:33:19
novice,BTN,3.0,30-35,77,58,2,47,1,8,0,2023-10-31T08:18:32,2026-07-17T20:16:17
novice,BTN,3.0,30-35,82o,111,110,1,0,0,0,2023-09-28T22:26:18,2026-07-16T14:26:05
novice,BTN,3.0,30-35,82s,40,38,2,0,0,0,2023-11-08T16:03:02,2026-07-11T10:12:26
novice,BTN,3.0,30-35,83o,107,107,0,0,0,0,2023-09-05T18:44:38,2026-07-20T20:48:32
novice,BTN,3.0,30-35,83s,43,37,6,0,0,0,2023-10-06T20:08:42,2026-07-17T16:04:22
novice,BTN,3.0,30-35,84o,102,101,1,0,0,0,2023-09-09T15:33:07,2026-07-16T23:43:54
novice,BTN,3.0,30-35,84s,43,29,14,0,0,0,2023-12-26T00:51:45,2026-07-10T12:36:16
novice,BTN,3.0,30-35,85o,110,107,3,0,0,0,2023-09-27T08:30:46,2026-07-21T19:52:56
novice,BTN,3.0,30-35,85s,39,30,9,0,0,0,2023-12-19T00:42:15,2026-07-18T18:16:41
novice,BTN,3.0,30-35,86o,114,102,12,0,0,0,2023-09-05T19:10:41,2026-07-19T15:48:27
novice,BTN,3.0,30-35,86s,37,20,17,0,0,0,2023-12-12T17:26:49,2026-06-16T20:03:50
novice,BTN,3.0,30-35,87o,126,102,24,0,0,0,2023-09-15T10:14:01,2026-07-18T12:25:00
novice,BTN,3.0,30-35,87s,44,11,33,0,0,0,2023-09-11T08:04:58,2026-07-11T17:49:23
novice,BTN,3.0,30-35,88,78,1,48,9,20,0,2023-10-04T13:50:37,2026-07-12T14:22:52
novice,BTN,3.0,30-35,92o,138,136,2,0,0,0,2023-09-09T21:23:16,2026-07-18T19:45:44
novice,BTN,3.0,30-35,92s,40,38,2,0,0,0,2023-09-11T19:29:59,2026-06-28T16:35:13
novice,BTN,3.0,30-35,93o,117,117,0,0,0,0,2023-09-08T12:25:24,2026-07-20T10:27:28
novice,BTN,3.0,30-35,93s,37,30,7,0,0,0,2023-09-23T16:47:14,2026-06-25T08:40:20
novice,BTN,3.0,30-35,94o,106,102,3,1,0,0,2023-11-01T13:27:51,2026-07-20T08:28:48
novice,BTN,3.0,30-35,94s,48,37,11,0,0,0,2023-09-13T17:29:08,2026-07-08T18:29:30
novice,BTN,3.0,30-35,95o,134,132,1,0,1,0,2023-10-03T19:39:07,2026-07-13T23:27:35
novice,BTN,3.0,30-35,95s,40,27,13,0,0,0,2023-09-25T23:27:48,2026-07-21T12:31:54
novice,BTN,3.0,30-35,96o,126,122,4,0,0,0,2023-09-13T02:39:18,2026-07-18T21:01:53
novice,BTN,3.0,30-35,96s,31,19,12,0,0,0,2024-02-12T14:12:36,2026-06-20T00:32:44
novice,BTN,3.0,30-35,97o,124,109,15,0,0,0,2023-09-12T19:27:39,2026-07-13T01:32:25
novice,BTN,3.0,30-35,97s,25,8,17,0,0,0,2023-09-11T21:07:56,2026-07-03T10:49:46
novice,BTN,3.0,30-35,98o,123,97,26,0,0,0,2023-10-01T23:13:56,2026-07-15T03:28:56
novice,BTN,3.0,30-35,98s,51,11,39,1,0,0,2023-09-02T12:18:36,2026-07-13T18:30:34
novice,BTN,3.0,30-35,99,63,2,34,6,21,0,2023-09-22T23:47:00,2026-07-12T21:27:28
novice,BTN,3.0,30-35,A2o,97,75,20,0,2,0,2023-09-01T13:42:54,2026-07-17T09:14:46
novice,BTN,3.0,30-35,A2s,30,2,26,0,2,0,2023-09-13T09:12:30,2026-07-16T08:33:52
novice,BTN,3.0,30-35,A3o,121,95,24,2,0,0,2023-09-21T05:39:56,2026-06-24T15:08:40
novice,BTN,3.0,30-35,A3s,39,7,28,2,2,0,2023-10-18T17:31:28,2026-07-10T09:25:44
novice,BTN,3.0,30-35,A4o,111,73,35,3,0,0,2023-09-19T15:07:36,2026-07-19T18:11:32
novice,BTN,3.0,30-35,A4s,31,2,25,1,3,0,2023-10-18T10:05:16,2026-06-25T18:30:02
novice,BTN,3.0,30-35,A5o,128,74,49,1,4,0,2023-09-29T02:54:32,2026-07-15T18:29:52
novice,BTN,3.0,30-35,A5s,34,3,29,1,1,0,2023-11-04T19:45:26,2026-07-19T05:44:14
novice,BTN,3.0,30-35,A6o,106,60,43,2,1,0,2023-09-09T14:26:00,2026-07-11T19:21:39
novice,BTN,3.0,30-35,A6s,39,4,32,2,1,0,2023-10-07T13:08:43,2026-06-25T03:30:22
novice,BTN,3.0,30-35,A7o,96,57,33,1,5,0,2023-09-10T22:04:22,2026-06-30T10:19:58
novice,BTN,3.0,30-35,A7s,43,6,34,0,3,0,2023-11-08T08:25:41,2026-06-23T21:50:18
novice,BTN,3.0,30-35,A8o,114,53,51,3,7,0,2023-09-07T05:33:41,2026-07-12T18:23:00
novice,BTN,3.0,30-35,A8s,42,4,37,1,0,0,2023-10-25T21:43:40,2026-07-20T17:37:02
novice,BTN,3.0,30-35,A9o,140,54,75,3,8,0,2023-09-19T18:24:48,2026-07-17T21:46:49
novice,BTN,3.0,30-35,A9s,51,3,44,1,3,0,2023-09-23T12:05:10,2026-06-24T19:47:42
novice,BTN,3.0,30-35,AA,51,2,2,37,10,0,2023-11-05T18:11:04,2026-06-21T14:04:46
novice,BTN,3.0,30-35,AJo,133,5,79,16,33,0,2023-09-13T07:42:58,2026-07-18T22:20:15
novice,BTN,3.0,30-35,AJs,60,0,36,11,13,0,2023-09-16T19:27:53,2026-06-28T12:01:06
novice,BTN,3.0,30-35,AKo,111,2,6,38,65,0,2023-09-08T11:30:13,2026-07-21T22:54:10
novice,BTN,3.0,30-35,AKs,38,0,1,14,23,0,2023-10-03T01:15:50,2026-04-21T11:48:12
novice,BTN,3.0,30-35,AQo,132,3,55,27,47,0,2023-10-03T09:14:04,2026-06-30T11:44:44
novice,BTN,3.0,30-35,AQs,48,0,12,17,19,0,2023-11-12T15:09:08,2026-07-17T09:16:17
novice,BTN,3.0,30-35,ATo,120,22,82,3,13,0,2023-09-13T10:45:21,2026-07-19T12:10:54
novice,BTN,3.0,30-35,ATs,35,1,25,2,7,0,2023-09-13T10:22:31,2026-07-01T20:31:00
novice,BTN,3.0,30-35,J2o,118,118,0,0,0,0,2023-09-03T17:54:24,2026-07-21T02:27:48
novice,BTN,3.0,30-35,J2s,18,15,3,0,0,0,2023-12-17T08:08:30,2026-06-22T19:29:48
novice,BTN,3.0,30-35,J3o,106,106,0,0,0,0,2023-09-10T18:09:25,2026-07-09T18:33:33
novice,BTN,3.0,30-35,J3s,37,27,9,1,0,0,2023-09-03T17:04:48,2026-06-23T11:44:28
novice,BTN,3.0,30-35,J4o,98,97,1,0,0,0,2023-09-01T12:49:28,2026-07-12T20:20:21
novice,BTN,3.0,30-35,J4s,34,27,7,0,0,0,2023-09-20T17:05:21,2026-07-10T19:23:56
novice,BTN,3.0,30-35,J5o,121,120,1,0,0,0,2023-09-12T18:16:14,2026-07-10T08:09:32
novice,BTN,3.0,30-35,J5s,40,28,12,0,0,0,2023-09-20T17:41:34,2026-07-14T14:33:37
novice,BTN,3.0,30-35,J6o,126,118,8,0,0,0,2023-09-10T16:29:17,2026-07-18T00:22:50
novice,BTN,3.0,30-35,J6s,47,28,19,0,0,0,2023-09-12T19:40:37,2026-06-19T10:10:00
novice,BTN,3.0,30-35,J7o,126,119,7,0,0,0,2023-09-01T13:18:58,2026-07-08T03:27:54
novice,BTN,3.0,30-35,J7s,39,20,19,0,0,0,2023-09-06T18:24:20,2026-07-06T20:06:34
novice,BTN,3.0,30-35,J8o,125,110,15,0,0,0,2023-09-06T15:21:46,2026-07-18T16:30:49
novice,BTN,3.0,30-35,J8s,30,9,21,0,0,0,2023-09-09T07:45:54,2026-06-19T16:31:04
novice,BTN,3.0,30-35,J9o,124,87,35,0,2,0,2023-09-24T08:06:41,2026-07-21T17:22:27
novice,BTN,3.0,30-35,J9s,44,6,38,0,0,0,2023-10-07T17:10:48,2026-06-29T18:13:44
novice,BTN,3.0,30-35,JJ,68,1,6,23,38,0,2023-09-30T21:18:51,2026-07-20T22:33:01
novice,BTN,3.0,30-35,JTo,111,40,67,2,2,0,2023-09-29T23:33:50,2026-07-19T18:06:14
novice,BTN,3.0,30-35,JTs,43,7,34,2,0,0,2023-11-12T10:21:56,2026-07-11T15:36:38
novice,BTN,3.0,30-35,K2o,105,99,6,0,0,0,2023-11-26T17:40:20,2026-07-17T19:52:53
novice,BTN,3.0,30-35,K2s,34,22,12,0,0,0,2024-04-03T08:54:18,2026-07-07T16:45:36
novice,BTN,3.0,30-35,K3o,97,92,5,0,0,0,2023-09-05T06:16:14,2026-07-20T21:02:16
novice,BTN,3.0,30-35,K3s,49,19,30,0,0,0,2023-11-22T16:33:02,2026-07-12T20:20:25
novice,BTN,3.0,30-35,K4o,137,130,6,1,0,0,2023-09-02T21:17:33,2026-07-12T01:02:40
novice,BTN,3.0,30-35,K4s,36,20,16,0,0,0,2023-10-31T03:03:46,2026-07-05T15:23:40
novice,BTN,3.0,30-35,K5o,116,110,4,1,1,0,2023-09-14T22:23:39,2026-07-21T04:44:37
novice,BTN,3.0,30-35,K5s,38,13,23,2,0,0,2023-09-29T10:47:53,2026-06-09T16:10:46
novice,BTN,3.0,30-35,K6o,124,113,10,1,0,0,2023-09-20T05:32:35,2026-07-15T21:50:50
novice,BTN,3.0,30-35,K6s,27,12,15,0,0,0,2023-12-23T13:15:55,2026-06-15T18:05:35
novice,BTN,3.0,30-35,K7o,107,94,13,0,0,0,2023-09-07T14:20:20,2026-07-12T20:06:58
novice,BTN,3.0,30-35,K7s,42,11,30,0,1,0,2024-02-06T11:51:33,2026-06-22T19:42:51
novice,BTN,3.0,30-35,K8o,107,83,24,0,0,0,2023-09-14T06:26:59,2026-07-18T06:11:56
novice,BTN,3.0,30-35,K8s,54,14,40,0,0,0,2023-09-13T18:07:33,2026-07-04T10:49:09
novice,BTN,3.0,30-35,K9o,116,84,31,0,1,0,2023-09-20T19:44:28,2026-07-15T20:48:43
novice,BTN,3.0,30-35,K9s,37,4,33,0,0,0,2023-09-20T17:16:48,2026-06-04T21:29:35
novice,BTN,3.0,30-35,KJo,102,20,79,0,3,0,2023-09-03T05:10:05,2026-07-13T21:34:57
novice,BTN,3.0,30-35,KJs,37,0,34,3,0,0,2023-10-05T06:27:58,2026-05-27T21:17:31
novice,BTN,3.0,30-35,KK,50,0,2,32,16,0,2023-09-02T18:11:48,2026-07-10T15:21:32
novice,BTN,3.0,30-35,KQo,120,7,99,8,6,0,2023-09-05T15:13:51,2026-07-21T13:36:30
novice,BTN,3.0,30-35,KQs,45,2,32,5,6,0,2023-12-06T18:49:42,2026-07-17T17:33:26
novice,BTN,3.0,30-35,KTo,108,37,70,1,0,0,2023-09-13T15:02:23,2026-07-16T23:30:43
novice,BTN,3.0,30-35,KTs,40,3,36,1,0,0,2023-09-11T12:23:03,2026-07-06T12:32:38
novice,BTN,3.0,30-35,Q2o,110,109,1,0,0,0,2023-09-04T16:07:12,2026-07-11T15:03:28
novice,BTN,3.0,30-35,Q2s,45,30,15,0,0,0,2023-10-25T20:30:07,2026-07-06T18:31:01
novice,BTN,3.0,30-35,Q3o,110,108,2,0,0,0,2023-09-18T10:14:56,2026-07-17T20:29:46
novice,BTN,3.0,30-35,Q3s,32,22,10,0,0,0,2023-10-17T22:26:59,2026-05-10T10:12:42
novice,BTN,3.0,30-35,Q4o,107,101,6,0,0,0,2023-09-16T21:30:19,2026-07-16T18:22:30
novice,BTN,3.0,30-35,Q4s,33,20,13,0,0,0,2023-09-07T06:40:10,2026-05-28T22:11:47
novice,BTN,3.0,30-35,Q5o,119,111,8,0,0,0,2023-09-07T04:45:29,2026-07-17T17:50:06
novice,BTN,3.0,30-35,Q5s,39,22,17,0,0,0,2023-11-08T01:11:58,2026-07-14T18:14:23
novice,BTN,3.0,30-35,Q6o,135,124,10,1,0,0,2023-09-23T17:28:57,2026-07-21T04:39:36
novice,BTN,3.0,30-35,Q6s,51,31,19,0,1,0,2023-09-15T08:44:51,2026-06-30T09:42:17
novice,BTN,3.0,30-35,Q7o,131,124,7,0,0,0,2023-09-02T22:52:34,2026-07-16T19:15:15
novice,BTN,3.0,30-35,Q7s,44,24,20,0,0,0,2023-10-28T16:23:27,2026-07-14T16:23:05
novice,BTN,3.0,30-35,Q8o,140,111,29,0,0,0,2023-09-14T09:27:44,2026-07-10T20:23:03
novice,BTN,3.0,30-35,Q8s,38,11,26,0,1,0,2023-11-23T17:50:29,2026-07-20T12:41:45
novice,BTN,3.0,30-35,Q9o,121,96,25,0,0,0,2023-10-14T16:23:09,2026-07-18T21:12:26
novice,BTN,3.0,30-35,Q9s,40,8,31,0,1,0,2023-10-23T23:44:25,2026-06-27T02:43:07
novice,BTN,3.0,30-35,QJo,104,33,69,0,2,0,2023-09-06T09:31:56,2026-07-19T16:17:33
novice,BTN,3.0,30-35,QJs,42,4,38,0,0,0,2023-12-13T13:23:56,2026-06-26T05:02:23
novice,BTN,3.0,30-35,QQ,62,1,2,38,21,0,2023-09-05T21:13:49,2026-07-19T19:37:15
novice,BTN,3.0,30-35,QTo,105,41,62,0,2,0,2023-09-03T17:21:05,2026-06-30T15:43:05
novice,BTN,3.0,30-35,QTs,41,2,39,0,0,0,2023-10-23T20:20:59,2026-07-01T14:17:45
novice,BTN,3.0,30-35,T2o,121,121,0,0,0,0,2023-09-03T18:18:57,2026-06-27T18:06:44
novice,BTN,3.0,30-35,T2s,40,35,5,0,0,0,2023-11-08T12:48:39,2026-06-13T09:43:27
novice,BTN,3.0,30-35,T3o,124,122,2,0,0,0,2023-09-21T14:27:01,2026-07-17T18:23:02
novice,BTN,3.0,30-35,T3s,35,32,3,0,0,0,2023-09-01T15:12:09,2026-07-05T07:31:37
novice,BTN,3.0,30-35,T4o,108,108,0,0,0,0,2023-09-09T21:50:14,2026-07-19T16:31:02
novice,BTN,3.0,30-35,T4s,51,40,11,0,0,0,2023-11-04T23:21:00,2026-06-13T00:47:01
novice,BTN,3.0,30-35,T5o,130,130,0,0,0,0,2023-09-27T01:37:42,2026-07-18T07:01:57
novice,BTN,3.0,30-35,T5s,30,26,4,0,0,0,2023-09-19T04:25:11,2026-04-16T16:32:50
novice,BTN,3.0,30-35,T6o,136,131,5,0,0,0,2023-09-11T15:27:37,2026-07-13T00:37:18
novice,BTN,3.0,30-35,T6s,38,26,12,0,0,0,2023-10-05T10:47:21,2026-07-12T11:34:28
novice,BTN,3.0,30-35,T7o,107,104,2,1,0,0,2023-09-02T15:30:52,2026-07-11T23:07:44
novice,BTN,3.0,30-35,T7s,38,27,11,0,0,0,2023-10-07T22:07:45,2026-07-07T16:05:00
novice,BTN,3.0,30-35,T8o,125,116,8,1,0,0,2023-09-02T20:23:52,2026-07-18T18:46:46
novice,BTN,3.0,30-35,T8s,39,19,20,0,0,0,2023-09-25T18:53:36,2026-06-28T14:54:36
novice,BTN,3.0,30-35,T9o,112,80,32,0,0,0,2023-09-15T17:06:01,2026-07-19T18:09:34
novice,BTN,3.0,30-35,T9s,47,10,37,0,0,0,2023-09-27T09:23:45,2026-06-30T20:50:07
novice,BTN,3.0,30-35,TT,63,1,13,10,39,0,2023-10-04T10:24:55,2026-07-06T20:29:06
novice,BTN,3.0,35-40,__MISSING__,1359,1037,277,24,21,0,2023-09-02T14:36:02,2026-07-19T22:36:12
novice,BTN,3.0,35-40,22,48,10,35,0,3,0,2023-10-12T05:51:14,2026-06-24T16:20:26
novice,BTN,3.0,35-40,32o,108,106,2,0,0,0,2023-09-02T13:16:29,2026-07-20T18:31:15
novice,BTN,3.0,35-40,32s,40,35,5,0,0,0,2023-10-24T16:50:27,2026-07-03T09:22:08
novice,BTN,3.0,35-40,33,49,8,40,0,1,0,2023-10-14T12:32:56,2026-06-21T07:19:34
novice,BTN,3.0,35-40,42o,111,110,0,1,0,0,2023-09-11T14:52:42,2026-07-18T18:27:46
novice,BTN,3.0,35-40,42s,29,27,2,0,0,0,2023-09-12T16:28:45,2026-03-22T20:46:49
novice,BTN,3.0,35-40,43o,96,92,4,0,0,0,2023-09-04T17:19:42,2026-07-17T15:40:28
novice,BTN,3.0,35-40,43s,30,20,10,0,0,0,2023-10-12T19:41:55,2026-06-02T09:20:59
novice,BTN,3.0,35-40,44,46,4,39,1,2,0,2023-11-23T10:15:12,2026-07-07T15:49:07
novice,BTN,3.0,35-40,52o,90,90,0,0,0,0,2023-09-10T10:22:29,2026-07-19T19:18:25
novice,BTN,3.0,35-40,52s,34,30,4,0,0,0,2023-11-25T20:22:18,2026-06-27T17:07:06
novice,BTN,3.0,35-40,53o,107,106,1,0,0,0,2023-09-21T17:21:09,2026-07-03T15:48:01
novice,BTN,3.0,35-40,53s,39,27,12,0,0,0,2023-10-12T05:11:08,2026-06-13T16:51:40
novice,BTN,3.0,35-40,54o,106,103,3,0,0,0,2023-09-13T10:36:48,2026-07-17T11:46:19
novice,BTN,3.0,35-40,54s,36,16,20,0,0,0,2023-09-27T13:23:49,2026-07-12T19:24:12
novice,BTN,3.0,35-40,55,58,7,45,1,5,0,2023-09-02T16:37:44,2026-07-15T12:16:50
novice,BTN,3.0,35-40,62o,103,103,0,0,0,0,2023-09-15T17:23:56,2026-07-11T14:32:57
novice,BTN,3.0,35-40,62s,39,37,2,0,0,0,2023-09-24T17:37:33,2026-07-16T23:36:52
novice,BTN,3.0,35-40,63o,95,93,2,0,0,0,2023-09-03T22:07:03,2026-07-10T20:21:45
novice,BTN,3.0,35-40,63s,44,35,9,0,0,0,2023-10-29T12:18:32,2026-07-07T13:30:24
novice,BTN,3.0,35-40,64o,116,110,6,0,0,0,2023-09-19T06:11:51,2026-07-21T10:18:11
novice,BTN,3.0,35-40,64s,33,20,13,0,0,0,2023-09-08T12:07:52,2026-07-05T11:04:11
novice,BTN,3.0,35-40,65o,109,96,13,0,0,0,2023-09-15T20:25:12,2026-07-18T14:39:54
novice,BTN,3.0,35-40,65s,31,13,18,0,0,0,2023-11-10T19:45:24,2026-07-17T09:24:21
novice,BTN,3.0,35-40,66,52,4,38,2,8,0,2023-09-13T18:11:03,2026-04-30T23:23:18
novice,BTN,3.0,35-40,72o,110,109,0,1,0,0,2023-09-01T22:53:53,2026-07-12T16:50:30
novice,BTN,3.0,35-40,72s,47,40,7,0,0,0,2023-11-30T07:37:38,2026-07-16T08:20:25
novice,BTN,3.0,35-40,73o,101,100,1,0,0,0,2023-11-04T19:40:33,2026-06-28T17:12:38
novice,BTN,3.0,35-40,73s,36,29,7,0,0,0,2023-11-10T23:24:30,2026-06-23T18:27:26
novice,BTN,3.0,35-40,74o,119,116,3,0,0,0,2023-09-24T05:20:44,2026-07-20T12:05:46
novice,BTN,3.0,35-40,74s,30,25,5,0,0,0,2023-09-10T17:47:48,2026-06-21T21:38:29
novice,BTN,3.0,35-40,75o,98,93,5,0,0,0,2023-10-13T16:17:05,2026-07-19T15:04:39
novice,BTN,3.0,35-40,75s,47,28,18,1,0,0,2023-09-05T14:31:37,2026-07-19T16:29:47
novice,BTN,3.0,35-40,76o,108,88,20,0,0,0,2023-09-23T15:30:58,2026-07-14T20:25:53
novice,BTN,3.0,35-40,76s,48,7,41,0,0,0,2023-09-05T17:44:32,2026-07-17T19:27:49
novice,BTN,3.0,35-40,77,61,2,45,1,13,0,2023-09-28T10:17:20,2026-06-09T12:02:40
novice,BTN,3.0,35-40,82o,101,101,0,0,0,0,2023-09-10T17:40:54,2026-07-20T20:21:29
novice,BTN,3.0,35-40,82s,39,36,3,0,0,0,2023-10-04T02:33:28,2026-04-24T06:30:06
novice,BTN,3.0,35-40,83o,121,119,2,0,0,0,2023-09-08T05:08:38,2026-06-28T13:21:26
novice,BTN,3.0,35-40,83s,36,34,2,0,0,0,2023-10-30T17:18:27,2026-07-17T17:36:26
novice,BTN,3.0,35-40,84o,91,89,2,0,0,0,2023-09-22T12:37:29,2026-07-19T10:27:39
novice,BTN,3.0,35-40,84s,38,29,9,0,0,0,2023-10-11T06:20:37,2026-06-24T02:53:13
novice,BTN,3.0,35-40,85o,108,102,6,0,0,0,2023-09-13T08:51:26,2026-07-11T18:16:47
novice,BTN,3.0,35-40,85s,34,25,9,0,0,0,2023-10-22T01:31:39,2026-06-06T02:15:00
novice,BTN,3.0,35-40,86o,113,103,9,1,0,0,2023-09-30T12:20:19,2026-07-17T14:16:43
novice,BTN,3.0,35-40,86s,45,19,26,0,0,0,2023-10-13T05:38:39,2026-06-16T20:41:21
novice,BTN,3.0,35-40,87o,105,84,20,1,0,0,2023-09-06T02:50:05,2026-07-18T21:25:40
novice,BTN,3.0,35-40,87s,38,7,31,0,0,0,2023-09-02T12:44:42,2026-07-04T18:44:06
novice,BTN,3.0,35-40,88,41,0,28,5,8,0,2023-09-01T13:12:05,2026-07-09T00:18:56
novice,BTN,3.0,35-40,92o,94,93,1,0,0,0,2023-09-17T17:11:10,2026-07-11T07:50:04
novice,BTN,3.0,35-40,92s,35,30,5,0,0,0,2023-12-07T05:46:33,2026-07-21T09:03:35
novice,BTN,3.0,35-40,93o,116,115,1,0,0,0,2023-10-11T21:25:12,2026-06-18T12:26:21
novice,BTN,3.0,35-40,93s,27,24,3,0,0,0,2023-09-01T20:14:46,2026-05-25T09:48:59
novice,BTN,3.0,35-40,94o,96,93,3,0,0,0,2023-09-08T10:42:56,2026-07-19T14:06:35
novice,BTN,3.0,35-40,94s,32,27,5,0,0,0,2023-10-14T13:20:02,2026-07-10T18:27:56
novice,BTN,3.0,35-40,95o,109,107,1,1,0,0,2023-09-29T18:11:15,2026-07-12T15:12:50
novice,BTN,3.0,35-40,95s,20,13,7,0,0,0,2023-11-01T17:04:54,2026-07-18T20:04:13
novice,BTN,3.0,35-40,96o,124,115,7,2,0,0,2023-09-02T22:32:06,2026-07-08T20:23:20
novice,BTN,3.0,35-40,96s,36,19,16,0,1,0,2023-10-01T17:26:21,2026-07-13T20:35:28
novice,BTN,3.0,35-40,97o,104,96,8,0,0,0,2023-09-06T07:06:07,2026-07-19T21:08:10
novice,BTN,3.0,35-40,97s,45,15,30,0,0,0,2023-10-14T10:08:06,2026-07-11T08:42:46
novice,BTN,3.0,35-40,98o,98,69,29,0,0,0,2023-09-09T02:19:08,2026-07-16T02:04:14
novice,BTN,3.0,35-40,98s,37,4,33,0,0,0,2023-10-12T14:33:05,2026-07-08T23:48:39
novice,BTN,3.0,35-40,99,44,2,22,10,10,0,2023-09-16T09:25:10,2026-07-15T19:03:20
novice,BTN,3.0,35-40,A2o,106,79,25,1,1,0,2023-09-06T12:42:32,2026-07-09T17:26:33
novice,BTN,3.0,35-40,A2s,39,7,30,1,1,0,2023-10-24T21:39:25,2026-06-02T12:31:32
novice,BTN,3.0,35-40,A3o,105,83,19,3,0,0,2023-09-10T11:15:51,2026-07-18T16:22:20
novice,BTN,3.0,35-40,A3s,40,7,30,2,1,0,2023-12-22T17:26:06,2026-07-20T15:50:45
novice,BTN,3.0,35-40,A4o,127,85,39,3,0,0,2023-09-19T08:10:31,2026-07-08T18:22:08
novice,BTN,3.0,35-40,A4s,43,4,38,1,0,0,2023-09-02T22:16:04,2026-06-29T18:45:25
novice,BTN,3.0,35-40,A5o,126,80,45,1,0,0,2023-09-21T17:47:46,2026-07-18T15:43:57
novice,BTN,3.0,35-40,A5s,32,0,28,3,1,0,2023-10-01T15:36:21,2026-05-25T00:13:23
novice,BTN,3.0,35-40,A6o,106,75,30,0,1,0,2023-09-05T15:37:31,2026-07-13T20:24:37
novice,BTN,3.0,35-40,A6s,36,4,29,2,1,0,2023-09-22T07:23:33,2026-07-13T19:27:45
novice,BTN,3.0,35-40,A7o,118,76,39,3,0,0,2023-09-04T23:47:17,2026-07-14T20:04:31
novice,BTN,3.0,35-40,A7s,32,2,28,2,0,0,2023-09-04T19:21:36,2026-06-04T20:05:38
novice,BTN,3.0,35-40,A8o,117,65,48,0,4,0,2023-09-10T11:54:06,2026-07-14T15:11:58
novice,BTN,3.0,35-40,A8s,29,4,24,1,0,0,2023-11-30T19:23:49,2026-06-04T15:03:44
novice,BTN,3.0,35-40,A9o,88,38,47,2,1,0,2023-09-03T12:04:53,2026-07-15T13:27:53
novice,BTN,3.0,35-40,A9s,41,1,36,3,1,0,2023-09-04T19:18:40,2026-07-11T18:36:35
novice,BTN,3.0,35-40,AA,56,1,2,45,8,0,2023-11-09T20:21:18,2026-07-06T18:31:01
novice,BTN,3.0,35-40,AJo,102,10,61,16,15,0,2023-09-02T09:46:42,2026-07-19T17:24:49
novice,BTN,3.0,35-40,AJs,40,0,19,9,12,0,2023-09-30T09:38:34,2026-07-06T20:46:08
novice,BTN,3.0,35-40,AKo,104,0,10,40,54,0,2023-09-06T11:25:16,2026-07-16T23:00:05
novice,BTN,3.0,35-40,AKs,28,1,2,15,10,0,2023-12-10T12:50:11,2026-06-04T15:30:15
novice,BTN,3.0,35-40,AQo,89,1,38,29,21,0,2023-09-12T06:30:02,2026-07-13T19:05:54
novice,BTN,3.0,35-40,AQs,29,0,10,9,10,0,2023-09-06T20:46:42,2026-07-12T12:54:37
novice,BTN,3.0,35-40,ATo,123,13,94,10,6,0,2023-10-08T11:43:10,2026-07-20T06:07:13
novice,BTN,3.0,35-40,ATs,47,0,45,0,2,0,2023-09-26T08:01:20,2026-07-11T20:28:59
novice,BTN,3.0,35-40,J2o,107,106,1,0,0,0,2023-09-17T23:18:00,2026-07-10T18:54:44
novice,BTN,3.0,35-40,J2s,42,31,11,0,0,0,2023-09-23T20:16:14,2026-07-19T20:44:39
novice,BTN,3.0,35-40,J3o,105,103,2,0,0,0,2023-09-15T18:04:59,2026-07-15T19:23:17
novice,BTN,3.0,35-40,J3s,42,31,11,0,0,0,2023-09-20T08:14:04,2026-05-07T13:15:58
novice,BTN,3.0,35-40,J4o,95,93,2,0,0,0,2023-09-09T08:21:33,2026-07-06T02:43:57
novice,BTN,3.0,35-40,J4s,37,26,11,0,0,0,2023-09-20T02:08:45,2026-07-19T15:29:31
novice,BTN,3.0,35-40,J5o,90,90,0,0,0,0,2023-11-07T15:07:04,2026-07-14T04:47:10
novice,BTN,3.0,35-40,J5s,32,20,12,0,0,0,2023-09-18T20:47:53,2026-07-15T11:04:52
novice,BTN,3.0,35-40,J6o,101,96,5,0,0,0,2023-09-09T23:11:59,2026-07-15T18:11:20
novice,BTN,3.0,35-40,J6s,32,21,11,0,0,0,2023-09-19T09:09:02,2026-07-16T16:29:29
novice,BTN,3.0,35-40,J7o,100,94,6,0,0,0,2023-10-04T06:18:59,2026-07-16T08:04:45
novice,BTN,3.0,35-40,J7s,26,17,9,0,0,0,2023-09-24T21:20:09,2026-06-09T22:26:33
novice,BTN,3.0,35-40,J8o,123,104,19,0,0,0,2023-09-09T09:04:59,2026-07-18T13:35:31
novice,BTN,3.0,35-40,J8s,35,9,26,0,0,0,2023-10-27T20:51:43,2026-05-26T17:10:52
novice,BTN,3.0,35-40,J9o,100,73,27,0,0,0,2023-09-08T05:40:27,2026-07-17T09:46:07
novice,BTN,3.0,35-40,J9s,34,3,29,2,0,0,2023-10-20T23:44:34,2026-07-20T20:36:12
novice,BTN,3.0,35-40,JJ,59,0,8,35,16,0,2023-11-12T12:16:34,2026-07-12T12:26:53
novice,BTN,3.0,35-40,JTo,128,51,77,0,0,0,2023-09-23T16:46:31,2026-07-15T16:20:25
novice,BTN,3.0,35-40,JTs,43,4,39,0,0,0,2023-09-06T09:18:57,2026-05-02T23:09:35
novice,BTN,3.0,35-40,K2o,104,96,8,0,0,0,2023-09-02T18:40:30,2026-07-19T13:08:28
novice,BTN,3.0,35-40,K2s,37,22,15,0,0,0,2023-12-17T13:17:41,2026-05-04T12:19:29
novice,BTN,3.0,35-40,K3o,103,96,7,0,0,0,2023-10-12T01:31:51,2026-07-21T19:21:31
novice,BTN,3.0,35-40,K3s,32,20,12,0,0,0,2023-12-19T23:32:07,2026-06-08T20:11:49
novice,BTN,3.0,35-40,K4o,119,110,8,1,0,0,2023-09-08T20:08:29,2026-07-17T17:43:11
novice,BTN,3.0,35-40,K4s,46,20,26,0,0,0,2023-09-30T11:39:12,2026-05-30T14:19:13
novice,BTN,3.0,35-40,K5o,93,84,9,0,0,0,2023-09-06T16:15:29,2026-07-15T21:05:55
novice,BTN,3.0,35-40,K5s,34,13,21,0,0,0,2023-12-03T10:27:09,2026-06-05T23:23:47
novice,BTN,3.0,35-40,K6o,100,87,13,0,0,0,2023-09-24T21:28:33,2026-07-12T15:05:45
novice,BTN,3.0,35-40,K6s,38,17,21,0,0,0,2023-10-12T12:10:59,2026-06-15T16:36:06
novice,BTN,3.0,35-40,K7o,126,107,19,0,0,0,2023-09-02T16:46:15,2026-07-11T18:41:35
novice,BTN,3.0,35-40,K7s,41,16,25,0,0,0,2023-10-11T09:54:55,2026-06-10T20:08:49
novice,BTN,3.0,35-40,K8o,98,76,22,0,0,0,2023-09-02T19:28:05,2026-07-18T05:12:28
novice,BTN,3.0,35-40,K8s,46,8,38,0,0,0,2023-09-03T19:53:25,2026-06-28T11:27:30
novice,BTN,3.0,35-40,K9o,87,56,31,0,0,0,2023-09-02T14:07:26,2026-07-19T19:10:28
novice,BTN,3.0,35-40,K9s,40,3,37,0,0,0,2023-10-01T14:18:05,2026-07-15T18:52:36
novice,BTN,3.0,35-40,KJo,121,21,89,9,2,0,2023-09-02T19:32:48,2026-07-19T10:19:37
novice,BTN,3.0,35-40,KJs,25,1,23,1,0,0,2023-10-11T16:41:27,2026-07-09T17:16:20
novice,BTN,3.0,35-40,KK,47,0,1,39,7,0,2023-09-27T22:08:27,2026-02-21T19:06:56
novice,BTN,3.0,35-40,KQo,92,7,78,3,4,0,2023-09-04T13:18:25,2026-07-12T10:22:05
novice,BTN,3.0,35-40,KQs,35,0,23,7,5,0,2023-09-22T09:35:16,2026-07-05T16:11:40
novice,BTN,3.0,35-40,KTo,119,47,71,0,1,0,2023-09-02T19:14:35,2026-07-05T14:12:05
novice,BTN,3.0,35-40,KTs,28,2,25,1,0,0,2023-09-04T10:49:12,2026-07-10T10:07:40
novice,BTN,3.0,35-40,Q2o,108,105,3,0,0,0,2023-09-05T17:33:11,2026-07-13T17:02:01
novice,BTN,3.0,35-40,Q2s,39,26,13,0,0,0,2023-09-12T01:52:56,2026-07-16T19:52:47
novice,BTN,3.0,35-40,Q3o,100,98,2,0,0,0,2023-09-18T11:12:32,2026-07-09T17:19:00
novice,BTN,3.0,35-40,Q3s,39,21,18,0,0,0,2023-12-16T08:10:53,2026-07-14T22:07:42
novice,BTN,3.0,35-40,Q4o,112,111,1,0,0,0,2023-10-08T10:42:49,2026-07-21T20:16:07
novice,BTN,3.0,35-40,Q4s,35,25,10,0,0,0,2023-11-17T17:12:07,2026-06-26T16:46:14
novice,BTN,3.0,35-40,Q5o,90,88,2,0,0,0,2023-09-28T21:17:40,2026-07-14T11:00:52
novice,BTN,3.0,35-40,Q5s,36,19,17,0,0,0,2023-10-11T16:02:25,2026-07-03T13:05:52
novice,BTN,3.0,35-40,Q6o,122,118,4,0,0,0,2023-09-29T17:07:20,2026-07-17T21:13:14
novice,BTN,3.0,35-40,Q6s,40,16,24,0,0,0,2023-09-13T20:18:03,2026-07-11T17:06:56
novice,BTN,3.0,35-40,Q7o,117,110,7,0,0,0,2023-09-02T18:26:30,2026-07-16T18:26:19
novice,BTN,3.0,35-40,Q7s,43,20,23,0,0,0,2023-10-10T19:25:52,2026-05-03T18:16:20
novice,BTN,3.0,35-40,Q8o,102,85,17,0,0,0,2023-09-13T15:39:30,2026-07-20T11:04:55
novice,BTN,3.0,35-40,Q8s,31,8,23,0,0,0,2023-09-15T18:30:46,2026-07-12T15:11:11
novice,BTN,3.0,35-40,Q9o,100,74,26,0,0,0,2023-09-02T21:29:29,2026-07-02T21:01:30
novice,BTN,3.0,35-40,Q9s,33,7,26,0,0,0,2023-11-08T19:50:49,2026-07-13T19:18:07
novice,BTN,3.0,35-40,QJo,134,41,93,0,0,0,2023-09-11T12:13:27,2026-07-18T02:37:13
novice,BTN,3.0,35-40,QJs,25,0,23,1,1,0,2023-10-26T16:47:29,2026-06-28T16:21:52
novice,BTN,3.0,35-40,QQ,48,0,5,34,9,0,2023-11-17T21:07:19,2026-07-05T15:21:38
novice,BTN,3.0,35-40,QTo,110,44,64,1,1,0,2023-09-02T15:37:05,2026-07-20T13:42:51
novice,BTN,3.0,35-40,QTs,44,2,40,2,0,0,2023-12-29T19:38:52,2026-06-07T13:39:18
novice,BTN,3.0,35-40,T2o,111,110,1,0,0,0,2023-09-16T17:20:29,2026-07-20T12:33:47
novice,BTN,3.0,35-40,T2s,28,26,2,0,0,0,2023-10-24T13:47:01,2026-06-03T20:27:09
novice,BTN,3.0,35-40,T3o,98,98,0,0,0,0,2023-09-04T13:23:50,2026-07-19T15:26:30
novice,BTN,3.0,35-40,T3s,27,25,2,0,0,0,2023-10-11T16:30:44,2026-06-08T07:47:30
novice,BTN,3.0,35-40,T4o,111,111,0,0,0,0,2023-09-11T17:05:34,2026-07-14T15:24:25
novice,BTN,3.0,35-40,T4s,29,23,6,0,0,0,2023-09-05T18:24:18,2026-07-18T00:08:13
novice,BTN,3.0,35-40,T5o,108,106,2,0,0,0,2023-09-15T12:29:18,2026-07-19T21:04:31
novice,BTN,3.0,35-40,T5s,30,24,6,0,0,0,2024-01-30T23:47:19,2026-07-05T16:33:26
novice,BTN,3.0,35-40,T6o,91,91,0,0,0,0,2023-09-21T16:53:58,2026-07-18T08:49:05
novice,BTN,3.0,35-40,T6s,40,24,16,0,0,0,2023-09-22T22:23:13,2026-05-13T18:43:34
novice,BTN,3.0,35-40,T7o,113,108,4,1,0,0,2023-09-24T20:50:13,2026-07-03T10:31:58
novice,BTN,3.0,35-40,T7s,37,11,26,0,0,0,2023-09-10T10:13:03,2026-06-21T15:51:00
novice,BTN,3.0,35-40,T8o,120,103,17,0,0,0,2023-09-12T18:14:51,2026-06-24T11:47:52
novice,BTN,3.0,35-40,T8s,23,7,16,0,0,0,2023-09-23T17:39:16,2026-05-11T10:15:59
novice,BTN,3.0,35-40,T9o,115,76,39,0,0,0,2023-09-08T08:27:26,2026-07-09T18:41:07
novice,BTN,3.0,35-40,T9s,28,3,25,0,0,0,2023-09-03T20:22:48,2026-07-13T10:09:39
novice,BTN,3.0,35-40,TT,52,0,14,26,12,0,2023-10-07T20:19:47,2026-07-08T02:39:59
novice,CO,2.0,25-30,__MISSING__,11944,5052,6027,530,335,0,2023-09-01T11:46:38,2026-07-21T22:04:32
novice,CO,2.0,25-30,22,321,8,292,6,15,0,2023-09-15T20:53:09,2026-07-19T13:26:47
novice,CO,2.0,25-30,32o,695,580,114,1,0,0,2023-09-05T20:46:18,2026-07-20T20:03:34
novice,CO,2.0,25-30,32s,221,43,176,2,0,0,2023-09-06T14:50:37,2026-07-20T01:24:32
novice,CO,2.0,25-30,33,327,3,289,4,31,0,2023-09-04T15:08:43,2026-07-15T14:42:21
novice,CO,2.0,25-30,42o,637,552,83,2,0,0,2023-09-03T17:09:54,2026-07-19T17:06:28
novice,CO,2.0,25-30,42s,222,61,161,0,0,0,2023-09-02T13:36:38,2026-07-18T20:16:59
novice,CO,2.0,25-30,43o,702,465,235,1,1,0,2023-09-02T16:21:03,2026-07-19T14:41:20
novice,CO,2.0,25-30,43s,246,33,211,2,0,0,2023-09-04T15:05:09,2026-07-21T19:09:24
novice,CO,2.0,25-30,44,362,6,310,4,42,0,2023-09-03T00:08:26,2026-07-17T17:08:28
novice,CO,2.0,25-30,52o,648,564,82,2,0,0,2023-09-01T01:34:03,2026-07-20T12:09:35
novice,CO,2.0,25-30,52s,230,71,159,0,0,0,2023-09-06T10:34:26,2026-07-13T21:21:28
novice,CO,2.0,25-30,53o,648,485,162,1,0,0,2023-09-01T23:52:42,2026-07-19T21:45:09
novice,CO,2.0,25-30,53s,220,39,180,1,0,0,2023-09-03T10:26:47,2026-07-17T16:44:58
novice,CO,2.0,25-30,54o,629,270,359,0,0,0,2023-09-04T11:01:40,2026-07-20T15:25:07
novice,CO,2.0,25-30,54s,245,17,228,0,0,0,2023-09-02T13:22:19,2026-07-18T16:04:21
novice,CO,2.0,25-30,55,374,8,303,13,50,0,2023-09-09T17:45:28,2026-07-21T21:18:31
novice,CO,2.0,25-30,62o,650,594,52,4,0,0,2023-09-02T08:48:16,2026-07-20T19:26:19
novice,CO,2.0,25-30,62s,216,77,138,1,0,0,2023-09-19T11:09:33,2026-07-09T18:21:29
novice,CO,2.0,25-30,63o,663,528,134,1,0,0,2023-09-05T11:13:25,2026-07-19T19:22:19
novice,CO,2.0,25-30,63s,224,45,177,2,0,0,2023-09-08T18:08:52,2026-07-15T13:25:25
novice,CO,2.0,25-30,64o,665,410,255,0,0,0,2023-09-01T20:39:19,2026-07-19T18:35:15
novice,CO,2.0,25-30,64s,217,15,200,2,0,0,2023-09-02T12:10:46,2026-07-20T15:39:33
novice,CO,2.0,25-30,65o,663,206,455,2,0,0,2023-09-03T19:28:41,2026-07-19T12:28:14
novice,CO,2.0,25-30,65s,187,8,176,2,1,0,2023-09-12T18:37:45,2026-07-15T20:32:15
novice,CO,2.0,25-30,66,347,4,264,21,58,0,2023-09-02T12:18:25,2026-07-19T14:05:06
novice,CO,2.0,25-30,72o,667,642,24,1,0,0,2023-09-08T21:19:26,2026-07-19T20:05:16
novice,CO,2.0,25-30,72s,235,84,151,0,0,0,2023-09-13T13:22:23,2026-07-20T14:42:25
novice,CO,2.0,25-30,73o,615,557,57,1,0,0,2023-09-16T14:20:09,2026-07-20T15:45:08
novice,CO,2.0,25-30,73s,233,65,166,2,0,0,2023-09-06T20:30:58,2026-07-20T10:12:17
novice,CO,2.0,25-30,74o,675,520,153,1,1,0,2023-09-10T15:53:12,2026-07-20T20:06:02
novice,CO,2.0,25-30,74s,224,37,187,0,0,0,2023-09-12T08:00:27,2026-07-18T11:48:05
novice,CO,2.0,25-30,75o,647,350,297,0,0,0,2023-09-02T14:53:50,2026-07-19T19:45:09
novice,CO,2.0,25-30,75s,218,13,204,1,0,0,2023-09-10T15:33:27,2026-07-19T13:40:10
novice,CO,2.0,25-30,76o,708,167,538,3,0,0,2023-09-01T23:21:26,2026-07-21T09:18:14
novice,CO,2.0,25-30,76s,232,5,224,3,0,0,2023-09-02T06:01:01,2026-07-21T21:30:07
novice,CO,2.0,25-30,77,320,6,216,21,77,0,2023-09-01T21:43:00,2026-07-21T14:18:45
novice,CO,2.0,25-30,82o,660,620,40,0,0,0,2023-09-01T18:27:19,2026-07-21T12:17:43
novice,CO,2.0,25-30,82s,224,82,142,0,0,0,2023-09-01T21:14:21,2026-07-21T20:36:13
novice,CO,2.0,25-30,83o,676,625,51,0,0,0,2023-09-08T07:47:10,2026-07-21T18:42:42
novice,CO,2.0,25-30,83s,223,58,165,0,0,0,2023-09-04T11:18:17,2026-07-19T22:44:40
novice,CO,2.0,25-30,84o,695,584,110,1,0,0,2023-09-01T15:19:41,2026-07-20T16:12:24
novice,CO,2.0,25-30,84s,215,37,178,0,0,0,2023-10-07T21:02:04,2026-07-20T14:02:58
novice,CO,2.0,25-30,85o,639,424,213,2,0,0,2023-09-02T18:20:11,2026-07-21T13:52:14
novice,CO,2.0,25-30,85s,219,36,183,0,0,0,2023-09-04T17:38:00,2026-07-20T15:24:23
novice,CO,2.0,25-30,86o,669,266,402,1,0,0,2023-09-05T14:24:48,2026-07-18T18:21:52
novice,CO,2.0,25-30,86s,195,14,181,0,0,0,2023-09-09T18:19:05,2026-07-21T13:33:04
novice,CO,2.0,25-30,87o,665,119,544,2,0,0,2023-09-04T08:41:07,2026-07-21T17:52:59
novice,CO,2.0,25-30,87s,204,3,199,2,0,0,2023-09-02T16:02:14,2026-07-21T15:49:44
novice,CO,2.0,25-30,88,358,6,203,35,114,0,2023-09-04T15:36:00,2026-07-21T18:24:35
novice,CO,2.0,25-30,92o,650,625,24,1,0,0,2023-09-09T17:18:04,2026-07-21T12:26:21
novice,CO,2.0,25-30,92s,226,86,140,0,0,0,2023-09-06T19:31:18,2026-07-16T17:56:58
novice,CO,2.0,25-30,93o,678,632,45,1,0,0,2023-09-01T17:20:25,2026-07-18T22:11:39
novice,CO,2.0,25-30,93s,235,62,172,1,0,0,2023-09-08T09:06:36,2026-07-17T19:13:42
novice,CO,2.0,25-30,94o,658,584,71,3,0,0,2023-09-02T19:17:32,2026-07-21T11:27:37
novice,CO,2.0,25-30,94s,201,51,149,0,1,0,2023-09-11T10:07:27,2026-07-17T12:19:32
novice,CO,2.0,25-30,95o,712,536,170,6,0,0,2023-09-04T11:54:14,2026-07-21T17:47:41
novice,CO,2.0,25-30,95s,219,40,178,0,1,0,2023-09-02T13:10:50,2026-07-20T21:02:00
novice,CO,2.0,25-30,96o,657,357,297,3,0,0,2023-09-07T23:22:05,2026-07-19T17:52:08
novice,CO,2.0,25-30,96s,234,18,216,0,0,0,2023-09-02T16:18:54,2026-07-20T20:36:12
novice,CO,2.0,25-30,97o,671,224,443,3,1,0,2023-09-02T18:04:38,2026-07-21T00:32:01
novice,CO,2.0,25-30,97s,228,15,213,0,0,0,2023-09-07T22:33:13,2026-07-14T22:29:09
novice,CO,2.0,25-30,98o,700,99,598,2,1,0,2023-09-02T16:44:30,2026-07-19T10:30:23
novice,CO,2.0,25-30,98s,216,4,210,2,0,0,2023-09-11T14:41:03,2026-07-14T19:06:06
novice,CO,2.0,25-30,99,356,4,124,88,140,0,2023-09-06T21:44:09,2026-07-14T09:35:24
novice,CO,2.0,25-30,A2o,705,155,506,35,9,0,2023-09-05T21:19:26,2026-07-19T16:32:56
novice,CO,2.0,25-30,A2s,233,3,207,15,8,0,2023-09-11T20:21:06,2026-07-19T17:23:00
novice,CO,2.0,25-30,A3o,744,124,560,45,15,0,2023-09-01T16:04:28,2026-07-20T19:37:55
novice,CO,2.0,25-30,A3s,241,7,205,20,9,0,2023-09-03T17:49:38,2026-07-13T17:34:16
novice,CO,2.0,25-30,A4o,676,91,536,32,17,0,2023-09-03T13:46:00,2026-07-20T14:17:26
novice,CO,2.0,25-30,A4s,236,1,196,25,14,0,2023-09-05T15:40:18,2026-07-17T21:21:49
novice,CO,2.0,25-30,A5o,712,74,577,42,19,0,2023-09-01T15:18:45,2026-07-19T00:40:12
novice,CO,2.0,25-30,A5s,281,5,219,38,19,0,2023-09-02T09:45:41,2026-07-19T16:44:01
novice,CO,2.0,25-30,A6o,741,102,614,13,12,0,2023-09-05T05:37:45,2026-07-19T16:38:20
novice,CO,2.0,25-30,A6s,243,6,218,12,7,0,2023-09-02T19:17:29,2026-07-18T12:20:23
novice,CO,2.0,25-30,A7o,766,72,662,18,14,0,2023-09-03T22:41:34,2026-07-20T20:12:29
novice,CO,2.0,25-30,A7s,219,5,193,12,9,0,2023-10-10T20:53:22,2026-07-20T15:07:33
novice,CO,2.0,25-30,A8o,704,45,612,28,19,0,2023-09-01T23:43:57,2026-07-19T11:33:59
novice,CO,2.0,25-30,A8s,243,3,207,18,15,0,2023-09-02T03:29:14,2026-07-17T17:23:27
novice,CO,2.0,25-30,A9o,727,38,619,36,34,0,2023-09-03T00:54:26,2026-07-17T16:35:08
novice,CO,2.0,25-30,A9s,232,5,199,12,16,0,2023-09-04T06:37:45,2026-07-17T11:46:00
novice,CO,2.0,25-30,AA,376,2,20,325,29,0,2023-09-04T16:13:00,2026-07-19T19:40:10
novice,CO,2.0,25-30,AJo,772,9,372,210,181,0,2023-09-02T09:18:31,2026-07-15T22:41:25
novice,CO,2.0,25-30,AJs,245,2,104,91,48,0,2023-09-03T11:17:47,2026-07-13T23:35:43
novice,CO,2.0,25-30,AKo,732,8,32,388,304,0,2023-09-02T16:33:50,2026-07-17T19:49:42
novice,CO,2.0,25-30,AKs,244,1,6,145,92,0,2023-09-10T19:35:39,2026-07-14T19:52:54
novice,CO,2.0,25-30,AQo,749,7,162,296,284,0,2023-09-02T08:19:09,2026-07-18T17:06:53
novice,CO,2.0,25-30,AQs,255,3,61,102,89,0,2023-09-03T13:26:15,2026-07-20T19:32:59
novice,CO,2.0,25-30,ATo,748,13,536,89,110,0,2023-09-02T18:20:18,2026-07-20T22:35:45
novice,CO,2.0,25-30,ATs,248,1,171,38,38,0,2023-09-03T13:25:39,2026-07-20T17:38:16
novice,CO,2.0,25-30,J2o,674,574,94,6,0,0,2023-09-03T17:28:46,2026-07-19T18:36:10
novice,CO,2.0,25-30,J2s,231,43,188,0,0,0,2023-09-10T14:46:56,2026-07-21T14:16:06
novice,CO,2.0,25-30,J3o,708,580,126,2,0,0,2023-09-02T11:10:20,2026-07-18T19:19:56
novice,CO,2.0,25-30,J3s,222,32,189,0,1,0,2023-09-18T08:05:55,2026-07-12T15:39:53
novice,CO,2.0,25-30,J4o,672,510,156,6,0,0,2023-09-04T18:14:18,2026-07-21T19:03:58
novice,CO,2.0,25-30,J4s,233,50,182,0,1,0,2023-09-19T14:36:19,2026-07-20T18:11:36
novice,CO,2.0,25-30,J5o,650,452,196,2,0,0,2023-09-07T04:27:55,2026-07-20T21:16:54
novice,CO,2.0,25-30,J5s,232,23,209,0,0,0,2023-09-10T20:10:07,2026-07-17T20:12:25
novice,CO,2.0,25-30,J6o,631,383,246,2,0,0,2023-09-08T21:07:39,2026-07-18T12:21:50
novice,CO,2.0,25-30,J6s,238,20,218,0,0,0,2023-09-02T09:21:47,2026-07-18T07:07:21
novice,CO,2.0,25-30,J7o,659,265,392,2,0,0,2023-09-02T19:47:30,2026-07-21T20:14:25
novice,CO,2.0,25-30,J7s,254,11,242,1,0,0,2023-09-02T14:46:58,2026-07-21T18:53:11
novice,CO,2.0,25-30,J8o,668,144,522,1,1,0,2023-09-04T07:09:01,2026-07-21T19:33:13
novice,CO,2.0,25-30,J8s,230,5,222,3,0,0,2023-09-07T19:03:02,2026-07-17T15:36:34
novice,CO,2.0,25-30,J9o,701,91,607,3,0,0,2023-09-04T16:32:33,2026-07-21T21:54:20
novice,CO,2.0,25-30,J9s,221,5,213,2,1,0,2023-09-14T04:41:26,2026-07-09T19:06:18
novice,CO,2.0,25-30,JJ,358,1,20,196,141,0,2023-09-03T15:05:12,2026-07-18T08:00:55
novice,CO,2.0,25-30,JTo,724,29,688,6,1,0,2023-09-04T16:20:20,2026-07-21T17:38:51
novice,CO,2.0,25-30,JTs,240,2,222,14,2,0,2023-09-15T01:32:20,2026-07-18T17:53:58
novice,CO,2.0,25-30,K2o,691,383,292,16,0,0,2023-09-01T18:31:47,2026-07-20T19:04:49
novice,CO,2.0,25-30,K2s,206,10,188,7,1,0,2023-09-07T06:13:46,2026-07-17T19:23:54
novice,CO,2.0,25-30,K3o,721,374,333,14,0,0,2023-09-01T17:54:50,2026-07-18T21:17:48
novice,CO,2.0,25-30,K3s,242,18,219,4,1,0,2023-09-01T14:09:05,2026-07-20T17:52:57
novice,CO,2.0,25-30,K4o,696,321,365,8,2,0,2023-09-08T19:48:42,2026-07-20T20:45:35
novice,CO,2.0,25-30,K4s,252,18,224,9,1,0,2023-09-22T02:22:11,2026-07-19T11:06:05
novice,CO,2.0,25-30,K5o,715,298,398,19,0,0,2023-09-03T13:45:12,2026-07-20T08:08:00
novice,CO,2.0,25-30,K5s,239,8,222,8,1,0,2023-09-27T23:46:44,2026-07-18T15:15:41
novice,CO,2.0,25-30,K6o,679,227,446,6,0,0,2023-09-02T16:35:22,2026-07-20T19:32:28
novice,CO,2.0,25-30,K6s,233,10,219,3,1,0,2023-09-11T21:04:16,2026-07-19T06:14:15
novice,CO,2.0,25-30,K7o,688,165,516,7,0,0,2023-09-06T23:44:39,2026-07-19T14:53:59
novice,CO,2.0,25-30,K7s,270,6,261,3,0,0,2023-09-19T20:12:05,2026-07-18T16:48:20
novice,CO,2.0,25-30,K8o,696,123,559,13,1,0,2023-09-04T14:52:09,2026-07-20T23:40:41
novice,CO,2.0,25-30,K8s,228,5,217,4,2,0,2023-09-08T02:41:33,2026-07-20T15:05:02
novice,CO,2.0,25-30,K9o,677,83,583,9,2,0,2023-09-04T20:50:36,2026-07-19T14:52:30
novice,CO,2.0,25-30,K9s,243,3,230,3,7,0,2023-09-01T19:17:38,2026-07-17T00:14:21
novice,CO,2.0,25-30,KJo,703,9,636,48,10,0,2023-09-04T15:30:39,2026-07-20T11:29:17
novice,CO,2.0,25-30,KJs,230,1,183,27,19,0,2023-09-10T16:45:14,2026-07-18T13:29:30
novice,CO,2.0,25-30,KK,372,2,15,285,70,0,2023-09-12T16:10:50,2026-07-19T18:24:04
novice,CO,2.0,25-30,KQo,725,9,569,92,55,0,2023-09-02T09:19:41,2026-07-18T18:08:19
novice,CO,2.0,25-30,KQs,230,3,140,62,25,0,2023-09-02T13:03:02,2026-07-19T14:10:51
novice,CO,2.0,25-30,KTo,705,26,660,8,11,0,2023-09-02T00:19:22,2026-07-17T22:45:53
novice,CO,2.0,25-30,KTs,240,4,211,18,7,0,2023-09-12T18:32:58,2026-07-08T23:04:34
novice,CO,2.0,25-30,Q2o,664,496,160,8,0,0,2023-09-03T22:08:57,2026-07-21T23:04:21
novice,CO,2.0,25-30,Q2s,239,29,206,3,1,0,2023-09-07T17:03:38,2026-07-19T13:51:52
novice,CO,2.0,25-30,Q3o,714,509,197,8,0,0,2023-09-02T18:20:08,2026-07-20T23:54:19
novice,CO,2.0,25-30,Q3s,260,35,222,3,0,0,2023-09-04T14:06:08,2026-07-14T19:47:21
novice,CO,2.0,25-30,Q4o,683,445,227,11,0,0,2023-09-07T05:30:14,2026-07-18T19:08:50
novice,CO,2.0,25-30,Q4s,275,29,241,5,0,0,2023-09-09T14:20:40,2026-07-19T18:37:49
novice,CO,2.0,25-30,Q5o,672,406,260,6,0,0,2023-09-13T04:54:45,2026-07-21T19:39:33
novice,CO,2.0,25-30,Q5s,217,19,196,2,0,0,2023-09-01T17:53:08,2026-07-17T19:03:02
novice,CO,2.0,25-30,Q6o,690,347,334,9,0,0,2023-09-03T21:39:16,2026-07-20T21:22:47
novice,CO,2.0,25-30,Q6s,254,17,235,1,1,0,2023-09-04T00:37:58,2026-07-18T19:50:11
novice,CO,2.0,25-30,Q7o,685,300,381,4,0,0,2023-09-04T15:13:50,2026-07-20T17:02:41
novice,CO,2.0,25-30,Q7s,237,6,231,0,0,0,2023-09-03T10:50:43,2026-07-21T20:23:28
novice,CO,2.0,25-30,Q8o,702,161,537,4,0,0,2023-09-02T18:46:53,2026-07-20T13:32:41
novice,CO,2.0,25-30,Q8s,226,5,217,3,1,0,2023-09-06T08:18:31,2026-07-20T11:08:54
novice,CO,2.0,25-30,Q9o,716,77,635,1,3,0,2023-09-01T16:50:23,2026-07-20T20:06:22
novice,CO,2.0,25-30,Q9s,247,5,240,2,0,0,2023-09-01T08:37:50,2026-07-20T19:17:55
novice,CO,2.0,25-30,QJo,684,13,654,14,3,0,2023-09-02T09:52:34,2026-07-19T20:08:00
novice,CO,2.0,25-30,QJs,252,2,230,16,4,0,2023-09-28T14:54:57,2026-07-17T15:36:33
novice,CO,2.0,25-30,QQ,344,5,6,251,82,0,2023-09-09T19:29:16,2026-07-18T19:39:07
novice,CO,2.0,25-30,QTo,771,43,717,8,3,0,2023-09-01T13:08:31,2026-07-20T13:04:27
novice,CO,2.0,25-30,QTs,251,2,234,12,3,0,2023-09-06T18:09:03,2026-07-08T13:21:21
novice,CO,2.0,25-30,T2o,630,582,48,0,0,0,2023-09-02T19:30:58,2026-07-16T22:49:03
novice,CO,2.0,25-30,T2s,230,74,155,1,0,0,2023-09-15T00:52:50,2026-07-18T16:39:39
novice,CO,2.0,25-30,T3o,681,616,65,0,0,0,2023-09-01T13:08:30,2026-07-18T15:07:44
novice,CO,2.0,25-30,T3s,238,46,192,0,0,0,2023-09-08T02:03:21,2026-07-13T17:11:58
novice,CO,2.0,25-30,T4o,643,545,96,2,0,0,2023-09-03T09:17:41,2026-07-20T11:30:59
novice,CO,2.0,25-30,T4s,243,51,192,0,0,0,2023-09-11T17:29:52,2026-07-17T19:09:26
novice,CO,2.0,25-30,T5o,668,535,129,3,1,0,2023-09-10T15:27:53,2026-07-21T18:47:45
novice,CO,2.0,25-30,T5s,207,39,168,0,0,0,2023-09-01T11:22:39,2026-07-18T16:46:16
novice,CO,2.0,25-30,T6o,647,387,259,1,0,0,2023-09-03T19:15:48,2026-07-20T22:24:09
novice,CO,2.0,25-30,T6s,238,26,212,0,0,0,2023-09-05T19:38:54,2026-07-21T17:34:15
novice,CO,2.0,25-30,T7o,655,274,380,1,0,0,2023-09-08T09:24:57,2026-07-20T19:01:54
novice,CO,2.0,25-30,T7s,241,17,224,0,0,0,2023-09-14T19:20:25,2026-07-19T10:39:44
novice,CO,2.0,25-30,T8o,656,184,471,1,0,0,2023-09-03T13:23:49,2026-07-21T15:27:51
novice,CO,2.0,25-30,T8s,241,9,228,4,0,0,2023-09-06T12:43:54,2026-07-19T21:22:44
novice,CO,2.0,25-30,T9o,657,69,586,2,0,0,2023-09-05T21:14:46,2026-07-21T18:22:45
novice,CO,2.0,25-30,T9s,224,2,216,3,3,0,2023-09-10T11:43:08,2026-07-03T22:19:30
novice,CO,2.0,25-30,TT,337,4,56,116,161,0,2023-09-01T19:26:46,2026-07-20T18:22:54
novice,CO,2.0,30-35,__MISSING__,10879,4436,5642,645,156,0,2023-09-01T11:34:07,2026-07-21T15:10:42
novice,CO,2.0,30-35,22,285,3,271,2,9,0,2023-09-01T21:09:35,2026-07-13T19:18:12
novice,CO,2.0,30-35,32o,528,436,90,2,0,0,2023-09-05T17:27:02,2026-07-19T14:18:45
novice,CO,2.0,30-35,32s,195,37,158,0,0,0,2023-09-11T21:19:33,2026-07-20T23:21:21
novice,CO,2.0,30-35,33,288,5,267,8,8,0,2023-09-07T15:16:08,2026-07-18T15:07:45
novice,CO,2.0,30-35,42o,564,470,94,0,0,0,2023-09-22T07:36:41,2026-07-19T17:07:56
novice,CO,2.0,30-35,42s,204,51,153,0,0,0,2023-09-08T08:16:59,2026-07-03T21:39:27
novice,CO,2.0,30-35,43o,549,364,184,1,0,0,2023-09-04T18:17:51,2026-07-20T16:35:46
novice,CO,2.0,30-35,43s,194,26,168,0,0,0,2023-09-02T05:33:57,2026-07-21T14:28:44
novice,CO,2.0,30-35,44,313,7,284,6,16,0,2023-09-06T16:30:51,2026-07-20T06:26:56
novice,CO,2.0,30-35,52o,564,494,69,1,0,0,2023-09-05T15:22:35,2026-07-18T20:01:44
novice,CO,2.0,30-35,52s,193,40,153,0,0,0,2023-09-03T20:02:03,2026-07-18T19:09:50
novice,CO,2.0,30-35,53o,618,437,177,4,0,0,2023-09-02T10:31:54,2026-07-18T21:24:39
novice,CO,2.0,30-35,53s,196,32,164,0,0,0,2023-09-02T18:43:29,2026-07-20T13:48:40
novice,CO,2.0,30-35,54o,599,269,329,1,0,0,2023-09-13T12:46:49,2026-07-21T20:12:00
novice,CO,2.0,30-35,54s,185,11,173,1,0,0,2023-09-09T21:20:28,2026-07-12T15:42:54
novice,CO,2.0,30-35,55,282,2,255,4,21,0,2023-09-02T17:02:24,2026-07-13T17:33:33
novice,CO,2.0,30-35,62o,566,519,46,1,0,0,2023-09-05T10:26:18,2026-07-21T07:51:37
novice,CO,2.0,30-35,62s,183,57,126,0,0,0,2023-09-15T11:05:24,2026-07-17T16:25:51
novice,CO,2.0,30-35,63o,616,493,121,2,0,0,2023-09-01T13:30:49,2026-07-20T20:34:19
novice,CO,2.0,30-35,63s,187,40,147,0,0,0,2023-09-02T10:45:01,2026-07-18T20:35:42
novice,CO,2.0,30-35,64o,581,359,221,1,0,0,2023-09-02T07:11:13,2026-07-18T20:54:15
novice,CO,2.0,30-35,64s,178,21,156,1,0,0,2023-09-23T00:14:37,2026-07-20T15:17:08
novice,CO,2.0,30-35,65o,605,159,445,1,0,0,2023-09-10T15:17:09,2026-07-21T18:41:17
novice,CO,2.0,30-35,65s,190,4,183,3,0,0,2023-09-02T13:41:17,2026-07-20T09:52:45
novice,CO,2.0,30-35,66,300,5,255,13,27,0,2023-09-05T17:18:49,2026-07-21T23:01:00
novice,CO,2.0,30-35,72o,602,572,28,2,0,0,2023-09-08T05:40:58,2026-07-21T21:23:57
novice,CO,2.0,30-35,72s,221,74,146,1,0,0,2023-09-11T23:52:14,2026-07-15T18:39:19
novice,CO,2.0,30-35,73o,584,525,58,1,0,0,2023-09-05T00:41:14,2026-07-20T16:40:05
novice,CO,2.0,30-35,73s,223,59,164,0,0,0,2023-09-20T04:19:14,2026-07-18T17:35:46
novice,CO,2.0,30-35,74o,621,469,149,3,0,0,2023-09-09T19:27:29,2026-07-19T16:07:18
novice,CO,2.0,30-35,74s,177,27,150,0,0,0,2023-09-05T04:42:18,2026-07-19T21:07:26
novice,CO,2.0,30-35,75o,562,283,277,2,0,0,2023-09-02T13:45:48,2026-07-20T18:22:36
novice,CO,2.0,30-35,75s,178,12,165,1,0,0,2023-09-28T14:29:06,2026-07-18T00:19:28
novice,CO,2.0,30-35,76o,562,118,443,1,0,0,2023-09-03T08:32:50,2026-07-13T06:05:06
novice,CO,2.0,30-35,76s,212,6,204,2,0,0,2023-09-07T06:09:06,2026-07-20T17:17:46
novice,CO,2.0,30-35,77,275,4,205,28,38,0,2023-09-08T09:46:14,2026-07-21T08:45:07
novice,CO,2.0,30-35,82o,597,565,30,2,0,0,2023-09-03T18:23:31,2026-07-19T16:11:11
novice,CO,2.0,30-35,82s,162,54,108,0,0,0,2023-09-16T18:42:15,2026-07-20T20:17:41
novice,CO,2.0,30-35,83o,576,522,50,4,0,0,2023-09-04T14:13:19,2026-07-18T13:54:30
novice,CO,2.0,30-35,83s,212,62,149,1,0,0,2023-09-23T17:07:38,2026-07-17T08:12:11
novice,CO,2.0,30-35,84o,562,457,102,3,0,0,2023-09-01T08:17:39,2026-07-21T14:51:47
novice,CO,2.0,30-35,84s,204,32,172,0,0,0,2023-09-13T17:49:40,2026-07-11T16:31:03
novice,CO,2.0,30-35,85o,552,353,198,1,0,0,2023-09-02T03:48:11,2026-07-19T18:19:56
novice,CO,2.0,30-35,85s,198,23,174,1,0,0,2023-09-12T10:21:41,2026-07-18T17:52:24
novice,CO,2.0,30-35,86o,557,193,362,2,0,0,2023-09-03T16:18:58,2026-07-21T23:48:20
novice,CO,2.0,30-35,86s,199,6,192,1,0,0,2023-09-15T20:04:37,2026-07-14T16:20:25
novice,CO,2.0,30-35,87o,624,110,514,0,0,0,2023-09-07T22:03:34,2026-07-20T19:39:57
novice,CO,2.0,30-35,87s,199,5,193,1,0,0,2023-09-09T18:48:13,2026-07-18T13:45:37
novice,CO,2.0,30-35,88,300,4,186,49,61,0,2023-09-03T12:15:03,2026-07-19T19:06:27
novice,CO,2.0,30-35,92o,553,521,31,1,0,0,2023-09-15T17:47:21,2026-07-14T13:13:13
novice,CO,2.0,30-35,92s,194,75,118,1,0,0,2023-09-11T21:15:29,2026-07-04T17:22:16
novice,CO,2.0,30-35,93o,575,527,46,2,0,0,2023-09-01T06:36:42,2026-07-20T20:06:05
novice,CO,2.0,30-35,93s,191,38,153,0,0,0,2023-09-14T17:02:47,2026-07-17T22:11:15
novice,CO,2.0,30-35,94o,566,492,72,2,0,0,2023-09-03T21:17:11,2026-07-19T16:37:48
novice,CO,2.0,30-35,94s,203,47,155,1,0,0,2023-09-10T04:13:09,2026-07-07T22:08:26
novice,CO,2.0,30-35,95o,547,413,134,0,0,0,2023-09-07T18:10:12,2026-07-21T15:29:29
novice,CO,2.0,30-35,95s,190,32,158,0,0,0,2023-09-26T17:37:07,2026-07-13T15:07:36
novice,CO,2.0,30-35,96o,544,285,257,2,0,0,2023-09-02T14:46:36,2026-07-21T19:08:32
novice,CO,2.0,30-35,96s,207,22,185,0,0,0,2023-09-15T07:16:26,2026-07-19T16:54:34
novice,CO,2.0,30-35,97o,571,174,395,2,0,0,2023-09-06T08:53:53,2026-07-21T19:33:36
novice,CO,2.0,30-35,97s,201,6,192,2,1,0,2023-09-04T19:20:09,2026-07-20T01:23:07
novice,CO,2.0,30-35,98o,583,81,501,1,0,0,2023-09-02T10:03:08,2026-07-19T23:19:02
novice,CO,2.0,30-35,98s,204,4,197,3,0,0,2023-09-14T22:15:42,2026-07-04T16:07:01
novice,CO,2.0,30-35,99,310,7,137,82,84,0,2023-09-11T12:37:28,2026-07-19T19:25:29
novice,CO,2.0,30-35,A2o,646,131,456,56,3,0,2023-09-02T12:51:36,2026-07-20T15:12:23
novice,CO,2.0,30-35,A2s,241,5,204,29,3,0,2023-09-15T13:23:58,2026-07-21T21:21:53
novice,CO,2.0,30-35,A3o,626,98,484,44,0,0,2023-09-01T20:08:31,2026-07-19T16:29:29
novice,CO,2.0,30-35,A3s,218,0,192,24,2,0,2023-09-19T19:09:02,2026-07-20T18:55:00
novice,CO,2.0,30-35,A4o,658,80,528,47,3,0,2023-09-07T19:18:10,2026-07-20T19:43:10
novice,CO,2.0,30-35,A4s,227,4,195,24,4,0,2023-09-02T18:03:25,2026-07-14T12:22:07
novice,CO,2.0,30-35,A5o,612,69,473,65,5,0,2023-09-02T19:32:57,2026-07-20T16:25:16
novice,CO,2.0,30-35,A5s,199,1,163,27,8,0,2023-09-02T09:24:05,2026-07-13T18:09:06
novice,CO,2.0,30-35,A6o,583,70,493,15,5,0,2023-09-04T21:42:06,2026-07-19T14:22:31
novice,CO,2.0,30-35,A6s,226,5,205,12,4,0,2023-09-13T20:38:06,2026-07-19T21:10:20
novice,CO,2.0,30-35,A7o,634,63,541,25,5,0,2023-09-02T07:37:29,2026-07-18T20:50:51
novice,CO,2.0,30-35,A7s,207,3,192,8,4,0,2023-09-07T11:19:07,2026-07-18T07:54:15
novice,CO,2.0,30-35,A8o,658,46,581,25,6,0,2023-09-09T13:23:16,2026-07-21T20:32:11
novice,CO,2.0,30-35,A8s,197,6,177,6,8,0,2023-09-06T07:02:39,2026-07-20T03:45:51
novice,CO,2.0,30-35,A9o,640,21,572,34,13,0,2023-09-05T08:51:21,2026-07-17T21:44:43
novice,CO,2.0,30-35,A9s,201,1,173,19,8,0,2023-09-05T11:41:46,2026-07-16T04:26:26
novice,CO,2.0,30-35,AA,317,3,8,292,14,0,2023-09-02T20:47:07,2026-07-16T18:10:30
novice,CO,2.0,30-35,AJo,672,5,337,248,82,0,2023-09-03T19:28:11,2026-07-17T17:36:48
novice,CO,2.0,30-35,AJs,220,1,94,94,31,0,2023-09-18T10:27:00,2026-07-21T12:30:38
novice,CO,2.0,30-35,AKo,662,7,30,446,179,0,2023-09-09T20:13:29,2026-07-21T15:24:14
novice,CO,2.0,30-35,AKs,216,3,7,148,58,0,2023-09-02T12:46:56,2026-07-20T09:50:41
novice,CO,2.0,30-35,AQo,631,8,146,343,134,0,2023-09-03T22:41:52,2026-07-19T17:13:17
novice,CO,2.0,30-35,AQs,215,6,39,117,53,0,2023-09-02T16:50:05,2026-07-18T13:03:46
novice,CO,2.0,30-35,ATo,616,10,464,97,45,0,2023-09-10T19:00:25,2026-07-17T18:05:00
novice,CO,2.0,30-35,ATs,206,1,143,54,8,0,2023-09-02T14:24:14,2026-07-18T15:14:20
novice,CO,2.0,30-35,J2o,588,499,85,4,0,0,2023-09-01T18:11:22,2026-07-18T16:27:48
novice,CO,2.0,30-35,J2s,199,32,167,0,0,0,2023-09-07T09:28:59,2026-07-11T21:04:25
novice,CO,2.0,30-35,J3o,575,446,124,5,0,0,2023-09-07T20:29:02,2026-07-18T19:41:18
novice,CO,2.0,30-35,J3s,212,43,169,0,0,0,2023-09-24T08:53:54,2026-07-16T21:12:13
novice,CO,2.0,30-35,J4o,611,452,152,7,0,0,2023-09-02T14:15:42,2026-07-19T17:26:56
novice,CO,2.0,30-35,J4s,194,27,167,0,0,0,2023-09-03T15:11:58,2026-07-15T15:52:20
novice,CO,2.0,30-35,J5o,604,417,183,4,0,0,2023-09-05T11:01:29,2026-07-17T15:49:03
novice,CO,2.0,30-35,J5s,192,20,172,0,0,0,2023-09-06T16:01:44,2026-07-21T16:52:57
novice,CO,2.0,30-35,J6o,588,324,258,5,1,0,2023-09-03T21:03:44,2026-07-21T15:11:07
novice,CO,2.0,30-35,J6s,202,19,182,0,1,0,2023-09-10T10:50:25,2026-07-19T19:43:48
novice,CO,2.0,30-35,J7o,644,243,400,1,0,0,2023-09-06T16:14:42,2026-07-19T19:54:36
novice,CO,2.0,30-35,J7s,231,16,214,1,0,0,2023-09-08T11:22:21,2026-07-18T19:08:57
novice,CO,2.0,30-35,J8o,683,132,547,4,0,0,2023-09-04T17:35:04,2026-07-20T21:46:22
novice,CO,2.0,30-35,J8s,207,2,204,1,0,0,2023-09-11T02:42:37,2026-07-20T12:46:39
novice,CO,2.0,30-35,J9o,653,83,567,3,0,0,2023-09-05T17:23:18,2026-07-14T20:21:47
novice,CO,2.0,30-35,J9s,200,6,190,4,0,0,2023-09-01T23:07:53,2026-07-19T18:10:16
novice,CO,2.0,30-35,JJ,311,0,22,212,77,0,2023-09-07T22:27:24,2026-07-21T17:52:19
novice,CO,2.0,30-35,JTo,610,19,584,6,1,0,2023-09-04T03:50:18,2026-07-14T15:20:45
novice,CO,2.0,30-35,JTs,222,1,210,10,1,0,2023-09-02T15:03:21,2026-07-21T18:26:35
novice,CO,2.0,30-35,K2o,585,316,247,21,1,0,2023-09-07T05:38:05,2026-07-18T14:35:33
novice,CO,2.0,30-35,K2s,198,14,180,4,0,0,2023-09-29T18:39:41,2026-07-17T14:05:01
novice,CO,2.0,30-35,K3o,560,273,273,14,0,0,2023-09-05T15:22:15,2026-07-19T15:18:44
novice,CO,2.0,30-35,K3s,199,5,190,3,1,0,2023-09-18T15:07:03,2026-07-20T19:44:53
novice,CO,2.0,30-35,K4o,570,246,304,20,0,0,2023-09-04T07:26:00,2026-07-18T20:37:17
novice,CO,2.0,30-35,K4s,234,10,221,3,0,0,2023-09-04T09:30:54,2026-07-18T19:35:12
novice,CO,2.0,30-35,K5o,655,267,372,16,0,0,2023-09-01T17:32:24,2026-07-21T20:35:56
novice,CO,2.0,30-35,K5s,208,8,194,6,0,0,2023-09-04T16:46:29,2026-07-20T19:49:11
novice,CO,2.0,30-35,K6o,595,206,376,12,1,0,2023-09-01T15:04:43,2026-07-20T17:11:34
novice,CO,2.0,30-35,K6s,202,6,194,2,0,0,2023-09-24T18:15:58,2026-07-21T19:45:35
novice,CO,2.0,30-35,K7o,569,149,415,5,0,0,2023-09-02T19:06:35,2026-07-21T18:14:23
novice,CO,2.0,30-35,K7s,195,5,187,3,0,0,2023-09-17T14:44:51,2026-07-15T16:46:30
novice,CO,2.0,30-35,K8o,595,112,478,5,0,0,2023-09-02T11:29:58,2026-07-21T18:54:21
novice,CO,2.0,30-35,K8s,227,1,221,5,0,0,2023-09-01T21:23:48,2026-07-17T17:35:52
novice,CO,2.0,30-35,K9o,616,48,566,2,0,0,2023-09-02T23:20:58,2026-07-21T17:06:50
novice,CO,2.0,30-35,K9s,225,5,207,13,0,0,2023-09-13T21:53:54,2026-07-17T20:43:00
novice,CO,2.0,30-35,KJo,651,16,573,56,6,0,2023-09-01T12:03:03,2026-07-21T19:50:36
novice,CO,2.0,30-35,KJs,221,1,184,31,5,0,2023-09-15T09:26:14,2026-07-15T19:49:07
novice,CO,2.0,30-35,KK,313,2,8,280,23,0,2023-09-04T19:52:36,2026-07-14T16:44:01
novice,CO,2.0,30-35,KQo,632,7,495,114,16,0,2023-09-02T06:22:22,2026-07-20T18:21:38
novice,CO,2.0,30-35,KQs,225,0,155,62,8,0,2023-09-01T18:47:00,2026-07-18T18:37:09
novice,CO,2.0,30-35,KTo,647,17,609,15,6,0,2023-09-06T09:26:50,2026-07-21T20:47:35
novice,CO,2.0,30-35,KTs,212,3,198,9,2,0,2023-09-08T18:12:37,2026-07-14T18:24:35
novice,CO,2.0,30-35,Q2o,570,394,165,11,0,0,2023-09-06T14:20:30,2026-07-21T15:04:02
novice,CO,2.0,30-35,Q2s,173,19,152,2,0,0,2023-09-18T15:19:25,2026-07-21T16:11:37
novice,CO,2.0,30-35,Q3o,608,414,186,8,0,0,2023-09-12T20:18:21,2026-07-21T14:55:02
novice,CO,2.0,30-35,Q3s,185,33,150,2,0,0,2023-11-18T21:26:17,2026-07-11T19:35:33
novice,CO,2.0,30-35,Q4o,624,392,217,15,0,0,2023-09-02T23:11:26,2026-07-14T18:22:59
novice,CO,2.0,30-35,Q4s,199,19,178,2,0,0,2023-09-03T02:03:25,2026-07-18T18:26:55
novice,CO,2.0,30-35,Q5o,618,343,267,8,0,0,2023-09-02T22:42:07,2026-07-21T20:31:35
novice,CO,2.0,30-35,Q5s,221,18,203,0,0,0,2023-10-15T23:22:57,2026-07-12T22:12:00
novice,CO,2.0,30-35,Q6o,593,272,316,5,0,0,2023-09-05T11:52:27,2026-07-19T18:16:08
novice,CO,2.0,30-35,Q6s,213,23,188,2,0,0,2023-09-11T21:54:37,2026-07-20T18:25:19
novice,CO,2.0,30-35,Q7o,617,222,390,5,0,0,2023-09-01T15:08:45,2026-07-20T07:00:43
novice,CO,2.0,30-35,Q7s,194,13,180,1,0,0,2023-09-18T15:39:51,2026-07-10T08:18:33
novice,CO,2.0,30-35,Q8o,656,144,504,7,1,0,2023-09-03T03:27:53,2026-07-18T07:45:59
novice,CO,2.0,30-35,Q8s,223,5,218,0,0,0,2023-09-15T21:21:21,2026-07-17T18:04:30
novice,CO,2.0,30-35,Q9o,600,73,522,4,1,0,2023-09-01T19:43:07,2026-07-19T20:24:52
novice,CO,2.0,30-35,Q9s,199,4,193,2,0,0,2023-09-02T15:23:28,2026-07-21T13:24:51
novice,CO,2.0,30-35,QJo,635,16,594,20,5,0,2023-09-06T11:02:19,2026-07-17T12:52:14
novice,CO,2.0,30-35,QJs,214,0,202,11,1,0,2023-09-10T09:16:40,2026-07-20T19:25:13
novice,CO,2.0,30-35,QQ,303,3,7,246,47,0,2023-09-06T07:20:40,2026-07-20T17:08:56
novice,CO,2.0,30-35,QTo,629,25,597,5,2,0,2023-09-05T13:49:54,2026-07-21T19:42:20
novice,CO,2.0,30-35,QTs,236,3,221,11,1,0,2023-09-03T09:35:51,2026-07-19T16:21:55
novice,CO,2.0,30-35,T2o,565,513,51,1,0,0,2023-09-01T20:03:54,2026-07-20T12:25:36
novice,CO,2.0,30-35,T2s,213,57,156,0,0,0,2023-09-04T15:48:37,2026-07-19T18:04:51
novice,CO,2.0,30-35,T3o,589,534,53,2,0,0,2023-09-02T00:19:56,2026-07-20T20:35:15
novice,CO,2.0,30-35,T3s,191,41,149,1,0,0,2023-09-05T08:07:34,2026-07-18T15:10:21
novice,CO,2.0,30-35,T4o,582,495,84,2,1,0,2023-09-05T15:43:04,2026-07-17T21:22:48
novice,CO,2.0,30-35,T4s,209,46,163,0,0,0,2023-09-05T08:15:00,2026-07-20T18:35:14
novice,CO,2.0,30-35,T5o,584,462,121,1,0,0,2023-09-02T13:13:11,2026-07-18T00:50:09
novice,CO,2.0,30-35,T5s,198,29,169,0,0,0,2023-09-03T10:08:24,2026-07-17T15:23:15
novice,CO,2.0,30-35,T6o,605,347,258,0,0,0,2023-09-01T15:03:15,2026-07-19T16:11:43
novice,CO,2.0,30-35,T6s,221,22,198,1,0,0,2023-09-02T17:39:08,2026-07-20T19:03:03
novice,CO,2.0,30-35,T7o,596,238,358,0,0,0,2023-09-03T17:25:18,2026-07-15T19:28:30
novice,CO,2.0,30-35,T7s,215,7,208,0,0,0,2023-09-21T17:24:10,2026-07-20T19:11:15
novice,CO,2.0,30-35,T8o,612,138,474,0,0,0,2023-09-02T08:09:06,2026-07-21T23:37:23
novice,CO,2.0,30-35,T8s,207,6,199,2,0,0,2023-09-05T00:04:04,2026-07-09T10:34:23
novice,CO,2.0,30-35,T9o,569,54,514,1,0,0,2023-09-09T17:48:27,2026-07-17T21:54:04
novice,CO,2.0,30-35,T9s,211,3,204,4,0,0,2023-09-16T17:40:16,2026-07-19T14:09:46
novice,CO,2.0,30-35,TT,347,3,71,178,95,0,2023-09-03T14:44:44,2026-07-17T18:19:52
novice,CO,2.0,35-40,__MISSING__,9741,3954,5038,655,94,0,2023-09-01T12:28:52,2026-07-21T18:23:07
novice,CO,2.0,35-40,22,213,5,199,4,5,0,2023-09-02T04:27:21,2026-07-19T20:25:25
novice,CO,2.0,35-40,32o,485,400,84,1,0,0,2023-09-02T16:08:13,2026-07-15T21:54:11
novice,CO,2.0,35-40,32s,156,37,118,1,0,0,2023-10-20T13:48:16,2026-07-14T16:05:58
novice,CO,2.0,35-40,33,264,5,249,2,8,0,2023-09-22T18:17:30,2026-07-17T18:49:54
novice,CO,2.0,35-40,42o,503,411,89,3,0,0,2023-09-01T15:49:19,2026-07-20T16:02:23
novice,CO,2.0,35-40,42s,171,40,130,1,0,0,2023-09-22T22:46:37,2026-07-05T16:20:06
novice,CO,2.0,35-40,43o,480,299,180,1,0,0,2023-09-02T18:48:12,2026-07-20T16:02:00
novice,CO,2.0,35-40,43s,148,12,136,0,0,0,2023-09-04T20:33:14,2026-07-20T05:47:18
novice,CO,2.0,35-40,44,238,0,227,5,6,0,2023-09-10T11:41:50,2026-07-10T11:32:58
novice,CO,2.0,35-40,52o,463,396,65,2,0,0,2023-09-10T16:32:59,2026-07-19T21:54:26
novice,CO,2.0,35-40,52s,151,36,115,0,0,0,2023-09-13T14:48:19,2026-07-15T18:19:29
novice,CO,2.0,35-40,53o,492,343,148,1,0,0,2023-09-03T19:50:22,2026-07-21T12:37:38
novice,CO,2.0,35-40,53s,168,20,148,0,0,0,2023-09-18T15:11:17,2026-07-18T20:13:12
novice,CO,2.0,35-40,54o,544,225,318,0,1,0,2023-09-02T18:30:29,2026-07-18T13:18:08
novice,CO,2.0,35-40,54s,160,7,152,1,0,0,2023-09-16T16:47:16,2026-07-15T12:30:39
novice,CO,2.0,35-40,55,285,1,261,13,10,0,2023-09-01T19:20:41,2026-07-12T23:22:43
novice,CO,2.0,35-40,62o,485,441,43,1,0,0,2023-09-01T22:18:50,2026-07-17T18:37:40
novice,CO,2.0,35-40,62s,182,53,129,0,0,0,2023-09-11T20:34:17,2026-07-20T12:44:30
novice,CO,2.0,35-40,63o,467,366,99,2,0,0,2023-09-08T10:51:14,2026-07-17T16:23:34
novice,CO,2.0,35-40,63s,154,28,126,0,0,0,2023-09-03T18:46:24,2026-07-18T17:54:15
novice,CO,2.0,35-40,64o,514,291,222,1,0,0,2023-09-02T05:29:31,2026-07-21T20:47:07
novice,CO,2.0,35-40,64s,153,14,137,2,0,0,2023-09-14T14:25:44,2026-07-11T17:08:11
novice,CO,2.0,35-40,65o,501,145,355,0,1,0,2023-09-04T08:22:45,2026-07-19T16:16:57
novice,CO,2.0,35-40,65s,186,0,184,2,0,0,2023-09-11T09:50:25,2026-07-12T18:51:52
novice,CO,2.0,35-40,66,265,1,225,25,14,0,2023-09-02T04:22:38,2026-07-16T16:32:53
novice,CO,2.0,35-40,72o,472,448,23,1,0,0,2023-09-01T17:26:42,2026-07-21T18:33:50
novice,CO,2.0,35-40,72s,174,65,109,0,0,0,2023-09-03T12:18:55,2026-07-17T05:33:03
novice,CO,2.0,35-40,73o,481,428,51,2,0,0,2023-09-01T23:28:44,2026-07-21T17:45:01
novice,CO,2.0,35-40,73s,197,50,147,0,0,0,2023-09-23T18:18:21,2026-07-18T18:43:46
novice,CO,2.0,35-40,74o,499,360,139,0,0,0,2023-09-06T13:47:37,2026-07-19T16:40:54
novice,CO,2.0,35-40,74s,175,31,142,2,0,0,2023-09-22T05:11:31,2026-07-18T20:12:06
novice,CO,2.0,35-40,75o,534,270,263,1,0,0,2023-09-02T04:26:42,2026-07-19T12:22:50
novice,CO,2.0,35-40,75s,151,6,143,2,0,0,2023-09-12T15:32:50,2026-07-21T18:44:08
novice,CO,2.0,35-40,76o,516,101,414,1,0,0,2023-09-01T21:26:39,2026-07-21T16:06:36
novice,CO,2.0,35-40,76s,157,4,152,1,0,0,2023-10-03T07:11:03,2026-07-21T13:13:24
novice,CO,2.0,35-40,77,249,4,213,19,13,0,2023-09-01T20:20:21,2026-07-18T21:19:39
novice,CO,2.0,35-40,82o,508,470,34,4,0,0,2023-09-01T20:13:24,2026-07-21T15:32:06
novice,CO,2.0,35-40,82s,148,47,101,0,0,0,2023-09-01T14:54:15,2026-07-13T15:48:08
novice,CO,2.0,35-40,83o,488,455,29,4,0,0,2023-09-06T01:37:19,2026-07-21T15:22:33
novice,CO,2.0,35-40,83s,154,48,106,0,0,0,2023-09-18T19:41:45,2026-07-20T13:39:01
novice,CO,2.0,35-40,84o,452,370,81,1,0,0,2023-09-02T14:52:30,2026-07-20T15:37:42
novice,CO,2.0,35-40,84s,166,23,143,0,0,0,2023-09-12T20:43:04,2026-07-08T18:52:52
novice,CO,2.0,35-40,85o,535,326,208,1,0,0,2023-09-01T14:46:45,2026-07-18T06:05:33
novice,CO,2.0,35-40,85s,179,25,154,0,0,0,2023-10-12T19:12:08,2026-07-11T14:31:50
novice,CO,2.0,35-40,86o,477,156,321,0,0,0,2023-09-08T15:44:48,2026-07-19T16:44:07
novice,CO,2.0,35-40,86s,157,5,151,1,0,0,2023-09-10T13:13:27,2026-07-15T12:22:19
novice,CO,2.0,35-40,87o,520,73,446,1,0,0,2023-09-10T15:11:24,2026-07-19T16:03:12
novice,CO,2.0,35-40,87s,171,3,166,1,1,0,2023-09-09T22:52:54,2026-07-14T19:08:06
novice,CO,2.0,35-40,88,252,1,188,41,22,0,2023-09-14T11:45:20,2026-07-18T15:41:08
novice,CO,2.0,35-40,92o,469,437,31,1,0,0,2023-09-06T22:15:12,2026-07-21T10:33:07
novice,CO,2.0,35-40,92s,167,58,108,1,0,0,2023-09-08T19:48:42,2026-07-20T21:23:14
novice,CO,2.0,35-40,93o,529,492,36,0,1,0,2023-09-09T05:10:43,2026-07-21T12:21:34
novice,CO,2.0,35-40,93s,165,42,123,0,0,0,2023-09-14T11:26:42,2026-07-20T15:18:29
novice,CO,2.0,35-40,94o,514,443,69,2,0,0,2023-09-01T22:41:03,2026-07-21T21:29:01
novice,CO,2.0,35-40,94s,175,38,137,0,0,0,2023-09-06T20:10:28,2026-06-27T04:31:34
novice,CO,2.0,35-40,95o,520,371,147,2,0,0,2023-09-03T17:15:01,2026-07-19T15:52:49
novice,CO,2.0,35-40,95s,164,16,148,0,0,0,2023-09-13T16:15:02,2026-07-09T20:03:34
novice,CO,2.0,35-40,96o,492,223,266,3,0,0,2023-09-02T08:45:11,2026-07-16T12:48:31
novice,CO,2.0,35-40,96s,159,11,148,0,0,0,2023-09-06T16:05:20,2026-07-19T13:35:32
novice,CO,2.0,35-40,97o,484,150,334,0,0,0,2023-09-02T20:31:08,2026-07-18T21:25:06
novice,CO,2.0,35-40,97s,180,4,176,0,0,0,2023-09-08T13:26:10,2026-07-19T19:15:36
novice,CO,2.0,35-40,98o,511,69,442,0,0,0,2023-09-04T16:40:24,2026-07-21T20:22:38
novice,CO,2.0,35-40,98s,187,3,179,5,0,0,2023-09-03T14:28:25,2026-07-18T21:29:27
novice,CO,2.0,35-40,99,275,6,129,94,46,0,2023-09-04T17:15:13,2026-07-21T19:15:24
novice,CO,2.0,35-40,A2o,548,94,404,49,1,0,2023-09-04T15:15:55,2026-07-19T15:50:48
novice,CO,2.0,35-40,A2s,198,6,173,18,1,0,2023-09-02T23:32:02,2026-07-17T19:41:36
novice,CO,2.0,35-40,A3o,539,69,423,46,1,0,2023-09-02T18:47:00,2026-07-21T08:19:26
novice,CO,2.0,35-40,A3s,179,2,153,23,1,0,2023-09-14T06:30:25,2026-07-13T17:50:47
novice,CO,2.0,35-40,A4o,567,76,436,55,0,0,2023-09-08T04:32:39,2026-07-18T21:01:10
novice,CO,2.0,35-40,A4s,191,1,163,25,2,0,2023-09-05T12:40:52,2026-07-18T19:11:30
novice,CO,2.0,35-40,A5o,513,50,414,46,3,0,2023-09-02T09:26:03,2026-07-21T08:01:00
novice,CO,2.0,35-40,A5s,177,2,138,36,1,0,2023-09-19T09:44:06,2026-07-09T13:41:00
novice,CO,2.0,35-40,A6o,551,47,471,32,1,0,2023-09-05T08:19:00,2026-07-16T09:25:14
novice,CO,2.0,35-40,A6s,214,4,194,15,1,0,2023-09-02T15:06:53,2026-07-15T12:44:39
novice,CO,2.0,35-40,A7o,548,47,482,17,2,0,2023-09-02T12:50:46,2026-07-21T14:54:56
novice,CO,2.0,35-40,A7s,177,3,162,12,0,0,2023-09-08T20:03:43,2026-07-07T20:23:39
novice,CO,2.0,35-40,A8o,561,40,491,27,3,0,2023-09-01T13:36:14,2026-07-19T15:22:38
novice,CO,2.0,35-40,A8s,173,2,155,15,1,0,2023-09-02T08:42:52,2026-07-17T22:16:23
novice,CO,2.0,35-40,A9o,540,27,481,21,11,0,2023-09-04T23:43:10,2026-07-20T15:50:31
novice,CO,2.0,35-40,A9s,178,4,153,20,1,0,2023-09-02T12:49:35,2026-07-14T14:50:46
novice,CO,2.0,35-40,AA,253,3,11,233,6,0,2023-09-12T07:20:54,2026-07-18T19:47:47
novice,CO,2.0,35-40,AJo,584,12,280,262,30,0,2023-09-01T17:18:19,2026-07-21T16:02:09
novice,CO,2.0,35-40,AJs,178,2,93,70,13,0,2023-09-02T12:26:54,2026-07-21T16:40:41
novice,CO,2.0,35-40,AKo,561,5,18,428,110,0,2023-09-04T14:52:18,2026-07-21T07:28:27
novice,CO,2.0,35-40,AKs,165,1,7,127,30,0,2023-09-12T07:12:03,2026-07-11T14:50:28
novice,CO,2.0,35-40,AQo,528,10,124,336,58,0,2023-09-07T16:32:04,2026-07-20T18:31:06
novice,CO,2.0,35-40,AQs,180,2,36,119,23,0,2023-09-19T17:23:28,2026-07-16T14:14:44
novice,CO,2.0,35-40,ATo,574,8,448,106,12,0,2023-09-02T22:46:39,2026-07-20T01:21:05
novice,CO,2.0,35-40,ATs,201,2,148,48,3,0,2023-09-06T10:42:12,2026-07-18T13:29:57
novice,CO,2.0,35-40,J2o,523,453,64,6,0,0,2023-09-11T10:18:32,2026-07-21T14:29:03
novice,CO,2.0,35-40,J2s,169,16,152,1,0,0,2023-09-03T10:47:18,2026-07-19T15:11:59
novice,CO,2.0,35-40,J3o,510,398,106,6,0,0,2023-09-12T11:09:18,2026-07-18T11:25:17
novice,CO,2.0,35-40,J3s,172,24,147,1,0,0,2023-09-01T10:46:19,2026-07-18T17:20:21
novice,CO,2.0,35-40,J4o,468,343,116,9,0,0,2023-09-03T12:13:52,2026-07-21T20:11:21
novice,CO,2.0,35-40,J4s,177,21,154,2,0,0,2023-09-03T22:47:50,2026-07-11T14:31:49
novice,CO,2.0,35-40,J5o,484,327,150,6,1,0,2023-09-10T16:51:13,2026-07-20T01:06:47
novice,CO,2.0,35-40,J5s,180,19,161,0,0,0,2023-09-01T17:30:12,2026-07-14T21:32:55
novice,CO,2.0,35-40,J6o,498,285,212,1,0,0,2023-09-01T18:40:34,2026-07-15T22:37:48
novice,CO,2.0,35-40,J6s,178,9,168,1,0,0,2023-09-02T20:53:05,2026-07-19T09:53:47
novice,CO,2.0,35-40,J7o,541,201,336,4,0,0,2023-09-17T17:54:38,2026-07-21T03:16:02
novice,CO,2.0,35-40,J7s,161,11,150,0,0,0,2023-09-16T21:45:26,2026-07-19T21:14:34
novice,CO,2.0,35-40,J8o,559,120,437,2,0,0,2023-09-04T12:53:14,2026-07-17T17:44:56
novice,CO,2.0,35-40,J8s,147,2,145,0,0,0,2023-09-21T19:17:50,2026-07-19T15:48:06
novice,CO,2.0,35-40,J9o,504,55,443,6,0,0,2023-09-03T18:01:01,2026-07-19T20:18:51
novice,CO,2.0,35-40,J9s,165,0,161,4,0,0,2023-09-19T10:26:57,2026-07-10T17:15:37
novice,CO,2.0,35-40,JJ,279,5,12,222,40,0,2023-09-01T11:53:19,2026-07-12T19:44:00
novice,CO,2.0,35-40,JTo,548,17,527,4,0,0,2023-09-02T20:09:24,2026-07-19T21:39:58
novice,CO,2.0,35-40,JTs,179,3,170,6,0,0,2023-09-04T15:07:40,2026-07-21T16:52:02
novice,CO,2.0,35-40,K2o,568,295,260,13,0,0,2023-09-04T18:34:34,2026-07-21T18:32:34
novice,CO,2.0,35-40,K2s,160,12,144,4,0,0,2023-09-07T08:09:21,2026-07-06T16:21:52
novice,CO,2.0,35-40,K3o,501,259,230,12,0,0,2023-09-11T13:10:03,2026-07-19T11:10:58
novice,CO,2.0,35-40,K3s,165,12,148,5,0,0,2023-09-20T04:12:54,2026-07-19T18:51:59
novice,CO,2.0,35-40,K4o,500,224,261,15,0,0,2023-09-06T12:46:34,2026-07-19T14:49:21
novice,CO,2.0,35-40,K4s,158,7,145,6,0,0,2023-09-14T20:07:01,2026-07-19T18:49:48
novice,CO,2.0,35-40,K5o,549,212,316,20,1,0,2023-09-04T17:28:15,2026-07-20T17:40:28
novice,CO,2.0,35-40,K5s,192,8,179,5,0,0,2023-09-06T16:43:39,2026-07-20T18:44:27
novice,CO,2.0,35-40,K6o,488,154,325,9,0,0,2023-09-02T17:18:17,2026-07-21T19:03:33
novice,CO,2.0,35-40,K6s,192,6,183,3,0,0,2023-09-20T19:04:28,2026-07-14T16:12:59
novice,CO,2.0,35-40,K7o,526,138,383,5,0,0,2023-09-04T19:04:47,2026-07-20T20:44:41
novice,CO,2.0,35-40,K7s,168,4,159,4,1,0,2023-09-04T13:40:32,2026-07-12T14:28:20
novice,CO,2.0,35-40,K8o,520,92,423,5,0,0,2023-09-02T04:52:08,2026-07-19T15:11:31
novice,CO,2.0,35-40,K8s,207,4,197,6,0,0,2023-09-07T18:33:36,2026-07-16T15:40:14
novice,CO,2.0,35-40,K9o,478,47,427,4,0,0,2023-09-16T17:40:36,2026-07-15T05:48:08
novice,CO,2.0,35-40,K9s,193,2,183,8,0,0,2023-09-03T23:47:40,2026-07-14T14:51:11
novice,CO,2.0,35-40,KJo,544,6,480,55,3,0,2023-09-06T10:23:46,2026-07-19T16:41:54
novice,CO,2.0,35-40,KJs,171,4,133,33,1,0,2023-09-03T11:14:23,2026-07-17T08:32:21
novice,CO,2.0,35-40,KK,261,3,9,233,16,0,2023-09-06T13:23:07,2026-07-21T14:44:44
novice,CO,2.0,35-40,KQo,567,10,419,133,5,0,2023-09-05T05:39:04,2026-07-19T18:43:09
novice,CO,2.0,35-40,KQs,198,2,138,57,1,0,2023-09-17T19:33:04,2026-07-19T18:35:55
novice,CO,2.0,35-40,KTo,520,16,491,13,0,0,2023-09-02T11:12:12,2026-07-18T00:18:41
novice,CO,2.0,35-40,KTs,184,1,167,15,1,0,2023-09-07T17:22:25,2026-07-13T00:29:30
novice,CO,2.0,35-40,Q2o,522,367,151,4,0,0,2023-09-05T02:01:46,2026-07-21T16:42:50
novice,CO,2.0,35-40,Q2s,183,32,151,0,0,0,2023-09-03T23:06:30,2026-07-15T16:30:13
novice,CO,2.0,35-40,Q3o,504,326,173,5,0,0,2023-09-02T17:45:38,2026-07-21T19:53:22
novice,CO,2.0,35-40,Q3s,177,23,151,3,0,0,2023-09-09T17:28:33,2026-07-15T11:32:48
novice,CO,2.0,35-40,Q4o,494,335,148,11,0,0,2023-09-03T11:34:49,2026-07-18T15:28:02
novice,CO,2.0,35-40,Q4s,187,18,168,1,0,0,2023-09-01T09:51:49,2026-07-15T18:24:57
novice,CO,2.0,35-40,Q5o,525,299,218,8,0,0,2023-09-06T08:23:32,2026-07-21T19:30:06
novice,CO,2.0,35-40,Q5s,173,19,153,1,0,0,2023-09-11T23:03:29,2026-07-19T23:18:28
novice,CO,2.0,35-40,Q6o,493,243,247,3,0,0,2023-09-06T14:53:19,2026-07-21T17:13:20
novice,CO,2.0,35-40,Q6s,184,13,168,3,0,0,2023-09-04T17:33:05,2026-07-20T19:05:27
novice,CO,2.0,35-40,Q7o,518,203,310,5,0,0,2023-09-02T18:16:15,2026-07-21T18:51:43
novice,CO,2.0,35-40,Q7s,167,4,163,0,0,0,2023-10-03T15:22:31,2026-07-19T16:18:13
novice,CO,2.0,35-40,Q8o,595,114,478,2,1,0,2023-09-01T21:23:06,2026-07-21T09:05:17
novice,CO,2.0,35-40,Q8s,162,2,157,3,0,0,2023-09-05T17:39:52,2026-07-02T23:21:17
novice,CO,2.0,35-40,Q9o,513,67,442,4,0,0,2023-09-02T00:22:17,2026-07-19T13:47:17
novice,CO,2.0,35-40,Q9s,181,4,174,2,1,0,2023-09-04T21:26:28,2026-07-11T19:43:18
novice,CO,2.0,35-40,QJo,536,21,499,15,1,0,2023-09-02T15:17:02,2026-07-18T20:34:42
novice,CO,2.0,35-40,QJs,196,4,173,18,1,0,2023-09-05T08:21:11,2026-07-17T18:49:07
novice,CO,2.0,35-40,QQ,235,6,1,201,27,0,2023-09-05T02:15:41,2026-07-18T17:54:09
novice,CO,2.0,35-40,QTo,557,16,532,8,1,0,2023-09-13T07:16:19,2026-07-17T16:22:31
novice,CO,2.0,35-40,QTs,163,3,152,8,0,0,2023-09-02T16:08:30,2026-06-28T19:41:35
novice,CO,2.0,35-40,T2o,500,457,41,2,0,0,2023-09-06T18:32:11,2026-07-21T19:53:25
novice,CO,2.0,35-40,T2s,176,45,131,0,0,0,2023-09-14T09:34:25,2026-07-16T21:23:55
novice,CO,2.0,35-40,T3o,523,459,59,5,0,0,2023-09-07T16:24:04,2026-07-18T18:20:53
novice,CO,2.0,35-40,T3s,177,40,134,3,0,0,2023-09-11T17:19:05,2026-07-18T18:04:07
novice,CO,2.0,35-40,T4o,492,413,78,1,0,0,2023-09-02T13:16:03,2026-07-21T15:21:25
novice,CO,2.0,35-40,T4s,190,28,161,1,0,0,2023-09-27T17:03:17,2026-06-28T21:22:32
novice,CO,2.0,35-40,T5o,525,390,134,1,0,0,2023-09-04T18:54:11,2026-07-20T21:53:10
novice,CO,2.0,35-40,T5s,144,19,125,0,0,0,2023-09-04T12:52:20,2026-07-17T11:39:32
novice,CO,2.0,35-40,T6o,505,282,221,2,0,0,2023-09-02T11:21:33,2026-07-20T10:50:27
novice,CO,2.0,35-40,T6s,182,13,168,1,0,0,2023-09-16T07:30:47,2026-07-20T18:54:01
novice,CO,2.0,35-40,T7o,546,199,347,0,0,0,2023-09-02T15:54:21,2026-07-20T17:16:33
novice,CO,2.0,35-40,T7s,178,9,168,1,0,0,2023-09-04T16:32:06,2026-07-17T15:13:02
novice,CO,2.0,35-40,T8o,535,126,409,0,0,0,2023-09-02T19:29:08,2026-07-20T05:08:41
novice,CO,2.0,35-40,T8s,159,6,153,0,0,0,2023-09-20T02:13:21,2026-07-20T21:37:53
novice,CO,2.0,35-40,T9o,468,49,416,3,0,0,2023-09-06T14:18:19,2026-07-19T18:50:04
novice,CO,2.0,35-40,T9s,166,0,160,6,0,0,2023-09-06T05:05:18,2026-07-16T20:01:47
novice,CO,2.0,35-40,TT,282,4,53,179,46,0,2023-09-11T06:39:32,2026-07-16T15:02:21
novice,CO,2.5,25-30,__MISSING__,775,515,228,21,11,0,2023-09-07T19:01:23,2026-07-17T21:12:31
novice,CO,2.5,25-30,22,25,1,23,0,1,0,2023-09-30T21:01:00,2026-07-17T10:19:08
novice,CO,2.5,25-30,32o,72,70,2,0,0,0,2023-09-09T07:37:49,2026-07-03T12:05:40
novice,CO,2.5,25-30,32s,19,14,5,0,0,0,2023-11-03T12:06:07,2026-06-20T22:44:56
novice,CO,2.5,25-30,33,40,2,33,0,5,0,2023-09-03T18:06:13,2026-06-21T12:27:16
novice,CO,2.5,25-30,42o,66,65,1,0,0,0,2023-09-14T03:17:54,2026-07-10T19:11:59
novice,CO,2.5,25-30,42s,14,11,3,0,0,0,2023-10-08T20:13:30,2026-07-04T18:37:15
novice,CO,2.5,25-30,43o,66,56,9,1,0,0,2023-10-14T22:45:28,2026-07-20T19:24:09
novice,CO,2.5,25-30,43s,25,13,12,0,0,0,2023-10-08T14:12:33,2026-06-01T22:16:25
novice,CO,2.5,25-30,44,32,0,28,0,4,0,2023-09-24T12:31:18,2026-07-20T20:19:06
novice,CO,2.5,25-30,52o,64,64,0,0,0,0,2023-09-27T13:28:30,2026-07-08T13:49:44
novice,CO,2.5,25-30,52s,21,16,5,0,0,0,2023-10-03T16:02:00,2026-06-09T19:33:40
novice,CO,2.5,25-30,53o,50,43,7,0,0,0,2023-12-22T14:42:03,2026-07-05T19:51:22
novice,CO,2.5,25-30,53s,29,11,18,0,0,0,2023-09-24T09:04:28,2026-07-01T19:15:32
novice,CO,2.5,25-30,54o,71,56,15,0,0,0,2023-09-30T16:51:54,2026-07-07T20:20:34
novice,CO,2.5,25-30,54s,28,5,23,0,0,0,2023-09-21T18:20:20,2026-07-07T20:24:31
novice,CO,2.5,25-30,55,36,0,32,0,4,0,2023-09-17T11:49:05,2026-06-29T08:21:49
novice,CO,2.5,25-30,62o,65,65,0,0,0,0,2023-09-09T15:28:48,2026-07-13T10:29:13
novice,CO,2.5,25-30,62s,22,16,6,0,0,0,2023-09-23T21:04:08,2026-06-20T16:40:11
novice,CO,2.5,25-30,63o,63,59,4,0,0,0,2023-09-12T18:10:30,2026-07-19T22:29:25
novice,CO,2.5,25-30,63s,26,18,8,0,0,0,2023-09-02T14:45:57,2026-06-07T16:39:32
novice,CO,2.5,25-30,64o,74,65,9,0,0,0,2023-09-02T14:11:35,2026-07-12T17:35:39
novice,CO,2.5,25-30,64s,21,9,12,0,0,0,2023-10-27T19:41:56,2026-07-10T14:07:41
novice,CO,2.5,25-30,65o,51,31,20,0,0,0,2023-09-03T18:42:01,2026-07-12T12:13:40
novice,CO,2.5,25-30,65s,27,4,23,0,0,0,2023-12-23T11:40:31,2026-04-08T08:31:11
novice,CO,2.5,25-30,66,30,0,27,0,3,0,2023-10-21T17:53:45,2026-07-14T13:32:53
novice,CO,2.5,25-30,72o,64,64,0,0,0,0,2023-09-30T08:27:36,2026-07-16T00:47:46
novice,CO,2.5,25-30,72s,21,17,4,0,0,0,2023-09-22T20:11:12,2026-07-16T09:43:32
novice,CO,2.5,25-30,73o,52,50,2,0,0,0,2023-09-02T17:34:21,2026-06-22T17:31:32
novice,CO,2.5,25-30,73s,28,19,9,0,0,0,2024-03-11T16:16:33,2026-04-23T02:48:45
novice,CO,2.5,25-30,74o,67,64,3,0,0,0,2023-09-16T19:12:00,2026-07-01T23:33:13
novice,CO,2.5,25-30,74s,12,7,5,0,0,0,2023-09-06T06:16:34,2026-06-17T16:27:52
novice,CO,2.5,25-30,75o,76,65,11,0,0,0,2023-09-29T07:42:06,2026-06-10T19:34:25
novice,CO,2.5,25-30,75s,20,4,16,0,0,0,2023-10-14T16:27:27,2026-03-14T18:16:58
novice,CO,2.5,25-30,76o,84,55,29,0,0,0,2023-10-12T17:53:21,2026-07-11T16:16:23
novice,CO,2.5,25-30,76s,31,4,27,0,0,0,2023-09-30T15:46:06,2026-05-29T00:51:23
novice,CO,2.5,25-30,77,36,1,25,2,8,0,2023-09-30T17:08:54,2026-06-28T06:19:59
novice,CO,2.5,25-30,82o,73,73,0,0,0,0,2023-09-01T10:54:39,2026-07-06T21:13:10
novice,CO,2.5,25-30,82s,21,19,2,0,0,0,2023-10-04T14:40:07,2026-07-09T16:16:46
novice,CO,2.5,25-30,83o,59,59,0,0,0,0,2023-09-12T13:40:44,2026-07-15T17:47:49
novice,CO,2.5,25-30,83s,26,17,9,0,0,0,2023-09-19T14:30:21,2026-06-04T20:03:02
novice,CO,2.5,25-30,84o,73,73,0,0,0,0,2023-10-10T19:08:13,2026-06-15T18:40:27
novice,CO,2.5,25-30,84s,23,14,9,0,0,0,2023-10-22T17:27:10,2026-07-20T18:52:58
novice,CO,2.5,25-30,85o,64,60,4,0,0,0,2023-10-31T19:11:07,2026-07-15T02:42:44
novice,CO,2.5,25-30,85s,21,11,10,0,0,0,2023-09-23T08:33:15,2026-07-14T19:15:17
novice,CO,2.5,25-30,86o,85,73,12,0,0,0,2023-09-10T23:36:17,2026-07-16T15:49:05
novice,CO,2.5,25-30,86s,22,6,16,0,0,0,2024-05-11T15:52:14,2026-03-06T22:22:34
novice,CO,2.5,25-30,87o,72,31,41,0,0,0,2023-09-15T09:43:21,2026-07-11T15:46:48
novice,CO,2.5,25-30,87s,32,8,24,0,0,0,2023-10-24T19:30:47,2026-07-07T03:26:48
novice,CO,2.5,25-30,88,34,0,18,2,14,0,2023-09-02T18:53:26,2026-05-03T00:33:56
novice,CO,2.5,25-30,92o,69,69,0,0,0,0,2023-09-10T14:22:43,2026-07-20T17:24:06
novice,CO,2.5,25-30,92s,24,19,5,0,0,0,2023-11-06T22:54:01,2026-07-03T15:42:37
novice,CO,2.5,25-30,93o,90,90,0,0,0,0,2023-09-28T09:23:15,2026-07-06T14:31:06
novice,CO,2.5,25-30,93s,19,15,4,0,0,0,2023-10-29T01:37:10,2026-07-16T00:35:47
novice,CO,2.5,25-30,94o,63,62,1,0,0,0,2023-09-02T05:26:23,2026-07-13T21:53:42
novice,CO,2.5,25-30,94s,15,6,9,0,0,0,2023-11-26T21:18:24,2026-05-25T23:34:43
novice,CO,2.5,25-30,95o,65,58,7,0,0,0,2023-09-30T17:45:24,2026-07-07T16:48:39
novice,CO,2.5,25-30,95s,34,16,18,0,0,0,2023-11-05T11:07:05,2026-06-12T12:42:32
novice,CO,2.5,25-30,96o,70,64,6,0,0,0,2023-09-05T12:26:55,2026-07-11T00:13:54
novice,CO,2.5,25-30,96s,29,14,15,0,0,0,2024-01-09T15:16:56,2026-05-15T15:48:59
novice,CO,2.5,25-30,97o,65,50,15,0,0,0,2023-09-14T13:52:32,2026-07-13T19:47:02
novice,CO,2.5,25-30,97s,28,7,21,0,0,0,2024-05-31T10:44:49,2026-06-29T18:45:40
novice,CO,2.5,25-30,98o,59,31,28,0,0,0,2023-09-22T14:29:45,2026-07-14T19:45:32
novice,CO,2.5,25-30,98s,28,0,28,0,0,0,2023-09-14T19:47:47,2026-07-13T20:45:12
novice,CO,2.5,25-30,99,28,0,11,4,13,0,2024-01-25T17:44:32,2026-07-16T17:19:55
novice,CO,2.5,25-30,A2o,65,31,32,2,0,0,2023-09-15T15:38:06,2026-06-29T17:54:13
novice,CO,2.5,25-30,A2s,20,2,17,0,1,0,2024-01-03T08:26:54,2026-06-28T15:47:36
novice,CO,2.5,25-30,A3o,62,30,30,1,1,0,2023-10-29T18:40:19,2026-06-28T18:17:50
novice,CO,2.5,25-30,A3s,36,0,29,3,4,0,2023-09-02T12:47:16,2026-06-16T20:22:16
novice,CO,2.5,25-30,A4o,80,40,40,0,0,0,2023-10-11T17:27:26,2026-07-19T17:22:38
novice,CO,2.5,25-30,A4s,26,1,23,1,1,0,2023-09-09T10:31:54,2026-06-16T08:48:07
novice,CO,2.5,25-30,A5o,68,30,35,0,3,0,2023-10-08T20:23:49,2026-07-10T16:27:30
novice,CO,2.5,25-30,A5s,19,0,16,2,1,0,2023-12-26T11:54:10,2026-03-28T18:47:33
novice,CO,2.5,25-30,A6o,70,28,40,1,1,0,2023-09-10T15:33:46,2026-06-30T20:47:41
novice,CO,2.5,25-30,A6s,28,1,27,0,0,0,2023-12-05T01:20:26,2026-07-02T18:21:53
novice,CO,2.5,25-30,A7o,60,29,31,0,0,0,2023-09-09T18:31:50,2026-07-18T11:07:44
novice,CO,2.5,25-30,A7s,24,0,23,0,1,0,2023-09-25T11:29:42,2026-07-20T11:19:18
novice,CO,2.5,25-30,A8o,62,26,32,1,3,0,2023-10-03T18:48:41,2026-07-10T21:01:01
novice,CO,2.5,25-30,A8s,21,0,19,0,2,0,2023-10-01T02:16:15,2026-04-25T15:37:08
novice,CO,2.5,25-30,A9o,69,16,49,1,3,0,2023-09-09T19:25:14,2026-07-16T16:26:56
novice,CO,2.5,25-30,A9s,25,1,22,0,2,0,2024-06-06T15:26:32,2026-07-18T13:31:20
novice,CO,2.5,25-30,AA,38,0,4,30,4,0,2023-09-03T17:22:58,2026-05-25T13:54:38
novice,CO,2.5,25-30,AJo,76,0,43,10,23,0,2023-09-11T18:13:06,2026-07-11T15:44:04
novice,CO,2.5,25-30,AJs,24,0,10,7,7,0,2023-11-06T20:33:55,2026-04-20T17:36:39
novice,CO,2.5,25-30,AKo,63,2,2,19,40,0,2023-09-05T18:38:10,2026-07-16T06:05:33
novice,CO,2.5,25-30,AKs,29,1,2,15,11,0,2023-09-02T20:38:16,2026-06-08T18:34:14
novice,CO,2.5,25-30,AQo,53,1,10,16,26,0,2023-10-06T19:41:21,2026-06-19T13:40:37
novice,CO,2.5,25-30,AQs,16,0,4,4,8,0,2023-10-11T01:18:17,2026-05-14T16:35:40
novice,CO,2.5,25-30,ATo,70,2,50,7,11,0,2023-10-01T18:37:16,2026-06-28T21:01:19
novice,CO,2.5,25-30,ATs,30,0,24,1,5,0,2023-10-07T18:37:43,2026-07-18T17:45:50
novice,CO,2.5,25-30,J2o,76,73,3,0,0,0,2023-09-02T13:26:19,2026-07-19T20:52:40
novice,CO,2.5,25-30,J2s,20,14,6,0,0,0,2023-10-16T08:01:47,2026-03-03T17:47:13
novice,CO,2.5,25-30,J3o,68,67,1,0,0,0,2023-11-11T16:47:05,2026-07-12T19:37:54
novice,CO,2.5,25-30,J3s,24,13,11,0,0,0,2023-09-11T18:19:35,2026-07-16T08:10:45
novice,CO,2.5,25-30,J4o,72,70,2,0,0,0,2023-09-20T09:24:11,2026-07-11T19:25:41
novice,CO,2.5,25-30,J4s,14,9,5,0,0,0,2023-11-29T19:51:16,2026-02-11T15:15:06
novice,CO,2.5,25-30,J5o,57,53,4,0,0,0,2023-09-28T20:01:00,2026-07-05T18:09:22
novice,CO,2.5,25-30,J5s,23,10,13,0,0,0,2023-10-17T14:08:47,2026-06-11T11:22:17
novice,CO,2.5,25-30,J6o,71,64,7,0,0,0,2023-09-10T13:20:22,2026-07-10T18:23:08
novice,CO,2.5,25-30,J6s,24,6,18,0,0,0,2023-09-04T07:47:46,2026-07-18T20:26:33
novice,CO,2.5,25-30,J7o,84,67,17,0,0,0,2023-09-12T19:30:40,2026-06-30T20:17:41
novice,CO,2.5,25-30,J7s,23,4,19,0,0,0,2023-09-19T07:52:45,2026-07-13T16:17:38
novice,CO,2.5,25-30,J8o,66,39,27,0,0,0,2023-09-24T10:32:10,2026-07-18T16:41:30
novice,CO,2.5,25-30,J8s,24,2,22,0,0,0,2023-10-17T23:24:06,2026-07-15T16:05:17
novice,CO,2.5,25-30,J9o,63,34,29,0,0,0,2023-12-10T17:04:57,2026-06-07T15:42:26
novice,CO,2.5,25-30,J9s,27,1,26,0,0,0,2023-09-17T06:30:19,2026-06-28T20:01:01
novice,CO,2.5,25-30,JJ,44,1,4,16,23,0,2023-09-13T17:17:50,2026-07-17T17:13:20
novice,CO,2.5,25-30,JTo,84,20,64,0,0,0,2023-09-14T17:36:03,2026-07-18T13:45:18
novice,CO,2.5,25-30,JTs,25,1,24,0,0,0,2023-10-08T19:40:26,2026-07-10T23:08:19
novice,CO,2.5,25-30,K2o,66,55,11,0,0,0,2023-09-11T07:13:15,2026-07-11T19:42:43
novice,CO,2.5,25-30,K2s,20,7,13,0,0,0,2023-09-20T21:33:53,2026-07-14T16:26:34
novice,CO,2.5,25-30,K3o,84,70,14,0,0,0,2023-09-24T13:31:49,2026-07-12T19:37:12
novice,CO,2.5,25-30,K3s,22,1,21,0,0,0,2024-04-16T10:17:43,2026-07-11T19:32:33
novice,CO,2.5,25-30,K4o,74,64,9,1,0,0,2023-09-04T20:48:53,2026-06-16T16:25:36
novice,CO,2.5,25-30,K4s,25,7,18,0,0,0,2023-10-18T16:08:20,2026-06-24T20:07:58
novice,CO,2.5,25-30,K5o,72,56,16,0,0,0,2023-09-06T06:51:35,2026-07-07T21:41:25
novice,CO,2.5,25-30,K5s,16,2,14,0,0,0,2023-12-22T11:40:00,2026-06-16T08:41:40
novice,CO,2.5,25-30,K6o,75,57,17,1,0,0,2023-09-30T16:23:23,2026-07-18T13:10:54
novice,CO,2.5,25-30,K6s,25,2,23,0,0,0,2024-01-14T15:43:41,2026-07-19T19:44:05
novice,CO,2.5,25-30,K7o,65,48,16,1,0,0,2023-09-16T19:38:48,2026-07-19T15:25:16
novice,CO,2.5,25-30,K7s,13,3,10,0,0,0,2024-05-19T15:29:51,2026-07-06T19:35:18
novice,CO,2.5,25-30,K8o,77,49,28,0,0,0,2023-09-27T12:07:35,2026-07-15T10:19:11
novice,CO,2.5,25-30,K8s,25,1,23,0,1,0,2023-12-10T21:24:04,2026-06-19T23:02:15
novice,CO,2.5,25-30,K9o,73,27,45,1,0,0,2023-09-02T08:20:05,2026-07-09T16:28:56
novice,CO,2.5,25-30,K9s,21,1,20,0,0,0,2023-10-30T20:37:06,2026-07-12T17:43:39
novice,CO,2.5,25-30,KJo,64,2,56,2,4,0,2023-09-01T20:29:19,2026-06-27T17:38:52
novice,CO,2.5,25-30,KJs,21,0,19,1,1,0,2023-09-14T14:53:01,2026-04-28T17:22:50
novice,CO,2.5,25-30,KK,43,0,0,32,11,0,2023-09-01T23:09:31,2026-06-24T17:36:49
novice,CO,2.5,25-30,KQo,81,4,65,7,5,0,2023-09-05T23:22:36,2026-07-17T16:39:33
novice,CO,2.5,25-30,KQs,17,0,16,0,1,0,2023-10-22T16:45:39,2026-07-02T19:19:26
novice,CO,2.5,25-30,KTo,76,11,64,1,0,0,2023-09-15T09:39:12,2026-07-05T19:45:30
novice,CO,2.5,25-30,KTs,17,0,15,1,1,0,2023-10-27T19:14:52,2026-03-28T10:04:48
novice,CO,2.5,25-30,Q2o,66,63,3,0,0,0,2023-09-05T13:44:32,2026-06-29T15:45:04
novice,CO,2.5,25-30,Q2s,29,13,16,0,0,0,2023-11-03T16:54:49,2026-07-20T18:52:09
novice,CO,2.5,25-30,Q3o,69,69,0,0,0,0,2023-10-06T18:44:09,2026-06-29T08:41:19
novice,CO,2.5,25-30,Q3s,27,13,14,0,0,0,2023-11-25T17:17:08,2026-07-21T20:47:24
novice,CO,2.5,25-30,Q4o,47,43,4,0,0,0,2023-09-07T21:28:27,2026-06-11T15:20:00
novice,CO,2.5,25-30,Q4s,23,11,12,0,0,0,2024-01-05T21:14:15,2026-07-17T20:32:10
novice,CO,2.5,25-30,Q5o,61,57,4,0,0,0,2023-09-06T22:38:30,2026-07-21T20:44:46
novice,CO,2.5,25-30,Q5s,25,9,16,0,0,0,2023-10-29T20:33:56,2026-06-12T18:06:28
novice,CO,2.5,25-30,Q6o,66,52,14,0,0,0,2023-09-13T16:52:51,2026-07-16T17:31:42
novice,CO,2.5,25-30,Q6s,15,2,13,0,0,0,2024-02-01T11:25:41,2026-07-13T20:11:55
novice,CO,2.5,25-30,Q7o,68,52,16,0,0,0,2023-09-11T00:13:46,2026-07-19T10:20:36
novice,CO,2.5,25-30,Q7s,21,8,13,0,0,0,2024-01-25T02:11:46,2026-07-11T16:22:35
novice,CO,2.5,25-30,Q8o,72,49,23,0,0,0,2023-09-29T21:15:06,2026-05-21T16:50:56
novice,CO,2.5,25-30,Q8s,31,3,28,0,0,0,2023-10-30T15:19:46,2026-07-16T13:50:32
novice,CO,2.5,25-30,Q9o,82,44,38,0,0,0,2023-09-02T07:27:36,2026-07-20T13:09:37
novice,CO,2.5,25-30,Q9s,31,0,30,1,0,0,2023-10-04T12:50:01,2026-05-20T12:25:34
novice,CO,2.5,25-30,QJo,54,6,47,0,1,0,2023-09-07T20:09:01,2026-07-14T22:10:26
novice,CO,2.5,25-30,QJs,21,0,20,1,0,0,2023-09-25T09:08:56,2026-07-20T21:26:36
novice,CO,2.5,25-30,QQ,31,0,2,12,17,0,2023-09-12T10:30:27,2026-06-13T20:11:01
novice,CO,2.5,25-30,QTo,69,10,58,1,0,0,2023-10-14T20:21:15,2026-06-25T16:40:09
novice,CO,2.5,25-30,QTs,23,3,19,1,0,0,2023-10-04T15:09:28,2026-05-23T19:34:41
novice,CO,2.5,25-30,T2o,63,62,1,0,0,0,2023-09-07T07:06:28,2026-07-12T13:04:02
novice,CO,2.5,25-30,T2s,17,11,6,0,0,0,2023-11-28T19:34:09,2026-07-12T21:47:33
novice,CO,2.5,25-30,T3o,60,59,1,0,0,0,2023-09-29T05:53:38,2026-07-11T15:51:38
novice,CO,2.5,25-30,T3s,29,19,10,0,0,0,2023-10-25T07:35:09,2026-06-14T15:23:22
novice,CO,2.5,25-30,T4o,67,64,3,0,0,0,2023-09-17T09:18:16,2026-06-28T17:41:23
novice,CO,2.5,25-30,T4s,18,12,6,0,0,0,2023-12-29T18:28:31,2026-06-10T06:36:26
novice,CO,2.5,25-30,T5o,72,69,3,0,0,0,2023-09-22T14:10:41,2026-07-16T14:03:46
novice,CO,2.5,25-30,T5s,19,6,13,0,0,0,2023-11-16T19:06:57,2026-07-11T09:25:11
novice,CO,2.5,25-30,T6o,81,74,7,0,0,0,2024-01-20T11:22:02,2026-07-17T15:53:52
novice,CO,2.5,25-30,T6s,22,7,15,0,0,0,2023-10-15T21:31:25,2026-06-25T23:04:28
novice,CO,2.5,25-30,T7o,66,55,11,0,0,0,2023-09-06T08:29:56,2026-07-07T08:16:29
novice,CO,2.5,25-30,T7s,23,5,17,0,1,0,2024-03-19T12:41:28,2026-05-14T17:49:19
novice,CO,2.5,25-30,T8o,81,49,32,0,0,0,2023-09-13T11:38:55,2026-07-17T19:21:36
novice,CO,2.5,25-30,T8s,30,4,26,0,0,0,2023-09-08T10:54:13,2026-07-11T20:42:03
novice,CO,2.5,25-30,T9o,65,30,34,0,1,0,2023-09-02T13:45:38,2026-07-13T21:43:38
novice,CO,2.5,25-30,T9s,31,4,27,0,0,0,2024-02-16T18:27:07,2026-07-20T18:40:53
novice,CO,2.5,25-30,TT,40,0,8,9,23,0,2023-12-15T21:38:50,2026-07-12T15:07:25
novice,CO,2.5,30-35,__MISSING__,759,492,236,17,14,0,2023-09-02T17:11:37,2026-07-15T21:13:33
novice,CO,2.5,30-35,22,33,2,30,0,1,0,2023-09-11T04:10:23,2026-07-18T13:20:14
novice,CO,2.5,30-35,32o,70,69,1,0,0,0,2023-09-03T14:33:38,2026-07-15T21:21:26
novice,CO,2.5,30-35,32s,24,17,7,0,0,0,2023-12-11T14:34:04,2026-06-23T20:33:12
novice,CO,2.5,30-35,33,31,2,29,0,0,0,2023-12-20T18:30:35,2026-07-19T15:19:20
novice,CO,2.5,30-35,42o,57,54,3,0,0,0,2023-10-08T19:18:04,2026-06-24T22:25:48
novice,CO,2.5,30-35,42s,17,13,4,0,0,0,2024-03-24T11:48:37,2026-06-14T16:49:38
novice,CO,2.5,30-35,43o,67,64,3,0,0,0,2023-09-12T01:11:03,2026-07-19T13:42:55
novice,CO,2.5,30-35,43s,25,9,16,0,0,0,2023-11-05T19:29:10,2026-06-08T20:39:05
novice,CO,2.5,30-35,44,30,0,30,0,0,0,2023-10-13T11:20:10,2026-04-25T16:49:14
novice,CO,2.5,30-35,52o,61,59,2,0,0,0,2023-09-04T17:31:38,2026-07-14T23:18:03
novice,CO,2.5,30-35,52s,22,14,8,0,0,0,2023-09-26T19:50:32,2026-07-09T17:22:58
novice,CO,2.5,30-35,53o,70,64,6,0,0,0,2023-09-24T08:50:27,2026-06-23T17:06:20
novice,CO,2.5,30-35,53s,26,9,17,0,0,0,2023-09-26T10:43:16,2026-03-12T09:39:07
novice,CO,2.5,30-35,54o,58,47,11,0,0,0,2023-09-27T10:27:48,2026-06-11T13:34:55
novice,CO,2.5,30-35,54s,22,5,17,0,0,0,2023-11-19T09:51:22,2026-07-14T19:18:00
novice,CO,2.5,30-35,55,33,3,27,2,1,0,2023-11-05T02:08:20,2026-06-15T15:11:36
novice,CO,2.5,30-35,62o,71,71,0,0,0,0,2023-09-23T18:16:00,2026-07-07T12:20:53
novice,CO,2.5,30-35,62s,24,18,6,0,0,0,2024-02-13T20:36:57,2026-05-31T17:51:08
novice,CO,2.5,30-35,63o,50,48,2,0,0,0,2023-10-17T16:53:52,2026-06-13T10:29:24
novice,CO,2.5,30-35,63s,31,19,12,0,0,0,2023-09-17T17:22:04,2026-07-03T18:49:11
novice,CO,2.5,30-35,64o,58,52,6,0,0,0,2023-09-27T22:04:07,2026-07-15T21:38:28
novice,CO,2.5,30-35,64s,23,6,17,0,0,0,2023-11-29T16:40:32,2026-06-21T14:05:31
novice,CO,2.5,30-35,65o,67,49,18,0,0,0,2023-09-14T05:50:42,2026-07-18T17:13:50
novice,CO,2.5,30-35,65s,21,3,18,0,0,0,2023-11-14T19:20:31,2026-07-17T12:27:36
novice,CO,2.5,30-35,66,31,0,26,1,4,0,2023-10-07T22:19:02,2026-07-06T19:14:35
novice,CO,2.5,30-35,72o,71,71,0,0,0,0,2023-09-12T20:05:41,2026-07-03T19:39:30
novice,CO,2.5,30-35,72s,21,16,5,0,0,0,2023-10-16T18:43:13,2026-06-14T18:35:42
novice,CO,2.5,30-35,73o,70,69,1,0,0,0,2023-09-21T22:12:08,2026-07-09T22:11:10
novice,CO,2.5,30-35,73s,19,13,6,0,0,0,2023-09-03T18:36:47,2026-07-14T09:12:37
novice,CO,2.5,30-35,74o,72,69,3,0,0,0,2023-09-02T19:46:29,2026-07-07T20:32:37
novice,CO,2.5,30-35,74s,19,8,11,0,0,0,2023-12-23T11:52:31,2026-05-29T12:50:02
novice,CO,2.5,30-35,75o,60,53,7,0,0,0,2023-11-21T20:10:23,2026-07-10T20:20:47
novice,CO,2.5,30-35,75s,28,5,23,0,0,0,2023-11-23T20:11:37,2026-03-24T09:33:59
novice,CO,2.5,30-35,76o,62,40,21,1,0,0,2024-03-05T15:49:08,2026-07-17T04:51:57
novice,CO,2.5,30-35,76s,15,2,13,0,0,0,2023-11-03T14:33:32,2026-06-22T12:45:02
novice,CO,2.5,30-35,77,30,0,21,1,8,0,2024-01-16T01:23:25,2026-04-08T17:26:18
novice,CO,2.5,30-35,82o,54,53,1,0,0,0,2023-10-19T02:17:05,2026-06-23T07:24:16
novice,CO,2.5,30-35,82s,15,11,4,0,0,0,2023-09-11T20:22:34,2026-04-03T07:24:11
novice,CO,2.5,30-35,83o,67,66,1,0,0,0,2023-09-07T10:14:26,2026-07-20T21:41:35
novice,CO,2.5,30-35,83s,22,18,4,0,0,0,2023-09-09T17:39:30,2026-07-12T19:33:52
novice,CO,2.5,30-35,84o,48,45,3,0,0,0,2023-11-24T17:06:51,2026-05-28T18:06:14
novice,CO,2.5,30-35,84s,16,9,7,0,0,0,2023-12-02T13:14:14,2026-07-11T11:19:54
novice,CO,2.5,30-35,85o,66,60,5,1,0,0,2023-09-07T05:50:56,2026-07-17T16:36:12
novice,CO,2.5,30-35,85s,14,7,7,0,0,0,2023-10-03T21:09:21,2026-05-14T13:31:37
novice,CO,2.5,30-35,86o,62,53,9,0,0,0,2023-09-05T10:15:23,2026-06-26T18:24:24
novice,CO,2.5,30-35,86s,19,3,16,0,0,0,2023-09-24T21:20:38,2026-07-20T14:43:11
novice,CO,2.5,30-35,87o,65,31,34,0,0,0,2023-11-11T23:11:07,2026-07-16T18:54:13
novice,CO,2.5,30-35,87s,16,2,14,0,0,0,2024-01-29T18:33:36,2026-05-17T20:09:02
novice,CO,2.5,30-35,88,25,0,19,1,5,0,2023-09-01T17:03:20,2026-06-03T17:30:54
novice,CO,2.5,30-35,92o,52,52,0,0,0,0,2023-12-17T16:21:26,2026-07-11T20:47:23
novice,CO,2.5,30-35,92s,29,19,9,1,0,0,2023-09-01T13:38:47,2026-07-06T19:06:59
novice,CO,2.5,30-35,93o,65,63,2,0,0,0,2023-10-11T13:17:24,2026-07-03T16:37:17
novice,CO,2.5,30-35,93s,20,16,4,0,0,0,2023-09-30T19:10:23,2026-07-06T07:43:40
novice,CO,2.5,30-35,94o,77,76,1,0,0,0,2023-09-02T17:42:43,2026-06-22T14:26:12
novice,CO,2.5,30-35,94s,18,13,5,0,0,0,2023-09-05T17:08:40,2026-06-22T16:33:21
novice,CO,2.5,30-35,95o,73,67,5,0,1,0,2023-10-13T11:23:36,2026-07-10T19:46:45
novice,CO,2.5,30-35,95s,24,10,14,0,0,0,2023-10-09T09:16:27,2026-05-27T09:33:42
novice,CO,2.5,30-35,96o,75,68,7,0,0,0,2023-09-29T14:21:47,2026-07-09T19:03:05
novice,CO,2.5,30-35,96s,27,4,23,0,0,0,2023-09-20T22:14:34,2026-06-18T16:54:15
novice,CO,2.5,30-35,97o,62,48,14,0,0,0,2023-09-19T22:42:54,2026-07-09T20:27:36
novice,CO,2.5,30-35,97s,22,4,18,0,0,0,2023-09-07T10:07:38,2026-07-12T14:26:36
novice,CO,2.5,30-35,98o,83,48,35,0,0,0,2023-09-02T13:37:47,2026-07-13T18:48:20
novice,CO,2.5,30-35,98s,16,1,15,0,0,0,2023-10-06T19:24:35,2026-06-17T17:38:24
novice,CO,2.5,30-35,99,29,0,15,6,8,0,2023-10-26T14:12:01,2026-06-11T14:11:25
novice,CO,2.5,30-35,A2o,59,35,23,1,0,0,2023-09-07T19:50:50,2026-07-06T17:44:55
novice,CO,2.5,30-35,A2s,35,3,30,1,1,0,2023-09-08T06:04:33,2026-07-16T19:20:05
novice,CO,2.5,30-35,A3o,67,34,31,2,0,0,2023-09-18T18:14:24,2026-07-18T18:28:40
novice,CO,2.5,30-35,A3s,20,1,18,1,0,0,2023-09-28T10:06:10,2026-07-18T14:34:41
novice,CO,2.5,30-35,A4o,65,28,33,4,0,0,2023-10-20T02:29:45,2026-07-17T08:19:28
novice,CO,2.5,30-35,A4s,25,3,20,2,0,0,2023-09-14T22:15:25,2026-06-28T17:18:57
novice,CO,2.5,30-35,A5o,81,29,51,1,0,0,2023-09-08T09:41:32,2026-07-12T18:04:37
novice,CO,2.5,30-35,A5s,28,0,24,4,0,0,2023-10-23T20:49:08,2026-05-07T16:27:21
novice,CO,2.5,30-35,A6o,64,28,32,2,2,0,2023-10-20T12:14:28,2026-07-03T11:03:21
novice,CO,2.5,30-35,A6s,23,2,21,0,0,0,2023-09-21T17:43:44,2026-05-30T08:54:57
novice,CO,2.5,30-35,A7o,56,17,39,0,0,0,2023-10-07T00:29:52,2026-07-16T07:38:21
novice,CO,2.5,30-35,A7s,18,1,17,0,0,0,2023-09-06T16:26:04,2025-09-25T06:35:39
novice,CO,2.5,30-35,A8o,67,17,49,1,0,0,2023-09-03T09:53:08,2026-06-24T23:28:25
novice,CO,2.5,30-35,A8s,19,1,15,2,1,0,2023-12-11T13:15:45,2026-01-26T17:33:26
novice,CO,2.5,30-35,A9o,64,11,50,2,1,0,2023-09-02T09:34:11,2026-06-10T17:26:13
novice,CO,2.5,30-35,A9s,25,0,22,3,0,0,2023-09-24T17:19:54,2026-07-13T19:41:09
novice,CO,2.5,30-35,AA,43,0,2,36,5,0,2023-10-21T08:35:59,2026-07-11T20:45:24
novice,CO,2.5,30-35,AJo,64,0,35,18,11,0,2023-09-12T12:26:01,2026-07-12T19:48:45
novice,CO,2.5,30-35,AJs,15,1,7,4,3,0,2023-09-21T12:18:09,2026-06-08T21:42:25
novice,CO,2.5,30-35,AKo,71,2,4,41,24,0,2023-09-02T14:26:53,2026-07-07T05:49:17
novice,CO,2.5,30-35,AKs,20,1,0,11,8,0,2023-09-14T15:32:48,2026-07-14T16:29:07
novice,CO,2.5,30-35,AQo,67,0,24,25,18,0,2023-09-16T08:31:42,2026-06-27T17:39:54
novice,CO,2.5,30-35,AQs,23,0,7,10,6,0,2023-10-22T18:40:30,2026-06-15T13:50:54
novice,CO,2.5,30-35,ATo,72,5,61,4,2,0,2023-11-21T17:07:30,2026-07-19T16:37:56
novice,CO,2.5,30-35,ATs,17,0,14,0,3,0,2023-10-03T13:02:51,2026-05-17T22:34:40
novice,CO,2.5,30-35,J2o,76,73,2,1,0,0,2023-09-13T17:50:12,2026-07-08T23:11:35
novice,CO,2.5,30-35,J2s,21,6,15,0,0,0,2023-09-24T09:48:58,2026-04-20T20:08:18
novice,CO,2.5,30-35,J3o,53,50,3,0,0,0,2023-11-01T16:46:00,2026-07-19T13:24:39
novice,CO,2.5,30-35,J3s,19,10,9,0,0,0,2023-09-29T23:15:00,2026-07-09T18:53:40
novice,CO,2.5,30-35,J4o,66,62,4,0,0,0,2023-10-06T23:54:47,2026-07-11T19:42:12
novice,CO,2.5,30-35,J4s,22,16,6,0,0,0,2023-09-28T13:35:21,2026-06-12T20:41:38
novice,CO,2.5,30-35,J5o,57,52,5,0,0,0,2023-09-24T17:14:26,2026-07-01T07:46:15
novice,CO,2.5,30-35,J5s,15,6,9,0,0,0,2023-09-26T16:26:23,2026-06-15T19:11:36
novice,CO,2.5,30-35,J6o,70,66,4,0,0,0,2023-09-29T11:36:45,2026-07-16T12:12:43
novice,CO,2.5,30-35,J6s,16,5,11,0,0,0,2023-10-21T00:06:52,2026-01-04T17:54:48
novice,CO,2.5,30-35,J7o,65,53,12,0,0,0,2023-09-02T09:45:30,2026-07-18T05:29:39
novice,CO,2.5,30-35,J7s,23,8,15,0,0,0,2023-09-11T17:48:09,2026-06-21T19:42:53
novice,CO,2.5,30-35,J8o,62,35,27,0,0,0,2023-09-15T19:30:31,2026-07-14T07:15:09
novice,CO,2.5,30-35,J8s,20,6,14,0,0,0,2023-10-08T11:35:53,2026-05-30T22:48:20
novice,CO,2.5,30-35,J9o,66,28,38,0,0,0,2023-09-10T21:07:30,2026-07-20T15:37:34
novice,CO,2.5,30-35,J9s,24,2,22,0,0,0,2023-09-25T00:17:10,2026-06-27T18:33:16
novice,CO,2.5,30-35,JJ,28,0,0,15,13,0,2024-04-24T22:30:16,2026-07-18T20:11:09
novice,CO,2.5,30-35,JTo,62,12,50,0,0,0,2023-09-02T16:38:51,2026-07-19T19:44:28
novice,CO,2.5,30-35,JTs,21,1,19,1,0,0,2023-11-09T17:33:15,2026-04-25T21:21:10
novice,CO,2.5,30-35,K2o,52,50,2,0,0,0,2023-09-09T17:06:42,2026-07-08T17:03:22
novice,CO,2.5,30-35,K2s,25,3,22,0,0,0,2023-09-16T06:23:32,2026-06-10T18:41:57
novice,CO,2.5,30-35,K3o,52,43,9,0,0,0,2023-09-14T11:54:39,2026-07-13T12:36:53
novice,CO,2.5,30-35,K3s,27,5,22,0,0,0,2023-11-06T18:12:35,2026-07-18T17:43:27
novice,CO,2.5,30-35,K4o,55,43,12,0,0,0,2023-09-15T17:21:45,2026-07-10T18:41:26
novice,CO,2.5,30-35,K4s,23,5,18,0,0,0,2023-09-03T16:40:22,2026-05-31T20:39:53
novice,CO,2.5,30-35,K5o,45,37,8,0,0,0,2023-10-14T17:50:07,2026-06-27T12:47:57
novice,CO,2.5,30-35,K5s,19,7,12,0,0,0,2023-12-02T13:03:39,2026-06-27T03:42:57
novice,CO,2.5,30-35,K6o,80,64,16,0,0,0,2023-09-03T08:08:35,2026-07-08T18:10:16
novice,CO,2.5,30-35,K6s,21,3,18,0,0,0,2023-10-09T17:06:28,2026-07-09T23:28:02
novice,CO,2.5,30-35,K7o,67,52,15,0,0,0,2023-10-01T18:12:17,2026-06-26T13:31:56
novice,CO,2.5,30-35,K7s,21,1,20,0,0,0,2023-11-04T19:40:33,2026-07-08T16:54:47
novice,CO,2.5,30-35,K8o,75,35,40,0,0,0,2023-09-16T12:13:03,2026-07-10T02:34:40
novice,CO,2.5,30-35,K8s,9,1,8,0,0,0,2024-11-03T19:41:09,2026-05-22T19:20:25
novice,CO,2.5,30-35,K9o,69,22,46,1,0,0,2023-09-14T20:52:33,2026-07-03T22:31:01
novice,CO,2.5,30-35,K9s,22,1,21,0,0,0,2023-10-14T19:48:17,2026-07-09T18:47:16
novice,CO,2.5,30-35,KJo,55,5,49,0,1,0,2023-09-12T21:31:54,2026-07-16T18:24:16
novice,CO,2.5,30-35,KJs,24,0,24,0,0,0,2023-11-18T08:13:09,2026-05-30T02:18:34
novice,CO,2.5,30-35,KK,33,1,0,31,1,0,2023-09-09T02:24:34,2026-07-06T11:44:54
novice,CO,2.5,30-35,KQo,57,3,47,5,2,0,2023-10-02T12:52:14,2026-06-24T08:27:02
novice,CO,2.5,30-35,KQs,21,0,16,2,3,0,2024-01-14T14:40:57,2026-07-14T18:44:03
novice,CO,2.5,30-35,KTo,58,9,49,0,0,0,2023-10-04T16:43:02,2026-07-14T17:10:25
novice,CO,2.5,30-35,KTs,21,0,21,0,0,0,2023-10-30T14:40:07,2026-06-01T11:06:36
novice,CO,2.5,30-35,Q2o,79,74,5,0,0,0,2023-09-22T17:14:58,2026-06-25T04:10:14
novice,CO,2.5,30-35,Q2s,21,15,6,0,0,0,2023-09-03T18:21:08,2026-07-14T13:02:38
novice,CO,2.5,30-35,Q3o,63,56,7,0,0,0,2023-10-02T12:51:10,2026-07-21T10:43:12
novice,CO,2.5,30-35,Q3s,27,14,13,0,0,0,2023-10-12T16:08:54,2026-07-10T23:04:34
novice,CO,2.5,30-35,Q4o,69,63,6,0,0,0,2023-10-13T10:23:23,2026-07-17T16:17:17
novice,CO,2.5,30-35,Q4s,16,3,13,0,0,0,2023-11-23T20:17:08,2026-06-19T15:38:52
novice,CO,2.5,30-35,Q5o,66,62,4,0,0,0,2023-09-29T21:10:22,2026-07-14T09:16:25
novice,CO,2.5,30-35,Q5s,29,11,18,0,0,0,2023-09-20T03:14:27,2026-07-17T17:38:41
novice,CO,2.5,30-35,Q6o,80,68,12,0,0,0,2023-09-09T17:30:03,2026-07-12T19:25:56
novice,CO,2.5,30-35,Q6s,21,3,18,0,0,0,2024-02-12T23:09:18,2026-05-27T02:39:47
novice,CO,2.5,30-35,Q7o,61,46,14,1,0,0,2023-11-18T16:08:16,2026-07-12T15:52:57
novice,CO,2.5,30-35,Q7s,30,6,24,0,0,0,2023-10-31T17:30:22,2026-07-01T12:05:48
novice,CO,2.5,30-35,Q8o,72,47,25,0,0,0,2023-10-21T18:28:59,2026-07-10T21:29:54
novice,CO,2.5,30-35,Q8s,20,2,18,0,0,0,2023-11-22T10:50:42,2026-06-10T05:10:05
novice,CO,2.5,30-35,Q9o,73,34,39,0,0,0,2023-09-06T17:24:57,2026-07-21T14:52:50
novice,CO,2.5,30-35,Q9s,24,0,24,0,0,0,2023-10-26T12:41:49,2026-07-04T22:07:18
novice,CO,2.5,30-35,QJo,57,3,52,2,0,0,2023-10-23T15:49:10,2026-07-12T13:39:29
novice,CO,2.5,30-35,QJs,23,1,18,2,2,0,2023-12-28T19:29:01,2026-05-14T10:27:10
novice,CO,2.5,30-35,QQ,31,0,3,22,6,0,2023-10-21T06:31:22,2026-07-09T13:18:48
novice,CO,2.5,30-35,QTo,58,11,46,1,0,0,2023-11-11T11:37:43,2026-07-17T19:13:24
novice,CO,2.5,30-35,QTs,18,1,17,0,0,0,2024-01-16T20:09:37,2026-06-14T16:14:09
novice,CO,2.5,30-35,T2o,70,70,0,0,0,0,2023-11-22T17:30:37,2026-07-21T19:49:09
novice,CO,2.5,30-35,T2s,22,12,10,0,0,0,2023-09-16T01:42:16,2026-07-15T20:32:30
novice,CO,2.5,30-35,T3o,70,68,2,0,0,0,2023-10-16T12:44:11,2026-07-21T03:37:40
novice,CO,2.5,30-35,T3s,25,21,4,0,0,0,2023-10-10T20:12:15,2026-06-28T11:42:57
novice,CO,2.5,30-35,T4o,83,81,2,0,0,0,2023-09-05T18:37:03,2026-06-20T09:32:01
novice,CO,2.5,30-35,T4s,21,13,8,0,0,0,2023-12-04T18:42:52,2026-06-13T05:19:12
novice,CO,2.5,30-35,T5o,63,63,0,0,0,0,2023-09-23T15:53:14,2026-07-19T15:40:26
novice,CO,2.5,30-35,T5s,27,17,10,0,0,0,2023-10-03T17:36:53,2026-07-06T17:33:59
novice,CO,2.5,30-35,T6o,82,73,9,0,0,0,2023-09-16T15:18:37,2026-07-18T15:41:23
novice,CO,2.5,30-35,T6s,26,9,16,1,0,0,2023-09-29T04:35:01,2026-06-18T19:13:14
novice,CO,2.5,30-35,T7o,65,48,17,0,0,0,2023-09-19T06:29:44,2026-07-21T17:32:43
novice,CO,2.5,30-35,T7s,18,4,14,0,0,0,2023-09-15T08:46:50,2026-07-05T19:19:06
novice,CO,2.5,30-35,T8o,70,43,27,0,0,0,2023-09-08T12:43:02,2026-07-19T16:32:47
novice,CO,2.5,30-35,T8s,32,2,29,0,1,0,2023-09-28T07:27:28,2026-07-05T02:47:59
novice,CO,2.5,30-35,T9o,80,30,50,0,0,0,2023-09-25T19:29:38,2026-06-30T17:08:53
novice,CO,2.5,30-35,T9s,23,1,21,1,0,0,2023-10-02T13:21:52,2026-06-07T15:42:19
novice,CO,2.5,30-35,TT,31,0,11,9,11,0,2023-10-14T09:13:05,2026-06-26T19:25:32
novice,CO,2.5,35-40,__MISSING__,661,397,240,16,8,0,2023-09-05T15:08:32,2026-07-20T03:46:49
novice,CO,2.5,35-40,22,24,1,22,0,1,0,2023-11-18T15:03:17,2026-06-08T14:43:18
novice,CO,2.5,35-40,32o,66,63,3,0,0,0,2023-09-13T23:40:22,2026-07-11T16:35:17
novice,CO,2.5,35-40,32s,28,14,14,0,0,0,2023-10-24T12:35:58,2026-07-17T18:48:25
novice,CO,2.5,35-40,33,28,1,27,0,0,0,2023-09-19T23:17:26,2026-06-23T14:02:28
novice,CO,2.5,35-40,42o,55,54,1,0,0,0,2023-09-04T12:49:23,2026-06-26T17:14:12
novice,CO,2.5,35-40,42s,16,9,7,0,0,0,2023-10-06T08:35:19,2026-06-08T07:54:27
novice,CO,2.5,35-40,43o,61,57,4,0,0,0,2023-09-12T16:08:42,2026-07-16T16:40:00
novice,CO,2.5,35-40,43s,26,9,17,0,0,0,2024-01-18T16:24:40,2026-07-08T18:26:51
novice,CO,2.5,35-40,44,29,2,27,0,0,0,2023-09-13T14:38:39,2026-06-09T19:53:14
novice,CO,2.5,35-40,52o,60,60,0,0,0,0,2023-11-08T10:37:53,2026-07-10T20:07:53
novice,CO,2.5,35-40,52s,13,8,5,0,0,0,2023-11-20T12:52:43,2026-03-14T10:15:38
novice,CO,2.5,35-40,53o,62,59,3,0,0,0,2023-09-01T23:09:03,2026-06-22T13:29:52
novice,CO,2.5,35-40,53s,19,9,10,0,0,0,2023-11-22T08:04:03,2026-07-12T16:24:52
novice,CO,2.5,35-40,54o,61,44,17,0,0,0,2023-10-26T04:27:49,2026-07-18T19:21:30
novice,CO,2.5,35-40,54s,19,3,16,0,0,0,2023-09-11T09:42:55,2026-07-14T18:26:59
novice,CO,2.5,35-40,55,34,2,30,0,2,0,2023-09-15T15:12:35,2026-07-20T18:45:01
novice,CO,2.5,35-40,62o,58,53,5,0,0,0,2023-09-22T13:33:55,2026-07-18T18:14:16
novice,CO,2.5,35-40,62s,21,13,8,0,0,0,2023-09-02T13:53:33,2026-07-20T16:07:28
novice,CO,2.5,35-40,63o,58,57,1,0,0,0,2023-09-29T21:42:20,2026-07-17T23:50:33
novice,CO,2.5,35-40,63s,16,8,8,0,0,0,2023-09-30T17:16:37,2026-02-16T15:13:46
novice,CO,2.5,35-40,64o,64,58,6,0,0,0,2023-09-06T14:42:14,2026-07-12T15:16:28
novice,CO,2.5,35-40,64s,21,3,18,0,0,0,2023-10-23T19:36:50,2026-06-09T19:37:13
novice,CO,2.5,35-40,65o,59,40,19,0,0,0,2023-09-15T17:41:40,2026-07-09T20:28:29
novice,CO,2.5,35-40,65s,18,1,17,0,0,0,2023-09-03T06:28:45,2026-01-23T10:29:59
novice,CO,2.5,35-40,66,33,0,32,1,0,0,2023-09-09T13:25:32,2026-07-06T15:40:04
novice,CO,2.5,35-40,72o,60,60,0,0,0,0,2023-09-15T11:03:00,2026-07-20T19:50:09
novice,CO,2.5,35-40,72s,25,20,5,0,0,0,2023-09-11T14:28:45,2026-06-22T17:52:24
novice,CO,2.5,35-40,73o,70,70,0,0,0,0,2023-09-07T06:32:23,2026-07-09T11:26:16
novice,CO,2.5,35-40,73s,15,11,4,0,0,0,2023-10-16T16:03:20,2026-06-12T15:48:58
novice,CO,2.5,35-40,74o,61,59,2,0,0,0,2023-10-17T19:40:06,2026-07-03T20:00:55
novice,CO,2.5,35-40,74s,22,11,11,0,0,0,2023-09-14T09:13:59,2026-03-16T11:49:12
novice,CO,2.5,35-40,75o,59,51,8,0,0,0,2023-11-02T18:15:30,2026-07-13T15:01:00
novice,CO,2.5,35-40,75s,17,5,12,0,0,0,2023-09-28T17:19:21,2026-07-09T18:41:07
novice,CO,2.5,35-40,76o,56,36,20,0,0,0,2023-12-05T03:05:43,2026-07-13T14:18:11
novice,CO,2.5,35-40,76s,16,1,15,0,0,0,2023-12-31T11:31:34,2026-07-21T00:50:22
novice,CO,2.5,35-40,77,36,1,27,3,5,0,2023-10-03T09:36:33,2026-06-24T20:24:58
novice,CO,2.5,35-40,82o,57,57,0,0,0,0,2023-09-02T17:06:00,2026-07-09T18:40:55
novice,CO,2.5,35-40,82s,23,16,7,0,0,0,2023-11-25T15:19:59,2026-07-01T19:09:50
novice,CO,2.5,35-40,83o,57,57,0,0,0,0,2023-10-13T13:34:59,2026-07-18T04:40:17
novice,CO,2.5,35-40,83s,21,15,6,0,0,0,2023-09-06T15:30:55,2026-04-30T23:03:07
novice,CO,2.5,35-40,84o,57,56,1,0,0,0,2023-10-21T21:48:23,2026-06-28T16:37:46
novice,CO,2.5,35-40,84s,12,4,8,0,0,0,2023-09-16T05:41:38,2026-05-31T10:12:15
novice,CO,2.5,35-40,85o,69,61,8,0,0,0,2023-09-07T16:28:19,2026-07-19T13:22:32
novice,CO,2.5,35-40,85s,26,7,19,0,0,0,2023-10-18T12:07:40,2026-07-21T21:24:40
novice,CO,2.5,35-40,86o,52,46,6,0,0,0,2023-09-28T07:01:56,2026-07-06T15:11:06
novice,CO,2.5,35-40,86s,15,3,12,0,0,0,2023-09-16T20:19:29,2026-07-02T21:35:13
novice,CO,2.5,35-40,87o,66,30,36,0,0,0,2023-09-18T14:06:26,2026-07-11T12:14:50
novice,CO,2.5,35-40,87s,13,1,12,0,0,0,2023-11-09T00:30:54,2026-05-24T23:04:11
novice,CO,2.5,35-40,88,44,0,34,6,4,0,2023-09-02T05:47:14,2026-07-20T19:19:32
novice,CO,2.5,35-40,92o,67,65,2,0,0,0,2023-10-11T00:02:49,2026-07-21T13:24:12
novice,CO,2.5,35-40,92s,20,13,7,0,0,0,2023-09-22T18:13:54,2026-06-29T08:49:06
novice,CO,2.5,35-40,93o,63,61,2,0,0,0,2023-10-02T21:16:59,2026-07-20T16:11:26
novice,CO,2.5,35-40,93s,24,13,11,0,0,0,2023-09-22T15:52:35,2026-05-12T17:35:36
novice,CO,2.5,35-40,94o,63,61,2,0,0,0,2023-09-13T16:35:26,2026-06-27T14:31:28
novice,CO,2.5,35-40,94s,18,11,7,0,0,0,2023-09-11T04:04:05,2026-06-09T14:39:56
novice,CO,2.5,35-40,95o,71,68,3,0,0,0,2023-09-20T20:29:00,2026-07-14T21:51:06
novice,CO,2.5,35-40,95s,14,3,11,0,0,0,2023-10-21T17:17:39,2026-07-20T22:07:57
novice,CO,2.5,35-40,96o,60,52,8,0,0,0,2023-09-17T11:27:05,2026-07-12T19:08:09
novice,CO,2.5,35-40,96s,19,4,15,0,0,0,2024-01-16T05:17:19,2026-07-12T15:32:20
novice,CO,2.5,35-40,97o,53,40,13,0,0,0,2023-09-02T11:42:49,2026-06-26T14:13:44
novice,CO,2.5,35-40,97s,19,5,14,0,0,0,2023-10-26T16:03:59,2026-07-11T11:36:55
novice,CO,2.5,35-40,98o,69,29,40,0,0,0,2023-10-10T22:06:54,2026-07-18T17:44:54
novice,CO,2.5,35-40,98s,23,0,21,2,0,0,2023-10-18T16:21:10,2026-06-18T03:25:26
novice,CO,2.5,35-40,99,26,1,16,4,5,0,2023-11-27T21:03:24,2026-07-19T16:50:32
novice,CO,2.5,35-40,A2o,76,36,34,6,0,0,2023-10-02T04:44:33,2026-07-20T17:19:43
novice,CO,2.5,35-40,A2s,19,1,16,2,0,0,2023-11-23T10:25:51,2026-07-18T15:22:56
novice,CO,2.5,35-40,A3o,53,27,23,2,1,0,2023-09-03T01:35:46,2026-06-16T13:54:30
novice,CO,2.5,35-40,A3s,20,1,17,2,0,0,2023-10-07T14:03:16,2026-07-09T18:05:02
novice,CO,2.5,35-40,A4o,53,22,31,0,0,0,2023-10-12T15:45:07,2026-07-17T19:01:52
novice,CO,2.5,35-40,A4s,29,0,28,1,0,0,2023-11-22T10:31:01,2026-06-28T13:45:10
novice,CO,2.5,35-40,A5o,62,20,39,3,0,0,2023-10-22T16:30:32,2026-06-20T13:33:33
novice,CO,2.5,35-40,A5s,16,0,13,3,0,0,2023-09-30T18:51:02,2026-04-13T16:27:07
novice,CO,2.5,35-40,A6o,62,26,35,1,0,0,2023-09-02T15:21:10,2026-07-20T21:08:53
novice,CO,2.5,35-40,A6s,16,0,16,0,0,0,2023-12-21T14:47:23,2026-03-12T17:20:58
novice,CO,2.5,35-40,A7o,69,18,48,3,0,0,2023-09-13T17:32:37,2026-07-16T15:54:13
novice,CO,2.5,35-40,A7s,31,0,30,1,0,0,2023-09-08T14:06:47,2026-07-05T13:51:32
novice,CO,2.5,35-40,A8o,57,9,47,1,0,0,2023-09-09T13:52:32,2026-07-08T16:52:44
novice,CO,2.5,35-40,A8s,16,0,15,1,0,0,2023-10-18T14:38:12,2026-03-27T14:31:45
novice,CO,2.5,35-40,A9o,79,7,70,1,1,0,2023-09-10T11:23:49,2026-06-21T15:54:18
novice,CO,2.5,35-40,A9s,18,0,17,1,0,0,2024-06-10T14:36:43,2026-07-17T20:52:12
novice,CO,2.5,35-40,AA,32,0,0,29,3,0,2023-09-13T23:02:44,2026-06-06T16:52:18
novice,CO,2.5,35-40,AJo,88,2,63,16,7,0,2023-09-28T01:24:00,2026-07-03T19:15:31
novice,CO,2.5,35-40,AJs,17,1,9,6,1,0,2024-01-28T08:07:26,2026-06-28T09:32:08
novice,CO,2.5,35-40,AKo,80,0,7,47,26,0,2023-09-12T08:02:08,2026-06-30T23:14:25
novice,CO,2.5,35-40,AKs,31,0,3,18,10,0,2023-12-24T14:43:38,2026-06-23T14:43:04
novice,CO,2.5,35-40,AQo,83,0,30,41,12,0,2023-09-28T23:30:01,2026-07-17T20:31:38
novice,CO,2.5,35-40,AQs,14,0,4,8,2,0,2024-01-13T19:39:38,2026-03-21T18:19:49
novice,CO,2.5,35-40,ATo,56,4,46,4,2,0,2023-09-09T18:34:16,2026-07-20T16:09:33
novice,CO,2.5,35-40,ATs,16,0,13,3,0,0,2023-09-03T08:29:36,2026-04-21T17:49:02
novice,CO,2.5,35-40,J2o,67,66,1,0,0,0,2023-09-07T07:25:00,2026-07-02T02:02:22
novice,CO,2.5,35-40,J2s,27,14,13,0,0,0,2023-11-11T11:01:00,2026-07-10T15:25:30
novice,CO,2.5,35-40,J3o,57,55,2,0,0,0,2023-09-04T05:27:30,2026-07-06T22:15:14
novice,CO,2.5,35-40,J3s,34,17,17,0,0,0,2023-10-01T19:25:36,2026-05-27T18:31:34
novice,CO,2.5,35-40,J4o,53,51,2,0,0,0,2023-10-06T15:06:56,2026-07-14T17:28:15
novice,CO,2.5,35-40,J4s,20,15,5,0,0,0,2023-10-16T22:14:43,2026-07-15T00:33:59
novice,CO,2.5,35-40,J5o,51,45,5,1,0,0,2023-09-19T15:16:07,2026-07-16T01:30:31
novice,CO,2.5,35-40,J5s,21,8,13,0,0,0,2023-09-14T01:13:57,2026-07-18T14:26:58
novice,CO,2.5,35-40,J6o,64,58,6,0,0,0,2023-09-14T10:40:13,2026-07-16T06:42:28
novice,CO,2.5,35-40,J6s,24,7,17,0,0,0,2023-10-03T15:04:08,2026-06-30T11:45:46
novice,CO,2.5,35-40,J7o,61,49,12,0,0,0,2023-11-19T18:28:46,2026-07-14T17:33:49
novice,CO,2.5,35-40,J7s,14,4,10,0,0,0,2023-09-01T23:17:27,2026-07-01T13:18:45
novice,CO,2.5,35-40,J8o,65,30,35,0,0,0,2023-10-02T16:24:53,2026-07-16T21:40:45
novice,CO,2.5,35-40,J8s,22,0,22,0,0,0,2023-09-02T12:54:57,2026-06-10T01:36:49
novice,CO,2.5,35-40,J9o,69,26,43,0,0,0,2023-09-01T18:03:38,2026-07-10T20:49:07
novice,CO,2.5,35-40,J9s,20,0,20,0,0,0,2023-10-28T19:18:32,2026-06-10T19:13:13
novice,CO,2.5,35-40,JJ,38,0,2,24,12,0,2023-09-10T12:27:27,2026-06-13T06:07:58
novice,CO,2.5,35-40,JTo,47,4,42,1,0,0,2023-10-08T19:01:00,2026-06-17T19:53:40
novice,CO,2.5,35-40,JTs,22,1,21,0,0,0,2023-09-26T11:15:36,2026-07-02T08:00:22
novice,CO,2.5,35-40,K2o,52,45,7,0,0,0,2023-10-17T00:17:32,2026-06-26T20:32:54
novice,CO,2.5,35-40,K2s,29,11,18,0,0,0,2023-11-27T23:19:37,2026-06-12T16:25:09
novice,CO,2.5,35-40,K3o,69,59,9,1,0,0,2023-10-09T16:17:56,2026-07-10T18:32:07
novice,CO,2.5,35-40,K3s,19,5,13,1,0,0,2023-11-22T06:11:43,2026-06-20T14:38:24
novice,CO,2.5,35-40,K4o,47,42,4,1,0,0,2023-09-24T19:07:23,2026-07-06T22:33:41
novice,CO,2.5,35-40,K4s,28,6,21,1,0,0,2023-10-23T13:42:16,2026-07-12T20:42:38
novice,CO,2.5,35-40,K5o,63,47,15,1,0,0,2023-09-20T18:27:41,2026-07-21T18:19:20
novice,CO,2.5,35-40,K5s,20,3,17,0,0,0,2023-10-19T17:24:13,2026-02-01T23:53:51
novice,CO,2.5,35-40,K6o,60,45,14,1,0,0,2023-09-08T04:14:13,2026-07-14T14:13:33
novice,CO,2.5,35-40,K6s,13,2,11,0,0,0,2023-10-03T07:33:25,2026-07-07T07:54:38
novice,CO,2.5,35-40,K7o,57,32,25,0,0,0,2023-09-05T19:54:08,2026-07-15T19:27:54
novice,CO,2.5,35-40,K7s,21,0,21,0,0,0,2023-10-17T19:23:26,2026-06-23T14:37:18
novice,CO,2.5,35-40,K8o,70,33,37,0,0,0,2023-10-04T08:11:54,2026-06-28T16:37:01
novice,CO,2.5,35-40,K8s,19,2,17,0,0,0,2023-11-25T21:24:15,2026-07-15T15:16:48
novice,CO,2.5,35-40,K9o,75,24,50,1,0,0,2023-09-08T12:01:01,2026-07-13T19:12:05
novice,CO,2.5,35-40,K9s,22,2,19,1,0,0,2023-11-05T18:09:00,2026-05-07T16:08:04
novice,CO,2.5,35-40,KJo,75,2,71,2,0,0,2023-09-01T20:28:59,2026-07-17T19:35:08
novice,CO,2.5,35-40,KJs,23,0,19,3,1,0,2023-09-27T07:19:08,2026-07-05T22:42:27
novice,CO,2.5,35-40,KK,23,0,1,19,3,0,2023-12-09T17:40:46,2026-05-21T20:24:53
novice,CO,2.5,35-40,KQo,60,3,50,5,2,0,2023-09-12T11:03:26,2026-07-09T15:26:24
novice,CO,2.5,35-40,KQs,25,1,22,1,1,0,2023-09-03T01:26:10,2026-06-12T17:23:57
novice,CO,2.5,35-40,KTo,61,7,54,0,0,0,2023-10-11T10:44:09,2026-06-18T19:24:04
novice,CO,2.5,35-40,KTs,20,0,19,1,0,0,2023-10-07T12:06:31,2026-06-25T01:27:07
novice,CO,2.5,35-40,Q2o,76,72,4,0,0,0,2023-09-08T09:17:31,2026-07-21T16:37:10
novice,CO,2.5,35-40,Q2s,23,7,16,0,0,0,2023-11-26T10:29:26,2026-07-17T14:01:00
novice,CO,2.5,35-40,Q3o,58,53,4,1,0,0,2023-09-16T10:14:54,2026-06-05T08:33:59
novice,CO,2.5,35-40,Q3s,23,7,16,0,0,0,2024-01-02T05:39:15,2026-05-30T12:24:56
novice,CO,2.5,35-40,Q4o,57,53,4,0,0,0,2023-10-14T17:36:21,2026-06-26T19:32:12
novice,CO,2.5,35-40,Q4s,19,3,16,0,0,0,2023-10-24T18:51:18,2026-06-22T20:14:02
novice,CO,2.5,35-40,Q5o,63,60,3,0,0,0,2023-09-19T04:32:38,2026-07-04T07:53:49
novice,CO,2.5,35-40,Q5s,17,5,12,0,0,0,2023-12-23T15:14:45,2026-05-14T15:26:17
novice,CO,2.5,35-40,Q6o,52,48,4,0,0,0,2023-10-06T17:34:59,2026-06-09T13:48:55
novice,CO,2.5,35-40,Q6s,21,5,16,0,0,0,2023-10-24T17:35:52,2026-06-21T18:26:43
novice,CO,2.5,35-40,Q7o,71,55,16,0,0,0,2023-09-19T19:19:11,2026-07-09T18:23:16
novice,CO,2.5,35-40,Q7s,17,4,13,0,0,0,2023-09-24T09:21:03,2026-07-16T21:27:22
novice,CO,2.5,35-40,Q8o,55,37,18,0,0,0,2023-09-09T15:40:54,2026-06-26T16:53:58
novice,CO,2.5,35-40,Q8s,25,1,23,1,0,0,2024-01-21T07:33:06,2026-07-13T17:13:47
novice,CO,2.5,35-40,Q9o,67,26,41,0,0,0,2023-09-13T08:30:02,2026-07-15T23:21:14
novice,CO,2.5,35-40,Q9s,28,2,26,0,0,0,2023-11-26T23:12:44,2026-04-23T13:34:34
novice,CO,2.5,35-40,QJo,61,8,52,1,0,0,2023-10-01T06:45:26,2026-07-14T03:15:42
novice,CO,2.5,35-40,QJs,16,1,12,3,0,0,2023-09-05T18:42:35,2026-07-21T13:17:15
novice,CO,2.5,35-40,QQ,28,0,0,28,0,0,2023-12-01T10:34:59,2026-05-09T23:24:43
novice,CO,2.5,35-40,QTo,65,13,52,0,0,0,2023-10-14T19:41:28,2026-07-18T20:44:37
novice,CO,2.5,35-40,QTs,24,2,22,0,0,0,2024-01-04T08:08:00,2026-06-29T14:19:43
novice,CO,2.5,35-40,T2o,57,57,0,0,0,0,2023-09-28T14:09:09,2026-07-03T16:35:20
novice,CO,2.5,35-40,T2s,24,11,13,0,0,0,2023-10-20T02:26:33,2026-07-09T10:06:11
novice,CO,2.5,35-40,T3o,67,67,0,0,0,0,2023-09-20T14:29:04,2026-07-05T17:36:09
novice,CO,2.5,35-40,T3s,24,15,9,0,0,0,2023-10-31T14:14:39,2026-07-19T14:16:56
novice,CO,2.5,35-40,T4o,61,60,1,0,0,0,2023-09-15T10:37:13,2026-07-11T23:53:08
novice,CO,2.5,35-40,T4s,19,9,10,0,0,0,2023-09-03T15:04:40,2026-05-31T16:20:18
novice,CO,2.5,35-40,T5o,55,54,1,0,0,0,2023-11-02T06:41:38,2026-07-16T13:29:00
novice,CO,2.5,35-40,T5s,19,9,10,0,0,0,2023-12-18T15:23:24,2026-03-07T13:47:01
novice,CO,2.5,35-40,T6o,56,53,3,0,0,0,2023-09-10T03:16:53,2026-07-21T13:15:55
novice,CO,2.5,35-40,T6s,23,8,15,0,0,0,2023-11-17T23:22:20,2026-06-03T18:38:34
novice,CO,2.5,35-40,T7o,61,52,9,0,0,0,2023-11-13T12:30:58,2026-07-12T13:24:11
novice,CO,2.5,35-40,T7s,22,9,13,0,0,0,2023-11-19T19:32:43,2026-07-09T17:32:25
novice,CO,2.5,35-40,T8o,61,39,22,0,0,0,2023-09-17T18:13:28,2026-06-27T06:47:29
novice,CO,2.5,35-40,T8s,20,0,20,0,0,0,2023-10-25T21:37:47,2026-07-05T16:52:09
novice,CO,2.5,35-40,T9o,73,26,47,0,0,0,2023-09-18T12:09:53,2026-06-26T03:51:14
novice,CO,2.5,35-40,T9s,19,0,19,0,0,0,2023-11-10T11:12:45,2026-07-10T20:36:00
novice,CO,2.5,35-40,TT,29,0,8,15,6,0,2023-09-08T05:32:17,2026-07-09T19:44:37
novice,CO,3.0,25-30,__MISSING__,1245,1015,200,10,20,0,2023-09-02T16:19:45,2026-07-20T13:24:45
novice,CO,3.0,25-30,22,51,18,32,0,1,0,2023-11-03T10:03:54,2026-07-18T18:24:33
novice,CO,3.0,25-30,32o,92,92,0,0,0,0,2023-09-01T22:18:39,2026-07-08T20:34:51
novice,CO,3.0,25-30,32s,34,28,6,0,0,0,2023-09-12T20:37:50,2026-05-27T18:10:01
novice,CO,3.0,25-30,33,45,16,27,0,2,0,2023-09-03T23:41:27,2026-07-11T10:54:02
novice,CO,3.0,25-30,42o,109,107,2,0,0,0,2023-09-09T11:42:04,2026-07-14T18:46:42
novice,CO,3.0,25-30,42s,38,32,6,0,0,0,2023-10-24T17:17:11,2026-07-17T18:27:52
novice,CO,3.0,25-30,43o,117,111,6,0,0,0,2023-09-22T17:11:41,2026-06-30T19:47:55
novice,CO,3.0,25-30,43s,34,23,11,0,0,0,2023-09-01T14:30:28,2026-06-14T15:40:52
novice,CO,3.0,25-30,44,55,14,39,0,2,0,2023-09-02T19:02:03,2026-07-18T11:31:27
novice,CO,3.0,25-30,52o,116,116,0,0,0,0,2023-10-27T15:46:37,2026-07-15T14:04:04
novice,CO,3.0,25-30,52s,39,37,2,0,0,0,2023-10-21T19:48:04,2026-06-23T20:54:11
novice,CO,3.0,25-30,53o,88,88,0,0,0,0,2023-09-29T18:17:36,2026-07-17T14:43:34
novice,CO,3.0,25-30,53s,27,22,5,0,0,0,2023-10-13T17:28:32,2026-07-12T11:18:23
novice,CO,3.0,25-30,54o,84,82,2,0,0,0,2023-09-13T15:28:35,2026-07-17T17:38:22
novice,CO,3.0,25-30,54s,40,27,13,0,0,0,2023-09-20T21:38:10,2026-07-08T18:11:50
novice,CO,3.0,25-30,55,44,5,33,0,6,0,2023-09-12T00:53:13,2026-06-13T19:04:59
novice,CO,3.0,25-30,62o,103,103,0,0,0,0,2023-09-08T10:38:58,2026-07-11T16:24:03
novice,CO,3.0,25-30,62s,21,20,1,0,0,0,2024-01-17T14:29:40,2026-07-06T13:53:47
novice,CO,3.0,25-30,63o,101,101,0,0,0,0,2023-09-22T06:08:19,2026-07-17T20:33:48
novice,CO,3.0,25-30,63s,39,35,4,0,0,0,2023-09-17T20:38:19,2026-06-07T02:13:03
novice,CO,3.0,25-30,64o,104,103,1,0,0,0,2023-09-23T19:36:22,2026-07-18T15:44:17
novice,CO,3.0,25-30,64s,30,23,7,0,0,0,2023-09-12T13:46:56,2026-07-16T08:04:52
novice,CO,3.0,25-30,65o,102,93,9,0,0,0,2023-09-09T15:31:23,2026-07-19T13:36:42
novice,CO,3.0,25-30,65s,29,13,16,0,0,0,2023-10-21T19:28:11,2026-06-26T10:39:11
novice,CO,3.0,25-30,66,43,7,32,0,4,0,2023-09-09T20:35:55,2026-07-17T16:45:11
novice,CO,3.0,25-30,72o,113,112,1,0,0,0,2023-09-10T18:20:26,2026-07-19T22:51:20
novice,CO,3.0,25-30,72s,32,31,1,0,0,0,2023-11-13T08:09:20,2026-06-08T18:08:48
novice,CO,3.0,25-30,73o,92,91,1,0,0,0,2023-09-10T07:46:07,2026-07-04T19:13:34
novice,CO,3.0,25-30,73s,28,27,1,0,0,0,2023-09-28T14:49:13,2026-07-06T14:29:06
novice,CO,3.0,25-30,74o,112,112,0,0,0,0,2023-10-04T15:12:03,2026-06-29T21:03:54
novice,CO,3.0,25-30,74s,40,37,3,0,0,0,2023-09-25T09:53:33,2026-07-01T21:30:28
novice,CO,3.0,25-30,75o,102,100,2,0,0,0,2023-09-18T16:26:19,2026-06-23T15:04:26
novice,CO,3.0,25-30,75s,35,25,10,0,0,0,2023-10-21T15:06:47,2026-06-28T18:12:21
novice,CO,3.0,25-30,76o,92,84,8,0,0,0,2023-09-18T12:09:19,2026-07-11T12:33:49
novice,CO,3.0,25-30,76s,33,16,17,0,0,0,2023-10-02T04:15:54,2026-05-31T08:29:02
novice,CO,3.0,25-30,77,53,4,37,0,12,0,2023-09-14T05:17:41,2026-07-05T23:03:40
novice,CO,3.0,25-30,82o,96,96,0,0,0,0,2023-09-22T21:19:43,2026-07-18T21:45:44
novice,CO,3.0,25-30,82s,32,31,1,0,0,0,2023-09-24T23:14:40,2026-03-30T09:49:58
novice,CO,3.0,25-30,83o,92,92,0,0,0,0,2023-09-08T18:13:01,2026-06-30T18:02:43
novice,CO,3.0,25-30,83s,34,31,3,0,0,0,2023-10-17T19:05:13,2026-07-13T13:21:58
novice,CO,3.0,25-30,84o,85,85,0,0,0,0,2023-09-14T18:44:53,2026-07-13T16:45:47
novice,CO,3.0,25-30,84s,34,31,3,0,0,0,2023-09-17T17:32:12,2026-06-04T16:14:08
novice,CO,3.0,25-30,85o,89,88,1,0,0,0,2023-09-29T20:11:00,2026-07-12T21:24:57
novice,CO,3.0,25-30,85s,34,25,9,0,0,0,2023-09-02T11:28:29,2026-07-09T20:41:34
novice,CO,3.0,25-30,86o,89,86,3,0,0,0,2023-09-16T13:55:10,2026-06-28T19:49:17
novice,CO,3.0,25-30,86s,34,19,15,0,0,0,2023-10-03T09:15:22,2026-07-11T21:22:11
novice,CO,3.0,25-30,87o,89,75,14,0,0,0,2023-09-08T10:04:01,2026-07-13T17:08:39
novice,CO,3.0,25-30,87s,35,11,24,0,0,0,2023-09-20T17:11:23,2026-06-13T04:22:11
novice,CO,3.0,25-30,88,44,1,27,1,15,0,2023-11-03T16:38:02,2026-07-19T17:34:07
novice,CO,3.0,25-30,92o,101,101,0,0,0,0,2023-09-03T10:04:32,2026-07-17T20:28:16
novice,CO,3.0,25-30,92s,33,30,3,0,0,0,2023-09-10T16:42:04,2026-07-19T17:42:59
novice,CO,3.0,25-30,93o,112,112,0,0,0,0,2023-09-05T23:24:57,2026-07-18T15:47:58
novice,CO,3.0,25-30,93s,30,27,3,0,0,0,2023-09-08T15:11:48,2026-05-22T21:01:16
novice,CO,3.0,25-30,94o,119,119,0,0,0,0,2023-09-08T16:25:54,2026-07-19T15:20:01
novice,CO,3.0,25-30,94s,31,27,4,0,0,0,2023-09-09T16:54:39,2026-06-30T09:29:45
novice,CO,3.0,25-30,95o,91,90,1,0,0,0,2023-10-01T23:52:38,2026-06-28T09:21:03
novice,CO,3.0,25-30,95s,36,31,5,0,0,0,2023-09-03T21:37:35,2026-06-17T17:43:46
novice,CO,3.0,25-30,96o,102,101,1,0,0,0,2023-09-03T20:33:13,2026-07-13T02:49:34
novice,CO,3.0,25-30,96s,23,14,9,0,0,0,2024-01-17T00:19:24,2026-06-13T19:16:15
novice,CO,3.0,25-30,97o,99,89,10,0,0,0,2023-09-09T20:42:28,2026-06-17T16:02:50
novice,CO,3.0,25-30,97s,37,19,18,0,0,0,2023-10-22T12:05:24,2026-06-19T19:47:42
novice,CO,3.0,25-30,98o,95,76,19,0,0,0,2023-09-13T19:50:21,2026-07-08T16:09:26
novice,CO,3.0,25-30,98s,34,7,27,0,0,0,2023-09-06T06:52:47,2026-06-18T20:06:44
novice,CO,3.0,25-30,99,58,0,32,4,22,0,2023-09-11T17:40:29,2026-07-10T17:08:10
novice,CO,3.0,25-30,A2o,98,82,14,1,1,0,2023-11-12T16:17:57,2026-07-13T22:05:12
novice,CO,3.0,25-30,A2s,26,7,17,1,1,0,2023-10-21T21:31:10,2026-07-18T09:22:33
novice,CO,3.0,25-30,A3o,110,90,17,0,3,0,2023-09-11T21:02:21,2026-07-14T17:31:35
novice,CO,3.0,25-30,A3s,28,6,21,0,1,0,2023-10-02T09:39:28,2026-07-19T18:48:18
novice,CO,3.0,25-30,A4o,91,72,15,2,2,0,2023-09-25T08:39:29,2026-07-20T15:17:17
novice,CO,3.0,25-30,A4s,27,4,23,0,0,0,2023-12-07T01:21:34,2026-06-19T13:41:33
novice,CO,3.0,25-30,A5o,97,81,12,0,4,0,2023-09-10T14:53:21,2026-06-25T09:45:10
novice,CO,3.0,25-30,A5s,28,6,20,2,0,0,2023-09-19T23:27:55,2026-05-29T15:13:34
novice,CO,3.0,25-30,A6o,91,59,29,0,3,0,2023-09-08T08:34:22,2026-07-19T20:10:19
novice,CO,3.0,25-30,A6s,32,8,22,0,2,0,2024-03-23T16:29:04,2026-07-20T14:36:15
novice,CO,3.0,25-30,A7o,100,69,30,1,0,0,2023-09-02T12:20:11,2026-07-05T16:51:18
novice,CO,3.0,25-30,A7s,42,10,32,0,0,0,2023-09-09T13:41:16,2026-07-19T18:52:29
novice,CO,3.0,25-30,A8o,84,48,34,0,2,0,2023-09-15T21:26:22,2026-07-15T20:40:29
novice,CO,3.0,25-30,A8s,39,8,29,1,1,0,2023-11-16T21:20:53,2026-06-03T14:40:11
novice,CO,3.0,25-30,A9o,114,61,48,1,4,0,2023-09-15T23:42:26,2026-07-19T00:13:35
novice,CO,3.0,25-30,A9s,37,3,34,0,0,0,2023-12-14T19:14:23,2026-07-11T21:05:24
novice,CO,3.0,25-30,AA,48,0,0,38,10,0,2023-09-09T15:49:17,2026-07-08T17:17:33
novice,CO,3.0,25-30,AJo,110,3,80,10,17,0,2023-09-30T16:22:48,2026-07-09T08:26:42
novice,CO,3.0,25-30,AJs,37,0,24,5,8,0,2023-09-16T17:27:42,2026-05-12T18:32:41
novice,CO,3.0,25-30,AKo,94,2,8,24,60,0,2023-10-08T21:06:57,2026-07-15T14:06:04
novice,CO,3.0,25-30,AKs,36,0,1,11,24,0,2023-10-19T20:29:17,2026-07-15T11:08:40
novice,CO,3.0,25-30,AQo,104,5,39,16,44,0,2023-09-22T02:07:15,2026-07-20T19:12:19
novice,CO,3.0,25-30,AQs,35,1,12,9,13,0,2023-09-06T20:37:07,2026-07-20T14:13:45
novice,CO,3.0,25-30,ATo,89,14,67,1,7,0,2023-10-06T21:37:25,2026-07-19T20:33:21
novice,CO,3.0,25-30,ATs,37,3,29,0,5,0,2023-11-02T10:49:24,2026-07-10T18:41:35
novice,CO,3.0,25-30,J2o,104,104,0,0,0,0,2023-10-04T20:54:44,2026-07-18T03:32:57
novice,CO,3.0,25-30,J2s,30,24,6,0,0,0,2024-01-22T12:33:48,2026-07-12T08:23:12
novice,CO,3.0,25-30,J3o,94,94,0,0,0,0,2023-09-07T07:11:07,2026-07-17T15:39:51
novice,CO,3.0,25-30,J3s,36,31,5,0,0,0,2023-09-16T16:45:15,2026-07-01T15:35:19
novice,CO,3.0,25-30,J4o,93,92,1,0,0,0,2023-09-13T19:18:43,2026-07-10T20:50:10
novice,CO,3.0,25-30,J4s,32,31,1,0,0,0,2023-11-11T21:43:52,2026-07-07T23:11:31
novice,CO,3.0,25-30,J5o,115,114,1,0,0,0,2023-09-13T14:30:48,2026-07-17T10:13:16
novice,CO,3.0,25-30,J5s,39,31,8,0,0,0,2023-09-24T21:05:42,2026-05-30T16:21:16
novice,CO,3.0,25-30,J6o,73,72,1,0,0,0,2023-09-26T18:36:49,2026-07-19T22:14:18
novice,CO,3.0,25-30,J6s,34,24,10,0,0,0,2023-11-11T18:10:37,2026-07-13T21:30:46
novice,CO,3.0,25-30,J7o,110,107,3,0,0,0,2023-09-01T12:23:33,2026-07-12T02:38:35
novice,CO,3.0,25-30,J7s,39,26,13,0,0,0,2023-09-18T15:31:45,2026-07-12T13:49:45
novice,CO,3.0,25-30,J8o,114,99,15,0,0,0,2023-09-26T14:09:26,2026-07-13T22:38:04
novice,CO,3.0,25-30,J8s,37,15,21,0,1,0,2023-11-23T16:05:13,2026-07-13T22:04:35
novice,CO,3.0,25-30,J9o,101,76,25,0,0,0,2023-09-02T20:16:13,2026-07-18T07:18:07
novice,CO,3.0,25-30,J9s,37,9,28,0,0,0,2023-10-11T18:38:52,2026-07-17T18:17:07
novice,CO,3.0,25-30,JJ,52,0,2,21,29,0,2023-10-19T18:28:22,2026-07-09T12:24:37
novice,CO,3.0,25-30,JTo,99,56,43,0,0,0,2023-09-13T17:13:38,2026-07-13T23:42:18
novice,CO,3.0,25-30,JTs,37,5,32,0,0,0,2023-09-02T12:38:30,2026-07-14T10:50:46
novice,CO,3.0,25-30,K2o,112,110,1,1,0,0,2023-09-09T12:46:41,2026-07-13T13:07:40
novice,CO,3.0,25-30,K2s,32,17,15,0,0,0,2023-09-12T15:02:01,2026-06-25T19:00:12
novice,CO,3.0,25-30,K3o,89,88,1,0,0,0,2023-09-07T19:22:25,2026-06-13T20:11:23
novice,CO,3.0,25-30,K3s,44,23,21,0,0,0,2023-11-24T16:16:29,2026-07-18T20:20:31
novice,CO,3.0,25-30,K4o,91,89,2,0,0,0,2023-09-10T19:46:42,2026-07-17T18:00:39
novice,CO,3.0,25-30,K4s,41,27,13,1,0,0,2023-10-03T18:03:28,2026-05-08T17:41:17
novice,CO,3.0,25-30,K5o,99,94,5,0,0,0,2023-09-03T12:42:01,2026-07-18T00:47:03
novice,CO,3.0,25-30,K5s,38,19,19,0,0,0,2023-10-14T20:44:23,2026-06-25T08:12:28
novice,CO,3.0,25-30,K6o,88,83,5,0,0,0,2023-09-27T18:24:06,2026-06-07T18:28:48
novice,CO,3.0,25-30,K6s,22,16,6,0,0,0,2023-09-21T21:50:17,2026-05-22T02:22:50
novice,CO,3.0,25-30,K7o,116,104,12,0,0,0,2023-10-02T11:26:43,2026-07-17T11:27:27
novice,CO,3.0,25-30,K7s,43,12,30,0,1,0,2023-09-29T15:35:29,2026-07-03T17:09:04
novice,CO,3.0,25-30,K8o,87,72,15,0,0,0,2023-10-02T12:33:21,2026-07-19T16:02:32
novice,CO,3.0,25-30,K8s,36,16,20,0,0,0,2023-10-02T17:31:49,2026-06-26T12:16:46
novice,CO,3.0,25-30,K9o,104,84,20,0,0,0,2023-09-17T22:53:02,2026-07-15T06:02:36
novice,CO,3.0,25-30,K9s,29,4,25,0,0,0,2023-10-22T20:17:49,2026-07-06T12:35:11
novice,CO,3.0,25-30,KJo,101,19,77,0,5,0,2023-09-27T17:28:46,2026-06-26T11:07:33
novice,CO,3.0,25-30,KJs,39,2,35,0,2,0,2023-09-19T22:12:17,2026-07-13T19:47:37
novice,CO,3.0,25-30,KK,54,0,1,34,19,0,2023-10-11T17:47:29,2026-07-13T17:32:01
novice,CO,3.0,25-30,KQo,98,10,84,0,4,0,2023-10-11T16:45:23,2026-07-09T00:20:36
novice,CO,3.0,25-30,KQs,36,2,28,2,4,0,2023-10-15T20:32:00,2026-07-12T20:08:50
novice,CO,3.0,25-30,KTo,92,39,51,1,1,0,2023-09-01T16:31:09,2026-07-16T16:39:46
novice,CO,3.0,25-30,KTs,27,4,23,0,0,0,2023-09-18T10:04:41,2026-07-16T11:48:26
novice,CO,3.0,25-30,Q2o,105,103,2,0,0,0,2023-11-13T18:17:02,2026-07-04T14:01:30
novice,CO,3.0,25-30,Q2s,34,27,7,0,0,0,2023-09-04T10:14:04,2026-07-14T07:28:07
novice,CO,3.0,25-30,Q3o,113,113,0,0,0,0,2023-09-16T17:30:47,2026-07-18T20:09:07
novice,CO,3.0,25-30,Q3s,29,24,5,0,0,0,2023-09-16T20:23:50,2026-07-17T09:33:16
novice,CO,3.0,25-30,Q4o,81,80,1,0,0,0,2023-10-03T13:16:09,2026-07-16T19:52:05
novice,CO,3.0,25-30,Q4s,42,29,12,0,1,0,2023-09-16T19:52:52,2026-07-02T21:35:17
novice,CO,3.0,25-30,Q5o,100,97,3,0,0,0,2023-09-02T11:11:47,2026-06-20T16:47:13
novice,CO,3.0,25-30,Q5s,36,25,11,0,0,0,2023-10-12T04:24:29,2026-05-26T19:09:51
novice,CO,3.0,25-30,Q6o,102,99,3,0,0,0,2023-10-08T10:45:06,2026-07-03T19:25:46
novice,CO,3.0,25-30,Q6s,39,26,13,0,0,0,2024-01-10T17:04:44,2026-07-19T20:16:11
novice,CO,3.0,25-30,Q7o,111,110,1,0,0,0,2023-09-05T09:25:19,2026-07-13T16:24:40
novice,CO,3.0,25-30,Q7s,38,19,19,0,0,0,2023-11-16T18:27:33,2026-06-17T08:43:43
novice,CO,3.0,25-30,Q8o,105,97,8,0,0,0,2023-09-02T23:12:01,2026-06-30T17:13:51
novice,CO,3.0,25-30,Q8s,35,12,22,0,1,0,2023-09-02T04:46:51,2026-07-11T14:15:51
novice,CO,3.0,25-30,Q9o,104,82,22,0,0,0,2023-09-28T09:48:57,2026-07-16T10:09:22
novice,CO,3.0,25-30,Q9s,46,7,39,0,0,0,2023-10-07T16:06:16,2026-07-05T09:25:04
novice,CO,3.0,25-30,QJo,104,39,64,0,1,0,2023-09-13T08:41:40,2026-07-17T22:34:50
novice,CO,3.0,25-30,QJs,32,1,30,0,1,0,2023-10-09T10:22:32,2026-07-14T08:13:10
novice,CO,3.0,25-30,QQ,44,0,3,23,18,0,2023-10-26T13:44:07,2026-06-19T19:04:45
novice,CO,3.0,25-30,QTo,88,54,34,0,0,0,2023-09-24T20:53:24,2026-06-07T20:10:47
novice,CO,3.0,25-30,QTs,41,4,37,0,0,0,2023-09-02T17:03:43,2026-05-12T21:40:51
novice,CO,3.0,25-30,T2o,98,98,0,0,0,0,2023-09-15T12:33:22,2026-07-18T18:08:36
novice,CO,3.0,25-30,T2s,42,39,3,0,0,0,2023-09-07T07:29:42,2026-07-05T18:39:34
novice,CO,3.0,25-30,T3o,121,121,0,0,0,0,2023-09-22T05:51:15,2026-07-15T13:22:03
novice,CO,3.0,25-30,T3s,36,33,3,0,0,0,2023-09-20T08:49:03,2026-05-12T04:00:41
novice,CO,3.0,25-30,T4o,112,112,0,0,0,0,2023-09-02T18:02:23,2026-07-07T02:07:20
novice,CO,3.0,25-30,T4s,29,25,4,0,0,0,2023-09-27T09:30:56,2026-06-11T23:54:42
novice,CO,3.0,25-30,T5o,107,107,0,0,0,0,2023-09-07T12:52:36,2026-07-16T10:23:26
novice,CO,3.0,25-30,T5s,29,22,7,0,0,0,2023-11-30T16:41:56,2026-07-20T17:08:30
novice,CO,3.0,25-30,T6o,100,99,1,0,0,0,2023-09-02T21:20:07,2026-07-15T19:01:00
novice,CO,3.0,25-30,T6s,35,24,11,0,0,0,2023-11-22T19:23:06,2026-05-17T23:53:19
novice,CO,3.0,25-30,T7o,111,107,4,0,0,0,2023-09-12T18:10:52,2026-07-07T15:38:47
novice,CO,3.0,25-30,T7s,48,28,20,0,0,0,2023-11-14T16:21:36,2026-06-14T13:44:52
novice,CO,3.0,25-30,T8o,107,94,13,0,0,0,2023-10-01T16:38:33,2026-07-18T21:24:06
novice,CO,3.0,25-30,T8s,25,12,13,0,0,0,2023-12-05T21:04:31,2026-05-31T13:26:53
novice,CO,3.0,25-30,T9o,90,70,20,0,0,0,2023-09-01T16:36:22,2026-07-12T16:01:30
novice,CO,3.0,25-30,T9s,31,6,25,0,0,0,2023-09-10T15:12:24,2026-07-17T16:13:05
novice,CO,3.0,25-30,TT,49,0,17,6,26,0,2023-12-07T10:51:29,2026-06-12T22:12:58
novice,CO,3.0,30-35,__MISSING__,1200,950,221,12,17,0,2023-09-02T09:10:41,2026-07-20T21:32:48
novice,CO,3.0,30-35,22,44,11,31,0,2,0,2023-09-05T06:10:39,2026-07-14T18:29:32
novice,CO,3.0,30-35,32o,88,86,2,0,0,0,2023-09-22T22:16:39,2026-07-08T16:23:09
novice,CO,3.0,30-35,32s,33,26,7,0,0,0,2023-10-14T08:39:41,2026-06-29T18:27:52
novice,CO,3.0,30-35,33,54,9,44,0,1,0,2023-09-17T15:40:21,2026-07-14T06:19:43
novice,CO,3.0,30-35,42o,96,95,1,0,0,0,2023-09-05T18:09:42,2026-07-18T01:19:05
novice,CO,3.0,30-35,42s,37,29,8,0,0,0,2023-10-10T21:48:55,2026-06-02T19:40:19
novice,CO,3.0,30-35,43o,86,82,4,0,0,0,2023-10-27T18:45:09,2026-07-20T19:47:41
novice,CO,3.0,30-35,43s,26,22,4,0,0,0,2024-02-24T20:49:55,2026-07-04T03:32:45
novice,CO,3.0,30-35,44,50,8,38,0,4,0,2023-09-01T15:19:15,2026-06-23T15:31:02
novice,CO,3.0,30-35,52o,91,91,0,0,0,0,2023-10-13T18:50:32,2026-07-11T21:26:25
novice,CO,3.0,30-35,52s,27,23,4,0,0,0,2023-09-20T09:33:18,2026-07-18T10:06:56
novice,CO,3.0,30-35,53o,88,88,0,0,0,0,2023-09-11T13:20:40,2026-07-11T22:48:39
novice,CO,3.0,30-35,53s,36,27,9,0,0,0,2023-09-13T11:17:10,2026-07-03T01:14:47
novice,CO,3.0,30-35,54o,82,75,7,0,0,0,2023-09-20T17:12:38,2026-07-16T20:37:10
novice,CO,3.0,30-35,54s,29,15,14,0,0,0,2023-10-21T22:10:50,2026-07-06T22:45:25
novice,CO,3.0,30-35,55,41,5,35,1,0,0,2023-09-16T23:25:18,2026-07-06T13:13:20
novice,CO,3.0,30-35,62o,119,117,2,0,0,0,2023-09-05T10:53:25,2026-07-12T13:43:40
novice,CO,3.0,30-35,62s,32,26,6,0,0,0,2023-09-21T08:06:52,2026-07-11T17:10:12
novice,CO,3.0,30-35,63o,97,97,0,0,0,0,2023-09-06T20:17:24,2026-07-19T15:35:29
novice,CO,3.0,30-35,63s,24,17,7,0,0,0,2023-12-02T18:09:06,2026-07-07T20:16:11
novice,CO,3.0,30-35,64o,97,95,2,0,0,0,2023-09-09T18:38:37,2026-07-18T10:46:26
novice,CO,3.0,30-35,64s,32,23,9,0,0,0,2023-09-18T00:08:58,2026-07-09T11:23:47
novice,CO,3.0,30-35,65o,93,86,7,0,0,0,2023-09-22T09:24:29,2026-07-19T17:50:24
novice,CO,3.0,30-35,65s,27,12,15,0,0,0,2023-10-24T14:17:59,2026-02-22T01:10:19
novice,CO,3.0,30-35,66,46,3,41,0,2,0,2023-10-24T15:45:44,2026-07-18T10:04:04
novice,CO,3.0,30-35,72o,90,90,0,0,0,0,2023-09-03T12:03:13,2026-07-16T21:10:04
novice,CO,3.0,30-35,72s,32,32,0,0,0,0,2023-09-10T07:39:32,2026-07-06T11:52:58
novice,CO,3.0,30-35,73o,97,97,0,0,0,0,2023-09-07T21:44:37,2026-07-12T20:08:14
novice,CO,3.0,30-35,73s,44,40,4,0,0,0,2023-09-13T05:51:28,2026-07-12T19:26:08
novice,CO,3.0,30-35,74o,90,88,2,0,0,0,2023-09-23T16:42:51,2026-07-15T19:45:59
novice,CO,3.0,30-35,74s,27,19,8,0,0,0,2024-05-10T16:34:19,2026-07-12T07:24:03
novice,CO,3.0,30-35,75o,97,92,5,0,0,0,2023-09-11T04:14:09,2026-07-20T14:26:11
novice,CO,3.0,30-35,75s,34,21,13,0,0,0,2023-12-16T10:34:06,2026-07-21T19:36:04
novice,CO,3.0,30-35,76o,92,83,9,0,0,0,2023-09-01T18:43:23,2026-07-11T18:04:04
novice,CO,3.0,30-35,76s,28,12,16,0,0,0,2023-09-25T20:33:18,2026-07-21T16:14:52
novice,CO,3.0,30-35,77,45,0,39,1,5,0,2023-09-04T14:30:28,2026-07-04T02:30:12
novice,CO,3.0,30-35,82o,83,83,0,0,0,0,2023-11-13T11:23:51,2026-07-19T18:33:55
novice,CO,3.0,30-35,82s,32,28,4,0,0,0,2023-11-10T21:47:43,2026-07-15T18:27:12
novice,CO,3.0,30-35,83o,86,85,1,0,0,0,2023-09-05T19:39:54,2026-07-02T15:13:49
novice,CO,3.0,30-35,83s,34,27,7,0,0,0,2023-11-04T21:35:31,2026-07-14T17:28:24
novice,CO,3.0,30-35,84o,82,80,2,0,0,0,2023-10-28T04:45:20,2026-07-13T10:05:32
novice,CO,3.0,30-35,84s,35,29,6,0,0,0,2023-09-24T20:41:55,2026-06-20T19:03:24
novice,CO,3.0,30-35,85o,84,83,1,0,0,0,2023-09-13T06:03:51,2026-06-17T20:16:39
novice,CO,3.0,30-35,85s,20,16,4,0,0,0,2023-12-04T20:27:09,2026-05-29T19:53:18
novice,CO,3.0,30-35,86o,95,92,3,0,0,0,2023-09-17T12:18:09,2026-07-21T05:31:25
novice,CO,3.0,30-35,86s,31,17,14,0,0,0,2023-09-02T18:40:58,2026-06-14T20:01:00
novice,CO,3.0,30-35,87o,102,91,11,0,0,0,2023-10-20T21:20:05,2026-06-21T19:54:24
novice,CO,3.0,30-35,87s,30,5,25,0,0,0,2023-10-05T20:38:03,2026-07-21T11:26:56
novice,CO,3.0,30-35,88,51,1,42,1,7,0,2023-09-02T12:22:47,2026-06-11T16:07:21
novice,CO,3.0,30-35,92o,89,89,0,0,0,0,2023-09-30T12:21:13,2026-07-11T12:55:08
novice,CO,3.0,30-35,92s,26,22,4,0,0,0,2023-09-18T11:03:19,2026-06-23T21:10:47
novice,CO,3.0,30-35,93o,89,89,0,0,0,0,2023-09-08T10:47:23,2026-06-17T16:17:30
novice,CO,3.0,30-35,93s,26,26,0,0,0,0,2024-01-06T19:38:33,2026-05-10T16:22:03
novice,CO,3.0,30-35,94o,88,86,2,0,0,0,2023-09-18T10:15:05,2026-07-12T20:40:29
novice,CO,3.0,30-35,94s,27,24,3,0,0,0,2023-09-09T23:50:12,2026-06-06T15:15:17
novice,CO,3.0,30-35,95o,101,101,0,0,0,0,2023-09-03T07:19:48,2026-07-21T14:17:28
novice,CO,3.0,30-35,95s,24,16,8,0,0,0,2024-03-01T15:26:05,2026-06-27T13:14:34
novice,CO,3.0,30-35,96o,93,84,9,0,0,0,2023-09-22T21:27:04,2026-07-11T09:15:25
novice,CO,3.0,30-35,96s,30,18,12,0,0,0,2023-10-29T11:19:26,2026-07-16T18:38:14
novice,CO,3.0,30-35,97o,94,87,7,0,0,0,2023-09-05T16:36:41,2026-07-09T02:43:08
novice,CO,3.0,30-35,97s,27,16,11,0,0,0,2023-09-09T23:04:28,2026-06-20T07:01:45
novice,CO,3.0,30-35,98o,92,78,14,0,0,0,2023-09-16T17:44:12,2026-07-20T15:46:55
novice,CO,3.0,30-35,98s,30,6,24,0,0,0,2023-10-15T19:18:48,2026-07-02T06:26:16
novice,CO,3.0,30-35,99,46,1,26,4,15,0,2023-09-19T11:36:18,2026-07-05T19:52:13
novice,CO,3.0,30-35,A2o,80,70,10,0,0,0,2023-11-23T07:04:36,2026-07-14T11:08:38
novice,CO,3.0,30-35,A2s,27,1,25,0,1,0,2023-10-08T19:03:03,2026-06-18T17:20:33
novice,CO,3.0,30-35,A3o,97,71,25,1,0,0,2023-10-02T07:46:22,2026-07-09T22:01:46
novice,CO,3.0,30-35,A3s,28,9,18,1,0,0,2023-09-04T10:41:52,2026-03-23T16:22:37
novice,CO,3.0,30-35,A4o,115,94,21,0,0,0,2023-09-08T20:39:49,2026-07-18T15:08:37
novice,CO,3.0,30-35,A4s,31,6,24,1,0,0,2023-09-22T09:13:34,2026-07-07T17:05:52
novice,CO,3.0,30-35,A5o,94,67,26,1,0,0,2023-10-16T12:15:24,2026-07-20T23:15:08
novice,CO,3.0,30-35,A5s,38,5,31,2,0,0,2023-10-14T09:32:10,2026-05-20T16:39:43
novice,CO,3.0,30-35,A6o,91,67,24,0,0,0,2023-09-27T11:00:42,2026-07-15T19:29:50
novice,CO,3.0,30-35,A6s,25,0,24,1,0,0,2023-09-21T10:53:58,2026-04-25T09:17:18
novice,CO,3.0,30-35,A7o,90,66,23,0,1,0,2023-10-02T19:42:18,2026-07-15T18:10:25
novice,CO,3.0,30-35,A7s,28,2,26,0,0,0,2023-09-26T04:33:29,2026-07-01T17:18:08
novice,CO,3.0,30-35,A8o,105,61,44,0,0,0,2023-10-09T21:36:25,2026-07-15T15:29:08
novice,CO,3.0,30-35,A8s,20,2,18,0,0,0,2023-12-19T18:43:49,2026-03-27T11:53:23
novice,CO,3.0,30-35,A9o,95,43,51,1,0,0,2023-09-06T20:17:53,2026-06-09T11:25:27
novice,CO,3.0,30-35,A9s,24,1,23,0,0,0,2023-11-01T08:48:35,2026-07-11T22:34:26
novice,CO,3.0,30-35,AA,44,1,1,41,1,0,2023-10-11T17:12:18,2026-07-20T07:17:54
novice,CO,3.0,30-35,AJo,85,7,55,10,13,0,2023-09-14T23:16:09,2026-07-18T20:17:07
novice,CO,3.0,30-35,AJs,26,0,15,6,5,0,2023-09-28T21:07:07,2026-07-01T00:23:00
novice,CO,3.0,30-35,AKo,104,0,9,43,52,0,2023-10-03T19:10:05,2026-07-10T14:35:37
novice,CO,3.0,30-35,AKs,31,0,2,10,19,0,2023-10-21T13:36:02,2026-07-07T19:14:56
novice,CO,3.0,30-35,AQo,96,2,45,24,25,0,2023-09-02T13:24:01,2026-07-19T09:24:02
novice,CO,3.0,30-35,AQs,31,0,15,11,5,0,2023-11-26T14:09:52,2026-07-19T20:17:27
novice,CO,3.0,30-35,ATo,90,18,60,5,7,0,2023-09-09T10:22:02,2026-07-12T08:47:10
novice,CO,3.0,30-35,ATs,37,2,31,3,1,0,2023-09-26T19:22:54,2026-07-05T11:28:03
novice,CO,3.0,30-35,J2o,99,99,0,0,0,0,2023-09-17T00:32:37,2026-06-23T13:17:39
novice,CO,3.0,30-35,J2s,29,22,7,0,0,0,2023-09-27T06:15:24,2026-06-20T18:05:04
novice,CO,3.0,30-35,J3o,93,93,0,0,0,0,2023-09-02T03:26:54,2026-07-11T08:44:52
novice,CO,3.0,30-35,J3s,34,24,10,0,0,0,2023-10-02T19:45:52,2026-06-12T07:51:54
novice,CO,3.0,30-35,J4o,102,101,1,0,0,0,2023-09-01T23:40:22,2026-06-26T18:29:40
novice,CO,3.0,30-35,J4s,26,22,4,0,0,0,2023-09-13T09:41:56,2026-06-23T15:52:50
novice,CO,3.0,30-35,J5o,96,96,0,0,0,0,2023-09-23T18:47:35,2026-07-20T13:28:31
novice,CO,3.0,30-35,J5s,29,21,8,0,0,0,2023-11-03T15:15:07,2026-05-09T18:43:49
novice,CO,3.0,30-35,J6o,90,88,2,0,0,0,2023-09-11T14:15:38,2026-07-15T19:25:34
novice,CO,3.0,30-35,J6s,31,18,13,0,0,0,2023-09-13T23:14:54,2026-06-29T19:14:58
novice,CO,3.0,30-35,J7o,96,92,4,0,0,0,2023-11-21T08:08:04,2026-07-18T19:40:21
novice,CO,3.0,30-35,J7s,35,21,14,0,0,0,2023-12-15T16:54:02,2026-06-19T21:14:59
novice,CO,3.0,30-35,J8o,77,67,10,0,0,0,2023-09-25T21:09:18,2026-07-12T13:36:27
novice,CO,3.0,30-35,J8s,38,14,24,0,0,0,2023-09-07T09:21:16,2026-06-25T18:35:47
novice,CO,3.0,30-35,J9o,92,70,22,0,0,0,2023-09-14T04:12:04,2026-07-14T14:18:30
novice,CO,3.0,30-35,J9s,38,6,32,0,0,0,2023-11-12T15:35:12,2026-07-17T20:31:12
novice,CO,3.0,30-35,JJ,32,0,5,10,17,0,2023-10-28T19:47:15,2026-07-11T11:49:13
novice,CO,3.0,30-35,JTo,90,40,50,0,0,0,2023-09-17T04:13:02,2026-07-19T20:00:44
novice,CO,3.0,30-35,JTs,27,2,25,0,0,0,2024-01-14T10:44:36,2026-07-19T19:34:09
novice,CO,3.0,30-35,K2o,108,104,3,1,0,0,2023-09-02T16:50:46,2026-07-16T12:47:45
novice,CO,3.0,30-35,K2s,28,13,15,0,0,0,2023-09-02T19:35:04,2026-07-01T10:54:42
novice,CO,3.0,30-35,K3o,76,75,1,0,0,0,2023-09-06T22:31:51,2026-07-15T21:41:53
novice,CO,3.0,30-35,K3s,34,17,17,0,0,0,2023-10-31T12:38:27,2026-07-18T11:18:05
novice,CO,3.0,30-35,K4o,100,94,6,0,0,0,2023-09-20T21:17:41,2026-07-19T19:39:49
novice,CO,3.0,30-35,K4s,38,18,20,0,0,0,2023-09-02T09:06:45,2026-05-22T13:45:19
novice,CO,3.0,30-35,K5o,91,86,5,0,0,0,2023-09-03T18:25:26,2026-07-10T13:28:50
novice,CO,3.0,30-35,K5s,27,12,14,1,0,0,2023-10-09T13:20:02,2026-05-03T14:08:18
novice,CO,3.0,30-35,K6o,95,91,4,0,0,0,2023-10-12T20:53:59,2026-07-18T16:38:05
novice,CO,3.0,30-35,K6s,35,17,18,0,0,0,2023-10-25T06:49:22,2026-06-23T10:07:14
novice,CO,3.0,30-35,K7o,83,68,15,0,0,0,2023-10-19T05:19:11,2026-06-24T08:22:20
novice,CO,3.0,30-35,K7s,28,9,19,0,0,0,2023-10-26T17:23:30,2026-05-12T07:18:10
novice,CO,3.0,30-35,K8o,85,74,11,0,0,0,2023-10-15T02:17:42,2026-07-08T01:25:51
novice,CO,3.0,30-35,K8s,34,9,25,0,0,0,2023-09-02T02:42:12,2026-07-18T18:18:01
novice,CO,3.0,30-35,K9o,91,60,31,0,0,0,2023-09-21T18:46:28,2026-07-19T21:36:35
novice,CO,3.0,30-35,K9s,24,1,22,0,1,0,2023-10-25T06:08:37,2026-07-01T14:01:32
novice,CO,3.0,30-35,KJo,87,18,69,0,0,0,2023-09-02T03:42:39,2026-06-25T12:48:44
novice,CO,3.0,30-35,KJs,31,1,28,1,1,0,2023-09-29T17:16:00,2026-05-26T19:08:16
novice,CO,3.0,30-35,KK,50,1,1,36,12,0,2023-09-08T20:08:47,2026-07-12T19:01:42
novice,CO,3.0,30-35,KQo,89,6,78,4,1,0,2023-09-21T02:33:02,2026-07-20T21:11:57
novice,CO,3.0,30-35,KQs,32,1,23,6,2,0,2023-09-05T19:12:34,2026-06-03T14:11:46
novice,CO,3.0,30-35,KTo,102,38,62,1,1,0,2023-09-02T08:16:07,2026-07-06T21:38:16
novice,CO,3.0,30-35,KTs,33,2,31,0,0,0,2023-09-06T08:40:03,2026-06-08T18:35:49
novice,CO,3.0,30-35,Q2o,100,99,1,0,0,0,2023-09-09T20:45:22,2026-07-16T20:23:31
novice,CO,3.0,30-35,Q2s,27,22,5,0,0,0,2023-12-03T01:35:53,2026-05-03T22:34:17
novice,CO,3.0,30-35,Q3o,79,77,2,0,0,0,2023-10-05T17:17:44,2026-07-15T18:48:23
novice,CO,3.0,30-35,Q3s,21,11,10,0,0,0,2023-10-17T19:11:45,2026-05-05T18:47:14
novice,CO,3.0,30-35,Q4o,95,94,1,0,0,0,2023-09-13T16:18:02,2026-07-20T08:24:48
novice,CO,3.0,30-35,Q4s,30,22,8,0,0,0,2023-09-22T15:46:53,2026-06-06T22:02:48
novice,CO,3.0,30-35,Q5o,80,77,3,0,0,0,2023-09-12T12:02:21,2026-07-03T15:29:13
novice,CO,3.0,30-35,Q5s,27,20,7,0,0,0,2023-11-11T17:30:16,2026-06-03T09:36:25
novice,CO,3.0,30-35,Q6o,92,89,3,0,0,0,2023-09-08T14:09:57,2026-06-24T17:33:45
novice,CO,3.0,30-35,Q6s,33,23,9,0,1,0,2023-11-19T21:48:29,2026-06-10T21:28:30
novice,CO,3.0,30-35,Q7o,79,76,3,0,0,0,2023-09-10T13:19:46,2026-07-14T08:07:42
novice,CO,3.0,30-35,Q7s,30,18,12,0,0,0,2024-01-25T23:12:25,2026-07-13T17:51:30
novice,CO,3.0,30-35,Q8o,92,81,11,0,0,0,2023-09-28T05:18:31,2026-07-18T04:09:09
novice,CO,3.0,30-35,Q8s,24,9,15,0,0,0,2023-11-25T17:17:01,2026-06-26T12:53:47
novice,CO,3.0,30-35,Q9o,113,84,29,0,0,0,2023-09-10T08:31:10,2026-07-16T20:33:24
novice,CO,3.0,30-35,Q9s,43,6,37,0,0,0,2023-10-13T23:28:18,2026-07-18T15:38:18
novice,CO,3.0,30-35,QJo,82,25,57,0,0,0,2023-09-18T21:34:10,2026-07-17T15:51:33
novice,CO,3.0,30-35,QJs,36,1,33,1,1,0,2023-09-29T18:13:24,2026-07-05T16:21:18
novice,CO,3.0,30-35,QQ,57,0,1,32,24,0,2023-09-08T09:25:14,2026-07-13T21:10:09
novice,CO,3.0,30-35,QTo,94,41,53,0,0,0,2023-09-26T16:27:53,2026-06-26T23:11:53
novice,CO,3.0,30-35,QTs,33,2,31,0,0,0,2023-11-27T00:31:00,2026-07-17T18:44:34
novice,CO,3.0,30-35,T2o,106,106,0,0,0,0,2023-09-01T19:16:17,2026-07-19T16:40:12
novice,CO,3.0,30-35,T2s,26,23,3,0,0,0,2023-10-23T23:29:18,2026-07-15T16:23:00
novice,CO,3.0,30-35,T3o,86,86,0,0,0,0,2023-09-11T20:29:26,2026-07-13T20:33:52
novice,CO,3.0,30-35,T3s,26,25,1,0,0,0,2023-12-10T10:05:29,2026-07-21T07:43:31
novice,CO,3.0,30-35,T4o,99,98,1,0,0,0,2023-09-18T10:44:53,2026-07-19T21:03:19
novice,CO,3.0,30-35,T4s,35,32,3,0,0,0,2023-09-22T22:36:19,2026-05-23T16:46:13
novice,CO,3.0,30-35,T5o,103,101,2,0,0,0,2023-09-07T05:52:01,2026-07-16T19:22:49
novice,CO,3.0,30-35,T5s,34,26,8,0,0,0,2023-09-08T17:51:56,2026-07-11T17:22:41
novice,CO,3.0,30-35,T6o,95,92,3,0,0,0,2023-10-02T21:37:56,2026-07-14T22:27:58
novice,CO,3.0,30-35,T6s,40,27,13,0,0,0,2023-09-24T20:23:40,2026-07-16T21:54:01
novice,CO,3.0,30-35,T7o,96,90,6,0,0,0,2023-09-06T20:24:27,2026-07-01T21:26:35
novice,CO,3.0,30-35,T7s,37,21,16,0,0,0,2023-09-08T08:20:08,2026-07-21T20:37:27
novice,CO,3.0,30-35,T8o,93,81,12,0,0,0,2023-09-02T16:48:38,2026-07-11T14:37:40
novice,CO,3.0,30-35,T8s,46,20,25,1,0,0,2023-10-11T13:44:45,2026-06-27T17:28:46
novice,CO,3.0,30-35,T9o,91,63,27,0,1,0,2023-09-29T19:42:37,2026-07-18T15:42:56
novice,CO,3.0,30-35,T9s,31,4,26,0,1,0,2023-09-28T14:20:51,2026-05-05T15:48:31
novice,CO,3.0,30-35,TT,51,1,20,13,17,0,2023-09-04T12:44:11,2026-07-19T11:36:29
novice,CO,3.0,35-40,__MISSING__,1123,864,225,22,12,0,2023-09-05T14:47:57,2026-07-20T18:26:45
novice,CO,3.0,35-40,22,36,7,28,0,1,0,2023-09-08T11:11:24,2026-07-13T05:25:15
novice,CO,3.0,35-40,32o,82,82,0,0,0,0,2023-09-05T21:43:05,2026-07-14T14:51:54
novice,CO,3.0,35-40,32s,28,25,3,0,0,0,2023-10-09T19:48:45,2026-07-16T13:39:01
novice,CO,3.0,35-40,33,38,3,35,0,0,0,2023-10-22T16:37:26,2026-07-15T19:17:57
novice,CO,3.0,35-40,42o,83,83,0,0,0,0,2023-10-19T18:42:48,2026-07-14T05:28:50
novice,CO,3.0,35-40,42s,23,20,3,0,0,0,2023-09-16T07:04:13,2026-06-11T07:30:25
novice,CO,3.0,35-40,43o,90,87,3,0,0,0,2023-09-12T21:18:39,2026-07-10T12:32:40
novice,CO,3.0,35-40,43s,23,14,9,0,0,0,2024-01-03T19:28:21,2026-06-28T22:39:30
novice,CO,3.0,35-40,44,32,2,30,0,0,0,2023-10-01T13:50:11,2026-05-19T19:03:37
novice,CO,3.0,35-40,52o,70,70,0,0,0,0,2023-10-01T22:00:46,2026-07-15T17:11:00
novice,CO,3.0,35-40,52s,30,25,5,0,0,0,2023-09-29T01:09:38,2026-04-29T19:13:43
novice,CO,3.0,35-40,53o,78,76,2,0,0,0,2023-09-02T00:34:15,2026-07-12T22:38:23
novice,CO,3.0,35-40,53s,32,22,10,0,0,0,2023-11-03T14:26:10,2026-06-28T18:51:41
novice,CO,3.0,35-40,54o,82,72,10,0,0,0,2023-09-23T10:05:22,2026-07-17T08:39:25
novice,CO,3.0,35-40,54s,25,15,10,0,0,0,2023-09-24T09:17:18,2026-07-10T19:50:28
novice,CO,3.0,35-40,55,41,5,32,1,3,0,2023-09-10T19:08:05,2026-04-21T17:13:23
novice,CO,3.0,35-40,62o,76,76,0,0,0,0,2023-09-28T14:30:39,2026-07-16T12:26:16
novice,CO,3.0,35-40,62s,26,21,5,0,0,0,2023-09-02T15:17:36,2026-06-24T09:12:40
novice,CO,3.0,35-40,63o,91,90,1,0,0,0,2023-09-07T06:37:26,2026-07-21T20:24:52
novice,CO,3.0,35-40,63s,26,21,5,0,0,0,2023-09-09T17:04:58,2026-07-08T05:28:57
novice,CO,3.0,35-40,64o,89,87,2,0,0,0,2023-09-12T22:47:47,2026-07-11T03:37:40
novice,CO,3.0,35-40,64s,38,27,11,0,0,0,2023-09-16T10:19:17,2026-05-14T13:20:45
novice,CO,3.0,35-40,65o,83,76,7,0,0,0,2023-09-14T13:28:38,2026-07-18T20:37:07
novice,CO,3.0,35-40,65s,22,9,13,0,0,0,2023-09-05T21:02:38,2026-06-15T18:23:41
novice,CO,3.0,35-40,66,39,3,34,1,1,0,2023-09-10T14:50:03,2026-05-31T10:20:19
novice,CO,3.0,35-40,72o,83,83,0,0,0,0,2023-10-22T20:03:27,2026-07-06T18:06:41
novice,CO,3.0,35-40,72s,26,25,1,0,0,0,2023-12-02T22:38:15,2026-06-14T21:40:32
novice,CO,3.0,35-40,73o,74,73,1,0,0,0,2023-09-11T08:15:00,2026-07-19T14:34:57
novice,CO,3.0,35-40,73s,23,18,5,0,0,0,2023-10-08T15:19:19,2026-06-09T23:47:34
novice,CO,3.0,35-40,74o,74,74,0,0,0,0,2023-09-07T11:22:07,2026-07-10T12:28:22
novice,CO,3.0,35-40,74s,28,21,7,0,0,0,2023-09-14T15:37:49,2026-06-21T19:21:07
novice,CO,3.0,35-40,75o,89,86,3,0,0,0,2023-09-30T21:23:58,2026-07-16T21:44:42
novice,CO,3.0,35-40,75s,20,15,5,0,0,0,2023-10-14T10:09:53,2026-06-28T13:37:57
novice,CO,3.0,35-40,76o,76,68,8,0,0,0,2023-09-19T21:08:18,2026-07-17T11:14:15
novice,CO,3.0,35-40,76s,28,10,18,0,0,0,2023-12-09T11:24:32,2026-06-29T16:19:06
novice,CO,3.0,35-40,77,36,4,28,1,3,0,2023-10-06T21:29:53,2026-07-07T02:00:43
novice,CO,3.0,35-40,82o,83,83,0,0,0,0,2023-09-07T17:23:30,2026-07-06T17:08:41
novice,CO,3.0,35-40,82s,24,21,3,0,0,0,2024-01-28T18:09:33,2026-06-26T18:13:46
novice,CO,3.0,35-40,83o,77,77,0,0,0,0,2023-10-11T19:44:53,2026-07-08T08:48:56
novice,CO,3.0,35-40,83s,22,22,0,0,0,0,2023-11-08T14:09:53,2026-06-27T09:13:07
novice,CO,3.0,35-40,84o,76,76,0,0,0,0,2023-09-01T18:04:40,2026-07-17T11:27:10
novice,CO,3.0,35-40,84s,26,23,3,0,0,0,2023-10-27T17:08:39,2026-07-12T13:39:38
novice,CO,3.0,35-40,85o,102,100,2,0,0,0,2023-09-04T18:11:03,2026-07-18T18:54:53
novice,CO,3.0,35-40,85s,27,17,10,0,0,0,2023-09-28T05:51:38,2026-07-15T14:05:58
novice,CO,3.0,35-40,86o,73,69,4,0,0,0,2023-09-07T18:30:31,2026-07-06T19:28:17
novice,CO,3.0,35-40,86s,26,13,13,0,0,0,2023-10-18T16:46:10,2026-06-03T18:44:26
novice,CO,3.0,35-40,87o,73,57,16,0,0,0,2023-09-25T19:09:44,2026-07-15T19:54:48
novice,CO,3.0,35-40,87s,32,8,24,0,0,0,2023-09-15T14:48:15,2026-07-02T00:07:04
novice,CO,3.0,35-40,88,47,1,38,2,6,0,2023-12-14T19:40:23,2026-07-14T14:48:10
novice,CO,3.0,35-40,92o,91,91,0,0,0,0,2023-09-17T11:35:42,2026-06-29T11:18:06
novice,CO,3.0,35-40,92s,37,34,3,0,0,0,2023-09-01T20:30:24,2026-07-06T14:45:38
novice,CO,3.0,35-40,93o,75,74,1,0,0,0,2023-09-25T22:33:10,2026-06-09T02:46:35
novice,CO,3.0,35-40,93s,25,23,2,0,0,0,2023-10-04T15:46:42,2026-07-14T14:49:42
novice,CO,3.0,35-40,94o,73,72,1,0,0,0,2023-09-27T18:09:36,2026-07-07T16:34:23
novice,CO,3.0,35-40,94s,25,23,2,0,0,0,2023-11-18T20:42:50,2026-07-15T08:03:54
novice,CO,3.0,35-40,95o,72,72,0,0,0,0,2023-10-04T09:31:50,2026-07-09T13:06:04
novice,CO,3.0,35-40,95s,29,25,4,0,0,0,2023-10-09T19:01:53,2026-07-17T15:48:59
novice,CO,3.0,35-40,96o,83,80,3,0,0,0,2023-09-05T09:50:55,2026-06-21T19:03:02
novice,CO,3.0,35-40,96s,29,19,10,0,0,0,2023-09-26T23:48:48,2026-07-10T15:23:44
novice,CO,3.0,35-40,97o,87,84,3,0,0,0,2023-09-27T17:11:45,2026-07-05T12:24:53
novice,CO,3.0,35-40,97s,30,15,15,0,0,0,2023-10-02T20:03:07,2026-07-13T20:12:24
novice,CO,3.0,35-40,98o,76,64,12,0,0,0,2023-10-02T21:06:16,2026-07-11T17:24:07
novice,CO,3.0,35-40,98s,27,5,22,0,0,0,2023-10-16T10:42:26,2026-06-16T14:27:52
novice,CO,3.0,35-40,99,43,0,32,5,6,0,2023-09-04T10:27:33,2026-07-14T13:11:25
novice,CO,3.0,35-40,A2o,74,67,7,0,0,0,2023-10-27T12:10:37,2026-07-09T10:50:46
novice,CO,3.0,35-40,A2s,28,4,22,2,0,0,2023-12-24T07:54:44,2026-07-06T14:03:21
novice,CO,3.0,35-40,A3o,77,50,26,1,0,0,2023-10-06T16:25:38,2026-07-14T19:32:39
novice,CO,3.0,35-40,A3s,33,11,21,1,0,0,2023-09-29T12:50:55,2026-07-08T18:03:07
novice,CO,3.0,35-40,A4o,62,44,17,1,0,0,2023-10-14T08:19:22,2026-05-22T17:49:15
novice,CO,3.0,35-40,A4s,21,3,17,1,0,0,2023-09-04T13:19:23,2026-06-21T08:39:42
novice,CO,3.0,35-40,A5o,96,60,33,3,0,0,2023-09-11T11:46:50,2026-07-17T17:19:02
novice,CO,3.0,35-40,A5s,27,5,21,1,0,0,2024-01-28T21:11:57,2026-04-14T17:39:21
novice,CO,3.0,35-40,A6o,80,54,26,0,0,0,2023-10-09T09:11:02,2026-07-10T22:34:11
novice,CO,3.0,35-40,A6s,32,2,30,0,0,0,2023-09-19T20:08:00,2026-05-27T16:28:26
novice,CO,3.0,35-40,A7o,87,59,28,0,0,0,2023-09-04T13:15:23,2026-07-03T11:39:53
novice,CO,3.0,35-40,A7s,27,3,24,0,0,0,2023-09-10T18:07:32,2026-07-07T10:14:12
novice,CO,3.0,35-40,A8o,76,43,32,1,0,0,2023-09-03T19:24:34,2026-07-03T21:45:54
novice,CO,3.0,35-40,A8s,26,0,26,0,0,0,2023-09-06T03:42:12,2026-05-16T00:14:10
novice,CO,3.0,35-40,A9o,100,44,55,0,1,0,2023-09-19T12:53:43,2026-07-16T09:41:19
novice,CO,3.0,35-40,A9s,32,1,30,0,1,0,2023-09-15T18:45:13,2026-07-15T15:54:58
novice,CO,3.0,35-40,AA,39,1,1,36,1,0,2023-09-03T19:17:56,2026-07-17T09:25:25
novice,CO,3.0,35-40,AJo,70,6,54,7,3,0,2023-09-26T17:48:11,2026-07-02T02:17:05
novice,CO,3.0,35-40,AJs,26,1,19,5,1,0,2023-12-01T18:18:08,2026-07-11T07:05:20
novice,CO,3.0,35-40,AKo,76,3,8,30,35,0,2023-09-04T21:16:14,2026-07-19T11:29:36
novice,CO,3.0,35-40,AKs,29,0,3,17,9,0,2023-10-02T14:47:59,2026-05-20T16:01:48
novice,CO,3.0,35-40,AQo,90,1,49,22,18,0,2023-10-08T19:29:37,2026-07-19T17:51:58
novice,CO,3.0,35-40,AQs,30,1,15,9,5,0,2023-09-23T19:11:01,2026-07-06T23:11:03
novice,CO,3.0,35-40,ATo,77,13,59,5,0,0,2023-09-18T04:23:49,2026-07-18T18:31:40
novice,CO,3.0,35-40,ATs,33,0,31,2,0,0,2023-09-17T16:07:49,2026-06-17T13:41:28
novice,CO,3.0,35-40,J2o,76,76,0,0,0,0,2023-09-15T07:17:48,2026-07-09T17:36:01
novice,CO,3.0,35-40,J2s,22,20,2,0,0,0,2023-12-02T16:29:41,2026-02-13T02:23:43
novice,CO,3.0,35-40,J3o,77,77,0,0,0,0,2023-09-04T17:33:20,2026-07-21T07:41:46
novice,CO,3.0,35-40,J3s,36,30,6,0,0,0,2023-10-30T09:14:02,2026-07-14T11:18:27
novice,CO,3.0,35-40,J4o,80,79,1,0,0,0,2023-12-03T19:29:08,2026-06-10T10:47:59
novice,CO,3.0,35-40,J4s,27,18,9,0,0,0,2023-09-12T01:36:41,2026-06-27T21:08:58
novice,CO,3.0,35-40,J5o,103,102,1,0,0,0,2023-09-10T06:34:49,2026-07-17T19:14:54
novice,CO,3.0,35-40,J5s,27,20,7,0,0,0,2023-11-13T22:12:16,2026-07-02T20:30:58
novice,CO,3.0,35-40,J6o,87,86,1,0,0,0,2023-09-12T04:21:48,2026-05-31T02:28:30
novice,CO,3.0,35-40,J6s,31,19,12,0,0,0,2023-09-20T17:08:08,2026-07-10T12:23:10
novice,CO,3.0,35-40,J7o,85,83,2,0,0,0,2023-09-06T13:33:59,2026-07-08T15:23:17
novice,CO,3.0,35-40,J7s,25,13,12,0,0,0,2023-10-27T18:45:18,2026-06-25T09:23:56
novice,CO,3.0,35-40,J8o,80,68,12,0,0,0,2023-09-12T20:54:57,2026-05-18T12:47:28
novice,CO,3.0,35-40,J8s,29,3,25,1,0,0,2023-09-08T20:16:29,2026-06-20T13:18:45
novice,CO,3.0,35-40,J9o,95,76,19,0,0,0,2023-09-25T08:04:48,2026-07-21T04:01:43
novice,CO,3.0,35-40,J9s,19,5,14,0,0,0,2023-09-07T17:49:25,2026-06-22T20:01:19
novice,CO,3.0,35-40,JJ,38,0,6,22,10,0,2023-09-07T03:09:38,2026-06-28T14:40:46
novice,CO,3.0,35-40,JTo,86,39,46,1,0,0,2023-09-05T18:33:30,2026-07-15T18:30:44
novice,CO,3.0,35-40,JTs,26,0,25,1,0,0,2023-11-20T15:38:43,2026-06-29T20:01:00
novice,CO,3.0,35-40,K2o,74,72,2,0,0,0,2023-09-22T08:52:19,2026-07-15T13:18:07
novice,CO,3.0,35-40,K2s,20,11,9,0,0,0,2024-01-13T04:48:55,2026-05-16T17:32:53
novice,CO,3.0,35-40,K3o,80,79,1,0,0,0,2023-09-12T15:23:42,2026-07-17T08:52:57
novice,CO,3.0,35-40,K3s,21,15,6,0,0,0,2023-09-09T21:35:09,2026-03-31T17:48:18
novice,CO,3.0,35-40,K4o,92,87,5,0,0,0,2023-09-07T05:45:32,2026-06-29T17:14:59
novice,CO,3.0,35-40,K4s,33,17,16,0,0,0,2023-12-04T08:20:42,2026-06-15T18:37:35
novice,CO,3.0,35-40,K5o,80,78,1,1,0,0,2023-09-15T02:46:43,2026-06-11T16:21:13
novice,CO,3.0,35-40,K5s,25,11,14,0,0,0,2023-10-27T16:07:52,2026-07-11T07:16:20
novice,CO,3.0,35-40,K6o,78,69,8,1,0,0,2023-10-25T18:43:43,2026-07-14T15:49:47
novice,CO,3.0,35-40,K6s,30,13,17,0,0,0,2023-09-26T13:45:40,2026-04-26T14:08:15
novice,CO,3.0,35-40,K7o,90,75,14,0,1,0,2023-09-20T19:51:12,2026-07-12T15:37:32
novice,CO,3.0,35-40,K7s,42,10,31,0,1,0,2023-09-12T09:37:07,2026-04-19T12:20:52
novice,CO,3.0,35-40,K8o,81,64,17,0,0,0,2023-09-11T14:18:37,2026-06-15T15:44:27
novice,CO,3.0,35-40,K8s,20,4,16,0,0,0,2023-10-10T18:38:32,2026-03-02T17:21:01
novice,CO,3.0,35-40,K9o,92,74,18,0,0,0,2023-09-03T06:16:31,2026-07-19T00:33:39
novice,CO,3.0,35-40,K9s,33,7,26,0,0,0,2023-11-04T13:20:45,2026-06-04T15:31:15
novice,CO,3.0,35-40,KJo,87,13,66,6,2,0,2023-09-25T11:35:21,2026-07-14T10:18:12
novice,CO,3.0,35-40,KJs,32,0,30,1,1,0,2023-10-03T07:41:33,2026-06-20T17:35:16
novice,CO,3.0,35-40,KK,40,0,1,32,7,0,2023-09-10T01:14:14,2026-07-08T10:30:45
novice,CO,3.0,35-40,KQo,87,5,80,1,1,0,2023-09-25T15:08:46,2026-06-24T17:27:48
novice,CO,3.0,35-40,KQs,28,1,24,2,1,0,2023-12-11T21:18:52,2026-07-02T18:48:34
novice,CO,3.0,35-40,KTo,82,29,53,0,0,0,2023-09-05T19:48:19,2026-07-15T15:10:32
novice,CO,3.0,35-40,KTs,22,1,21,0,0,0,2023-09-29T14:15:36,2026-07-19T16:01:00
novice,CO,3.0,35-40,Q2o,77,76,1,0,0,0,2023-09-24T06:29:41,2026-07-18T19:48:47
novice,CO,3.0,35-40,Q2s,26,14,12,0,0,0,2023-09-07T00:04:11,2026-06-16T16:52:10
novice,CO,3.0,35-40,Q3o,80,77,3,0,0,0,2023-09-02T20:13:39,2026-06-28T10:53:11
novice,CO,3.0,35-40,Q3s,29,24,5,0,0,0,2024-01-05T23:10:39,2026-07-11T09:28:46
novice,CO,3.0,35-40,Q4o,63,63,0,0,0,0,2023-10-15T18:41:17,2026-07-08T06:26:47
novice,CO,3.0,35-40,Q4s,47,40,7,0,0,0,2023-09-02T07:24:33,2026-06-20T19:08:46
novice,CO,3.0,35-40,Q5o,93,90,2,1,0,0,2023-10-05T11:29:20,2026-07-17T18:09:15
novice,CO,3.0,35-40,Q5s,23,15,8,0,0,0,2023-11-19T18:11:00,2026-05-15T16:09:12
novice,CO,3.0,35-40,Q6o,85,80,5,0,0,0,2023-09-09T21:04:54,2026-07-13T05:23:02
novice,CO,3.0,35-40,Q6s,23,15,8,0,0,0,2023-11-17T19:24:50,2026-07-09T13:05:59
novice,CO,3.0,35-40,Q7o,85,82,3,0,0,0,2023-09-16T21:28:44,2026-07-19T12:11:09
novice,CO,3.0,35-40,Q7s,25,11,14,0,0,0,2023-12-18T13:22:00,2026-06-21T13:10:26
novice,CO,3.0,35-40,Q8o,75,66,9,0,0,0,2023-09-01T18:12:30,2026-07-10T19:52:15
novice,CO,3.0,35-40,Q8s,20,9,11,0,0,0,2023-09-30T10:50:14,2026-03-20T19:14:54
novice,CO,3.0,35-40,Q9o,80,64,16,0,0,0,2023-10-22T09:04:05,2026-07-20T09:17:47
novice,CO,3.0,35-40,Q9s,30,4,26,0,0,0,2023-12-12T19:26:21,2026-07-12T00:27:18
novice,CO,3.0,35-40,QJo,87,23,64,0,0,0,2023-09-01T19:10:27,2026-07-13T00:47:47
novice,CO,3.0,35-40,QJs,36,0,35,0,1,0,2023-09-27T08:28:13,2026-07-02T12:53:34
novice,CO,3.0,35-40,QQ,47,1,0,29,17,0,2023-10-17T08:27:20,2026-07-12T21:14:32
novice,CO,3.0,35-40,QTo,79,41,38,0,0,0,2023-09-13T08:35:07,2026-07-21T18:51:58
novice,CO,3.0,35-40,QTs,28,3,24,1,0,0,2023-12-26T11:02:05,2026-06-02T13:50:48
novice,CO,3.0,35-40,T2o,85,85,0,0,0,0,2023-09-04T03:00:58,2026-06-30T18:51:10
novice,CO,3.0,35-40,T2s,33,30,3,0,0,0,2023-10-07T20:12:08,2026-06-07T13:07:43
novice,CO,3.0,35-40,T3o,84,83,1,0,0,0,2023-10-11T04:08:53,2026-07-06T17:45:00
novice,CO,3.0,35-40,T3s,36,31,5,0,0,0,2023-09-11T12:40:56,2026-06-30T20:44:30
novice,CO,3.0,35-40,T4o,77,76,1,0,0,0,2023-09-15T21:09:44,2026-07-09T20:07:23
novice,CO,3.0,35-40,T4s,36,30,6,0,0,0,2023-09-24T23:28:36,2026-07-18T17:24:03
novice,CO,3.0,35-40,T5o,78,76,2,0,0,0,2023-09-08T13:45:07,2026-07-14T18:53:40
novice,CO,3.0,35-40,T5s,36,29,7,0,0,0,2023-10-21T07:12:53,2026-07-18T19:11:56
novice,CO,3.0,35-40,T6o,92,90,2,0,0,0,2023-09-28T15:05:19,2026-07-16T07:43:28
novice,CO,3.0,35-40,T6s,31,25,6,0,0,0,2023-11-29T19:51:07,2026-05-29T16:34:25
novice,CO,3.0,35-40,T7o,80,77,3,0,0,0,2023-09-03T18:21:42,2026-07-13T12:47:18
novice,CO,3.0,35-40,T7s,23,15,8,0,0,0,2023-12-30T22:00:47,2026-05-14T14:54:50
novice,CO,3.0,35-40,T8o,73,65,8,0,0,0,2023-09-09T23:08:40,2026-07-21T09:12:42
novice,CO,3.0,35-40,T8s,23,7,16,0,0,0,2023-10-30T16:31:06,2026-06-15T17:34:54
novice,CO,3.0,35-40,T9o,82,59,23,0,0,0,2023-09-05T20:15:43,2026-07-16T12:54:28
novice,CO,3.0,35-40,T9s,28,6,22,0,0,0,2023-09-30T08:26:23,2026-07-07T13:50:07
novice,CO,3.0,35-40,TT,47,1,22,18,6,0,2023-09-11T20:46:33,2026-06-30T15:22:21
